Timestamp,Voltage Phase 1 (V),Current Phase 1 (A),Voltage Phase 2 (V),Current Phase 2 (A),Voltage Phase 3 (V),Current Phase 3 (A),Power Outage Duration (min)
2024-04-11 15:15:45.211246,127,57.29849566661096,127,51.07322773154438,127,52.20758238780647,0
2024-04-11 15:30:45.211246,127,53.193464513988054,127,48.163474021474066,127,63.59654472349099,0
2024-04-11 15:45:45.211246,127,49.42462912621428,127,51.404873257964205,127,45.942289612989285,0
2024-04-11 16:00:45.211246,127,46.35844126119248,127,51.37101002245022,127,41.61528500831797,0
2024-04-11 16:15:45.211246,127,54.27832439709893,127,42.36491920307863,127,54.54100613970064,0
2024-04-11 16:30:45.211246,127,0.0,127,0.0,127,0.0,30
2024-04-11 16:45:45.211246,127,0.0,127,0.0,127,0.0,30
2024-04-11 17:00:45.211246,127,0.0,127,0.0,127,0.0,15
2024-04-11 17:15:45.211246,127,52.14182878553745,127,54.15789132753093,127,51.755737724578815,0
2024-04-11 17:30:45.211246,127,47.92263215230515,127,46.45991536841083,127,46.48790712274425,0
2024-04-11 17:45:45.211246,127,41.31795784932409,127,52.89700110670035,127,54.092110458825154,0
2024-04-11 18:00:45.211246,127,63.907687795480854,127,53.270260041350966,127,59.67025751296134,0
2024-04-11 18:15:45.211246,127,51.09301855780732,127,59.3942989596747,127,42.59166561689794,0
2024-04-11 18:30:45.211246,127,47.750208434198065,127,44.208592622605664,127,45.15420532568267,0
2024-04-11 18:45:45.211246,127,50.20085233042663,127,50.701235012341925,127,44.63149421872467,0
2024-04-11 19:00:45.211246,127,48.233832695566136,127,46.72109861544629,127,57.92413624507028,0
2024-04-11 19:15:45.211246,127,33.12394611074197,127,45.283831799224785,127,57.58660363795798,0
2024-04-11 19:30:45.211246,127,42.70433815786588,127,42.580291775302406,127,48.811394155268296,0
2024-04-11 19:45:45.211246,127,0.0,127,0.0,127,0.0,60
2024-04-11 20:00:45.211246,127,51.542913514328276,127,46.42628850435374,127,51.49074847363437,0
2024-04-11 20:15:45.211246,127,50.729701856096135,127,47.458397295795805,127,50.42975986930424,0
2024-04-11 20:30:45.211246,127,45.09968863337471,127,46.31799113562939,127,53.835429873100075,0
2024-04-11 20:45:45.211246,127,48.39584972944165,127,48.17474453818391,127,48.663528757843636,0
2024-04-11 21:00:45.211246,127,58.43160100078771,127,53.45715524951351,127,56.072142045021316,0
2024-04-11 21:15:45.211246,127,43.36682129697067,127,52.60881759251898,127,49.07944069259997,0
2024-04-11 21:30:45.211246,127,44.64079633471209,127,42.31786468914479,127,44.04794493429084,0
2024-04-11 21:45:45.211246,127,54.3516022892932,127,55.55190110828096,127,47.84088372201681,0
2024-04-11 22:00:45.211246,127,0.0,127,0.0,127,0.0,60
2024-04-11 22:15:45.211246,127,46.57977391633809,127,56.42373495449017,127,51.35800863021926,0
2024-04-11 22:30:45.211246,127,45.882405743164874,127,55.67499961938946,127,45.4556086704244,0
2024-04-11 22:45:45.211246,127,53.482492078530484,127,53.17324595880921,127,54.15292164745882,0
2024-04-11 23:00:45.211246,127,50.60850744333243,127,57.857262772677196,127,43.678666280753156,0
2024-04-11 23:15:45.211246,127,60.670125788582574,127,54.28662010776695,127,48.257756671277335,0
2024-04-11 23:30:45.211246,127,54.89155959188224,127,38.96417759655591,127,55.888881825779784,0
2024-04-11 23:45:45.211246,127,51.96736690490241,127,53.45034103144408,127,44.916964627877306,0
2024-04-12 00:00:45.211246,127,51.65936857978628,127,59.20245966221843,127,54.6389797424834,0
2024-04-12 00:15:45.211246,127,0.0,127,0.0,127,0.0,30
2024-04-12 00:30:45.211246,127,48.757405676835,127,53.71982529660117,127,44.803335516453004,0
2024-04-12 00:45:45.211246,127,0.0,127,0.0,127,0.0,30
2024-04-12 01:00:45.211246,127,49.45480117465803,127,50.025404236479986,127,49.38146934478207,0
2024-04-12 01:15:45.211246,127,56.25779040814476,127,54.62948718822557,127,55.55957967408711,0
2024-04-12 01:30:45.211246,127,0.0,127,0.0,127,0.0,60
2024-04-12 01:45:45.211246,127,49.63920743558569,127,49.51050382846076,127,43.34450137810498,0
2024-04-12 02:00:45.211246,127,53.562635005978244,127,51.55781897963446,127,54.44219217301572,0
2024-04-12 02:15:45.211246,127,55.25588732729603,127,38.75754203648267,127,52.2637421060433,0
2024-04-12 02:30:45.211246,127,55.02831560981277,127,50.13465581937457,127,50.224233634597546,0
2024-04-12 02:45:45.211246,127,45.40596922109235,127,50.50990345056729,127,48.81582337667247,0
2024-04-12 03:00:45.211246,127,0.0,127,0.0,127,0.0,30
2024-04-12 03:15:45.211246,127,54.779803299126534,127,47.93399920436768,127,43.91357935009487,0
2024-04-12 03:30:45.211246,127,52.372543763392954,127,53.097543087995,127,45.88153197227801,0
2024-04-12 03:45:45.211246,127,56.605535210622705,127,51.37711387978062,127,37.861585223366916,0
2024-04-12 04:00:45.211246,127,55.806952091022765,127,47.742547524790396,127,54.239862709736485,0
2024-04-12 04:15:45.211246,127,54.72807842346849,127,50.23032153053559,127,52.53496084547899,0
2024-04-12 04:30:45.211246,127,0.0,127,0.0,127,0.0,30
2024-04-12 04:45:45.211246,127,50.633570100656975,127,48.54670634754551,127,43.44484291588793,0
2024-04-12 05:00:45.211246,127,48.65471336973839,127,53.390831671843145,127,53.300862795879624,0
2024-04-12 05:15:45.211246,127,55.292278401222845,127,55.230546183348245,127,51.717799384197605,0
2024-04-12 05:30:45.211246,127,43.37412283750597,127,47.09182378025361,127,56.027883997353726,0
2024-04-12 05:45:45.211246,127,50.080544892439804,127,45.76027037726104,127,53.74636957901999,0
2024-04-12 06:00:45.211246,127,0.0,127,0.0,127,0.0,30
2024-04-12 06:15:45.211246,127,55.491007456174856,127,56.31139602144644,127,42.48649848933504,0
2024-04-12 06:30:45.211246,127,49.82692217161181,127,52.23232145722181,127,44.792420197463436,0
2024-04-12 06:45:45.211246,127,55.875281603880524,127,49.37356872765119,127,53.02530728873453,0
2024-04-12 07:00:45.211246,127,49.3912939735292,127,47.2520293065503,127,54.41616422416009,0
2024-04-12 07:15:45.211246,127,50.17130191652908,127,50.62980532560148,127,46.653722507269435,0
2024-04-12 07:30:45.211246,127,55.169706292616674,127,41.61206409315034,127,42.79805683396746,0
2024-04-12 07:45:45.211246,127,54.54637972448082,127,56.70151697459896,127,51.911337703272224,0
2024-04-12 08:00:45.211246,127,0.0,127,0.0,127,0.0,30
2024-04-12 08:15:45.211246,127,61.610155066188476,127,44.01718708940662,127,48.08719467327119,0
2024-04-12 08:30:45.211246,127,48.112279690854876,127,51.86050284455006,127,59.51566442306554,0
2024-04-12 08:45:45.211246,127,45.26548078064181,127,51.91960305425144,127,55.51041072762811,0
2024-04-12 09:00:45.211246,127,57.87726319894098,127,49.925143552409644,127,49.39704524572921,0
2024-04-12 09:15:45.211246,127,59.21790829080889,127,49.56330131081073,127,46.0645450058515,0
2024-04-12 09:30:45.211246,127,49.79661055726275,127,54.129694913726226,127,44.8567053475041,0
2024-04-12 09:45:45.211246,127,53.701369144686566,127,46.89830159674972,127,53.15620152119478,0
2024-04-12 10:00:45.211246,127,54.862131826384086,127,54.69555376418751,127,50.76423605885073,0
2024-04-12 10:15:45.211246,127,51.95091943716034,127,48.200196564505084,127,50.76617450173402,0
2024-04-12 10:30:45.211246,127,50.52364521328691,127,55.28948943097656,127,44.785018873546285,0
2024-04-12 10:45:45.211246,127,47.93536279664609,127,47.01199265650437,127,45.39996071684057,0
2024-04-12 11:00:45.211246,127,0.0,127,0.0,127,0.0,15
2024-04-12 11:15:45.211246,127,44.56447415008735,127,51.358430868182445,127,51.27872196614776,0
2024-04-12 11:30:45.211246,127,53.50902368901784,127,48.13804521839532,127,56.985990851469005,0
2024-04-12 11:45:45.211246,127,45.20357666730384,127,59.36285466569005,127,57.72462100328584,0
2024-04-12 12:00:45.211246,127,50.59872647935995,127,48.70984710181316,127,48.18121554086635,0
2024-04-12 12:15:45.211246,127,51.563347412226896,127,48.04428722415387,127,55.22137249249682,0
2024-04-12 12:30:45.211246,127,55.86830592660087,127,62.65183266101646,127,47.16794094482809,0
2024-04-12 12:45:45.211246,127,49.45958158563621,127,46.27009704574155,127,46.66643334159617,0
2024-04-12 13:00:45.211246,127,48.09302766787095,127,45.69938060513446,127,53.83433423434043,0
2024-04-12 13:15:45.211246,127,51.31290565318344,127,57.90623964745972,127,47.72419886795051,0
2024-04-12 13:30:45.211246,127,44.28463637374778,127,49.59267860987455,127,37.75801037518858,0
2024-04-12 13:45:45.211246,127,50.19265716028195,127,55.930348296323785,127,56.468896086691146,0
2024-04-12 14:00:45.211246,127,51.70782042524383,127,46.27378943821716,127,53.913575365076866,0
2024-04-12 14:15:45.211246,127,47.6810014264472,127,46.392503679285596,127,56.123775835783945,0
2024-04-12 14:30:45.211246,127,42.90974234451142,127,42.78647466602799,127,53.07528204167851,0
2024-04-12 14:45:45.211246,127,47.68312073198612,127,51.56585287237536,127,52.63453143131169,0
2024-04-12 15:00:45.211246,127,47.132011723202,127,53.12041971595919,127,51.24058895192515,0
2024-04-12 15:15:45.211246,127,54.34410694891965,127,53.05051706841616,127,46.265399049224904,0
2024-04-12 15:30:45.211246,127,50.978002648298585,127,47.54411790808625,127,43.1852962184168,0
2024-04-12 15:45:45.211246,127,45.19418966195356,127,64.789409667702,127,47.94704469863288,0
2024-04-12 16:00:45.211246,127,46.69716960944888,127,56.77932594261533,127,50.98051735728642,0
2024-04-12 16:15:45.211246,127,0.0,127,0.0,127,0.0,60
2024-04-12 16:30:45.211246,127,50.30256324526768,127,53.36339050431798,127,48.3167345748323,0
2024-04-12 16:45:45.211246,127,44.655205353576015,127,59.35481324253455,127,56.08732939388728,0
2024-04-12 17:00:45.211246,127,60.73427375364429,127,53.08199187188393,127,52.320748818854774,0
2024-04-12 17:15:45.211246,127,60.5533919868179,127,53.708206246785686,127,55.26152689300058,0
2024-04-12 17:30:45.211246,127,45.8173784054772,127,59.84523986964101,127,43.12485505755366,0
2024-04-12 17:45:45.211246,127,61.0140284117901,127,54.34602430868069,127,46.67098233429086,0
2024-04-12 18:00:45.211246,127,0.0,127,0.0,127,0.0,15
2024-04-12 18:15:45.211246,127,49.282746361680836,127,48.572712337503305,127,55.28823048676843,0
2024-04-12 18:30:45.211246,127,43.81114888935898,127,58.24199594570949,127,52.733051427219884,0
2024-04-12 18:45:45.211246,127,58.54078708918037,127,43.55119485558083,127,50.27544803014692,0
2024-04-12 19:00:45.211246,127,49.492977760188374,127,48.36910939595284,127,39.513984181378305,0
2024-04-12 19:15:45.211246,127,53.58114916337726,127,39.497135392865,127,50.14093757164736,0
2024-04-12 19:30:45.211246,127,48.105720849889366,127,51.018807964330364,127,55.864878932893134,0
2024-04-12 19:45:45.211246,127,51.606870841967385,127,52.81435146927761,127,48.98143356657547,0
2024-04-12 20:00:45.211246,127,50.20736059355703,127,48.83615439341647,127,54.55776056342416,0
2024-04-12 20:15:45.211246,127,55.08637604251359,127,55.215998370683664,127,48.41346829862028,0
2024-04-12 20:30:45.211246,127,47.924228276578546,127,48.83859973011053,127,48.951544976695445,0
2024-04-12 20:45:45.211246,127,41.225467777547316,127,58.4475383514645,127,54.93145528031771,0
2024-04-12 21:00:45.211246,127,51.50987740356747,127,43.30743575271733,127,52.011841848897596,0
2024-04-12 21:15:45.211246,127,41.1489266484882,127,56.37402981985298,127,56.64625839974904,0
2024-04-12 21:30:45.211246,127,46.04109351298005,127,42.34925354442339,127,50.75757829526721,0
2024-04-12 21:45:45.211246,127,47.92605527816169,127,59.2897968796885,127,49.92017319298353,0
2024-04-12 22:00:45.211246,127,50.54253741289538,127,38.598585145201845,127,56.33547441952172,0
2024-04-12 22:15:45.211246,127,52.74342909673666,127,48.588319163162794,127,55.44443923419368,0
2024-04-12 22:30:45.211246,127,48.37692809350086,127,51.043844583352325,127,38.56597959965775,0
2024-04-12 22:45:45.211246,127,51.11522677300959,127,46.83272503669823,127,46.59264879223732,0
2024-04-12 23:00:45.211246,127,52.50772520366512,127,44.99949295475661,127,50.40160323315646,0
2024-04-12 23:15:45.211246,127,49.92831314851784,127,47.4190785252335,127,46.68955685463359,0
2024-04-12 23:30:45.211246,127,0.0,127,0.0,127,0.0,30
2024-04-12 23:45:45.211246,127,50.50423001927441,127,45.489735758562354,127,51.405672075141325,0
2024-04-13 00:00:45.211246,127,45.52663099794415,127,51.10962662691817,127,50.37765903365831,0
2024-04-13 00:15:45.211246,127,50.53862668337896,127,50.841396757173044,127,56.974839972884055,0
2024-04-13 00:30:45.211246,127,59.83693961456405,127,49.3768735487097,127,53.653604000600865,0
2024-04-13 00:45:45.211246,127,52.78427803080625,127,47.96179203344555,127,45.95991633083989,0
2024-04-13 01:00:45.211246,127,59.471864629441335,127,56.737570422959664,127,54.91173481944175,0
2024-04-13 01:15:45.211246,127,49.90106716990314,127,48.92575387053135,127,51.11746400897272,0
2024-04-13 01:30:45.211246,127,51.948523554887814,127,55.62405182547537,127,49.20344844017702,0
2024-04-13 01:45:45.211246,127,48.16651915945621,127,58.043721147011695,127,57.44097145311167,0
2024-04-13 02:00:45.211246,127,47.79792025972091,127,51.84394613399415,127,55.605132413538826,0
2024-04-13 02:15:45.211246,127,48.31852270353488,127,55.65610326619165,127,52.309054988377724,0
2024-04-13 02:30:45.211246,127,48.65397638960537,127,56.96742134105579,127,50.31089050823531,0
2024-04-13 02:45:45.211246,127,45.357400901336675,127,51.996216442341925,127,47.8331839684236,0
2024-04-13 03:00:45.211246,127,0.0,127,0.0,127,0.0,60
2024-04-13 03:15:45.211246,127,0.0,127,0.0,127,0.0,60
2024-04-13 03:30:45.211246,127,53.95204068843341,127,48.95446204449023,127,44.20560088875515,0
2024-04-13 03:45:45.211246,127,48.955157259051205,127,55.79926577651651,127,53.257661396143654,0
2024-04-13 04:00:45.211246,127,54.53825050281981,127,50.28547570167178,127,45.68886974931059,0
2024-04-13 04:15:45.211246,127,47.910013913007205,127,50.2474241034418,127,53.91056513959621,0
2024-04-13 04:30:45.211246,127,54.95563051108018,127,45.9338445165434,127,43.94907796175029,0
2024-04-13 04:45:45.211246,127,50.321951636494525,127,51.13409347054491,127,56.738965309152285,0
2024-04-13 05:00:45.211246,127,55.62599275094762,127,49.55104645905176,127,52.25366121274868,0
2024-04-13 05:15:45.211246,127,50.6919610774109,127,54.42190906045495,127,46.72572880277219,0
2024-04-13 05:30:45.211246,127,0.0,127,0.0,127,0.0,30
2024-04-13 05:45:45.211246,127,46.65122343910105,127,42.97200436521587,127,59.57045876327657,0
2024-04-13 06:00:45.211246,127,53.32933219696239,127,46.65777124357361,127,40.387278391224015,0
2024-04-13 06:15:45.211246,127,48.391109434872675,127,54.81899195422953,127,55.54794554907913,0
2024-04-13 06:30:45.211246,127,48.945278020957446,127,39.023608542431845,127,52.75876515227231,0
2024-04-13 06:45:45.211246,127,45.09070521409507,127,44.26793757925489,127,45.42454977478386,0
2024-04-13 07:00:45.211246,127,36.599113080307966,127,47.2386977052779,127,53.166923308927366,0
2024-04-13 07:15:45.211246,127,48.94147139791189,127,48.37879817068186,127,53.06396415570694,0
2024-04-13 07:30:45.211246,127,45.23405143282568,127,45.58494358734565,127,42.121732312870265,0
2024-04-13 07:45:45.211246,127,54.477512485012426,127,45.58019413474139,127,45.38580028371798,0
2024-04-13 08:00:45.211246,127,55.24312370994003,127,55.02318886599386,127,55.38211651345443,0
2024-04-13 08:15:45.211246,127,53.47678436657135,127,43.18722824305778,127,56.28081717645067,0
2024-04-13 08:30:45.211246,127,47.24151122497429,127,45.26343988874268,127,49.903468264495125,0
2024-04-13 08:45:45.211246,127,52.3839755009523,127,53.50808583380497,127,49.53531727924016,0
2024-04-13 09:00:45.211246,127,48.015722257639055,127,45.30690121562024,127,51.844986377443924,0
2024-04-13 09:15:45.211246,127,59.637806738028274,127,40.675976161661026,127,52.836767579740666,0
2024-04-13 09:30:45.211246,127,60.65685388172783,127,51.763382210970214,127,47.87290215986294,0
2024-04-13 09:45:45.211246,127,41.45431457979389,127,49.779277519760115,127,40.14801287969395,0
2024-04-13 10:00:45.211246,127,46.286075789252685,127,50.26276632237577,127,45.47304421006411,0
2024-04-13 10:15:45.211246,127,44.85514300394642,127,55.7628453365942,127,42.655764656994876,0
2024-04-13 10:30:45.211246,127,0.0,127,0.0,127,0.0,60
2024-04-13 10:45:45.211246,127,49.763849926384744,127,46.05357151271559,127,47.45235596461483,0
2024-04-13 11:00:45.211246,127,52.07602164812892,127,47.888365811513964,127,48.94938972704326,0
2024-04-13 11:15:45.211246,127,50.57431696783954,127,55.43063715595142,127,55.04167622938579,0
2024-04-13 11:30:45.211246,127,45.42932944922536,127,46.05751189271053,127,55.16749348573316,0
2024-04-13 11:45:45.211246,127,0.0,127,0.0,127,0.0,30
2024-04-13 12:00:45.211246,127,55.10021185231872,127,40.21115776182831,127,49.397885534305516,0
2024-04-13 12:15:45.211246,127,50.9431067489295,127,54.31761247699548,127,51.22034711581228,0
2024-04-13 12:30:45.211246,127,45.74576937715093,127,56.361634139405744,127,49.87931951404943,0
2024-04-13 12:45:45.211246,127,53.3512765077812,127,48.24528013732492,127,45.11252569726669,0
2024-04-13 13:00:45.211246,127,43.674926394868315,127,52.33688502176406,127,47.43826833883894,0
2024-04-13 13:15:45.211246,127,49.55441035218576,127,49.02627627058307,127,49.45448988715561,0
2024-04-13 13:30:45.211246,127,55.19044360997588,127,50.58987238092979,127,53.6112324026154,0
2024-04-13 13:45:45.211246,127,58.15682104012461,127,49.5365824236739,127,50.24974440923977,0
2024-04-13 14:00:45.211246,127,56.037510486476606,127,57.10194719064535,127,52.002246954247994,0
2024-04-13 14:15:45.211246,127,53.09159793938325,127,37.480537765531864,127,50.52357103257569,0
2024-04-13 14:30:45.211246,127,45.80671943812172,127,42.77879285371636,127,44.18838205724634,0
2024-04-13 14:45:45.211246,127,0.0,127,0.0,127,0.0,15
2024-04-13 15:00:45.211246,127,52.62461610739096,127,58.55720804963536,127,45.827606479850964,0
2024-04-13 15:15:45.211246,127,48.394378665089214,127,50.46117728899734,127,54.92043826282393,0
2024-04-13 15:30:45.211246,127,55.48237785020828,127,50.41492509904329,127,53.68159405654509,0
2024-04-13 15:45:45.211246,127,51.634261009535805,127,45.88159794317796,127,52.86820238880992,0
2024-04-13 16:00:45.211246,127,44.91678817727689,127,51.814416382173114,127,43.39486808344405,0
2024-04-13 16:15:45.211246,127,49.12685795161102,127,60.02159782450369,127,58.86022349144612,0
2024-04-13 16:30:45.211246,127,58.71452273213728,127,42.51023216223019,127,49.186393911968054,0
2024-04-13 16:45:45.211246,127,53.401957587358865,127,44.2266424152998,127,46.17117531046185,0
2024-04-13 17:00:45.211246,127,0.0,127,0.0,127,0.0,60
2024-04-13 17:15:45.211246,127,51.42882873550808,127,51.30166201860304,127,39.4790642868289,0
2024-04-13 17:30:45.211246,127,55.630548331932246,127,50.84016999457607,127,57.734047237320496,0
2024-04-13 17:45:45.211246,127,55.10063944098314,127,47.98291022418365,127,43.73323384339754,0
2024-04-13 18:00:45.211246,127,44.89174438120051,127,49.54951665062674,127,52.1809351470092,0
2024-04-13 18:15:45.211246,127,47.19141820778983,127,58.588876261059916,127,54.79339094498466,0
2024-04-13 18:30:45.211246,127,50.955070828145224,127,46.160855220322524,127,47.225081862846224,0
2024-04-13 18:45:45.211246,127,0.0,127,0.0,127,0.0,60
2024-04-13 19:00:45.211246,127,0.0,127,0.0,127,0.0,30
2024-04-13 19:15:45.211246,127,0.0,127,0.0,127,0.0,60
2024-04-13 19:30:45.211246,127,54.313820449283895,127,48.987695006402646,127,62.55380476326481,0
2024-04-13 19:45:45.211246,127,54.103263817790165,127,46.06142848711383,127,42.21186653515867,0
2024-04-13 20:00:45.211246,127,0.0,127,0.0,127,0.0,15
2024-04-13 20:15:45.211246,127,47.30099609002343,127,61.993077681063326,127,49.47599584730019,0
2024-04-13 20:30:45.211246,127,44.49682117722948,127,49.58492932718208,127,45.31083510036018,0
2024-04-13 20:45:45.211246,127,56.26809433611234,127,61.0186412376639,127,50.77145274854545,0
2024-04-13 21:00:45.211246,127,42.54023700574915,127,52.13495138292853,127,46.939596830195796,0
2024-04-13 21:15:45.211246,127,67.8390578693848,127,40.3611426662416,127,51.71679417251838,0
2024-04-13 21:30:45.211246,127,42.32686151215201,127,54.69293645996954,127,49.16716694181576,0
2024-04-13 21:45:45.211246,127,48.80162757969313,127,43.29384744219272,127,48.114277027259014,0
2024-04-13 22:00:45.211246,127,49.33394157423317,127,49.53844055505235,127,46.74422654333331,0
2024-04-13 22:15:45.211246,127,0.0,127,0.0,127,0.0,30
2024-04-13 22:30:45.211246,127,50.702509430306954,127,49.332116426299855,127,52.480783822031,0
2024-04-13 22:45:45.211246,127,51.47693410788401,127,47.79059505010238,127,40.58655354455719,0
2024-04-13 23:00:45.211246,127,53.01699635058987,127,49.38315135617443,127,55.938042735130004,0
2024-04-13 23:15:45.211246,127,42.94526979263836,127,42.864343916679076,127,51.44948144306901,0
2024-04-13 23:30:45.211246,127,54.44657638374729,127,53.40813567032376,127,49.735543477501736,0
2024-04-13 23:45:45.211246,127,55.216873633978324,127,39.223772953268636,127,40.34589858134289,0
2024-04-14 00:00:45.211246,127,52.07263420799885,127,43.210114225356364,127,47.983191213459534,0
2024-04-14 00:15:45.211246,127,48.20821462522713,127,45.37562169915085,127,51.27458293056839,0
2024-04-14 00:30:45.211246,127,53.49237598817463,127,55.164956782423666,127,52.36245855225158,0
2024-04-14 00:45:45.211246,127,54.8727053147677,127,47.54110646447177,127,53.743178798755544,0
2024-04-14 01:00:45.211246,127,36.96600579748313,127,54.271886559392534,127,47.675700449166094,0
2024-04-14 01:15:45.211246,127,0.0,127,0.0,127,0.0,60
2024-04-14 01:30:45.211246,127,54.578744072916415,127,41.07754587854419,127,45.000620491936864,0
2024-04-14 01:45:45.211246,127,55.71418633453044,127,45.123000985794754,127,45.970622872335426,0
2024-04-14 02:00:45.211246,127,56.86295614136036,127,46.07373025981116,127,48.33153531714716,0
2024-04-14 02:15:45.211246,127,51.65798086413399,127,48.11356421403828,127,52.157527940818134,0
2024-04-14 02:30:45.211246,127,48.29832801419702,127,56.1325255779651,127,43.68323792780816,0
2024-04-14 02:45:45.211246,127,51.551016757171524,127,52.91473860512521,127,55.9460482484377,0
2024-04-14 03:00:45.211246,127,51.92271953875158,127,53.71221645982966,127,49.33346245269568,0
2024-04-14 03:15:45.211246,127,48.710824999961865,127,45.8298177233644,127,43.044356926460026,0
2024-04-14 03:30:45.211246,127,50.31013333943041,127,55.12205605458911,127,54.998135015998564,0
2024-04-14 03:45:45.211246,127,0.0,127,0.0,127,0.0,15
2024-04-14 04:00:45.211246,127,54.7435048082243,127,52.55387466783306,127,37.356326774025874,0
2024-04-14 04:15:45.211246,127,51.57639836295054,127,54.85285281880718,127,50.86939522747162,0
2024-04-14 04:30:45.211246,127,54.37467729465624,127,54.391725809541065,127,49.07863677296134,0
2024-04-14 04:45:45.211246,127,51.66232242014092,127,56.168243404230836,127,61.70222041760231,0
2024-04-14 05:00:45.211246,127,51.743375743858635,127,55.911523769100455,127,49.63466379026024,0
2024-04-14 05:15:45.211246,127,44.18375608371049,127,52.30924887057874,127,45.79132489875728,0
2024-04-14 05:30:45.211246,127,41.00593069564498,127,50.30668301798873,127,48.15170286386137,0
2024-04-14 05:45:45.211246,127,52.03885881544535,127,49.88605983185243,127,44.108308424921724,0
2024-04-14 06:00:45.211246,127,49.90248855677937,127,53.4152607262345,127,50.39323136917528,0
2024-04-14 06:15:45.211246,127,56.079738708133384,127,44.56287211811431,127,46.373444213187106,0
2024-04-14 06:30:45.211246,127,58.19130855514022,127,36.07631059406451,127,60.43188710905338,0
2024-04-14 06:45:45.211246,127,49.79341580272559,127,42.74931544710594,127,52.19744605341317,0
2024-04-14 07:00:45.211246,127,0.0,127,0.0,127,0.0,60
2024-04-14 07:15:45.211246,127,53.61475335096037,127,55.37826052417144,127,45.48500761210359,0
2024-04-14 07:30:45.211246,127,48.25969178843017,127,57.89597966246511,127,52.50326804017928,0
2024-04-14 07:45:45.211246,127,0.0,127,0.0,127,0.0,60
2024-04-14 08:00:45.211246,127,58.25277077648974,127,47.17270011835253,127,53.46889299557278,0
2024-04-14 08:15:45.211246,127,59.926441847183895,127,50.31226650767329,127,49.55583390761832,0
2024-04-14 08:30:45.211246,127,54.69641936252526,127,48.757288333756065,127,42.73211742810435,0
2024-04-14 08:45:45.211246,127,0.0,127,0.0,127,0.0,60
2024-04-14 09:00:45.211246,127,45.07842381599482,127,66.56176281703988,127,49.69276871732675,0
2024-04-14 09:15:45.211246,127,45.54911866058377,127,49.918395515573565,127,53.89091819283821,0
2024-04-14 09:30:45.211246,127,0.0,127,0.0,127,0.0,60
2024-04-14 09:45:45.211246,127,48.42376735097534,127,50.59152846888258,127,45.71136886345456,0
2024-04-14 10:00:45.211246,127,0.0,127,0.0,127,0.0,60
2024-04-14 10:15:45.211246,127,57.76513952572192,127,53.67433978787271,127,52.28720876141493,0
2024-04-14 10:30:45.211246,127,0.0,127,0.0,127,0.0,60
2024-04-14 10:45:45.211246,127,49.83582457333831,127,51.70689650623427,127,51.65010283926206,0
2024-04-14 11:00:45.211246,127,0.0,127,0.0,127,0.0,30
2024-04-14 11:15:45.211246,127,42.702301778298434,127,43.18923833755707,127,47.56182422982924,0
2024-04-14 11:30:45.211246,127,0.0,127,0.0,127,0.0,60
2024-04-14 11:45:45.211246,127,56.163578948306295,127,51.402819247401396,127,50.04182186342998,0
2024-04-14 12:00:45.211246,127,52.03156645357688,127,49.385961704167045,127,55.601790505187346,0
2024-04-14 12:15:45.211246,127,0.0,127,0.0,127,0.0,15
2024-04-14 12:30:45.211246,127,52.18055155421963,127,51.869229865869244,127,48.53353563941809,0
2024-04-14 12:45:45.211246,127,43.92212807848628,127,49.55895363006509,127,53.72758797835109,0
2024-04-14 13:00:45.211246,127,49.92863234637477,127,50.8913058945327,127,56.60135123975017,0
2024-04-14 13:15:45.211246,127,51.00009548721432,127,45.877317365290374,127,51.06087245119475,0
2024-04-14 13:30:45.211246,127,43.56563174042862,127,50.30800954134484,127,44.6836914780672,0
2024-04-14 13:45:45.211246,127,51.88598372623348,127,57.40300149901365,127,44.724504011476284,0
2024-04-14 14:00:45.211246,127,0.0,127,0.0,127,0.0,30
2024-04-14 14:15:45.211246,127,63.858769136437026,127,46.31248270662955,127,45.59254472814006,0
2024-04-14 14:30:45.211246,127,0.0,127,0.0,127,0.0,30
2024-04-14 14:45:45.211246,127,61.65404975608121,127,42.750978503506744,127,50.46709170556055,0
2024-04-14 15:00:45.211246,127,51.504465662529405,127,46.22964105457764,127,51.76335841997361,0
2024-04-14 15:15:45.211246,127,53.8184612566589,127,56.05520082771032,127,52.145731633523226,0
2024-04-14 15:30:45.211246,127,48.04446736385316,127,46.192040515531346,127,56.870070990788484,0
2024-04-14 15:45:45.211246,127,0.0,127,0.0,127,0.0,30
2024-04-14 16:00:45.211246,127,45.207449230230175,127,40.292153947712805,127,46.27127773905245,0
2024-04-14 16:15:45.211246,127,0.0,127,0.0,127,0.0,60
2024-04-14 16:30:45.211246,127,0.0,127,0.0,127,0.0,15
2024-04-14 16:45:45.211246,127,0.0,127,0.0,127,0.0,15
2024-04-14 17:00:45.211246,127,0.0,127,0.0,127,0.0,15
2024-04-14 17:15:45.211246,127,47.636826635517195,127,53.28180613986788,127,48.536172967370526,0
2024-04-14 17:30:45.211246,127,56.36777876024324,127,45.87665081786713,127,51.781878612464354,0
2024-04-14 17:45:45.211246,127,51.97619700374345,127,53.13438025278704,127,48.67410594475014,0
2024-04-14 18:00:45.211246,127,44.530727743454825,127,45.02737113914603,127,49.572450593289226,0
2024-04-14 18:15:45.211246,127,48.24792159423782,127,50.84870574797473,127,58.4356483660378,0
2024-04-14 18:30:45.211246,127,46.93691895995124,127,43.9161521187256,127,52.3721758985641,0
2024-04-14 18:45:45.211246,127,0.0,127,0.0,127,0.0,30
2024-04-14 19:00:45.211246,127,48.80728986924233,127,55.58115703857966,127,52.57642938140858,0
2024-04-14 19:15:45.211246,127,0.0,127,0.0,127,0.0,30
2024-04-14 19:30:45.211246,127,56.2458183993861,127,45.51991806154209,127,42.4551373268325,0
2024-04-14 19:45:45.211246,127,0.0,127,0.0,127,0.0,60
2024-04-14 20:00:45.211246,127,44.45996717897491,127,50.83164440573217,127,44.619157987074374,0
2024-04-14 20:15:45.211246,127,53.376585317482935,127,52.78325127237727,127,54.85742496831236,0
2024-04-14 20:30:45.211246,127,52.871617252785214,127,50.20191530814918,127,44.18068322691081,0
2024-04-14 20:45:45.211246,127,53.13237829451246,127,54.27564559893839,127,45.158859135895284,0
2024-04-14 21:00:45.211246,127,50.06722294857897,127,51.40561999649988,127,36.17613710607242,0
2024-04-14 21:15:45.211246,127,58.28763617219403,127,51.89133248120736,127,51.60119450875407,0
2024-04-14 21:30:45.211246,127,53.376380234388684,127,55.530907266804746,127,50.58496474521846,0
2024-04-14 21:45:45.211246,127,0.0,127,0.0,127,0.0,15
2024-04-14 22:00:45.211246,127,51.721045511173514,127,45.468578151842124,127,43.68668425367876,0
2024-04-14 22:15:45.211246,127,45.8671440396828,127,57.232359461033994,127,54.044871023715764,0
2024-04-14 22:30:45.211246,127,0.0,127,0.0,127,0.0,15
2024-04-14 22:45:45.211246,127,0.0,127,0.0,127,0.0,60
2024-04-14 23:00:45.211246,127,53.679344017324865,127,44.53725312128653,127,45.27344896701544,0
2024-04-14 23:15:45.211246,127,43.661835513404235,127,50.06865626823242,127,49.749774680057556,0
2024-04-14 23:30:45.211246,127,57.493702461709404,127,49.11928613659752,127,52.97979521127034,0
2024-04-14 23:45:45.211246,127,57.6244155015956,127,45.12359910620266,127,41.1834931362502,0
2024-04-15 00:00:45.211246,127,48.37931864051221,127,49.093043667527034,127,45.90135023827732,0
2024-04-15 00:15:45.211246,127,55.957165064958375,127,46.706102544952444,127,52.7420815041035,0
2024-04-15 00:30:45.211246,127,0.0,127,0.0,127,0.0,60
2024-04-15 00:45:45.211246,127,51.526992680734004,127,46.53886530359633,127,53.94456394220862,0
2024-04-15 01:00:45.211246,127,50.463984487804,127,50.92620893602476,127,53.42263041118434,0
2024-04-15 01:15:45.211246,127,43.23357712302207,127,56.518144959031936,127,47.51945342198886,0
2024-04-15 01:30:45.211246,127,0.0,127,0.0,127,0.0,30
2024-04-15 01:45:45.211246,127,54.10293861296111,127,53.65921202981025,127,48.292390193971926,0
2024-04-15 02:00:45.211246,127,52.29603484284537,127,54.134658976832405,127,49.892829153284,0
2024-04-15 02:15:45.211246,127,50.02475784563723,127,53.09641031678795,127,45.948723160150685,0
2024-04-15 02:30:45.211246,127,52.769384946930906,127,53.77471536350326,127,57.06052894045153,0
2024-04-15 02:45:45.211246,127,53.928731452447444,127,37.407649810956336,127,58.79633593567176,0
2024-04-15 03:00:45.211246,127,47.018709816940685,127,54.396884334334366,127,46.90494613991126,0
2024-04-15 03:15:45.211246,127,0.0,127,0.0,127,0.0,30
2024-04-15 03:30:45.211246,127,48.3266080840149,127,43.49192005371859,127,56.353374237741136,0
2024-04-15 03:45:45.211246,127,43.86243637809798,127,48.49951971558528,127,58.47903763495245,0
2024-04-15 04:00:45.211246,127,52.9337048267085,127,47.16168787995664,127,57.843179690798706,0
2024-04-15 04:15:45.211246,127,48.46024670858185,127,52.06076574581153,127,49.32952478269206,0
2024-04-15 04:30:45.211246,127,59.80788710726196,127,36.78604874413714,127,55.852161163788516,0
2024-04-15 04:45:45.211246,127,48.86471170033583,127,64.75353078889057,127,40.20262041808979,0
2024-04-15 05:00:45.211246,127,0.0,127,0.0,127,0.0,30
2024-04-15 05:15:45.211246,127,0.0,127,0.0,127,0.0,30
2024-04-15 05:30:45.211246,127,0.0,127,0.0,127,0.0,60
2024-04-15 05:45:45.211246,127,46.59251407074459,127,53.33552611522331,127,50.287419155482944,0
2024-04-15 06:00:45.211246,127,46.81172737599256,127,56.85901919382153,127,32.21782064533659,0
2024-04-15 06:15:45.211246,127,45.34393980166617,127,37.75463457899217,127,51.42516108315155,0
2024-04-15 06:30:45.211246,127,51.916012935544636,127,57.55320773656109,127,46.73035096345479,0
2024-04-15 06:45:45.211246,127,55.948259812727066,127,39.04804627239052,127,55.638801569947006,0
2024-04-15 07:00:45.211246,127,50.04201482503867,127,46.05079012346168,127,47.12438977587626,0
2024-04-15 07:15:45.211246,127,40.86228616259284,127,43.758289450249,127,45.89497389733922,0
2024-04-15 07:30:45.211246,127,50.18670164305829,127,51.813866800883744,127,53.50432008301751,0
2024-04-15 07:45:45.211246,127,50.73738982915252,127,51.34609700811401,127,51.71380291022152,0
2024-04-15 08:00:45.211246,127,46.41956040670217,127,55.61792274425416,127,51.22544983375779,0
2024-04-15 08:15:45.211246,127,49.338135389272104,127,51.58835426870341,127,47.41595001922494,0
2024-04-15 08:30:45.211246,127,43.130986478671005,127,50.43905144561185,127,47.121289253748145,0
2024-04-15 08:45:45.211246,127,57.25702376658083,127,44.52674178472876,127,55.0189524024351,0
2024-04-15 09:00:45.211246,127,46.55759591438426,127,52.1533913887572,127,53.67059809493402,0
2024-04-15 09:15:45.211246,127,49.24820424576551,127,45.57928689232436,127,45.402834391300686,0
2024-04-15 09:30:45.211246,127,45.98433011243182,127,51.23943409040987,127,49.89520526142328,0
2024-04-15 09:45:45.211246,127,55.52468135572564,127,51.85274841541551,127,48.21822382640166,0
2024-04-15 10:00:45.211246,127,0.0,127,0.0,127,0.0,60
2024-04-15 10:15:45.211246,127,53.08787263975398,127,43.57946866609868,127,51.36310205214395,0
2024-04-15 10:30:45.211246,127,41.914086888571504,127,51.37255783289472,127,43.536140732598206,0
2024-04-15 10:45:45.211246,127,54.40854197050351,127,52.039203168700446,127,57.07992880484293,0
2024-04-15 11:00:45.211246,127,49.487839909466565,127,43.25450499019902,127,44.37193543674719,0
2024-04-15 11:15:45.211246,127,50.817251414824526,127,50.03588192589878,127,47.98663731120222,0
2024-04-15 11:30:45.211246,127,60.14180103401429,127,57.15668379941748,127,44.53903393470737,0
2024-04-15 11:45:45.211246,127,50.764266105651146,127,54.413678365696846,127,47.04317449764039,0
2024-04-15 12:00:45.211246,127,46.75566742745364,127,44.12254828968337,127,47.64007912560646,0
2024-04-15 12:15:45.211246,127,49.1991455176727,127,46.47410565304427,127,50.333584476204955,0
2024-04-15 12:30:45.211246,127,54.013353348670805,127,49.77769875853832,127,46.81245964227378,0
2024-04-15 12:45:45.211246,127,42.9855111681666,127,41.10330185460669,127,47.95164611149909,0
2024-04-15 13:00:45.211246,127,0.0,127,0.0,127,0.0,15
2024-04-15 13:15:45.211246,127,0.0,127,0.0,127,0.0,60
2024-04-15 13:30:45.211246,127,51.831134048712116,127,47.959874687921086,127,50.16314113735764,0
2024-04-15 13:45:45.211246,127,55.62699570428041,127,49.13005507243133,127,43.52621740140186,0
2024-04-15 14:00:45.211246,127,58.987771030712864,127,49.63519496163846,127,55.72605559728441,0
2024-04-15 14:15:45.211246,127,49.974797249582096,127,46.992935746977004,127,47.94707865743646,0
2024-04-15 14:30:45.211246,127,39.612452490161765,127,52.99882687672836,127,42.494267251862716,0
2024-04-15 14:45:45.211246,127,53.70986743227775,127,42.315285571495885,127,45.2717514651353,0
2024-04-15 15:00:45.211246,127,46.11114587767133,127,42.22463935771784,127,57.467675355232586,0
2024-04-15 15:15:45.211246,127,0.0,127,0.0,127,0.0,15
2024-04-15 15:30:45.211246,127,57.71340293613726,127,47.54466418550743,127,54.166317496742124,0
2024-04-15 15:45:45.211246,127,49.08937920515498,127,53.22419984858125,127,54.91701760079982,0
2024-04-15 16:00:45.211246,127,48.74513470655039,127,46.98267089793455,127,49.83007997540524,0
2024-04-15 16:15:45.211246,127,47.92467698956899,127,38.30272162772855,127,48.32693545826175,0
2024-04-15 16:30:45.211246,127,53.31463300290343,127,52.33080766166515,127,54.77046555826163,0
2024-04-15 16:45:45.211246,127,57.084598863666116,127,49.63911272262699,127,48.98056310523256,0
2024-04-15 17:00:45.211246,127,49.672791739138034,127,45.833628350335566,127,52.32085034205501,0
2024-04-15 17:15:45.211246,127,61.17498814416828,127,49.887571511518324,127,51.06813721928251,0
2024-04-15 17:30:45.211246,127,0.0,127,0.0,127,0.0,60
2024-04-15 17:45:45.211246,127,61.949712880942705,127,56.639744147612674,127,44.23422136774075,0
2024-04-15 18:00:45.211246,127,48.76244516300473,127,49.654743770329965,127,52.2894509846608,0
2024-04-15 18:15:45.211246,127,47.82988359384494,127,53.465876935252425,127,49.13298642057233,0
2024-04-15 18:30:45.211246,127,46.67985826406985,127,51.090218181101775,127,49.38438821552674,0
2024-04-15 18:45:45.211246,127,49.251230052278615,127,47.57700788107148,127,45.39629554321714,0
2024-04-15 19:00:45.211246,127,44.55422810034512,127,46.18033679414152,127,49.092388141245976,0
2024-04-15 19:15:45.211246,127,52.928662059477915,127,49.38543414841921,127,49.24518640285005,0
2024-04-15 19:30:45.211246,127,43.41541811237859,127,44.294825732135195,127,49.35838048162573,0
2024-04-15 19:45:45.211246,127,42.45064228598229,127,47.17756389246125,127,59.050241947650846,0
2024-04-15 20:00:45.211246,127,52.833483973808455,127,54.99749450734018,127,54.089896427732334,0
2024-04-15 20:15:45.211246,127,51.39843822037916,127,44.90367620538495,127,53.00495245445399,0
2024-04-15 20:30:45.211246,127,47.75436780312419,127,55.34829767771283,127,53.158657452448885,0
2024-04-15 20:45:45.211246,127,42.56733283218607,127,57.10362745441786,127,43.30418981898464,0
2024-04-15 21:00:45.211246,127,48.478728180992405,127,46.60596261205142,127,55.719228971879545,0
2024-04-15 21:15:45.211246,127,59.68077995519127,127,49.71918976183011,127,56.139829529964445,0
2024-04-15 21:30:45.211246,127,45.40634823308487,127,40.65800653989925,127,45.188078397669095,0
2024-04-15 21:45:45.211246,127,0.0,127,0.0,127,0.0,30
2024-04-15 22:00:45.211246,127,43.85603931420083,127,51.03367092004714,127,54.63769324950293,0
2024-04-15 22:15:45.211246,127,47.60175095548794,127,53.717584652832016,127,54.31161502995875,0
2024-04-15 22:30:45.211246,127,43.86797350271941,127,46.048089205066645,127,53.4112763121569,0
2024-04-15 22:45:45.211246,127,48.351396610557345,127,42.238653388476486,127,49.374237881179276,0
2024-04-15 23:00:45.211246,127,45.91138489234635,127,42.64715905664343,127,47.45189821931918,0
2024-04-15 23:15:45.211246,127,48.19071150273234,127,50.548334500614274,127,49.26714542110479,0
2024-04-15 23:30:45.211246,127,56.602296830613234,127,45.755936141685126,127,59.46740544687539,0
2024-04-15 23:45:45.211246,127,0.0,127,0.0,127,0.0,30
2024-04-16 00:00:45.211246,127,50.87147511348468,127,46.131142476130826,127,53.811708442653654,0
2024-04-16 00:15:45.211246,127,48.0687610245433,127,51.88460113075054,127,46.23305065954232,0
2024-04-16 00:30:45.211246,127,0.0,127,0.0,127,0.0,60
2024-04-16 00:45:45.211246,127,45.59422457151903,127,50.08802954445786,127,44.01820830421276,0
2024-04-16 01:00:45.211246,127,40.26725538126431,127,46.55307693926763,127,57.215678935172825,0
2024-04-16 01:15:45.211246,127,52.45970744659326,127,50.73962780954332,127,52.84314293750468,0
2024-04-16 01:30:45.211246,127,46.172374192008135,127,51.48924689549003,127,36.964348700540356,0
2024-04-16 01:45:45.211246,127,0.0,127,0.0,127,0.0,30
2024-04-16 02:00:45.211246,127,57.591753550491404,127,46.577206288287115,127,50.7312228353615,0
2024-04-16 02:15:45.211246,127,0.0,127,0.0,127,0.0,30
2024-04-16 02:30:45.211246,127,48.52374626189414,127,50.944855468645954,127,54.652905685113105,0
2024-04-16 02:45:45.211246,127,48.41849666453402,127,55.247186185898876,127,55.72343377044304,0
2024-04-16 03:00:45.211246,127,49.78589471595892,127,55.93977191282488,127,47.59008570958601,0
2024-04-16 03:15:45.211246,127,51.14003750960757,127,54.28510502432057,127,63.58191262016066,0
2024-04-16 03:30:45.211246,127,44.77390607648686,127,48.480417000379724,127,48.65170023734353,0
2024-04-16 03:45:45.211246,127,0.0,127,0.0,127,0.0,15
2024-04-16 04:00:45.211246,127,46.99242758115134,127,54.64020179409127,127,51.25345408298738,0
2024-04-16 04:15:45.211246,127,0.0,127,0.0,127,0.0,15
2024-04-16 04:30:45.211246,127,49.441922720361006,127,43.2915714430443,127,51.02476554465415,0
2024-04-16 04:45:45.211246,127,49.18425034807995,127,45.29331808028566,127,51.01391205156741,0
2024-04-16 05:00:45.211246,127,54.31341592913783,127,55.08617773324349,127,55.39202935295291,0
2024-04-16 05:15:45.211246,127,0.0,127,0.0,127,0.0,30
2024-04-16 05:30:45.211246,127,56.33301593637312,127,45.05813389537105,127,51.2336949450951,0
2024-04-16 05:45:45.211246,127,34.72957957025432,127,45.98346554317273,127,48.22255790645395,0
2024-04-16 06:00:45.211246,127,44.1629811522084,127,50.49907086957083,127,52.44410876020025,0
2024-04-16 06:15:45.211246,127,50.390560177414564,127,40.74907255337652,127,58.86621090221187,0
2024-04-16 06:30:45.211246,127,0.0,127,0.0,127,0.0,30
2024-04-16 06:45:45.211246,127,50.14771953721382,127,44.77788310213732,127,57.532919271975494,0
2024-04-16 07:00:45.211246,127,51.228589445185655,127,45.96119434247675,127,44.89341647748807,0
2024-04-16 07:15:45.211246,127,46.645121620856926,127,45.936817200813614,127,52.48987674593983,0
2024-04-16 07:30:45.211246,127,43.787335243075,127,39.05918718418637,127,59.3906065881291,0
2024-04-16 07:45:45.211246,127,45.546016482678404,127,56.716569189468515,127,54.788689185809055,0
2024-04-16 08:00:45.211246,127,0.0,127,0.0,127,0.0,30
2024-04-16 08:15:45.211246,127,57.03142092309336,127,42.716657910670676,127,49.88781112349809,0
2024-04-16 08:30:45.211246,127,49.76884930215278,127,40.01971388579162,127,55.170175124540314,0
2024-04-16 08:45:45.211246,127,0.0,127,0.0,127,0.0,15
2024-04-16 09:00:45.211246,127,51.26459961494351,127,48.11006991917909,127,55.33018076048923,0
2024-04-16 09:15:45.211246,127,55.39023966700828,127,52.30614901611975,127,54.53574808308684,0
2024-04-16 09:30:45.211246,127,53.86415687275583,127,51.004139524231796,127,56.27769140493842,0
2024-04-16 09:45:45.211246,127,58.269937028523536,127,55.461087897725385,127,44.17991705288469,0
2024-04-16 10:00:45.211246,127,45.83229889357435,127,49.76478710448354,127,49.8649936594793,0
2024-04-16 10:15:45.211246,127,43.14667901839454,127,43.235333627021014,127,56.08202485241958,0
2024-04-16 10:30:45.211246,127,55.79350477261118,127,55.114233638655605,127,52.470574792024735,0
2024-04-16 10:45:45.211246,127,50.981422871011326,127,50.19001095207603,127,42.54650002345262,0
2024-04-16 11:00:45.211246,127,49.9285982905861,127,44.26431290495333,127,48.62697593592098,0
2024-04-16 11:15:45.211246,127,0.0,127,0.0,127,0.0,15
2024-04-16 11:30:45.211246,127,59.891181206075814,127,51.35717888462039,127,42.12263022719257,0
2024-04-16 11:45:45.211246,127,0.0,127,0.0,127,0.0,30
2024-04-16 12:00:45.211246,127,45.98620576838733,127,40.189966151925894,127,52.605640365913786,0
2024-04-16 12:15:45.211246,127,54.097900918031286,127,51.70716066224986,127,51.821426762248464,0
2024-04-16 12:30:45.211246,127,47.09911448136169,127,48.604366310333155,127,65.16336137942567,0
2024-04-16 12:45:45.211246,127,45.388123977997694,127,49.52448376446394,127,49.41021944410762,0
2024-04-16 13:00:45.211246,127,50.59051823355794,127,47.82522355218378,127,56.1284199684371,0
2024-04-16 13:15:45.211246,127,45.25260493099786,127,45.671599637030866,127,46.9837044371744,0
2024-04-16 13:30:45.211246,127,48.06782224144561,127,57.03621700818747,127,51.740168131525884,0
2024-04-16 13:45:45.211246,127,51.63283819497276,127,45.19463867526342,127,51.63394756675196,0
2024-04-16 14:00:45.211246,127,52.524303272416795,127,57.81404296316775,127,45.95368745271915,0
2024-04-16 14:15:45.211246,127,40.639204011634114,127,54.493039121596155,127,54.05359290699407,0
2024-04-16 14:30:45.211246,127,45.39900531940085,127,51.37347311527244,127,56.35782253453249,0
2024-04-16 14:45:45.211246,127,42.388858904973944,127,47.55210186808186,127,52.41562473508158,0
2024-04-16 15:00:45.211246,127,55.36266918415816,127,39.151667189061754,127,48.36603745168097,0
2024-04-16 15:15:45.211246,127,52.312505317078,127,50.66679068098987,127,44.25893870073867,0
2024-04-16 15:30:45.211246,127,0.0,127,0.0,127,0.0,15
2024-04-16 15:45:45.211246,127,57.2458011030819,127,56.06255991480582,127,57.46925692249928,0
2024-04-16 16:00:45.211246,127,52.993351058734014,127,52.67129119656282,127,56.26260288757034,0
2024-04-16 16:15:45.211246,127,54.033244407748924,127,46.48366848959243,127,53.167994252023796,0
2024-04-16 16:30:45.211246,127,49.84976539506038,127,50.89253378318533,127,51.30000022781438,0
2024-04-16 16:45:45.211246,127,46.686440211136144,127,46.24830666178205,127,48.20925886600986,0
2024-04-16 17:00:45.211246,127,47.86519504695957,127,43.18702012164639,127,52.48202167131812,0
2024-04-16 17:15:45.211246,127,56.73542235441812,127,50.37682636292142,127,40.69647200226882,0
2024-04-16 17:30:45.211246,127,44.17626207524664,127,50.51870251521881,127,49.76628512864479,0
2024-04-16 17:45:45.211246,127,53.69991425546068,127,55.79902088891903,127,57.08293589937038,0
2024-04-16 18:00:45.211246,127,56.77728609266096,127,57.02227643530066,127,47.09831622261836,0
2024-04-16 18:15:45.211246,127,42.75884170711699,127,47.8458804551296,127,37.53448543489553,0
2024-04-16 18:30:45.211246,127,0.0,127,0.0,127,0.0,15
2024-04-16 18:45:45.211246,127,55.76059210630556,127,41.42345085428571,127,49.80364803562237,0
2024-04-16 19:00:45.211246,127,53.01059558273712,127,53.39035515718397,127,58.61707941997379,0
2024-04-16 19:15:45.211246,127,57.286610949747605,127,52.88618878894104,127,50.989791315776515,0
2024-04-16 19:30:45.211246,127,61.0605307192253,127,52.67254319902797,127,48.68868939439603,0
2024-04-16 19:45:45.211246,127,0.0,127,0.0,127,0.0,30
2024-04-16 20:00:45.211246,127,43.50399642565271,127,46.62784656267378,127,48.81487295218032,0
2024-04-16 20:15:45.211246,127,49.18593753950463,127,50.06379220189292,127,50.25792208927842,0
2024-04-16 20:30:45.211246,127,42.55566235149998,127,57.22907606580259,127,54.63495446838937,0
2024-04-16 20:45:45.211246,127,53.448344586882634,127,43.23887614961738,127,43.917397586750596,0
2024-04-16 21:00:45.211246,127,49.33583377304629,127,50.721441403110305,127,57.38086416253062,0
2024-04-16 21:15:45.211246,127,48.524042103241904,127,48.55407427552206,127,50.99371848931269,0
2024-04-16 21:30:45.211246,127,0.0,127,0.0,127,0.0,60
2024-04-16 21:45:45.211246,127,50.076961749306946,127,39.82670551335999,127,53.53158695428697,0
2024-04-16 22:00:45.211246,127,52.643104780090425,127,51.21630207858354,127,44.48301263471919,0
2024-04-16 22:15:45.211246,127,61.752339105928385,127,48.84484881268884,127,46.23639468726645,0
2024-04-16 22:30:45.211246,127,52.537140620830655,127,48.193523339943646,127,43.91828697837803,0
2024-04-16 22:45:45.211246,127,47.88367026490935,127,46.911030102558314,127,57.99371258587391,0
2024-04-16 23:00:45.211246,127,51.18853837161277,127,48.14173812176863,127,42.92571913042181,0
2024-04-16 23:15:45.211246,127,50.31416171313661,127,49.67386294777706,127,43.403708312258644,0
2024-04-16 23:30:45.211246,127,46.42125751729737,127,55.18610186082868,127,44.90454083864485,0
2024-04-16 23:45:45.211246,127,47.63451334948826,127,50.75418701257472,127,54.02484817656143,0
2024-04-17 00:00:45.211246,127,52.24365009020533,127,55.13612286306746,127,45.17660324650283,0
2024-04-17 00:15:45.211246,127,44.81312412626461,127,43.80235984334425,127,48.480035224648624,0
2024-04-17 00:30:45.211246,127,0.0,127,0.0,127,0.0,60
2024-04-17 00:45:45.211246,127,51.73600204441764,127,54.92653978836831,127,55.7632973499726,0
2024-04-17 01:00:45.211246,127,49.74615223837916,127,56.62029422709359,127,44.02636012939328,0
2024-04-17 01:15:45.211246,127,53.384205467680694,127,46.400088600950646,127,45.56180586180737,0
2024-04-17 01:30:45.211246,127,45.627394713090666,127,51.082085261828205,127,51.20566625934154,0
2024-04-17 01:45:45.211246,127,54.090739184767116,127,38.04757688738116,127,56.82392937458404,0
2024-04-17 02:00:45.211246,127,56.4249737309525,127,48.8148113001284,127,49.05433624820158,0
2024-04-17 02:15:45.211246,127,48.93687799555018,127,57.39517078439884,127,53.09226559540523,0
2024-04-17 02:30:45.211246,127,48.556960927513494,127,48.139473719022604,127,50.17736731172809,0
2024-04-17 02:45:45.211246,127,0.0,127,0.0,127,0.0,15
2024-04-17 03:00:45.211246,127,54.09734759937682,127,47.02424537869566,127,50.20253782558967,0
2024-04-17 03:15:45.211246,127,49.09839449417087,127,55.91880691461435,127,52.315094768023464,0
2024-04-17 03:30:45.211246,127,58.132477139880976,127,51.8318655161812,127,47.93791937151371,0
2024-04-17 03:45:45.211246,127,0.0,127,0.0,127,0.0,60
2024-04-17 04:00:45.211246,127,44.23548349870769,127,51.020905957544635,127,52.822348687108054,0
2024-04-17 04:15:45.211246,127,47.55701878761745,127,50.4061940529418,127,49.22597025439488,0
2024-04-17 04:30:45.211246,127,45.94851046178462,127,54.405324768494935,127,49.584349642235345,0
2024-04-17 04:45:45.211246,127,40.53664718911856,127,48.36312928626691,127,52.32583221161947,0
2024-04-17 05:00:45.211246,127,47.619674423678056,127,49.01766847222605,127,53.552951170405414,0
2024-04-17 05:15:45.211246,127,56.20655992663431,127,50.55706610368773,127,47.862652554465086,0
2024-04-17 05:30:45.211246,127,0.0,127,0.0,127,0.0,15
2024-04-17 05:45:45.211246,127,56.53896385136233,127,55.94586424498229,127,55.44424898437359,0
2024-04-17 06:00:45.211246,127,46.25897104496053,127,47.48639211814104,127,38.1810777342815,0
2024-04-17 06:15:45.211246,127,56.06667476984277,127,44.88110079208582,127,51.59291859174979,0
2024-04-17 06:30:45.211246,127,0.0,127,0.0,127,0.0,30
2024-04-17 06:45:45.211246,127,0.0,127,0.0,127,0.0,15
2024-04-17 07:00:45.211246,127,45.09790079611025,127,55.45921579600687,127,55.28755196221259,0
2024-04-17 07:15:45.211246,127,53.07441413631345,127,58.14065451188854,127,56.986440075352476,0
2024-04-17 07:30:45.211246,127,51.3434713929042,127,45.31088146751074,127,44.9407558625335,0
2024-04-17 07:45:45.211246,127,39.99917850194684,127,44.769226631423834,127,42.6767748871231,0
2024-04-17 08:00:45.211246,127,50.358932835636935,127,48.056014244143455,127,60.38356838947286,0
2024-04-17 08:15:45.211246,127,54.6301503257187,127,50.618632992319,127,38.82445485598867,0
2024-04-17 08:30:45.211246,127,55.699789119440126,127,48.597114815638264,127,54.51552426029087,0
2024-04-17 08:45:45.211246,127,44.108731296396186,127,54.720049061832505,127,47.20312031429455,0
2024-04-17 09:00:45.211246,127,53.00528269696361,127,49.556287412295184,127,48.983374183072165,0
2024-04-17 09:15:45.211246,127,49.85431860400386,127,54.2797467628923,127,39.65219427155946,0
2024-04-17 09:30:45.211246,127,58.59666582953671,127,47.110294144391744,127,57.664930515982086,0
2024-04-17 09:45:45.211246,127,52.40496740472741,127,48.73474826202205,127,48.757625187899286,0
2024-04-17 10:00:45.211246,127,45.065022809644546,127,46.70444529725821,127,53.445411762697525,0
2024-04-17 10:15:45.211246,127,49.137269971805004,127,46.39389554023238,127,51.53817802768619,0
2024-04-17 10:30:45.211246,127,51.418683472986984,127,59.35561453574021,127,49.97164355284177,0
2024-04-17 10:45:45.211246,127,53.5469469327526,127,55.40251786920199,127,54.496301203861684,0
2024-04-17 11:00:45.211246,127,50.28734564942265,127,65.49650887174755,127,52.99615442373109,0
2024-04-17 11:15:45.211246,127,50.81772878779752,127,47.35773086214702,127,59.030114875120475,0
2024-04-17 11:30:45.211246,127,47.346589444982236,127,54.50434734360574,127,47.9404321062287,0
2024-04-17 11:45:45.211246,127,0.0,127,0.0,127,0.0,30
2024-04-17 12:00:45.211246,127,45.40690188474422,127,49.01485987631654,127,46.37362099861391,0
2024-04-17 12:15:45.211246,127,53.615569070675555,127,55.34143770384832,127,50.69233431015204,0
2024-04-17 12:30:45.211246,127,52.82564946060639,127,56.3087507482018,127,49.071359046108434,0
2024-04-17 12:45:45.211246,127,49.73090137314407,127,41.60393218216783,127,48.85095445241868,0
2024-04-17 13:00:45.211246,127,54.610305354617005,127,52.934819970742694,127,46.815251600327635,0
2024-04-17 13:15:45.211246,127,49.963486938508936,127,57.44025649365631,127,56.88565801834758,0
2024-04-17 13:30:45.211246,127,48.909890627416324,127,50.3102309276878,127,49.73545889874262,0
2024-04-17 13:45:45.211246,127,57.71884467420761,127,53.11704504917196,127,50.808331868284384,0
2024-04-17 14:00:45.211246,127,52.241771861709246,127,60.90624562892462,127,47.01830108428544,0
2024-04-17 14:15:45.211246,127,0.0,127,0.0,127,0.0,30
2024-04-17 14:30:45.211246,127,45.63731023131989,127,59.57457259516153,127,51.58018978210113,0
2024-04-17 14:45:45.211246,127,54.26273813013816,127,46.84356544865728,127,52.29876354886051,0
2024-04-17 15:00:45.211246,127,0.0,127,0.0,127,0.0,60
2024-04-17 15:15:45.211246,127,0.0,127,0.0,127,0.0,15
2024-04-17 15:30:45.211246,127,49.87223559674894,127,49.61601167099047,127,43.3765040701597,0
2024-04-17 15:45:45.211246,127,53.69659994825165,127,52.898313081437294,127,48.25080909042762,0
2024-04-17 16:00:45.211246,127,49.28237314370264,127,45.01149435518904,127,49.87594509125728,0
2024-04-17 16:15:45.211246,127,51.76404633785525,127,38.76095386824409,127,47.25847963339603,0
2024-04-17 16:30:45.211246,127,0.0,127,0.0,127,0.0,60
2024-04-17 16:45:45.211246,127,53.99727280924916,127,48.96854513429568,127,51.743547437029406,0
2024-04-17 17:00:45.211246,127,46.854265428686666,127,56.8801026072249,127,58.17609845837796,0
2024-04-17 17:15:45.211246,127,47.14677023599657,127,47.623886834192426,127,57.684923678775434,0
2024-04-17 17:30:45.211246,127,0.0,127,0.0,127,0.0,60
2024-04-17 17:45:45.211246,127,46.49137645323183,127,53.214324626577714,127,50.74850265588615,0
2024-04-17 18:00:45.211246,127,58.64503529406525,127,45.96976585761274,127,52.15448313837486,0
2024-04-17 18:15:45.211246,127,46.90577038727428,127,42.86592715767687,127,52.49389356853343,0
2024-04-17 18:30:45.211246,127,39.05008355528029,127,46.976086819756134,127,53.642414412988735,0
2024-04-17 18:45:45.211246,127,58.38147946844182,127,53.52311660661486,127,49.90411216092745,0
2024-04-17 19:00:45.211246,127,0.0,127,0.0,127,0.0,15
2024-04-17 19:15:45.211246,127,51.94867838160311,127,53.505040479102774,127,52.680338473918326,0
2024-04-17 19:30:45.211246,127,51.93276328809474,127,40.33816032722912,127,53.05590911764455,0
2024-04-17 19:45:45.211246,127,0.0,127,0.0,127,0.0,30
2024-04-17 20:00:45.211246,127,60.82783703981794,127,51.34488216491012,127,48.43156085177636,0
2024-04-17 20:15:45.211246,127,41.419866919365916,127,45.64994217587188,127,53.281200439380264,0
2024-04-17 20:30:45.211246,127,0.0,127,0.0,127,0.0,30
2024-04-17 20:45:45.211246,127,54.58466641821336,127,41.482824693052585,127,59.40829970188852,0
2024-04-17 21:00:45.211246,127,53.231862832447845,127,43.23592671556313,127,48.6367751044866,0
2024-04-17 21:15:45.211246,127,51.25386940295306,127,59.25108949427304,127,47.131242630176814,0
2024-04-17 21:30:45.211246,127,50.917351828153244,127,44.96359846964772,127,62.8964688801584,0
2024-04-17 21:45:45.211246,127,53.69663750660838,127,48.862333375248845,127,48.02230302384578,0
2024-04-17 22:00:45.211246,127,47.120781556928264,127,50.548161840595455,127,47.67744343327834,0
2024-04-17 22:15:45.211246,127,0.0,127,0.0,127,0.0,60
2024-04-17 22:30:45.211246,127,0.0,127,0.0,127,0.0,30
2024-04-17 22:45:45.211246,127,45.30560561535764,127,51.753307853510954,127,37.57626623628984,0
2024-04-17 23:00:45.211246,127,55.874172073743736,127,61.2467304744047,127,51.27217506214369,0
2024-04-17 23:15:45.211246,127,0.0,127,0.0,127,0.0,60
2024-04-17 23:30:45.211246,127,50.111079761085506,127,55.333628742060455,127,48.01994907179449,0
2024-04-17 23:45:45.211246,127,53.23818583187811,127,50.28966312931645,127,55.663705085206246,0
2024-04-18 00:00:45.211246,127,53.17254195432895,127,56.859159335068696,127,40.82864211787669,0
2024-04-18 00:15:45.211246,127,45.90373833048416,127,56.58200624507212,127,48.51444384565832,0
2024-04-18 00:30:45.211246,127,53.2145050629495,127,48.45702590997825,127,55.435288985492726,0
2024-04-18 00:45:45.211246,127,58.540393931152906,127,51.77441232336917,127,45.834166926841895,0
2024-04-18 01:00:45.211246,127,36.73546777869213,127,58.89260004483104,127,51.385268714033366,0
2024-04-18 01:15:45.211246,127,46.50852845131121,127,51.05150450740217,127,39.27084903254809,0
2024-04-18 01:30:45.211246,127,52.29458483233539,127,57.39883462224143,127,55.42927580856956,0
2024-04-18 01:45:45.211246,127,48.17407477240983,127,49.55875144673393,127,47.655184238070206,0
2024-04-18 02:00:45.211246,127,50.53585168654137,127,47.35952349535444,127,42.86628852359069,0
2024-04-18 02:15:45.211246,127,63.74586941281178,127,57.39039994101091,127,55.31201388287151,0
2024-04-18 02:30:45.211246,127,39.87854300130584,127,41.36319224312321,127,59.02160801345904,0
2024-04-18 02:45:45.211246,127,50.678922230539584,127,57.57300706779903,127,48.67510995320971,0
2024-04-18 03:00:45.211246,127,41.92572846839383,127,46.59512524103576,127,48.49894007472239,0
2024-04-18 03:15:45.211246,127,44.39790021220075,127,57.20411398091133,127,43.38057827792902,0
2024-04-18 03:30:45.211246,127,49.40359749999313,127,54.88678686116229,127,51.1478671741206,0
2024-04-18 03:45:45.211246,127,46.044060200451575,127,46.80733282936645,127,53.298345618361225,0
2024-04-18 04:00:45.211246,127,48.661648046691184,127,54.62252273183294,127,46.55649858172935,0
2024-04-18 04:15:45.211246,127,0.0,127,0.0,127,0.0,30
2024-04-18 04:30:45.211246,127,0.0,127,0.0,127,0.0,15
2024-04-18 04:45:45.211246,127,53.10782854434991,127,41.41379810824944,127,52.96252596685099,0
2024-04-18 05:00:45.211246,127,55.49634750668378,127,54.43487614917261,127,54.44913746549476,0
2024-04-18 05:15:45.211246,127,0.0,127,0.0,127,0.0,15
2024-04-18 05:30:45.211246,127,59.21599676113716,127,53.408562818373326,127,56.58216640098924,0
2024-04-18 05:45:45.211246,127,52.09393330224394,127,52.66593162774231,127,53.560710474638995,0
2024-04-18 06:00:45.211246,127,56.96990129075688,127,41.71415099970946,127,56.87643021507572,0
2024-04-18 06:15:45.211246,127,49.07460413477514,127,42.32293276898896,127,46.49582591679247,0
2024-04-18 06:30:45.211246,127,52.35693261031182,127,47.311471619900544,127,47.49231224484848,0
2024-04-18 06:45:45.211246,127,44.52610264712872,127,50.054704196756205,127,47.2589069179013,0
2024-04-18 07:00:45.211246,127,47.37052008537289,127,41.47180190879942,127,42.24654835627334,0
2024-04-18 07:15:45.211246,127,53.45860181110229,127,56.21324563247009,127,53.734742622774576,0
2024-04-18 07:30:45.211246,127,55.16585527379042,127,51.876862353418346,127,48.99850454135912,0
2024-04-18 07:45:45.211246,127,45.248576019469915,127,47.25209326662899,127,50.676926038107894,0
2024-04-18 08:00:45.211246,127,0.0,127,0.0,127,0.0,60
2024-04-18 08:15:45.211246,127,47.6583362683134,127,49.613540725318316,127,52.02825140433195,0
2024-04-18 08:30:45.211246,127,56.17721171234996,127,50.758655633524405,127,54.56535437404513,0
2024-04-18 08:45:45.211246,127,0.0,127,0.0,127,0.0,15
2024-04-18 09:00:45.211246,127,55.06166268763398,127,55.6545549309793,127,57.94478190905117,0
2024-04-18 09:15:45.211246,127,52.36837109219216,127,60.121252255689335,127,42.51974814634181,0
2024-04-18 09:30:45.211246,127,57.800203556934164,127,49.06403994101445,127,47.78464630147707,0
2024-04-18 09:45:45.211246,127,51.45921911610157,127,46.07465932908099,127,48.861417670578874,0
2024-04-18 10:00:45.211246,127,52.419859555256,127,50.60260774794389,127,46.80978380881404,0
2024-04-18 10:15:45.211246,127,52.93872318483356,127,45.805480618479386,127,48.784032437284026,0
2024-04-18 10:30:45.211246,127,43.71246213657715,127,45.17271814260206,127,41.84247120112617,0
2024-04-18 10:45:45.211246,127,48.32119605990521,127,42.01289149445108,127,50.13895471612,0
2024-04-18 11:00:45.211246,127,52.58489619139369,127,49.80404643922309,127,41.53360950893089,0
2024-04-18 11:15:45.211246,127,48.904092177610686,127,53.52548437950648,127,48.85466281928194,0
2024-04-18 11:30:45.211246,127,48.5584810705142,127,51.8738036595029,127,46.9330052448204,0
2024-04-18 11:45:45.211246,127,55.862792711941694,127,46.73140817272392,127,47.776786504451806,0
2024-04-18 12:00:45.211246,127,36.65977580563778,127,42.04251231362684,127,43.84779668895412,0
2024-04-18 12:15:45.211246,127,50.91110408977322,127,44.41220943345854,127,48.46367515159562,0
2024-04-18 12:30:45.211246,127,46.73555063332206,127,49.53941112850151,127,45.44136722892504,0
2024-04-18 12:45:45.211246,127,57.02538720904507,127,46.75906839068191,127,44.63141012060462,0
2024-04-18 13:00:45.211246,127,56.64907849762598,127,52.890921444547494,127,50.303695876560326,0
2024-04-18 13:15:45.211246,127,50.418280831589755,127,52.16926922372693,127,48.497116722163575,0
2024-04-18 13:30:45.211246,127,0.0,127,0.0,127,0.0,15
2024-04-18 13:45:45.211246,127,48.781901324314,127,52.634616389632406,127,59.128821405152806,0
2024-04-18 14:00:45.211246,127,50.99669627335659,127,50.133518245082726,127,47.12773054370055,0
2024-04-18 14:15:45.211246,127,56.4680534134693,127,51.31942095267717,127,55.70172195999358,0
2024-04-18 14:30:45.211246,127,53.232442597101006,127,54.123752169904165,127,50.29285309121357,0
2024-04-18 14:45:45.211246,127,53.428083956379865,127,46.9334838010687,127,54.975204352325605,0
2024-04-18 15:00:45.211246,127,48.87129555398427,127,60.536086356221205,127,47.24930931182134,0
2024-04-18 15:15:45.211246,127,52.506669399696314,127,52.06426520653101,127,64.13735534256386,0
2024-04-18 15:30:45.211246,127,45.99030293949646,127,40.65349652821067,127,44.992489631983396,0
2024-04-18 15:45:45.211246,127,51.248334488540884,127,50.47869639368947,127,53.16534427927341,0
2024-04-18 16:00:45.211246,127,54.43642530101323,127,56.61305036089012,127,52.59801846377953,0
2024-04-18 16:15:45.211246,127,0.0,127,0.0,127,0.0,60
2024-04-18 16:30:45.211246,127,42.410585914348026,127,55.643105111709716,127,41.701920547565905,0
2024-04-18 16:45:45.211246,127,38.04698723027189,127,56.48372368271136,127,56.76321815823658,0
2024-04-18 17:00:45.211246,127,44.31884385543564,127,48.83699223393045,127,43.63589554445521,0
2024-04-18 17:15:45.211246,127,0.0,127,0.0,127,0.0,15
2024-04-18 17:30:45.211246,127,44.86112245214823,127,42.90354408761934,127,52.832247258961104,0
2024-04-18 17:45:45.211246,127,56.69260559404446,127,50.45875733656295,127,40.527804861512934,0
2024-04-18 18:00:45.211246,127,43.59595884789151,127,52.88412572952569,127,47.19370853256063,0
2024-04-18 18:15:45.211246,127,51.48712268330244,127,47.72001556771461,127,46.50807703764876,0
2024-04-18 18:30:45.211246,127,46.49387774380737,127,46.59284150227068,127,49.93412645723673,0
2024-04-18 18:45:45.211246,127,59.881430547613846,127,44.26009705404522,127,54.45967897613963,0
2024-04-18 19:00:45.211246,127,44.27328224225682,127,41.60113383580958,127,46.356888936209835,0
2024-04-18 19:15:45.211246,127,55.36655812839505,127,46.412991229001435,127,56.452005011232174,0
2024-04-18 19:30:45.211246,127,48.9346337200261,127,47.857297194653896,127,55.045754443312205,0
2024-04-18 19:45:45.211246,127,51.13586606357372,127,56.28124672195913,127,49.774836907554864,0
2024-04-18 20:00:45.211246,127,53.99401634953685,127,53.87960918614449,127,60.400593682149506,0
2024-04-18 20:15:45.211246,127,43.306998635075345,127,48.410477158951466,127,52.105045151193636,0
2024-04-18 20:30:45.211246,127,58.643592548739285,127,44.86468851504535,127,49.1386962141445,0
2024-04-18 20:45:45.211246,127,0.0,127,0.0,127,0.0,60
2024-04-18 21:00:45.211246,127,46.13526894034099,127,52.67906244110434,127,52.17473858211123,0
2024-04-18 21:15:45.211246,127,53.9941360309586,127,53.0435492611623,127,51.21372984851178,0
2024-04-18 21:30:45.211246,127,51.6720950539766,127,45.14623428979934,127,35.298315249424675,0
2024-04-18 21:45:45.211246,127,45.179466155778904,127,51.11810833645373,127,54.07096754990962,0
2024-04-18 22:00:45.211246,127,54.182051269799594,127,55.688024026074515,127,59.178244272633826,0
2024-04-18 22:15:45.211246,127,60.73086654242783,127,45.062287868743866,127,55.231895892585634,0
2024-04-18 22:30:45.211246,127,0.0,127,0.0,127,0.0,15
2024-04-18 22:45:45.211246,127,54.64665105536035,127,43.596243644878825,127,48.89373742539103,0
2024-04-18 23:00:45.211246,127,49.53038309609559,127,56.23949814357059,127,49.11707718960075,0
2024-04-18 23:15:45.211246,127,47.7858026754221,127,47.48429551801733,127,49.20884640789701,0
2024-04-18 23:30:45.211246,127,0.0,127,0.0,127,0.0,30
2024-04-18 23:45:45.211246,127,42.65409241048019,127,55.96259960665115,127,47.45819222928962,0
2024-04-19 00:00:45.211246,127,0.0,127,0.0,127,0.0,60
2024-04-19 00:15:45.211246,127,42.55200977250147,127,45.0057771884221,127,47.63762731800183,0
2024-04-19 00:30:45.211246,127,44.45121658113625,127,41.0277540983401,127,58.03769941326746,0
2024-04-19 00:45:45.211246,127,47.514182751917005,127,42.89800359850612,127,53.08603952636987,0
2024-04-19 01:00:45.211246,127,0.0,127,0.0,127,0.0,15
2024-04-19 01:15:45.211246,127,52.33201170427795,127,49.610762483328664,127,52.09952250122524,0
2024-04-19 01:30:45.211246,127,46.174960674381325,127,59.04603744246886,127,53.76804101104608,0
2024-04-19 01:45:45.211246,127,41.3581542751228,127,55.91612605203451,127,52.96240561759814,0
2024-04-19 02:00:45.211246,127,51.74025752977922,127,44.83290702686911,127,53.2241042904476,0
2024-04-19 02:15:45.211246,127,0.0,127,0.0,127,0.0,30
2024-04-19 02:30:45.211246,127,44.55412702894117,127,46.724226186306645,127,56.49392068802539,0
2024-04-19 02:45:45.211246,127,55.8869722618139,127,47.98834123310164,127,49.34144832317827,0
2024-04-19 03:00:45.211246,127,50.689435212465575,127,39.979757403408094,127,51.843955553902916,0
2024-04-19 03:15:45.211246,127,55.31824547537556,127,47.786705145534725,127,52.7193550136975,0
2024-04-19 03:30:45.211246,127,53.4545639346983,127,54.81209997316406,127,49.4743049795923,0
2024-04-19 03:45:45.211246,127,52.37532098013286,127,51.294686972163404,127,56.82592267023084,0
2024-04-19 04:00:45.211246,127,0.0,127,0.0,127,0.0,15
2024-04-19 04:15:45.211246,127,0.0,127,0.0,127,0.0,30
2024-04-19 04:30:45.211246,127,47.32035661468451,127,56.87015080034338,127,58.37447090537086,0
2024-04-19 04:45:45.211246,127,45.013795695715515,127,53.568211829489016,127,52.69813226945781,0
2024-04-19 05:00:45.211246,127,53.86872526261656,127,48.28296641200413,127,55.30285970670192,0
2024-04-19 05:15:45.211246,127,50.950059321160836,127,49.393162551936,127,56.04637595978966,0
2024-04-19 05:30:45.211246,127,0.0,127,0.0,127,0.0,30
2024-04-19 05:45:45.211246,127,0.0,127,0.0,127,0.0,30
2024-04-19 06:00:45.211246,127,47.537358970520565,127,50.32689735950488,127,46.770676291862394,0
2024-04-19 06:15:45.211246,127,53.553733348007555,127,39.74617189594419,127,55.37566929983051,0
2024-04-19 06:30:45.211246,127,0.0,127,0.0,127,0.0,60
2024-04-19 06:45:45.211246,127,51.10552846213477,127,41.886985232927806,127,49.49737503855118,0
2024-04-19 07:00:45.211246,127,0.0,127,0.0,127,0.0,30
2024-04-19 07:15:45.211246,127,55.835053715830746,127,46.36168256641647,127,47.896105015099415,0
2024-04-19 07:30:45.211246,127,50.52982724850378,127,49.47294452338232,127,43.07448448279043,0
2024-04-19 07:45:45.211246,127,51.46117004015736,127,43.42287476515473,127,60.16427830580132,0
2024-04-19 08:00:45.211246,127,45.64705833573018,127,53.990265241673505,127,48.92892929792029,0
2024-04-19 08:15:45.211246,127,47.16889693466187,127,51.00074183381988,127,45.726731041892066,0
2024-04-19 08:30:45.211246,127,48.77540020771798,127,52.3312044900352,127,40.14332881265431,0
2024-04-19 08:45:45.211246,127,47.09579948985933,127,46.715229946541164,127,42.37414742662482,0
2024-04-19 09:00:45.211246,127,49.4982267933297,127,55.86027276563315,127,52.04756607240133,0
2024-04-19 09:15:45.211246,127,53.75401077461062,127,48.63118290513865,127,56.71072058317726,0
2024-04-19 09:30:45.211246,127,41.5258243969099,127,56.32893493712035,127,50.734141128384096,0
2024-04-19 09:45:45.211246,127,51.409035429819546,127,52.322491852322926,127,50.15012961814567,0
2024-04-19 10:00:45.211246,127,0.0,127,0.0,127,0.0,15
2024-04-19 10:15:45.211246,127,51.43189255501281,127,47.976081043209874,127,43.708491894803416,0
2024-04-19 10:30:45.211246,127,47.52142278562776,127,51.80602681131814,127,56.33918405629393,0
2024-04-19 10:45:45.211246,127,57.63589684864779,127,45.61242727544627,127,52.05271315527899,0
2024-04-19 11:00:45.211246,127,43.24649892603684,127,55.62262965583703,127,55.25793173197363,0
2024-04-19 11:15:45.211246,127,50.42652801249399,127,43.76919573889374,127,47.116032899177,0
2024-04-19 11:30:45.211246,127,0.0,127,0.0,127,0.0,30
2024-04-19 11:45:45.211246,127,53.47153936150759,127,47.009120544052564,127,38.76549854548522,0
2024-04-19 12:00:45.211246,127,0.0,127,0.0,127,0.0,15
2024-04-19 12:15:45.211246,127,0.0,127,0.0,127,0.0,30
2024-04-19 12:30:45.211246,127,49.78401675534561,127,41.352339421658094,127,47.32537028990351,0
2024-04-19 12:45:45.211246,127,50.8218748150555,127,54.76501547635108,127,56.38951258608351,0
2024-04-19 13:00:45.211246,127,44.895661110388374,127,51.29410307426438,127,52.49769459059034,0
2024-04-19 13:15:45.211246,127,48.62184758965092,127,46.13828653503393,127,54.3150589596881,0
2024-04-19 13:30:45.211246,127,59.361218261494756,127,57.84083520520373,127,48.85195932881473,0
2024-04-19 13:45:45.211246,127,56.26606969778274,127,45.229722302613524,127,57.10343638866433,0
2024-04-19 14:00:45.211246,127,0.0,127,0.0,127,0.0,15
2024-04-19 14:15:45.211246,127,44.17801860731596,127,54.312697905429964,127,44.22828068450674,0
2024-04-19 14:30:45.211246,127,52.08297253575277,127,53.244094384861555,127,47.11046146448111,0
2024-04-19 14:45:45.211246,127,53.76054026408858,127,49.089191278285426,127,48.38715386035599,0
2024-04-19 15:00:45.211246,127,0.0,127,0.0,127,0.0,60
2024-04-19 15:15:45.211246,127,49.97787196972198,127,58.32266919474577,127,48.14885989313974,0
2024-04-19 15:30:45.211246,127,57.61168333435039,127,50.720299939999784,127,43.51842858359646,0
2024-04-19 15:45:45.211246,127,50.53377577796898,127,51.98606320420393,127,53.98034369937092,0
2024-04-19 16:00:45.211246,127,47.31205657537779,127,53.2451400485084,127,61.049675789035724,0
2024-04-19 16:15:45.211246,127,0.0,127,0.0,127,0.0,60
2024-04-19 16:30:45.211246,127,57.075349782542766,127,46.66091784966855,127,45.3657283235789,0
2024-04-19 16:45:45.211246,127,45.868748741478356,127,53.05652144313872,127,54.705954730537485,0
2024-04-19 17:00:45.211246,127,48.0642511364263,127,46.52123656123006,127,49.515667564328055,0
2024-04-19 17:15:45.211246,127,49.56889422675105,127,52.45236106772359,127,51.02398096842121,0
2024-04-19 17:30:45.211246,127,58.759084449910446,127,46.81984550555988,127,60.89204513376965,0
2024-04-19 17:45:45.211246,127,41.402740911092096,127,48.18914366145146,127,50.811699602247714,0
2024-04-19 18:00:45.211246,127,0.0,127,0.0,127,0.0,60
2024-04-19 18:15:45.211246,127,55.18580271451995,127,50.02880867753005,127,52.57138611263057,0
2024-04-19 18:30:45.211246,127,56.560947229812115,127,50.34895011139739,127,52.03501819597458,0
2024-04-19 18:45:45.211246,127,50.886439730944815,127,49.36124905943618,127,53.632503363702334,0
2024-04-19 19:00:45.211246,127,47.60133315525226,127,46.13193426902842,127,57.729593437962706,0
2024-04-19 19:15:45.211246,127,0.0,127,0.0,127,0.0,15
2024-04-19 19:30:45.211246,127,58.497149043269886,127,45.27403278065514,127,49.09895272098926,0
2024-04-19 19:45:45.211246,127,51.23245555192436,127,39.2812489612309,127,56.18097839691286,0
2024-04-19 20:00:45.211246,127,47.84175283873292,127,50.47891701050021,127,50.01540334285279,0
2024-04-19 20:15:45.211246,127,0.0,127,0.0,127,0.0,30
2024-04-19 20:30:45.211246,127,58.69904993907585,127,49.30959389011484,127,54.31695685236804,0
2024-04-19 20:45:45.211246,127,60.33881431263696,127,47.077851477463426,127,41.585937207825566,0
2024-04-19 21:00:45.211246,127,50.74995795716142,127,50.17342919008479,127,49.87535289260873,0
2024-04-19 21:15:45.211246,127,49.86505207260001,127,49.81733620474503,127,44.212930211248434,0
2024-04-19 21:30:45.211246,127,55.02189077727738,127,50.74721805629228,127,49.44358425463755,0
2024-04-19 21:45:45.211246,127,47.858097531366994,127,50.45763135361799,127,49.65508135029891,0
2024-04-19 22:00:45.211246,127,51.08968783776203,127,49.86817251347028,127,45.85218705020428,0
2024-04-19 22:15:45.211246,127,0.0,127,0.0,127,0.0,15
2024-04-19 22:30:45.211246,127,50.59897396886135,127,47.801695267515036,127,48.25332879483073,0
2024-04-19 22:45:45.211246,127,42.052319114791075,127,44.828729720901194,127,45.815161138689184,0
2024-04-19 23:00:45.211246,127,53.277672611619366,127,50.45429560670206,127,46.48578215679052,0
2024-04-19 23:15:45.211246,127,50.53946826926482,127,47.17756400325422,127,52.28771533323363,0
2024-04-19 23:30:45.211246,127,45.74726864790489,127,58.20268459427628,127,43.85837787355467,0
2024-04-19 23:45:45.211246,127,49.09091313165737,127,50.08823142974382,127,49.89509362873421,0
2024-04-20 00:00:45.211246,127,53.307423143294294,127,45.62179170403907,127,46.286883210667845,0
2024-04-20 00:15:45.211246,127,52.29982034216574,127,51.669637361536154,127,47.41869047047843,0
2024-04-20 00:30:45.211246,127,54.57791010537651,127,51.55887054731835,127,45.11945644333234,0
2024-04-20 00:45:45.211246,127,56.76791438146063,127,49.156804791863024,127,45.79240973227986,0
2024-04-20 01:00:45.211246,127,62.64628110239755,127,46.55023642656282,127,48.32006871696371,0
2024-04-20 01:15:45.211246,127,44.91233006246568,127,49.09338097259881,127,56.12218723371394,0
2024-04-20 01:30:45.211246,127,48.386304806292564,127,50.40214435762219,127,53.54951313743004,0
2024-04-20 01:45:45.211246,127,57.418681214087854,127,51.73295558418352,127,55.406395648437424,0
2024-04-20 02:00:45.211246,127,55.826386740556856,127,55.750130493080384,127,44.59137627575662,0
2024-04-20 02:15:45.211246,127,45.07270371944898,127,47.745725427481794,127,50.13714927113851,0
2024-04-20 02:30:45.211246,127,52.610967779651475,127,50.08517456150535,127,55.233711616845966,0
2024-04-20 02:45:45.211246,127,0.0,127,0.0,127,0.0,15
2024-04-20 03:00:45.211246,127,47.31244090796318,127,47.81352306501686,127,48.619931824606425,0
2024-04-20 03:15:45.211246,127,55.72561188997166,127,45.45109328595345,127,51.02359816686289,0
2024-04-20 03:30:45.211246,127,49.30406145429845,127,55.45754537246421,127,33.733516479875036,0
2024-04-20 03:45:45.211246,127,57.14756926193159,127,42.0888805167592,127,49.61355438828254,0
2024-04-20 04:00:45.211246,127,56.11962605451935,127,51.14904625300196,127,48.96395730053463,0
2024-04-20 04:15:45.211246,127,54.30956510215797,127,47.93640010417883,127,56.059259631334335,0
2024-04-20 04:30:45.211246,127,50.039364423150055,127,48.37583354261632,127,52.716264987700846,0
2024-04-20 04:45:45.211246,127,52.553749689663064,127,61.308831005521284,127,52.554628561304426,0
2024-04-20 05:00:45.211246,127,37.67441057865916,127,54.005971249153546,127,47.903023801864514,0
2024-04-20 05:15:45.211246,127,51.433280355899925,127,53.71343370906959,127,51.427187624564674,0
2024-04-20 05:30:45.211246,127,43.52420643348382,127,53.328398785707186,127,45.37205097935937,0
2024-04-20 05:45:45.211246,127,50.58001111952871,127,42.94049124810949,127,51.33311521938521,0
2024-04-20 06:00:45.211246,127,52.14154641747115,127,43.52748309591661,127,47.55851091533307,0
2024-04-20 06:15:45.211246,127,56.79683815958269,127,46.55546064463541,127,52.49897287092948,0
2024-04-20 06:30:45.211246,127,50.88512733379502,127,52.45298757786339,127,50.87874894478852,0
2024-04-20 06:45:45.211246,127,49.032492519635575,127,48.391579909783445,127,51.065477074730865,0
2024-04-20 07:00:45.211246,127,0.0,127,0.0,127,0.0,15
2024-04-20 07:15:45.211246,127,51.47418415516407,127,47.69564800934438,127,49.955489418030034,0
2024-04-20 07:30:45.211246,127,50.92440093433351,127,48.12705775623777,127,52.385941436809404,0
2024-04-20 07:45:45.211246,127,54.78054086235865,127,55.371415259243605,127,62.81844968450089,0
2024-04-20 08:00:45.211246,127,48.76632736113657,127,46.93107778052029,127,55.76430644803081,0
2024-04-20 08:15:45.211246,127,50.94528002275285,127,59.46785847198977,127,49.58752207247776,0
2024-04-20 08:30:45.211246,127,0.0,127,0.0,127,0.0,60
2024-04-20 08:45:45.211246,127,44.33083214722316,127,57.62018328330352,127,47.04752184941085,0
2024-04-20 09:00:45.211246,127,48.325258342270295,127,49.831599311084844,127,56.57257314475352,0
2024-04-20 09:15:45.211246,127,50.20702829708642,127,48.845051868621745,127,47.459795108244016,0
2024-04-20 09:30:45.211246,127,50.682159952492285,127,55.60580255941875,127,47.02475262995148,0
2024-04-20 09:45:45.211246,127,47.99203505017587,127,56.83607378073762,127,50.71854738345233,0
2024-04-20 10:00:45.211246,127,43.5656673044663,127,44.902606013023046,127,44.49131175129527,0
2024-04-20 10:15:45.211246,127,32.599758438993405,127,55.02848940890894,127,51.57335939422169,0
2024-04-20 10:30:45.211246,127,0.0,127,0.0,127,0.0,30
2024-04-20 10:45:45.211246,127,50.518910096437416,127,49.95827995047301,127,39.61842082520314,0
2024-04-20 11:00:45.211246,127,41.419993043774845,127,47.72669376312551,127,50.25153814778395,0
2024-04-20 11:15:45.211246,127,0.0,127,0.0,127,0.0,30
2024-04-20 11:30:45.211246,127,49.986145198322454,127,54.52583012433138,127,43.82775374853574,0
2024-04-20 11:45:45.211246,127,46.277058968240716,127,50.98477161652114,127,48.10073627274052,0
2024-04-20 12:00:45.211246,127,48.67798589573794,127,51.30093618687707,127,50.94463936644141,0
2024-04-20 12:15:45.211246,127,50.19600300613588,127,51.65117852869765,127,52.64129321270751,0
2024-04-20 12:30:45.211246,127,0.0,127,0.0,127,0.0,15
2024-04-20 12:45:45.211246,127,50.04858268415531,127,48.00646892714969,127,55.47549780416943,0
2024-04-20 13:00:45.211246,127,47.18785163767769,127,42.1103826999039,127,47.13572069826951,0
2024-04-20 13:15:45.211246,127,0.0,127,0.0,127,0.0,30
2024-04-20 13:30:45.211246,127,50.375311805672986,127,53.975944902383084,127,45.58554858422594,0
2024-04-20 13:45:45.211246,127,53.8900110473543,127,39.34710471242586,127,52.90825965412468,0
2024-04-20 14:00:45.211246,127,52.70936816062678,127,50.78973004776675,127,48.74609695810806,0
2024-04-20 14:15:45.211246,127,45.894020982884456,127,60.65675908532939,127,42.62782961428457,0
2024-04-20 14:30:45.211246,127,37.372909829307964,127,47.59991173959364,127,56.194746005631565,0
2024-04-20 14:45:45.211246,127,0.0,127,0.0,127,0.0,60
2024-04-20 15:00:45.211246,127,42.6465663492389,127,47.56657889769445,127,49.40224060981555,0
2024-04-20 15:15:45.211246,127,47.396434207682454,127,49.649510281288485,127,50.659429078794645,0
2024-04-20 15:30:45.211246,127,45.63533078096926,127,50.831187196268004,127,52.10915702847897,0
2024-04-20 15:45:45.211246,127,51.80209434610795,127,43.20996947132663,127,51.348214804752374,0
2024-04-20 16:00:45.211246,127,49.68774294469003,127,47.15229710212161,127,51.0857014023431,0
2024-04-20 16:15:45.211246,127,48.12446862197509,127,44.055843490096876,127,47.83652198869049,0
2024-04-20 16:30:45.211246,127,47.552556380715764,127,57.059235415676156,127,49.454475468224885,0
2024-04-20 16:45:45.211246,127,47.756348875425566,127,51.04978514769002,127,55.004254987852406,0
2024-04-20 17:00:45.211246,127,53.47096372023413,127,53.77961743050779,127,49.15932309018116,0
2024-04-20 17:15:45.211246,127,51.636738824999036,127,53.74875786220992,127,54.88106493253219,0
2024-04-20 17:30:45.211246,127,47.27194184181747,127,47.656885162875554,127,49.494407428893446,0
2024-04-20 17:45:45.211246,127,50.047437267012214,127,48.752382623314745,127,47.009750836145905,0
2024-04-20 18:00:45.211246,127,0.0,127,0.0,127,0.0,30
2024-04-20 18:15:45.211246,127,48.16132983556999,127,44.911909580539,127,52.47142688345357,0
2024-04-20 18:30:45.211246,127,48.875269728969585,127,51.75361122195765,127,45.79513295106176,0
2024-04-20 18:45:45.211246,127,51.42496022270304,127,49.704597908695504,127,50.08159336796009,0
2024-04-20 19:00:45.211246,127,50.95544560120731,127,56.189642218590336,127,48.61881706382817,0
2024-04-20 19:15:45.211246,127,57.203146097968045,127,50.45292391759306,127,50.110708653058744,0
2024-04-20 19:30:45.211246,127,45.08288421058727,127,52.562843512735384,127,48.92268304131145,0
2024-04-20 19:45:45.211246,127,45.6839914154736,127,49.18718678203804,127,52.224482593567515,0
2024-04-20 20:00:45.211246,127,52.984117942211476,127,48.587716683575124,127,43.25787923337134,0
2024-04-20 20:15:45.211246,127,0.0,127,0.0,127,0.0,60
2024-04-20 20:30:45.211246,127,40.521368583237646,127,49.34936216844904,127,49.21134677657818,0
2024-04-20 20:45:45.211246,127,0.0,127,0.0,127,0.0,15
2024-04-20 21:00:45.211246,127,51.2854000965268,127,47.17468221364049,127,52.31218827878224,0
2024-04-20 21:15:45.211246,127,50.593162675706154,127,55.493352287437055,127,46.28644947773257,0
2024-04-20 21:30:45.211246,127,47.20999449065075,127,38.320671550013046,127,57.87967447249558,0
2024-04-20 21:45:45.211246,127,54.18689325605325,127,50.23680974452142,127,48.57174228230281,0
2024-04-20 22:00:45.211246,127,55.4092056207474,127,40.20421156629283,127,42.48670151065748,0
2024-04-20 22:15:45.211246,127,0.0,127,0.0,127,0.0,15
2024-04-20 22:30:45.211246,127,47.37694605332385,127,51.2851623106745,127,46.78514071026809,0
2024-04-20 22:45:45.211246,127,45.31817718447692,127,49.843799093645934,127,54.68007523899005,0
2024-04-20 23:00:45.211246,127,48.728966984122515,127,53.01647078952891,127,45.30582089065053,0
2024-04-20 23:15:45.211246,127,49.71500936924658,127,48.62396000272133,127,42.41365197739875,0
2024-04-20 23:30:45.211246,127,48.89337316092928,127,42.12341934342249,127,49.981496642530935,0
2024-04-20 23:45:45.211246,127,44.24200178556908,127,53.31502249702751,127,54.76735885240276,0
2024-04-21 00:00:45.211246,127,51.808745128996584,127,45.320272175192756,127,48.10828620919121,0
2024-04-21 00:15:45.211246,127,0.0,127,0.0,127,0.0,15
2024-04-21 00:30:45.211246,127,45.81102858577121,127,50.0763497367252,127,52.22618961661291,0
2024-04-21 00:45:45.211246,127,54.48066558252743,127,46.44194990713878,127,54.108171872122306,0
2024-04-21 01:00:45.211246,127,51.54137671823624,127,52.29742185367324,127,51.471176462880784,0
2024-04-21 01:15:45.211246,127,0.0,127,0.0,127,0.0,60
2024-04-21 01:30:45.211246,127,53.23117565011027,127,55.260006166098776,127,40.38085641424021,0
2024-04-21 01:45:45.211246,127,42.19336204990094,127,44.50881071558533,127,48.35635729254495,0
2024-04-21 02:00:45.211246,127,0.0,127,0.0,127,0.0,15
2024-04-21 02:15:45.211246,127,44.777835102285664,127,58.748631027822555,127,38.89308034962601,0
2024-04-21 02:30:45.211246,127,50.72849027443342,127,45.76080375744572,127,51.29967171123761,0
2024-04-21 02:45:45.211246,127,44.72969479448059,127,51.769409524850225,127,57.69941221936615,0
2024-04-21 03:00:45.211246,127,49.47868295765811,127,45.48509897105154,127,43.37749624678542,0
2024-04-21 03:15:45.211246,127,38.58471006826605,127,52.18066447111348,127,51.39254657771167,0
2024-04-21 03:30:45.211246,127,0.0,127,0.0,127,0.0,60
2024-04-21 03:45:45.211246,127,0.0,127,0.0,127,0.0,30
2024-04-21 04:00:45.211246,127,43.64232349718474,127,56.33096662341111,127,50.357659859556776,0
2024-04-21 04:15:45.211246,127,44.972398500586664,127,46.193156537479666,127,51.90843748206863,0
2024-04-21 04:30:45.211246,127,53.64467154613046,127,47.08495332375705,127,45.37529740690677,0
2024-04-21 04:45:45.211246,127,57.1046469092628,127,44.69289332006377,127,51.461749623586876,0
2024-04-21 05:00:45.211246,127,44.96622610181276,127,43.46059313654318,127,40.03411631034214,0
2024-04-21 05:15:45.211246,127,0.0,127,0.0,127,0.0,30
2024-04-21 05:30:45.211246,127,55.628030550431774,127,46.913649492053345,127,42.31011581888807,0
2024-04-21 05:45:45.211246,127,0.0,127,0.0,127,0.0,30
2024-04-21 06:00:45.211246,127,45.71665830140559,127,42.29559507482507,127,60.00817038771042,0
2024-04-21 06:15:45.211246,127,50.15904973722617,127,52.26588283591416,127,43.94103534608238,0
2024-04-21 06:30:45.211246,127,0.0,127,0.0,127,0.0,15
2024-04-21 06:45:45.211246,127,54.14032566874719,127,50.38652805518303,127,49.62298968788145,0
2024-04-21 07:00:45.211246,127,0.0,127,0.0,127,0.0,60
2024-04-21 07:15:45.211246,127,51.394633632390864,127,56.64238001972932,127,50.81329683025635,0
2024-04-21 07:30:45.211246,127,51.9705543480866,127,45.52373092650935,127,47.9482858785005,0
2024-04-21 07:45:45.211246,127,47.839316393629,127,48.41606409275891,127,45.786275830891704,0
2024-04-21 08:00:45.211246,127,47.71840775784796,127,49.182704814321475,127,53.11360233406765,0
2024-04-21 08:15:45.211246,127,0.0,127,0.0,127,0.0,15
2024-04-21 08:30:45.211246,127,46.22958998675542,127,49.11256102812014,127,50.11590423870081,0
2024-04-21 08:45:45.211246,127,55.153874226432045,127,47.41816913287602,127,48.57073764133811,0
2024-04-21 09:00:45.211246,127,0.0,127,0.0,127,0.0,60
2024-04-21 09:15:45.211246,127,43.77489818818723,127,43.268557274143916,127,55.23913322748661,0
2024-04-21 09:30:45.211246,127,52.24052378385074,127,53.60477064593173,127,45.05855794209909,0
2024-04-21 09:45:45.211246,127,0.0,127,0.0,127,0.0,60
2024-04-21 10:00:45.211246,127,54.37951415665037,127,46.91071740511959,127,49.235380270407234,0
2024-04-21 10:15:45.211246,127,48.44198507202457,127,44.05022695552398,127,43.78709846907676,0
2024-04-21 10:30:45.211246,127,55.94141453780353,127,49.94864028584928,127,45.05197452957498,0
2024-04-21 10:45:45.211246,127,52.24258299955677,127,51.41758386859657,127,41.49575179045927,0
2024-04-21 11:00:45.211246,127,54.67385066771321,127,58.17769645786121,127,45.71998073083439,0
2024-04-21 11:15:45.211246,127,42.70089925743095,127,53.705389617486894,127,48.95082408854789,0
2024-04-21 11:30:45.211246,127,0.0,127,0.0,127,0.0,60
2024-04-21 11:45:45.211246,127,49.36306363753407,127,50.03758703881266,127,48.628798818280636,0
2024-04-21 12:00:45.211246,127,47.25789189396679,127,42.40352909712084,127,50.69631350472315,0
2024-04-21 12:15:45.211246,127,52.11821963242224,127,55.30625189840058,127,45.45599613128157,0
2024-04-21 12:30:45.211246,127,47.93405596606526,127,43.999997925543965,127,48.579622479140575,0
2024-04-21 12:45:45.211246,127,45.945842738101845,127,53.11329273224701,127,56.24688013550913,0
2024-04-21 13:00:45.211246,127,55.22095564698279,127,42.807822938001834,127,54.78257195228149,0
2024-04-21 13:15:45.211246,127,51.83375405668897,127,44.105703983669066,127,53.561400009470894,0
2024-04-21 13:30:45.211246,127,53.79596511553966,127,45.17766230870775,127,50.050198047720606,0
2024-04-21 13:45:45.211246,127,46.73888946300999,127,51.40837332083121,127,51.08263716766418,0
2024-04-21 14:00:45.211246,127,51.94678094248221,127,43.46401396668804,127,48.937956961024945,0
2024-04-21 14:15:45.211246,127,48.238149592631416,127,56.27742549492541,127,45.67203225043722,0
2024-04-21 14:30:45.211246,127,0.0,127,0.0,127,0.0,15
2024-04-21 14:45:45.211246,127,44.7799067963596,127,53.39133713815568,127,45.62809341982368,0
2024-04-21 15:00:45.211246,127,0.0,127,0.0,127,0.0,30
2024-04-21 15:15:45.211246,127,0.0,127,0.0,127,0.0,60
2024-04-21 15:30:45.211246,127,0.0,127,0.0,127,0.0,15
2024-04-21 15:45:45.211246,127,45.18001441348251,127,55.81900695430725,127,44.63089264649245,0
2024-04-21 16:00:45.211246,127,39.769357890201896,127,43.41537332230296,127,49.18807369247123,0
2024-04-21 16:15:45.211246,127,56.4765338850723,127,45.555848116542215,127,43.56176925772884,0
2024-04-21 16:30:45.211246,127,49.81409983268712,127,51.9406996600883,127,42.00888960650392,0
2024-04-21 16:45:45.211246,127,44.85729022267253,127,50.14435650967379,127,45.89267052436186,0
2024-04-21 17:00:45.211246,127,0.0,127,0.0,127,0.0,30
2024-04-21 17:15:45.211246,127,43.64566662580944,127,51.141054565432455,127,45.578236728702095,0
2024-04-21 17:30:45.211246,127,51.01281313564914,127,49.40893156051615,127,56.69730314114264,0
2024-04-21 17:45:45.211246,127,45.661347476719776,127,48.764371991285536,127,55.390123416647484,0
2024-04-21 18:00:45.211246,127,49.108340234236096,127,57.86179077396527,127,53.745277709484306,0
2024-04-21 18:15:45.211246,127,48.25072773946113,127,57.777221101800514,127,39.54327471181854,0
2024-04-21 18:30:45.211246,127,55.15209044584909,127,40.49176416897559,127,50.98509242867762,0
2024-04-21 18:45:45.211246,127,52.65836441527191,127,56.56333947974547,127,46.07070224685086,0
2024-04-21 19:00:45.211246,127,56.54289762835627,127,51.04874268561978,127,57.57242905464161,0
2024-04-21 19:15:45.211246,127,43.41101033588386,127,48.02967390770103,127,52.99361405807316,0
2024-04-21 19:30:45.211246,127,51.609165408274286,127,48.12695407607976,127,47.57466804634151,0
2024-04-21 19:45:45.211246,127,46.63290707937307,127,46.11269347083403,127,50.32600082479808,0
2024-04-21 20:00:45.211246,127,0.0,127,0.0,127,0.0,15
2024-04-21 20:15:45.211246,127,46.781890286695905,127,57.06808170949329,127,61.01112050164519,0
2024-04-21 20:30:45.211246,127,0.0,127,0.0,127,0.0,15
2024-04-21 20:45:45.211246,127,47.936840790716026,127,59.648495379563876,127,48.629837417565405,0
2024-04-21 21:00:45.211246,127,46.812906840964175,127,41.86461931454464,127,51.86757267034571,0
2024-04-21 21:15:45.211246,127,0.0,127,0.0,127,0.0,30
2024-04-21 21:30:45.211246,127,52.692002150256435,127,47.948317095248676,127,47.27334758449042,0
2024-04-21 21:45:45.211246,127,0.0,127,0.0,127,0.0,60
2024-04-21 22:00:45.211246,127,51.5997220082604,127,40.01973632905089,127,52.44682120885762,0
2024-04-21 22:15:45.211246,127,40.790668698079344,127,46.56404260867697,127,52.31264026379823,0
2024-04-21 22:30:45.211246,127,46.51995953356154,127,43.854317291597944,127,39.06652956750622,0
2024-04-21 22:45:45.211246,127,59.19489003693183,127,41.91074960849893,127,44.22146133498004,0
2024-04-21 23:00:45.211246,127,46.51324750221288,127,47.745947131508956,127,53.3332913349018,0
2024-04-21 23:15:45.211246,127,53.48862017328671,127,52.88510849221576,127,46.69700612248954,0
2024-04-21 23:30:45.211246,127,42.82106078315304,127,55.51995923119609,127,47.423958340197004,0
2024-04-21 23:45:45.211246,127,49.220864150502095,127,41.24117951182384,127,47.22779951003905,0
2024-04-22 00:00:45.211246,127,55.50107590548502,127,50.527934901923786,127,48.06040183247444,0
2024-04-22 00:15:45.211246,127,52.23227087269585,127,40.818509547482876,127,56.16635219191939,0
2024-04-22 00:30:45.211246,127,52.97687232400044,127,45.46442436173923,127,47.23941514997798,0
2024-04-22 00:45:45.211246,127,55.80098854251029,127,47.358666152811715,127,50.6248086919843,0
2024-04-22 01:00:45.211246,127,40.084604211468594,127,54.46602783354893,127,51.667529144555346,0
2024-04-22 01:15:45.211246,127,49.229079319256044,127,53.127797235341184,127,45.065642061106075,0
2024-04-22 01:30:45.211246,127,45.844343150537334,127,48.131150785568146,127,45.10351045996045,0
2024-04-22 01:45:45.211246,127,45.15187848095632,127,49.07047499574288,127,56.648836187350625,0
2024-04-22 02:00:45.211246,127,48.83004418257865,127,46.00342312347152,127,49.34408818792986,0
2024-04-22 02:15:45.211246,127,47.979694786591914,127,53.07562631100536,127,48.009410986078834,0
2024-04-22 02:30:45.211246,127,45.30119627770033,127,53.161409857221976,127,45.99102477759095,0
2024-04-22 02:45:45.211246,127,0.0,127,0.0,127,0.0,60
2024-04-22 03:00:45.211246,127,0.0,127,0.0,127,0.0,60
2024-04-22 03:15:45.211246,127,47.9873411713473,127,50.9470493576709,127,44.89669424070853,0
2024-04-22 03:30:45.211246,127,49.658114826431124,127,48.51081137109456,127,40.134780057392476,0
2024-04-22 03:45:45.211246,127,41.5413029597161,127,42.33979872834059,127,56.649187267808564,0
2024-04-22 04:00:45.211246,127,40.7646523926808,127,62.834969026334946,127,55.99565819222062,0
2024-04-22 04:15:45.211246,127,0.0,127,0.0,127,0.0,30
2024-04-22 04:30:45.211246,127,58.089942728663296,127,54.01231963460387,127,49.631008017493755,0
2024-04-22 04:45:45.211246,127,46.91415847162832,127,51.625570977369726,127,56.41437012803441,0
2024-04-22 05:00:45.211246,127,50.203742364587896,127,54.97581495911414,127,50.54825095556641,0
2024-04-22 05:15:45.211246,127,58.14846141730989,127,46.447593515162964,127,50.808604663466404,0
2024-04-22 05:30:45.211246,127,42.6471555886843,127,58.74275659353947,127,52.720193426461115,0
2024-04-22 05:45:45.211246,127,0.0,127,0.0,127,0.0,30
2024-04-22 06:00:45.211246,127,43.2188017077175,127,51.82195272084431,127,44.80028287184798,0
2024-04-22 06:15:45.211246,127,52.3422274483281,127,56.13439466936396,127,49.22368182509923,0
2024-04-22 06:30:45.211246,127,58.847103068287616,127,52.526329747181826,127,44.943561633092486,0
2024-04-22 06:45:45.211246,127,43.24041720848804,127,45.71539421439654,127,49.319540491844165,0
2024-04-22 07:00:45.211246,127,61.92432026342258,127,57.81099533651968,127,52.172409913920895,0
2024-04-22 07:15:45.211246,127,43.33028014587803,127,45.54561238096865,127,44.90485572541178,0
2024-04-22 07:30:45.211246,127,55.97085522862499,127,49.22232100950044,127,51.10223854262906,0
2024-04-22 07:45:45.211246,127,52.74188333638575,127,54.15047534650351,127,51.58821155206881,0
2024-04-22 08:00:45.211246,127,44.4890181545141,127,53.15553023343871,127,47.95540767474967,0
2024-04-22 08:15:45.211246,127,44.85534153284756,127,60.10512672134547,127,50.51479293482934,0
2024-04-22 08:30:45.211246,127,52.7439852751681,127,50.6900504360142,127,43.12887657471331,0
2024-04-22 08:45:45.211246,127,45.17959581076497,127,52.95049468116495,127,46.21251046534409,0
2024-04-22 09:00:45.211246,127,45.791843748146626,127,47.2330799042707,127,54.475460584084495,0
2024-04-22 09:15:45.211246,127,0.0,127,0.0,127,0.0,30
2024-04-22 09:30:45.211246,127,42.83370015809771,127,48.280302042136476,127,59.71227018757577,0
2024-04-22 09:45:45.211246,127,51.48688604517446,127,48.819539378173836,127,53.073819564250165,0
2024-04-22 10:00:45.211246,127,57.51967815997409,127,47.40303247083564,127,58.40426350426266,0
2024-04-22 10:15:45.211246,127,59.19455548085402,127,51.31068363188469,127,42.950252056661085,0
2024-04-22 10:30:45.211246,127,49.41294008049662,127,40.822596539092196,127,50.05285209146555,0
2024-04-22 10:45:45.211246,127,51.184005929243085,127,44.05197070697788,127,40.85658572245853,0
2024-04-22 11:00:45.211246,127,57.824881938653725,127,46.709784407955354,127,45.70547797082044,0
2024-04-22 11:15:45.211246,127,51.19588218380485,127,55.701159728600366,127,53.608809099798684,0
2024-04-22 11:30:45.211246,127,54.954061183286484,127,52.035011242085986,127,45.125341708556526,0
2024-04-22 11:45:45.211246,127,50.84980016375318,127,44.10764727923374,127,49.77935968489934,0
2024-04-22 12:00:45.211246,127,56.932746819413026,127,57.576047049399094,127,41.19470051239196,0
2024-04-22 12:15:45.211246,127,48.44450693664361,127,49.441315422107905,127,58.871072401604984,0
2024-04-22 12:30:45.211246,127,0.0,127,0.0,127,0.0,30
2024-04-22 12:45:45.211246,127,0.0,127,0.0,127,0.0,15
2024-04-22 13:00:45.211246,127,45.16850116315935,127,47.83187850019234,127,41.75154123197572,0
2024-04-22 13:15:45.211246,127,56.54307536091227,127,52.571191553372735,127,41.75776509742976,0
2024-04-22 13:30:45.211246,127,43.348796022679736,127,43.81904563619826,127,54.04013375832359,0
2024-04-22 13:45:45.211246,127,53.66918684117254,127,46.00588964383741,127,56.86849885707428,0
2024-04-22 14:00:45.211246,127,45.53103572342605,127,49.57721183973948,127,46.89226691636806,0
2024-04-22 14:15:45.211246,127,51.937620334655236,127,52.7509499532814,127,58.894984835831934,0
2024-04-22 14:30:45.211246,127,48.443633072517166,127,57.23888377627674,127,50.498075202096274,0
2024-04-22 14:45:45.211246,127,0.0,127,0.0,127,0.0,30
2024-04-22 15:00:45.211246,127,43.324508004696575,127,49.98411054184394,127,53.35368519160178,0
2024-04-22 15:15:45.211246,127,52.17948999211861,127,52.89031539920917,127,59.26211550653516,0
2024-04-22 15:30:45.211246,127,49.568520593295816,127,46.81092738359265,127,44.53671975538457,0
2024-04-22 15:45:45.211246,127,43.29798302614353,127,45.632354703465936,127,57.915444038369216,0
2024-04-22 16:00:45.211246,127,0.0,127,0.0,127,0.0,30
2024-04-22 16:15:45.211246,127,49.81035450344615,127,51.55214122678671,127,53.49052272631508,0
2024-04-22 16:30:45.211246,127,50.39697870766147,127,40.47919881665173,127,57.58537034478609,0
2024-04-22 16:45:45.211246,127,54.63901911787218,127,53.93425962855682,127,46.61115469030703,0
2024-04-22 17:00:45.211246,127,41.07263051698064,127,53.452512525824446,127,50.2734699455871,0
2024-04-22 17:15:45.211246,127,47.88657633954172,127,44.835298913837136,127,54.38330488253175,0
2024-04-22 17:30:45.211246,127,56.040485432630604,127,52.33670537048787,127,50.782541540336,0
2024-04-22 17:45:45.211246,127,50.53234003096963,127,52.01457639465072,127,52.32233514539424,0
2024-04-22 18:00:45.211246,127,52.55542222662503,127,47.671359064737715,127,53.42534178802515,0
2024-04-22 18:15:45.211246,127,52.429665032002745,127,53.723954336578835,127,52.59404383019047,0
2024-04-22 18:30:45.211246,127,45.96578109705781,127,50.20364896687269,127,43.731849559021974,0
2024-04-22 18:45:45.211246,127,53.84407590451236,127,52.85877003289898,127,51.68792453942759,0
2024-04-22 19:00:45.211246,127,50.37840099398899,127,49.674578993744205,127,57.1068917444235,0
2024-04-22 19:15:45.211246,127,52.03636978047299,127,45.68290736662506,127,59.48451206877452,0
2024-04-22 19:30:45.211246,127,53.57002099442351,127,40.34750554104631,127,45.33043445676857,0
2024-04-22 19:45:45.211246,127,62.33590572457739,127,48.867517537934305,127,44.26048437568432,0
2024-04-22 20:00:45.211246,127,47.88869207590097,127,52.214071722487915,127,41.0107068840061,0
2024-04-22 20:15:45.211246,127,51.670904018135225,127,54.82893545392388,127,48.630838286296715,0
2024-04-22 20:30:45.211246,127,50.38846040524276,127,55.410654461227324,127,51.01204769860014,0
2024-04-22 20:45:45.211246,127,51.76486041463646,127,44.28813530020581,127,50.67977465291392,0
2024-04-22 21:00:45.211246,127,45.68758767414447,127,51.638775047468684,127,54.68231100773928,0
2024-04-22 21:15:45.211246,127,48.67992952228902,127,50.20064032797366,127,52.51472219650829,0
2024-04-22 21:30:45.211246,127,50.3397555173088,127,48.55737927623748,127,52.230084713859995,0
2024-04-22 21:45:45.211246,127,0.0,127,0.0,127,0.0,15
2024-04-22 22:00:45.211246,127,58.000957053239006,127,46.41464310831356,127,51.00033244836062,0
2024-04-22 22:15:45.211246,127,63.25347851337979,127,44.33914048064329,127,48.154131615827275,0
2024-04-22 22:30:45.211246,127,51.2003293304875,127,49.52070913387305,127,48.94607243418088,0
2024-04-22 22:45:45.211246,127,58.39434072677039,127,51.064823980630585,127,52.04276360669559,0
2024-04-22 23:00:45.211246,127,44.862225451607,127,54.066657834589165,127,51.94975233939149,0
2024-04-22 23:15:45.211246,127,47.26480255865924,127,49.40740351702791,127,48.682792919024216,0
2024-04-22 23:30:45.211246,127,49.56540906279309,127,49.72207936256786,127,49.58097268603006,0
2024-04-22 23:45:45.211246,127,58.46405758693237,127,55.26656888030716,127,48.441110693300985,0
2024-04-23 00:00:45.211246,127,50.305559413557006,127,54.42378659348633,127,47.47171973136973,0
2024-04-23 00:15:45.211246,127,49.64347022973231,127,51.85061702411592,127,59.89281733570898,0
2024-04-23 00:30:45.211246,127,49.789190994818455,127,53.28634954337742,127,47.70921049481341,0
2024-04-23 00:45:45.211246,127,37.76141139604718,127,55.93062147167904,127,47.50510711366677,0
2024-04-23 01:00:45.211246,127,0.0,127,0.0,127,0.0,60
2024-04-23 01:15:45.211246,127,51.609135618932264,127,46.88645172321309,127,48.0396411861602,0
2024-04-23 01:30:45.211246,127,0.0,127,0.0,127,0.0,60
2024-04-23 01:45:45.211246,127,45.594325560859176,127,46.53087258363574,127,45.328546792268114,0
2024-04-23 02:00:45.211246,127,49.1621207310665,127,48.037193398220346,127,51.17910941413366,0
2024-04-23 02:15:45.211246,127,45.011864968322016,127,59.76422552899914,127,43.61635119259176,0
2024-04-23 02:30:45.211246,127,60.02075840934649,127,50.333338148314425,127,52.92638381900037,0
2024-04-23 02:45:45.211246,127,51.06062778101232,127,57.161367413693995,127,47.87899337132897,0
2024-04-23 03:00:45.211246,127,49.30729346003932,127,51.05957683939888,127,41.249512038097976,0
2024-04-23 03:15:45.211246,127,57.06722588200907,127,54.42403973266545,127,54.432772438120026,0
2024-04-23 03:30:45.211246,127,44.13174189464269,127,45.82953418103985,127,50.928605745790826,0
2024-04-23 03:45:45.211246,127,47.57241339020764,127,52.493223737193254,127,58.19778426473109,0
2024-04-23 04:00:45.211246,127,54.81104696149835,127,61.282373903882906,127,37.8393520347646,0
2024-04-23 04:15:45.211246,127,48.11430430059441,127,58.065647190438995,127,42.61739138127626,0
2024-04-23 04:30:45.211246,127,0.0,127,0.0,127,0.0,15
2024-04-23 04:45:45.211246,127,41.74282493275751,127,50.0978805622117,127,55.65214159090667,0
2024-04-23 05:00:45.211246,127,51.09675385826648,127,50.23743469491614,127,44.98078801872598,0
2024-04-23 05:15:45.211246,127,53.36683825682535,127,55.25344675026997,127,56.09875843198718,0
2024-04-23 05:30:45.211246,127,54.4431473389344,127,56.7094809992402,127,49.67789908437136,0
2024-04-23 05:45:45.211246,127,54.02348023040583,127,45.26890430719436,127,51.8222314984734,0
2024-04-23 06:00:45.211246,127,46.617568671657544,127,51.93681055476336,127,46.07255541514763,0
2024-04-23 06:15:45.211246,127,0.0,127,0.0,127,0.0,15
2024-04-23 06:30:45.211246,127,47.1471199747846,127,43.836499009824244,127,36.09213719298798,0
2024-04-23 06:45:45.211246,127,42.0574434125692,127,50.987943900551,127,50.955057186119,0
2024-04-23 07:00:45.211246,127,51.56306867727476,127,49.54808650940524,127,51.06871851678175,0
2024-04-23 07:15:45.211246,127,53.91559147292705,127,56.51413998505014,127,50.58289274701102,0
2024-04-23 07:30:45.211246,127,57.728416670247476,127,52.879304519939566,127,40.31231700765332,0
2024-04-23 07:45:45.211246,127,52.854300784496914,127,38.001726040277546,127,53.43758601432013,0
2024-04-23 08:00:45.211246,127,60.79555577989534,127,53.49309464924403,127,47.12948669451138,0
2024-04-23 08:15:45.211246,127,46.68618557531879,127,53.659912001858714,127,50.782612562715705,0
2024-04-23 08:30:45.211246,127,49.53038949810789,127,48.34642068129986,127,57.472041337012556,0
2024-04-23 08:45:45.211246,127,0.0,127,0.0,127,0.0,30
2024-04-23 09:00:45.211246,127,49.146551200368606,127,49.934458255311114,127,44.16888740223513,0
2024-04-23 09:15:45.211246,127,53.856061162885055,127,45.53561611989639,127,52.600131755681645,0
2024-04-23 09:30:45.211246,127,48.99267008815252,127,51.00185779329508,127,45.58377807695063,0
2024-04-23 09:45:45.211246,127,42.99656715780233,127,50.96730574573614,127,47.2567647923814,0
2024-04-23 10:00:45.211246,127,56.33766469908291,127,58.50770638887068,127,52.41902818437307,0
2024-04-23 10:15:45.211246,127,43.62301780081346,127,41.72871388192418,127,53.29206942921958,0
2024-04-23 10:30:45.211246,127,53.32120743566607,127,54.99038100496428,127,51.6446836991673,0
2024-04-23 10:45:45.211246,127,51.413302195538776,127,46.75350768486815,127,43.18897646491242,0
2024-04-23 11:00:45.211246,127,0.0,127,0.0,127,0.0,15
2024-04-23 11:15:45.211246,127,59.54508080679692,127,50.14566632384342,127,51.82115064932978,0
2024-04-23 11:30:45.211246,127,56.93597111756024,127,51.32138660827841,127,57.8031190725361,0
2024-04-23 11:45:45.211246,127,58.297287346642314,127,53.469179423852296,127,42.15198889418103,0
2024-04-23 12:00:45.211246,127,37.01818096403056,127,45.56971350527252,127,45.2861702178872,0
2024-04-23 12:15:45.211246,127,57.533693596431675,127,44.98288808976044,127,55.26415085427411,0
2024-04-23 12:30:45.211246,127,50.00408752759712,127,48.72162175472462,127,42.605716010278755,0
2024-04-23 12:45:45.211246,127,0.0,127,0.0,127,0.0,15
2024-04-23 13:00:45.211246,127,46.442120600806504,127,48.054834163443935,127,50.78741335224345,0
2024-04-23 13:15:45.211246,127,48.19939306443329,127,50.46479096605636,127,46.520226263840506,0
2024-04-23 13:30:45.211246,127,0.0,127,0.0,127,0.0,15
2024-04-23 13:45:45.211246,127,49.26741618699148,127,50.34637764183397,127,44.401979224202044,0
2024-04-23 14:00:45.211246,127,45.262224234048055,127,47.00426444734515,127,38.9139961329644,0
2024-04-23 14:15:45.211246,127,0.0,127,0.0,127,0.0,30
2024-04-23 14:30:45.211246,127,50.38960079326127,127,54.76670516782153,127,42.17499157581079,0
2024-04-23 14:45:45.211246,127,52.41961583102116,127,48.77341335743839,127,51.287118803201345,0
2024-04-23 15:00:45.211246,127,0.0,127,0.0,127,0.0,15
2024-04-23 15:15:45.211246,127,43.39894848565483,127,46.57596639688711,127,50.87417153494589,0
2024-04-23 15:30:45.211246,127,45.44765678591844,127,50.09098414261591,127,51.02411476199364,0
2024-04-23 15:45:45.211246,127,58.087525531892965,127,49.25532315713438,127,47.190762876757525,0
2024-04-23 16:00:45.211246,127,45.18929574896987,127,55.748404073550766,127,50.15655883942489,0
2024-04-23 16:15:45.211246,127,54.14298917428609,127,53.63021805200171,127,50.25354826012862,0
2024-04-23 16:30:45.211246,127,47.4031337910437,127,44.60746496394216,127,44.00302782613118,0
2024-04-23 16:45:45.211246,127,44.38413431666504,127,49.917199557571244,127,55.69510787257395,0
2024-04-23 17:00:45.211246,127,0.0,127,0.0,127,0.0,30
2024-04-23 17:15:45.211246,127,45.772919174975414,127,51.86444539286211,127,46.311352523757456,0
2024-04-23 17:30:45.211246,127,42.95305491006507,127,50.84988899412078,127,55.1655155233838,0
2024-04-23 17:45:45.211246,127,49.4526534375952,127,40.217447952862656,127,47.29648091257674,0
2024-04-23 18:00:45.211246,127,56.19750073403374,127,48.96026174556787,127,43.70667306981579,0
2024-04-23 18:15:45.211246,127,55.9069343151359,127,45.55608079433037,127,50.511557461278194,0
2024-04-23 18:30:45.211246,127,46.639918165761166,127,52.693321444116236,127,49.3003816738245,0
2024-04-23 18:45:45.211246,127,54.67818274218784,127,40.58848307734738,127,49.80079124473345,0
2024-04-23 19:00:45.211246,127,49.47938937008145,127,47.37751826559323,127,55.89346176392452,0
2024-04-23 19:15:45.211246,127,44.37055889016025,127,39.458343126090924,127,50.46030283438117,0
2024-04-23 19:30:45.211246,127,48.0918058231972,127,49.09026272348395,127,45.804015946767976,0
2024-04-23 19:45:45.211246,127,50.688198168359655,127,56.8148637948034,127,50.693898061407396,0
2024-04-23 20:00:45.211246,127,52.38823030344712,127,47.847239623720974,127,49.25048718163062,0
2024-04-23 20:15:45.211246,127,42.56777318819192,127,54.19327522900695,127,50.5448535481236,0
2024-04-23 20:30:45.211246,127,55.12399419365608,127,52.14543640741404,127,49.5030476128372,0
2024-04-23 20:45:45.211246,127,54.475804450166436,127,46.51924670112744,127,50.95852607452848,0
2024-04-23 21:00:45.211246,127,45.070726156533325,127,52.508625830463586,127,44.48411752089305,0
2024-04-23 21:15:45.211246,127,42.59654858900525,127,50.99396110343649,127,50.01200100936202,0
2024-04-23 21:30:45.211246,127,49.79332188822229,127,49.67612051488822,127,40.38545926471541,0
2024-04-23 21:45:45.211246,127,45.30485495472762,127,51.14859757092671,127,48.14343897225108,0
2024-04-23 22:00:45.211246,127,58.03774634787166,127,62.64481068359519,127,45.61894162054352,0
2024-04-23 22:15:45.211246,127,0.0,127,0.0,127,0.0,60
2024-04-23 22:30:45.211246,127,47.589932009294984,127,55.84325045675142,127,43.78426433501382,0
2024-04-23 22:45:45.211246,127,49.76974261149516,127,48.29103554062058,127,56.81155550668269,0
2024-04-23 23:00:45.211246,127,54.769415041649694,127,44.37833060274378,127,53.58490831781145,0
2024-04-23 23:15:45.211246,127,44.42302393610377,127,47.154858722705846,127,53.93485297072857,0
2024-04-23 23:30:45.211246,127,0.0,127,0.0,127,0.0,30
2024-04-23 23:45:45.211246,127,48.81932140429225,127,42.72569585484254,127,51.76697430565589,0
2024-04-24 00:00:45.211246,127,40.54287305889658,127,53.338119962795,127,48.76213814230432,0
2024-04-24 00:15:45.211246,127,46.51602541458951,127,40.27559583656746,127,45.844239228353615,0
2024-04-24 00:30:45.211246,127,39.64295430121906,127,53.613585606105524,127,49.34569029096837,0
2024-04-24 00:45:45.211246,127,52.6093411819755,127,52.44822258939051,127,45.11275607150939,0
2024-04-24 01:00:45.211246,127,50.20252805198983,127,50.043890136636186,127,50.66946307125278,0
2024-04-24 01:15:45.211246,127,0.0,127,0.0,127,0.0,15
2024-04-24 01:30:45.211246,127,47.55783924769762,127,52.79514435507202,127,51.14399381131084,0
2024-04-24 01:45:45.211246,127,0.0,127,0.0,127,0.0,30
2024-04-24 02:00:45.211246,127,47.10701230899828,127,40.75594079376801,127,50.268361836902336,0
2024-04-24 02:15:45.211246,127,41.77151371539017,127,53.61766688357953,127,50.513688248868846,0
2024-04-24 02:30:45.211246,127,59.65413566167889,127,52.33935803579676,127,48.91026556950362,0
2024-04-24 02:45:45.211246,127,59.838847306394925,127,49.58736911641647,127,42.120427076881796,0
2024-04-24 03:00:45.211246,127,52.61597654516973,127,50.17419134430149,127,49.06131893000537,0
2024-04-24 03:15:45.211246,127,59.354774556202216,127,58.007405738606316,127,50.99987448879792,0
2024-04-24 03:30:45.211246,127,0.0,127,0.0,127,0.0,60
2024-04-24 03:45:45.211246,127,41.66146506653811,127,43.72210714481337,127,49.09278477354198,0
2024-04-24 04:00:45.211246,127,45.95677388497555,127,49.76697465821338,127,49.510749290236724,0
2024-04-24 04:15:45.211246,127,43.472135564990914,127,48.98542335767925,127,55.231296108175684,0
2024-04-24 04:30:45.211246,127,56.517247467580056,127,51.071333999854595,127,45.679861734790904,0
2024-04-24 04:45:45.211246,127,54.62947063373599,127,43.444704252384135,127,40.41022780839277,0
2024-04-24 05:00:45.211246,127,54.96411245310102,127,60.34850609442923,127,47.36006218572083,0
2024-04-24 05:15:45.211246,127,45.93651854172926,127,56.74938823586821,127,50.28149549352545,0
2024-04-24 05:30:45.211246,127,43.574910125215155,127,45.720920297841346,127,47.284260533152924,0
2024-04-24 05:45:45.211246,127,61.95158467808892,127,54.841903030114764,127,44.54306341984309,0
2024-04-24 06:00:45.211246,127,51.7282937963812,127,48.384647872594705,127,51.53691685167076,0
2024-04-24 06:15:45.211246,127,57.942090087086136,127,48.38675413453744,127,44.21375767384002,0
2024-04-24 06:30:45.211246,127,0.0,127,0.0,127,0.0,30
2024-04-24 06:45:45.211246,127,0.0,127,0.0,127,0.0,15
2024-04-24 07:00:45.211246,127,52.70831179058723,127,49.94627286930444,127,48.101738657416114,0
2024-04-24 07:15:45.211246,127,49.56147013992426,127,46.866759788459674,127,50.777002755647175,0
2024-04-24 07:30:45.211246,127,51.901400261867785,127,51.07554194062049,127,57.690648858639875,0
2024-04-24 07:45:45.211246,127,51.16934383278747,127,48.47609875912163,127,43.41057118452544,0
2024-04-24 08:00:45.211246,127,51.90238272315094,127,46.3754017990384,127,45.13766138790574,0
2024-04-24 08:15:45.211246,127,49.220834213984055,127,54.30684719339471,127,52.09452431583287,0
2024-04-24 08:30:45.211246,127,47.83890352728993,127,49.91514027451756,127,48.04611972197457,0
2024-04-24 08:45:45.211246,127,50.40125538427175,127,49.180417306078255,127,61.28545554520876,0
2024-04-24 09:00:45.211246,127,48.89225864096057,127,53.737947581989296,127,50.60481051751493,0
2024-04-24 09:15:45.211246,127,43.206083580522204,127,46.46008179924568,127,48.39201008559778,0
2024-04-24 09:30:45.211246,127,53.96291499513989,127,47.23647265430264,127,56.86208103448223,0
2024-04-24 09:45:45.211246,127,42.55937994023505,127,47.54104223596811,127,52.11586978521214,0
2024-04-24 10:00:45.211246,127,44.784714780853264,127,48.52399298407836,127,44.21648281175655,0
2024-04-24 10:15:45.211246,127,49.836139162281526,127,48.42061309814726,127,53.00386775368429,0
2024-04-24 10:30:45.211246,127,51.67864711039343,127,49.18045123737129,127,54.38828115635513,0
2024-04-24 10:45:45.211246,127,0.0,127,0.0,127,0.0,30
2024-04-24 11:00:45.211246,127,0.0,127,0.0,127,0.0,15
2024-04-24 11:15:45.211246,127,46.75818319479269,127,56.81978602233046,127,49.35625999983227,0
2024-04-24 11:30:45.211246,127,41.52765425503795,127,60.256623654736394,127,52.90051381597396,0
2024-04-24 11:45:45.211246,127,0.0,127,0.0,127,0.0,30
2024-04-24 12:00:45.211246,127,53.51136903565089,127,57.69709423263029,127,46.196161522802136,0
2024-04-24 12:15:45.211246,127,58.1525992943719,127,46.62536315354196,127,52.12306936300686,0
2024-04-24 12:30:45.211246,127,51.945183979081555,127,52.86699870619823,127,49.13724061512534,0
2024-04-24 12:45:45.211246,127,0.0,127,0.0,127,0.0,30
2024-04-24 13:00:45.211246,127,53.63319766446256,127,55.173913915311054,127,42.25267633243329,0
2024-04-24 13:15:45.211246,127,0.0,127,0.0,127,0.0,30
2024-04-24 13:30:45.211246,127,49.3958118278069,127,52.54032468470276,127,48.01855907936728,0
2024-04-24 13:45:45.211246,127,0.0,127,0.0,127,0.0,30
2024-04-24 14:00:45.211246,127,39.59821798858843,127,47.48196273912369,127,56.92378484806147,0
2024-04-24 14:15:45.211246,127,0.0,127,0.0,127,0.0,60
2024-04-24 14:30:45.211246,127,49.72331868175485,127,57.258554442701936,127,47.33741428133357,0
2024-04-24 14:45:45.211246,127,48.38588995318697,127,57.30859276018101,127,59.24984010471976,0
2024-04-24 15:00:45.211246,127,49.36484988409639,127,43.05496479184933,127,48.70291254767065,0
2024-04-24 15:15:45.211246,127,55.70247813186485,127,48.20301706003647,127,51.15913117557649,0
2024-04-24 15:30:45.211246,127,45.8639269095904,127,51.48483777595172,127,50.58572982068321,0
2024-04-24 15:45:45.211246,127,49.53083324966146,127,57.46540263325251,127,45.341051696136766,0
2024-04-24 16:00:45.211246,127,50.6320049266078,127,43.54341212255915,127,52.85939949059147,0
2024-04-24 16:15:45.211246,127,55.30983202443682,127,45.96667717974683,127,44.44596521086741,0
2024-04-24 16:30:45.211246,127,0.0,127,0.0,127,0.0,30
2024-04-24 16:45:45.211246,127,50.35637181318923,127,43.5863506038987,127,42.886465858127245,0
2024-04-24 17:00:45.211246,127,44.86499570991543,127,45.53842684511321,127,53.05057298619141,0
2024-04-24 17:15:45.211246,127,45.79331115460971,127,45.48362071103509,127,53.48940171334237,0
2024-04-24 17:30:45.211246,127,0.0,127,0.0,127,0.0,60
2024-04-24 17:45:45.211246,127,43.31758994004252,127,53.91537074942393,127,48.527188455873386,0
2024-04-24 18:00:45.211246,127,0.0,127,0.0,127,0.0,15
2024-04-24 18:15:45.211246,127,43.97919971471719,127,44.1272496212015,127,47.38462149461086,0
2024-04-24 18:30:45.211246,127,52.27738419457044,127,50.12787477476548,127,46.02201588932273,0
2024-04-24 18:45:45.211246,127,49.22808350826031,127,50.25613606634877,127,53.445141011829335,0
2024-04-24 19:00:45.211246,127,47.49047926431803,127,47.73802327471688,127,45.084848883161136,0
2024-04-24 19:15:45.211246,127,54.44666536491069,127,54.497251877207795,127,47.49356771744133,0
2024-04-24 19:30:45.211246,127,42.0932823728816,127,51.949481742756944,127,51.10344971236809,0
2024-04-24 19:45:45.211246,127,53.77915056647844,127,48.24693346071834,127,53.16811415871965,0
2024-04-24 20:00:45.211246,127,47.762555773592204,127,43.79369343401514,127,48.56424903895296,0
2024-04-24 20:15:45.211246,127,52.09404355791412,127,52.535330599470406,127,45.87698040078716,0
2024-04-24 20:30:45.211246,127,56.94357663423763,127,49.01458185316296,127,44.459037802317496,0
2024-04-24 20:45:45.211246,127,40.73195631325883,127,44.00871291166445,127,43.87727023123229,0
2024-04-24 21:00:45.211246,127,50.23599944811815,127,51.901406033013416,127,49.3095892102563,0
2024-04-24 21:15:45.211246,127,43.957372273942156,127,55.15203845401837,127,53.03115577146475,0
2024-04-24 21:30:45.211246,127,57.42164571791034,127,41.83007548004781,127,54.91115162031763,0
2024-04-24 21:45:45.211246,127,0.0,127,0.0,127,0.0,60
2024-04-24 22:00:45.211246,127,45.74555482102761,127,50.37385785607348,127,45.85698806715769,0
2024-04-24 22:15:45.211246,127,51.53479475695578,127,48.10756191468023,127,61.244184487770525,0
2024-04-24 22:30:45.211246,127,46.49808051673575,127,52.17740423770859,127,41.57244043140676,0
2024-04-24 22:45:45.211246,127,55.78366433907296,127,50.77023132956182,127,56.105660390850424,0
2024-04-24 23:00:45.211246,127,55.972664118811075,127,44.34311091617167,127,58.561574829895804,0
2024-04-24 23:15:45.211246,127,45.92062214778472,127,53.982809554751015,127,54.81854315973908,0
2024-04-24 23:30:45.211246,127,0.0,127,0.0,127,0.0,30
2024-04-24 23:45:45.211246,127,52.16378327558032,127,49.20620483468668,127,50.23940740564103,0
2024-04-25 00:00:45.211246,127,49.14529975336426,127,50.15420401632382,127,45.76993306232687,0
2024-04-25 00:15:45.211246,127,42.8788159482296,127,48.89122949716062,127,51.40623560761342,0
2024-04-25 00:30:45.211246,127,56.549684869534666,127,49.15384984272919,127,51.223860992974586,0
2024-04-25 00:45:45.211246,127,52.40586135888629,127,48.673270121482425,127,54.45116130765905,0
2024-04-25 01:00:45.211246,127,43.626838219278746,127,45.36157070140985,127,47.48251409445041,0
2024-04-25 01:15:45.211246,127,43.09604856822679,127,47.76460292183858,127,47.95089821339805,0
2024-04-25 01:30:45.211246,127,55.650528453636184,127,50.92275397221634,127,55.14789856125738,0
2024-04-25 01:45:45.211246,127,55.18948953231848,127,51.16628116708477,127,54.699496521995464,0
2024-04-25 02:00:45.211246,127,51.69269356450233,127,58.16735799313845,127,64.8156517583769,0
2024-04-25 02:15:45.211246,127,44.646994708710956,127,48.35905112781333,127,49.677892435398334,0
2024-04-25 02:30:45.211246,127,53.48817920195249,127,49.656444962902164,127,50.42428828622994,0
2024-04-25 02:45:45.211246,127,0.0,127,0.0,127,0.0,15
2024-04-25 03:00:45.211246,127,43.12735100264054,127,55.411790559017454,127,42.30519911054562,0
2024-04-25 03:15:45.211246,127,47.70066391193277,127,44.173037007828356,127,44.456795243746114,0
2024-04-25 03:30:45.211246,127,46.00486347321255,127,48.87176308943311,127,46.75007201769985,0
2024-04-25 03:45:45.211246,127,50.550885305469244,127,57.95683026564114,127,50.524612362306854,0
2024-04-25 04:00:45.211246,127,56.741738700685204,127,60.25847533591156,127,47.955523298232954,0
2024-04-25 04:15:45.211246,127,47.15647528091989,127,50.38830750560467,127,50.96361307778204,0
2024-04-25 04:30:45.211246,127,0.0,127,0.0,127,0.0,30
2024-04-25 04:45:45.211246,127,48.74938681889216,127,43.59202339392954,127,51.219782442281705,0
2024-04-25 05:00:45.211246,127,50.14255747633325,127,58.54001645312188,127,46.83627082325795,0
2024-04-25 05:15:45.211246,127,52.82566626422141,127,54.30069157047725,127,48.43238834821243,0
2024-04-25 05:30:45.211246,127,50.601359463375005,127,59.848293806486794,127,57.540363475847755,0
2024-04-25 05:45:45.211246,127,52.59334400181109,127,49.206285273952204,127,51.38309955128226,0
2024-04-25 06:00:45.211246,127,50.323980813241484,127,48.243280352039825,127,44.564050229779355,0
2024-04-25 06:15:45.211246,127,54.15734659663906,127,46.18438896313138,127,46.45178027109644,0
2024-04-25 06:30:45.211246,127,54.09797511315392,127,53.77605900538319,127,49.72237070394325,0
2024-04-25 06:45:45.211246,127,45.11394721210638,127,47.48801992015882,127,51.72395145972236,0
2024-04-25 07:00:45.211246,127,52.46215207778138,127,49.56350916531838,127,45.70785995342713,0
2024-04-25 07:15:45.211246,127,0.0,127,0.0,127,0.0,30
2024-04-25 07:30:45.211246,127,45.75089634280622,127,44.32012293809507,127,45.49835007839015,0
2024-04-25 07:45:45.211246,127,43.08476657733376,127,52.181930555517326,127,49.30187829355292,0
2024-04-25 08:00:45.211246,127,54.84624257799356,127,47.95492017133303,127,43.658543250697434,0
2024-04-25 08:15:45.211246,127,44.496999220566394,127,44.877038866850995,127,53.68959731437485,0
2024-04-25 08:30:45.211246,127,51.3264948202294,127,47.23854514985169,127,49.80575395029609,0
2024-04-25 08:45:45.211246,127,45.554263125821755,127,48.313353499102135,127,50.36686897979861,0
2024-04-25 09:00:45.211246,127,56.44095080476977,127,49.91200169644742,127,39.76246186729866,0
2024-04-25 09:15:45.211246,127,0.0,127,0.0,127,0.0,60
2024-04-25 09:30:45.211246,127,41.76394749377462,127,47.13717318129926,127,49.67816353745196,0
2024-04-25 09:45:45.211246,127,43.20639015999201,127,58.25391546153969,127,52.552639386734654,0
2024-04-25 10:00:45.211246,127,49.038304309307726,127,48.39204040486763,127,45.923738565935864,0
2024-04-25 10:15:45.211246,127,0.0,127,0.0,127,0.0,15
2024-04-25 10:30:45.211246,127,51.11424891845997,127,48.38472671198078,127,51.658513801796644,0
2024-04-25 10:45:45.211246,127,43.179744948069235,127,51.097921563130555,127,45.719149962293756,0
2024-04-25 11:00:45.211246,127,48.91684969001817,127,44.014370702137285,127,55.928927695456096,0
2024-04-25 11:15:45.211246,127,49.297230982415854,127,46.473869476251224,127,58.8689740804093,0
2024-04-25 11:30:45.211246,127,45.89719722617626,127,48.557956427146934,127,49.49332658753391,0
2024-04-25 11:45:45.211246,127,52.367045603005565,127,47.00617450742862,127,47.66235651838697,0
2024-04-25 12:00:45.211246,127,46.92173097595516,127,37.48275118090398,127,50.575193165806574,0
2024-04-25 12:15:45.211246,127,48.52485968752286,127,61.2447325071021,127,54.33341366888009,0
2024-04-25 12:30:45.211246,127,0.0,127,0.0,127,0.0,15
2024-04-25 12:45:45.211246,127,0.0,127,0.0,127,0.0,15
2024-04-25 13:00:45.211246,127,57.23047162276174,127,44.621465957174046,127,48.80852532253818,0
2024-04-25 13:15:45.211246,127,49.071020489771605,127,54.2120013885479,127,48.10393073545689,0
2024-04-25 13:30:45.211246,127,45.71381808368396,127,46.17839789308187,127,49.569569966636976,0
2024-04-25 13:45:45.211246,127,52.562282278420184,127,49.219745215397914,127,47.90720815143458,0
2024-04-25 14:00:45.211246,127,0.0,127,0.0,127,0.0,60
2024-04-25 14:15:45.211246,127,43.72220819397776,127,48.39069944515393,127,51.500062638320934,0
2024-04-25 14:30:45.211246,127,49.222620610562274,127,58.923208753639884,127,56.80847543436284,0
2024-04-25 14:45:45.211246,127,0.0,127,0.0,127,0.0,15
2024-04-25 15:00:45.211246,127,53.19366070658796,127,47.04906844819586,127,50.117522671605904,0
2024-04-25 15:15:45.211246,127,0.0,127,0.0,127,0.0,60
2024-04-25 15:30:45.211246,127,51.26116336114018,127,44.35654570385244,127,54.582267491843346,0
2024-04-25 15:45:45.211246,127,52.58209649469738,127,57.98188773251781,127,52.94461671718247,0
2024-04-25 16:00:45.211246,127,45.63501625269608,127,59.248810960225015,127,45.921170836882794,0
2024-04-25 16:15:45.211246,127,0.0,127,0.0,127,0.0,30
2024-04-25 16:30:45.211246,127,57.943903541325966,127,55.19894784956604,127,48.36942735925993,0
2024-04-25 16:45:45.211246,127,0.0,127,0.0,127,0.0,30
2024-04-25 17:00:45.211246,127,45.84211145112262,127,54.9846944442449,127,41.74775740032652,0
2024-04-25 17:15:45.211246,127,50.89627845079491,127,46.076458547981694,127,51.68911695665301,0
2024-04-25 17:30:45.211246,127,36.48337187218427,127,43.30658960034827,127,56.42395617250958,0
2024-04-25 17:45:45.211246,127,43.03563790498929,127,55.10072160717158,127,43.5013470366842,0
2024-04-25 18:00:45.211246,127,0.0,127,0.0,127,0.0,60
2024-04-25 18:15:45.211246,127,0.0,127,0.0,127,0.0,30
2024-04-25 18:30:45.211246,127,0.0,127,0.0,127,0.0,15
2024-04-25 18:45:45.211246,127,46.8080847010715,127,59.650169312907565,127,57.45195456009433,0
2024-04-25 19:00:45.211246,127,54.715854863367795,127,47.381359751376365,127,52.19282047571939,0
2024-04-25 19:15:45.211246,127,53.4215279413569,127,61.16621274218863,127,44.08489054442952,0
2024-04-25 19:30:45.211246,127,43.93818785329097,127,45.32529972427441,127,44.65271177019793,0
2024-04-25 19:45:45.211246,127,44.676092258714604,127,48.76635174151317,127,53.16931081736907,0
2024-04-25 20:00:45.211246,127,48.09240885274688,127,47.581554686745086,127,47.96883479235489,0
2024-04-25 20:15:45.211246,127,53.08715618610177,127,49.60237423162217,127,57.016713018660575,0
2024-04-25 20:30:45.211246,127,40.96560138023076,127,51.31391608133159,127,49.30162030235353,0
2024-04-25 20:45:45.211246,127,51.496450902130036,127,51.492053402295426,127,55.22136194913561,0
2024-04-25 21:00:45.211246,127,47.92611712139355,127,47.145394836898575,127,52.93189722531117,0
2024-04-25 21:15:45.211246,127,49.741469232906354,127,56.869745378936514,127,46.82037815530988,0
2024-04-25 21:30:45.211246,127,47.62984281070706,127,52.159253286572195,127,52.109260295818814,0
2024-04-25 21:45:45.211246,127,0.0,127,0.0,127,0.0,15
2024-04-25 22:00:45.211246,127,61.35012011525805,127,47.8470524949413,127,42.661934106885965,0
2024-04-25 22:15:45.211246,127,0.0,127,0.0,127,0.0,15
2024-04-25 22:30:45.211246,127,47.79946288329049,127,54.168991144911836,127,48.523024309309285,0
2024-04-25 22:45:45.211246,127,47.80059762951464,127,57.895076711194505,127,40.81769310781282,0
2024-04-25 23:00:45.211246,127,47.180112864617,127,51.574094797308156,127,52.578371350610084,0
2024-04-25 23:15:45.211246,127,50.14246856265501,127,50.55882015001771,127,51.352249555327774,0
2024-04-25 23:30:45.211246,127,42.06161864594192,127,59.66644625134167,127,44.85872286844057,0
2024-04-25 23:45:45.211246,127,52.58165974783237,127,48.0777472430956,127,43.64199561494313,0
2024-04-26 00:00:45.211246,127,48.87851902640813,127,50.36298670112615,127,51.11487492030823,0
2024-04-26 00:15:45.211246,127,52.43497416827478,127,54.15959218395958,127,42.0112562134556,0
2024-04-26 00:30:45.211246,127,55.062039885635116,127,48.47171486818039,127,52.2088433416403,0
2024-04-26 00:45:45.211246,127,51.93009315428113,127,51.72454838244274,127,42.113606199485226,0
2024-04-26 01:00:45.211246,127,41.368282053750605,127,48.426062392789284,127,45.66664293695552,0
2024-04-26 01:15:45.211246,127,50.04738238175269,127,51.31196097786858,127,53.31667834865031,0
2024-04-26 01:30:45.211246,127,56.87762844414597,127,58.81274323627335,127,49.65779546317877,0
2024-04-26 01:45:45.211246,127,63.12037867475151,127,57.11350861194184,127,39.43349687764066,0
2024-04-26 02:00:45.211246,127,54.843262740281666,127,49.23518192142346,127,54.62716259815511,0
2024-04-26 02:15:45.211246,127,0.0,127,0.0,127,0.0,15
2024-04-26 02:30:45.211246,127,0.0,127,0.0,127,0.0,15
2024-04-26 02:45:45.211246,127,46.84882454117896,127,52.2923297123394,127,45.92050256356929,0
2024-04-26 03:00:45.211246,127,44.87878094863249,127,46.78812288011791,127,47.67203695545383,0
2024-04-26 03:15:45.211246,127,43.24111634571553,127,59.71058721272262,127,41.146263496844114,0
2024-04-26 03:30:45.211246,127,43.131451516265656,127,46.387005529570125,127,48.32684062294709,0
2024-04-26 03:45:45.211246,127,0.0,127,0.0,127,0.0,15
2024-04-26 04:00:45.211246,127,46.484363052786684,127,46.976142499731836,127,57.2640275802896,0
2024-04-26 04:15:45.211246,127,0.0,127,0.0,127,0.0,30
2024-04-26 04:30:45.211246,127,49.9895326616937,127,50.92184528882877,127,57.20523073783373,0
2024-04-26 04:45:45.211246,127,56.24667316952939,127,44.19967358173078,127,42.68610098944973,0
2024-04-26 05:00:45.211246,127,46.58265164095286,127,41.934528932571126,127,57.86156026199172,0
2024-04-26 05:15:45.211246,127,46.77217004452394,127,53.20664410908582,127,56.266631991099345,0
2024-04-26 05:30:45.211246,127,0.0,127,0.0,127,0.0,15
2024-04-26 05:45:45.211246,127,49.00116977585784,127,45.90138679282486,127,51.908460668901355,0
2024-04-26 06:00:45.211246,127,54.26863004778066,127,45.47464393423957,127,45.966742060083746,0
2024-04-26 06:15:45.211246,127,56.89587791612493,127,43.30218743830471,127,60.19743028692328,0
2024-04-26 06:30:45.211246,127,48.04145277378427,127,59.56830215469996,127,58.6099604634627,0
2024-04-26 06:45:45.211246,127,44.080836531296555,127,60.530185751365465,127,55.71026073135796,0
2024-04-26 07:00:45.211246,127,0.0,127,0.0,127,0.0,30
2024-04-26 07:15:45.211246,127,48.208503578525125,127,48.171268871029376,127,52.729652646978174,0
2024-04-26 07:30:45.211246,127,49.88010146590296,127,48.782950923700014,127,46.61029945554503,0
2024-04-26 07:45:45.211246,127,50.220135132255585,127,46.216037305582184,127,57.95393974991551,0
2024-04-26 08:00:45.211246,127,47.52814867860693,127,55.81187919696658,127,64.20950077160673,0
2024-04-26 08:15:45.211246,127,49.44988781014009,127,43.120823323724316,127,46.92829814197599,0
2024-04-26 08:30:45.211246,127,57.519452939884644,127,52.81866138936456,127,50.05832475093329,0
2024-04-26 08:45:45.211246,127,48.69912790510524,127,53.264454920353444,127,54.066888871427494,0
2024-04-26 09:00:45.211246,127,51.90324676788117,127,49.30168491025499,127,45.67114666502566,0
2024-04-26 09:15:45.211246,127,47.395745402341355,127,50.21970932879563,127,51.97819686944571,0
2024-04-26 09:30:45.211246,127,56.665499205394774,127,48.921073770666325,127,52.441931512885674,0
2024-04-26 09:45:45.211246,127,45.42252588203104,127,48.47196319504188,127,59.310886448672846,0
2024-04-26 10:00:45.211246,127,46.88833895898624,127,40.06057748547575,127,48.473451000633816,0
2024-04-26 10:15:45.211246,127,48.38997011345194,127,45.826516593836885,127,54.67216294214898,0
2024-04-26 10:30:45.211246,127,0.0,127,0.0,127,0.0,30
2024-04-26 10:45:45.211246,127,52.04895989575742,127,48.21129995701798,127,47.04212846351696,0
2024-04-26 11:00:45.211246,127,53.45805701233093,127,48.770632515493354,127,45.8411466608966,0
2024-04-26 11:15:45.211246,127,44.14093664326896,127,47.83713954773761,127,49.77024534820923,0
2024-04-26 11:30:45.211246,127,0.0,127,0.0,127,0.0,60
2024-04-26 11:45:45.211246,127,0.0,127,0.0,127,0.0,15
2024-04-26 12:00:45.211246,127,0.0,127,0.0,127,0.0,15
2024-04-26 12:15:45.211246,127,46.679394248751585,127,47.82628322329974,127,45.05398810909982,0
2024-04-26 12:30:45.211246,127,53.3811889816794,127,51.273387402419544,127,51.42636877732049,0
2024-04-26 12:45:45.211246,127,60.543642809210766,127,53.13292344785166,127,49.35211651273383,0
2024-04-26 13:00:45.211246,127,48.201758088139925,127,48.106503878732454,127,58.67363809977608,0
2024-04-26 13:15:45.211246,127,50.3837074898622,127,50.734699452566474,127,43.080403615087064,0
2024-04-26 13:30:45.211246,127,47.49074162580483,127,50.135480233336935,127,53.412797910982185,0
2024-04-26 13:45:45.211246,127,49.22006374477176,127,45.79830739225471,127,55.32610337942799,0
2024-04-26 14:00:45.211246,127,43.69653505811768,127,53.513722707126455,127,47.104761510126835,0
2024-04-26 14:15:45.211246,127,53.948286100592114,127,59.45820430321096,127,43.591680852069324,0
2024-04-26 14:30:45.211246,127,51.52596309725189,127,52.57386472567469,127,49.22050615819129,0
2024-04-26 14:45:45.211246,127,46.042559053139065,127,44.933424139194024,127,48.23652564788238,0
2024-04-26 15:00:45.211246,127,53.084954114714606,127,48.37366196056848,127,41.50337002349624,0
2024-04-26 15:15:45.211246,127,38.707447731289804,127,56.580935944020624,127,55.23805854873675,0
2024-04-26 15:30:45.211246,127,49.77433400519742,127,55.53644437662537,127,51.45848580468749,0
2024-04-26 15:45:45.211246,127,49.45637114357281,127,45.26364506008052,127,38.2470618724053,0
2024-04-26 16:00:45.211246,127,46.64400325593236,127,49.86188474299347,127,49.85493647038239,0
2024-04-26 16:15:45.211246,127,39.60581364410609,127,49.39963244022803,127,55.50627501070721,0
2024-04-26 16:30:45.211246,127,51.658323160678265,127,43.91893366241083,127,39.33438245509315,0
2024-04-26 16:45:45.211246,127,47.10856407200991,127,54.362848623893846,127,55.43547546553113,0
2024-04-26 17:00:45.211246,127,42.19228723149019,127,51.74472292880483,127,48.38224913723895,0
2024-04-26 17:15:45.211246,127,45.67400637540375,127,55.82823062810377,127,50.53536831495745,0
2024-04-26 17:30:45.211246,127,0.0,127,0.0,127,0.0,60
2024-04-26 17:45:45.211246,127,56.26193170947443,127,49.64447241629781,127,50.88486627159648,0
2024-04-26 18:00:45.211246,127,66.36710836742753,127,48.89120438351432,127,52.88885267972607,0
2024-04-26 18:15:45.211246,127,43.19141237724218,127,49.02282876298888,127,47.083507510495664,0
2024-04-26 18:30:45.211246,127,44.75788779921584,127,50.59372848227853,127,50.172988931398216,0
2024-04-26 18:45:45.211246,127,46.408506350649546,127,55.923835466177735,127,56.151015507762374,0
2024-04-26 19:00:45.211246,127,51.67723526074561,127,44.708210531140224,127,54.80723009610557,0
2024-04-26 19:15:45.211246,127,44.418678774372516,127,58.10156267311163,127,48.11968094195849,0
2024-04-26 19:30:45.211246,127,47.97209783567354,127,54.52052695460702,127,51.709068428771246,0
2024-04-26 19:45:45.211246,127,50.79998080701062,127,45.31312132775826,127,45.707769023543314,0
2024-04-26 20:00:45.211246,127,42.28801981046534,127,44.01319982436882,127,51.5569204703121,0
2024-04-26 20:15:45.211246,127,54.39127310435318,127,45.35008568643363,127,52.984094632018,0
2024-04-26 20:30:45.211246,127,48.71983951326805,127,50.22639462650688,127,47.50267017129387,0
2024-04-26 20:45:45.211246,127,44.134131220265665,127,39.413035439355895,127,46.23198955632858,0
2024-04-26 21:00:45.211246,127,50.18772893226471,127,45.962165898068164,127,55.908696474916056,0
2024-04-26 21:15:45.211246,127,48.47459295830535,127,52.393773922180316,127,50.901699572655446,0
2024-04-26 21:30:45.211246,127,46.26710894151623,127,47.74346417865325,127,49.93126652168237,0
2024-04-26 21:45:45.211246,127,51.88369542509099,127,46.53609523666094,127,50.67439210888591,0
2024-04-26 22:00:45.211246,127,48.24959243957558,127,42.35012775905614,127,47.20394056344607,0
2024-04-26 22:15:45.211246,127,53.72948620429382,127,40.69319225207631,127,46.54217576883807,0
2024-04-26 22:30:45.211246,127,49.55958938235884,127,52.11977888805516,127,43.63800486566984,0
2024-04-26 22:45:45.211246,127,47.48116171381122,127,48.699378729852135,127,56.444165828337475,0
2024-04-26 23:00:45.211246,127,42.1976474634339,127,50.746331954845395,127,44.10824751910463,0
2024-04-26 23:15:45.211246,127,57.021870978898136,127,57.58555301741535,127,46.36619795436722,0
2024-04-26 23:30:45.211246,127,0.0,127,0.0,127,0.0,30
2024-04-26 23:45:45.211246,127,47.789567172776735,127,52.58962651524462,127,47.451309056642174,0
2024-04-27 00:00:45.211246,127,0.0,127,0.0,127,0.0,30
2024-04-27 00:15:45.211246,127,50.70976013973503,127,51.61839393252809,127,53.61829071411249,0
2024-04-27 00:30:45.211246,127,56.81283568392318,127,48.88243613820529,127,48.83647072905053,0
2024-04-27 00:45:45.211246,127,54.573205760614506,127,48.012018618952766,127,49.69526163892487,0
2024-04-27 01:00:45.211246,127,0.0,127,0.0,127,0.0,15
2024-04-27 01:15:45.211246,127,0.0,127,0.0,127,0.0,15
2024-04-27 01:30:45.211246,127,0.0,127,0.0,127,0.0,15
2024-04-27 01:45:45.211246,127,46.455385116952094,127,50.666790995670645,127,46.46812712676085,0
2024-04-27 02:00:45.211246,127,48.419813444426175,127,47.94762336640667,127,44.4303628393681,0
2024-04-27 02:15:45.211246,127,45.84819404106872,127,37.62294160838049,127,55.59789362327278,0
2024-04-27 02:30:45.211246,127,48.14609773455684,127,47.80632762898268,127,48.84372205190059,0
2024-04-27 02:45:45.211246,127,52.76953407180259,127,51.02143002554322,127,44.75831069952522,0
2024-04-27 03:00:45.211246,127,48.96656271847036,127,48.81225943167401,127,50.08108068193301,0
2024-04-27 03:15:45.211246,127,53.95032246716094,127,55.33706709497269,127,56.79855552465756,0
2024-04-27 03:30:45.211246,127,43.04547170480277,127,42.90601820229938,127,53.81644044864731,0
2024-04-27 03:45:45.211246,127,51.9034247297501,127,49.40768972567595,127,38.91009203416568,0
2024-04-27 04:00:45.211246,127,43.78708295017667,127,60.67398108535584,127,51.790177656882385,0
2024-04-27 04:15:45.211246,127,0.0,127,0.0,127,0.0,60
2024-04-27 04:30:45.211246,127,46.637144078173186,127,48.41775039210806,127,54.34435651650127,0
2024-04-27 04:45:45.211246,127,48.45832503049923,127,50.60965288696581,127,55.26773976010493,0
2024-04-27 05:00:45.211246,127,49.55946716160364,127,47.42953667461889,127,52.22395817069444,0
2024-04-27 05:15:45.211246,127,55.19031615031252,127,55.68486865129205,127,54.02622486244777,0
2024-04-27 05:30:45.211246,127,43.435098441356494,127,54.3917810655761,127,50.354304767875455,0
2024-04-27 05:45:45.211246,127,51.40276626918711,127,45.15132039157468,127,48.32737108244572,0
2024-04-27 06:00:45.211246,127,50.09491080207061,127,43.8474923670022,127,49.383731550224525,0
2024-04-27 06:15:45.211246,127,48.94069829358019,127,48.19139346377356,127,52.45156008054188,0
2024-04-27 06:30:45.211246,127,49.7827154770389,127,43.111321037676184,127,53.2489944896175,0
2024-04-27 06:45:45.211246,127,51.73390894572784,127,46.2304936749663,127,54.71478517156864,0
2024-04-27 07:00:45.211246,127,59.69726113312367,127,51.127528116917006,127,53.93313902626017,0
2024-04-27 07:15:45.211246,127,53.097194443594454,127,45.48376731796405,127,58.53752313382693,0
2024-04-27 07:30:45.211246,127,46.14333864968226,127,51.19567842472833,127,43.765201153372445,0
2024-04-27 07:45:45.211246,127,51.42594483258125,127,62.29338644394973,127,42.91615312878362,0
2024-04-27 08:00:45.211246,127,54.490447759586516,127,46.15723047509232,127,52.73682527946575,0
2024-04-27 08:15:45.211246,127,57.54999122297042,127,47.515499726258994,127,46.39062156543018,0
2024-04-27 08:30:45.211246,127,44.37333698305499,127,54.524353925529574,127,46.80092263173607,0
2024-04-27 08:45:45.211246,127,58.43168216677473,127,51.322049582296856,127,41.601578924242204,0
2024-04-27 09:00:45.211246,127,47.866193638941716,127,52.29657338163297,127,53.7806591341394,0
2024-04-27 09:15:45.211246,127,43.476868775677424,127,42.92964375812442,127,41.89005803896759,0
2024-04-27 09:30:45.211246,127,47.04539183418389,127,55.991101781350466,127,57.72368280914719,0
2024-04-27 09:45:45.211246,127,0.0,127,0.0,127,0.0,30
2024-04-27 10:00:45.211246,127,47.09449623078374,127,44.282777568785946,127,44.17387983341331,0
2024-04-27 10:15:45.211246,127,40.07188111252479,127,58.19925837650013,127,42.60968780096878,0
2024-04-27 10:30:45.211246,127,0.0,127,0.0,127,0.0,60
2024-04-27 10:45:45.211246,127,53.249180054215685,127,50.52881753217894,127,61.96042581347718,0
2024-04-27 11:00:45.211246,127,54.59103015174061,127,46.70331841284453,127,40.847226266555154,0
2024-04-27 11:15:45.211246,127,57.849867930575705,127,57.43787003059553,127,51.86029440305494,0
2024-04-27 11:30:45.211246,127,50.49434640468439,127,50.35673673588394,127,49.581326935455884,0
2024-04-27 11:45:45.211246,127,44.72739347701182,127,52.3256860578375,127,39.87536565125646,0
2024-04-27 12:00:45.211246,127,43.82532000243038,127,44.96708802463105,127,55.52042836612153,0
2024-04-27 12:15:45.211246,127,45.86156046166568,127,50.122610321209606,127,49.18083381517569,0
2024-04-27 12:30:45.211246,127,56.03339733053933,127,51.946511439085086,127,48.150714036192426,0
2024-04-27 12:45:45.211246,127,52.05042136500559,127,47.11103539080355,127,49.80755420602921,0
2024-04-27 13:00:45.211246,127,43.98401261613573,127,50.70277661562102,127,50.94852544860066,0
2024-04-27 13:15:45.211246,127,58.877042588121505,127,55.325619247684166,127,54.93325059297635,0
2024-04-27 13:30:45.211246,127,52.4012668146158,127,49.295902972245486,127,50.219164806742185,0
2024-04-27 13:45:45.211246,127,38.38319471859002,127,50.66533825651245,127,48.80915919671532,0
2024-04-27 14:00:45.211246,127,48.922187286408985,127,54.393399550295655,127,51.06628037665691,0
2024-04-27 14:15:45.211246,127,50.6946778253354,127,51.96512759594701,127,50.05519090166569,0
2024-04-27 14:30:45.211246,127,51.05798278914659,127,50.53415088095002,127,46.23690673631951,0
2024-04-27 14:45:45.211246,127,52.79538151682483,127,45.698028208930076,127,50.53628487803039,0
2024-04-27 15:00:45.211246,127,54.770664521035286,127,59.357546646063085,127,43.66870322213457,0
2024-04-27 15:15:45.211246,127,49.005503079394,127,49.08544854063487,127,52.92737155813973,0
2024-04-27 15:30:45.211246,127,48.40623720608429,127,49.48556386490874,127,47.84922377421531,0
2024-04-27 15:45:45.211246,127,54.47939302200306,127,46.89652382501594,127,44.15866149196527,0
2024-04-27 16:00:45.211246,127,47.55685555423966,127,46.59846721832202,127,60.090036462892726,0
2024-04-27 16:15:45.211246,127,43.9734367403457,127,49.910528847605974,127,40.162438132476524,0
2024-04-27 16:30:45.211246,127,0.0,127,0.0,127,0.0,15
2024-04-27 16:45:45.211246,127,48.81006737303709,127,49.8780286096559,127,56.3518045966701,0
2024-04-27 17:00:45.211246,127,50.10495540444479,127,41.96063030251109,127,50.68210446400345,0
2024-04-27 17:15:45.211246,127,45.190831525882345,127,58.113964579248005,127,56.77092893919538,0
2024-04-27 17:30:45.211246,127,46.21804361981038,127,58.096974884418955,127,48.89718206065629,0
2024-04-27 17:45:45.211246,127,52.321564596917156,127,48.586538235570856,127,59.76913686495473,0
2024-04-27 18:00:45.211246,127,47.20620785874698,127,49.66851894258405,127,48.50351137136658,0
2024-04-27 18:15:45.211246,127,49.31770195739964,127,51.20013944049335,127,50.378533424996114,0
2024-04-27 18:30:45.211246,127,41.0592189522084,127,49.17238886029593,127,53.761569584118796,0
2024-04-27 18:45:45.211246,127,0.0,127,0.0,127,0.0,30
2024-04-27 19:00:45.211246,127,52.95320539192667,127,51.50945637571778,127,51.717715141650395,0
2024-04-27 19:15:45.211246,127,46.605145782317436,127,53.41522635521969,127,47.83787884903214,0
2024-04-27 19:30:45.211246,127,0.0,127,0.0,127,0.0,60
2024-04-27 19:45:45.211246,127,47.37541484413209,127,53.173109608863996,127,56.0466195585999,0
2024-04-27 20:00:45.211246,127,55.05780376841146,127,52.090192446536776,127,49.180506733086766,0
2024-04-27 20:15:45.211246,127,49.54215358627038,127,50.97683235908052,127,48.54303183451053,0
2024-04-27 20:30:45.211246,127,52.42104558859053,127,48.55363931306714,127,47.06688686065437,0
2024-04-27 20:45:45.211246,127,50.63453075876142,127,52.79301279742862,127,51.06153730564605,0
2024-04-27 21:00:45.211246,127,42.1990157557532,127,46.06379816587896,127,54.750216728544316,0
2024-04-27 21:15:45.211246,127,42.768474785125406,127,56.37203090670634,127,48.12231700059632,0
2024-04-27 21:30:45.211246,127,52.50722438275379,127,46.28209756858293,127,48.174399902526254,0
2024-04-27 21:45:45.211246,127,47.88639286674515,127,48.926416847033984,127,50.31325321915985,0
2024-04-27 22:00:45.211246,127,0.0,127,0.0,127,0.0,30
2024-04-27 22:15:45.211246,127,41.008370430590844,127,58.56200206566469,127,51.101268776744156,0
2024-04-27 22:30:45.211246,127,51.53766262786202,127,47.464718684005184,127,58.973324500440256,0
2024-04-27 22:45:45.211246,127,53.41033611353674,127,46.98007011219622,127,52.20668139049634,0
2024-04-27 23:00:45.211246,127,45.55774042114643,127,44.98322472767064,127,53.5440399234724,0
2024-04-27 23:15:45.211246,127,50.23004103557318,127,55.31403390498419,127,54.72885517799881,0
2024-04-27 23:30:45.211246,127,0.0,127,0.0,127,0.0,30
2024-04-27 23:45:45.211246,127,46.97484319315186,127,47.865016338427836,127,47.50925939381932,0
2024-04-28 00:00:45.211246,127,42.41464272783034,127,47.72573271541075,127,46.76395056689675,0
2024-04-28 00:15:45.211246,127,44.4362935001224,127,44.00625613158673,127,59.33441451119781,0
2024-04-28 00:30:45.211246,127,0.0,127,0.0,127,0.0,15
2024-04-28 00:45:45.211246,127,42.48138436973982,127,54.89681285085886,127,48.24994044390226,0
2024-04-28 01:00:45.211246,127,50.32395147794031,127,51.792509616779384,127,49.05841971443492,0
2024-04-28 01:15:45.211246,127,0.0,127,0.0,127,0.0,60
2024-04-28 01:30:45.211246,127,43.43336060439726,127,45.185309218468106,127,51.515086923918176,0
2024-04-28 01:45:45.211246,127,46.89840481220374,127,48.57896529846087,127,39.43334496722822,0
2024-04-28 02:00:45.211246,127,48.19410142447799,127,48.0365710721304,127,42.81700512164143,0
2024-04-28 02:15:45.211246,127,46.28172079084191,127,53.181097632187345,127,50.38116835383017,0
2024-04-28 02:30:45.211246,127,51.62527195884595,127,46.69133868100832,127,42.304191804179155,0
2024-04-28 02:45:45.211246,127,49.14611782393107,127,54.37247986592757,127,49.56949929641768,0
2024-04-28 03:00:45.211246,127,54.51613819091757,127,51.79342768417723,127,56.21506877941038,0
2024-04-28 03:15:45.211246,127,58.82231724950055,127,56.56406440749889,127,44.041982310129804,0
2024-04-28 03:30:45.211246,127,47.3763165864492,127,49.0798466182421,127,53.593560692788465,0
2024-04-28 03:45:45.211246,127,51.19817097228288,127,57.65289878541484,127,53.78787095838563,0
2024-04-28 04:00:45.211246,127,51.42004762940477,127,53.98984638642722,127,43.73714006647373,0
2024-04-28 04:15:45.211246,127,53.39001563090769,127,51.15395790446162,127,54.44746088458312,0
2024-04-28 04:30:45.211246,127,0.0,127,0.0,127,0.0,30
2024-04-28 04:45:45.211246,127,46.74077162558198,127,50.12191961929837,127,51.97757564125105,0
2024-04-28 05:00:45.211246,127,56.52359449243706,127,51.00389127736346,127,45.6273909568294,0
2024-04-28 05:15:45.211246,127,44.36701216506857,127,54.10915854844664,127,41.75990715222024,0
2024-04-28 05:30:45.211246,127,50.90530336862877,127,49.71842116695321,127,46.13356228797777,0
2024-04-28 05:45:45.211246,127,46.05019229636488,127,48.14029218664647,127,49.26204900170125,0
2024-04-28 06:00:45.211246,127,47.62116969955044,127,48.18371431233235,127,45.799723577990626,0
2024-04-28 06:15:45.211246,127,49.83623549428628,127,53.25202968832167,127,52.95890615643464,0
2024-04-28 06:30:45.211246,127,47.897237598280974,127,45.213443007971996,127,53.061713152421696,0
2024-04-28 06:45:45.211246,127,47.831594389046344,127,51.31835242255125,127,54.494641069207525,0
2024-04-28 07:00:45.211246,127,0.0,127,0.0,127,0.0,15
2024-04-28 07:15:45.211246,127,43.65863190601252,127,45.54317269022021,127,52.85796780766797,0
2024-04-28 07:30:45.211246,127,0.0,127,0.0,127,0.0,30
2024-04-28 07:45:45.211246,127,60.739121079702336,127,63.06267865429292,127,49.4742497553443,0
2024-04-28 08:00:45.211246,127,0.0,127,0.0,127,0.0,60
2024-04-28 08:15:45.211246,127,0.0,127,0.0,127,0.0,15
2024-04-28 08:30:45.211246,127,56.48843474621374,127,49.747936952558625,127,48.05512134232079,0
2024-04-28 08:45:45.211246,127,44.26914374015418,127,55.42679536024524,127,55.55033714769861,0
2024-04-28 09:00:45.211246,127,42.43989141964174,127,54.683147912322326,127,54.483199303746005,0
2024-04-28 09:15:45.211246,127,42.47748075657339,127,56.908758687334746,127,49.305581347862834,0
2024-04-28 09:30:45.211246,127,51.65734314357371,127,58.8267691054246,127,48.300199335715725,0
2024-04-28 09:45:45.211246,127,44.99038894976398,127,53.96127486758755,127,43.235620844789466,0
2024-04-28 10:00:45.211246,127,55.409934283432776,127,54.451323474694796,127,44.726433580347674,0
2024-04-28 10:15:45.211246,127,52.43542658603337,127,50.498343213933595,127,56.99799406394992,0
2024-04-28 10:30:45.211246,127,52.421205458037385,127,53.995740096809826,127,52.10547531615959,0
2024-04-28 10:45:45.211246,127,50.08466478080593,127,44.862369334932886,127,54.18571954828217,0
2024-04-28 11:00:45.211246,127,0.0,127,0.0,127,0.0,15
2024-04-28 11:15:45.211246,127,50.564223846264014,127,53.085923713584926,127,46.863601593800155,0
2024-04-28 11:30:45.211246,127,47.43251544571943,127,49.15891014153645,127,48.71285446859725,0
2024-04-28 11:45:45.211246,127,54.399078283534365,127,47.84957141365548,127,40.1727573237637,0
2024-04-28 12:00:45.211246,127,0.0,127,0.0,127,0.0,15
2024-04-28 12:15:45.211246,127,51.784745881292196,127,50.22154400276333,127,49.24852844730972,0
2024-04-28 12:30:45.211246,127,52.85559825133423,127,51.87795022430807,127,55.27681688181371,0
2024-04-28 12:45:45.211246,127,57.117645501978025,127,46.808857439527216,127,47.49410531313528,0
2024-04-28 13:00:45.211246,127,56.341940390023574,127,42.91866241555131,127,50.577501496210004,0
2024-04-28 13:15:45.211246,127,54.495089065105596,127,46.83455777934452,127,42.625555516453474,0
2024-04-28 13:30:45.211246,127,0.0,127,0.0,127,0.0,60
2024-04-28 13:45:45.211246,127,49.182397547604126,127,45.349162242693794,127,47.693730854600744,0
2024-04-28 14:00:45.211246,127,47.14795756564623,127,53.03868494315846,127,43.48575056862678,0
2024-04-28 14:15:45.211246,127,0.0,127,0.0,127,0.0,30
2024-04-28 14:30:45.211246,127,43.74668862846288,127,47.468743407925736,127,39.85522790726987,0
2024-04-28 14:45:45.211246,127,0.0,127,0.0,127,0.0,30
2024-04-28 15:00:45.211246,127,48.25151541041073,127,52.18252313585725,127,54.052847037263525,0
2024-04-28 15:15:45.211246,127,0.0,127,0.0,127,0.0,60
2024-04-28 15:30:45.211246,127,47.35444157767561,127,52.46591391332946,127,52.07186066783197,0
2024-04-28 15:45:45.211246,127,47.621781644923914,127,55.895808669270075,127,41.90589153166235,0
2024-04-28 16:00:45.211246,127,40.87198948006733,127,49.48009743926912,127,60.51293482314432,0
2024-04-28 16:15:45.211246,127,60.6731058059765,127,54.928116084687694,127,48.57522415718394,0
2024-04-28 16:30:45.211246,127,59.614799206059764,127,51.7157022713085,127,43.427242141821296,0
2024-04-28 16:45:45.211246,127,39.0562442175753,127,54.97398858362207,127,47.97363297156699,0
2024-04-28 17:00:45.211246,127,49.094788267530745,127,50.51227031415157,127,55.480607182912955,0
2024-04-28 17:15:45.211246,127,47.03788965635895,127,54.36879949557131,127,43.606090291726225,0
2024-04-28 17:30:45.211246,127,54.53355106285253,127,39.26740500703241,127,50.04356991575348,0
2024-04-28 17:45:45.211246,127,42.99251558497588,127,44.781723468407435,127,49.47824432603391,0
2024-04-28 18:00:45.211246,127,52.08844955354765,127,49.74665765897741,127,62.86376073757923,0
2024-04-28 18:15:45.211246,127,0.0,127,0.0,127,0.0,60
2024-04-28 18:30:45.211246,127,52.88530583103686,127,44.945536347795894,127,44.56626986182422,0
2024-04-28 18:45:45.211246,127,52.39707787961479,127,54.58269692771262,127,54.567271983455285,0
2024-04-28 19:00:45.211246,127,56.78474123163426,127,58.13668238414243,127,57.763407077352646,0
2024-04-28 19:15:45.211246,127,50.76708450049355,127,49.06573142186162,127,51.28946029647631,0
2024-04-28 19:30:45.211246,127,0.0,127,0.0,127,0.0,15
2024-04-28 19:45:45.211246,127,51.45964369348267,127,52.180557189731644,127,55.08190788703996,0
2024-04-28 20:00:45.211246,127,52.468237786139746,127,52.37433038775493,127,51.381240120691395,0
2024-04-28 20:15:45.211246,127,52.26266322203001,127,48.40219671735609,127,53.70983326120266,0
2024-04-28 20:30:45.211246,127,53.89916410579849,127,51.30678382539875,127,50.27274727215757,0
2024-04-28 20:45:45.211246,127,46.33792628459794,127,57.61123847066084,127,49.445674794421976,0
2024-04-28 21:00:45.211246,127,49.550414206307345,127,48.50927129080765,127,42.01028304924643,0
2024-04-28 21:15:45.211246,127,60.79554260310957,127,45.8187541606022,127,52.368974632469524,0
2024-04-28 21:30:45.211246,127,48.50386234813336,127,48.125968295753516,127,57.15623401740446,0
2024-04-28 21:45:45.211246,127,0.0,127,0.0,127,0.0,60
2024-04-28 22:00:45.211246,127,53.24409671393182,127,48.621244221095125,127,48.0037182985378,0
2024-04-28 22:15:45.211246,127,53.59897261826626,127,52.584807048404016,127,41.93858940983421,0
2024-04-28 22:30:45.211246,127,58.89310324739761,127,43.4344297202379,127,45.974819293516035,0
2024-04-28 22:45:45.211246,127,49.913673417384125,127,48.83127347317729,127,35.16821618280517,0
2024-04-28 23:00:45.211246,127,58.166578978631044,127,50.65395434457069,127,53.926426637799786,0
2024-04-28 23:15:45.211246,127,0.0,127,0.0,127,0.0,60
2024-04-28 23:30:45.211246,127,55.58644829870736,127,48.88121932518456,127,46.048910624979264,0
2024-04-28 23:45:45.211246,127,45.811959380235606,127,39.45180628649156,127,44.51110006347315,0
2024-04-29 00:00:45.211246,127,49.448205392492504,127,39.61812972229758,127,54.65553250914257,0
2024-04-29 00:15:45.211246,127,0.0,127,0.0,127,0.0,60
2024-04-29 00:30:45.211246,127,51.57291398249355,127,48.683295798182144,127,55.94223187731246,0
2024-04-29 00:45:45.211246,127,0.0,127,0.0,127,0.0,60
2024-04-29 01:00:45.211246,127,50.122909587934465,127,43.642387245175954,127,56.712602613403824,0
2024-04-29 01:15:45.211246,127,43.137789135554755,127,49.22280551499368,127,52.78177875265955,0
2024-04-29 01:30:45.211246,127,56.99850121526715,127,48.22297275896342,127,49.369998140518945,0
2024-04-29 01:45:45.211246,127,53.832070797401535,127,60.193676339002465,127,45.72980119648716,0
2024-04-29 02:00:45.211246,127,0.0,127,0.0,127,0.0,30
2024-04-29 02:15:45.211246,127,54.47763069102265,127,50.801747397990546,127,50.53397020924333,0
2024-04-29 02:30:45.211246,127,54.79653720245374,127,48.59291691737352,127,46.071611700691385,0
2024-04-29 02:45:45.211246,127,52.61220060406862,127,43.68479802893364,127,46.91051866753449,0
2024-04-29 03:00:45.211246,127,51.615042002638035,127,52.0901178596975,127,44.478190794712674,0
2024-04-29 03:15:45.211246,127,52.908997956821494,127,51.77842827493634,127,41.593879211964165,0
2024-04-29 03:30:45.211246,127,55.54599994501862,127,47.755906090778325,127,64.80193364766939,0
2024-04-29 03:45:45.211246,127,52.419657047249785,127,53.98274499494564,127,47.57195739166957,0
2024-04-29 04:00:45.211246,127,0.0,127,0.0,127,0.0,15
2024-04-29 04:15:45.211246,127,0.0,127,0.0,127,0.0,60
2024-04-29 04:30:45.211246,127,48.847385964506714,127,44.38239728091922,127,62.567412563976646,0
2024-04-29 04:45:45.211246,127,46.78784186555598,127,52.35848742028772,127,53.33383195976516,0
2024-04-29 05:00:45.211246,127,50.86550911333806,127,56.49130525132659,127,55.96901393526139,0
2024-04-29 05:15:45.211246,127,51.36438580429677,127,46.29629356060578,127,45.23444979211612,0
2024-04-29 05:30:45.211246,127,55.82810094468807,127,50.77528316359637,127,54.69214570035257,0
2024-04-29 05:45:45.211246,127,53.18736041783136,127,41.814865296536375,127,48.874405244231106,0
2024-04-29 06:00:45.211246,127,0.0,127,0.0,127,0.0,15
2024-04-29 06:15:45.211246,127,45.46683979619164,127,49.3729990486046,127,49.31360111919147,0
2024-04-29 06:30:45.211246,127,49.39472421091234,127,46.485530311605544,127,41.85645487527411,0
2024-04-29 06:45:45.211246,127,54.78873632065732,127,52.34710115617839,127,55.0134627770778,0
2024-04-29 07:00:45.211246,127,49.379406670903364,127,54.81667544962261,127,45.09304600441227,0
2024-04-29 07:15:45.211246,127,54.37013758941689,127,45.29006504220262,127,47.347882010985664,0
2024-04-29 07:30:45.211246,127,48.40356920660618,127,46.4726515821106,127,47.27494043618329,0
2024-04-29 07:45:45.211246,127,41.389607243113524,127,48.01415454087728,127,49.27640438253809,0
2024-04-29 08:00:45.211246,127,50.7931061577604,127,57.00405355772247,127,40.16113788799608,0
2024-04-29 08:15:45.211246,127,50.11180413546314,127,48.44138479932518,127,60.10681412185993,0
2024-04-29 08:30:45.211246,127,46.09244040362647,127,39.977344774037604,127,42.3684171855388,0
2024-04-29 08:45:45.211246,127,51.98593134635763,127,51.915796654408034,127,45.59597845251949,0
2024-04-29 09:00:45.211246,127,0.0,127,0.0,127,0.0,30
2024-04-29 09:15:45.211246,127,48.69769896160155,127,47.411884528292184,127,46.997449773325116,0
2024-04-29 09:30:45.211246,127,43.727050564286536,127,54.641857083587354,127,51.862988699730906,0
2024-04-29 09:45:45.211246,127,50.04712098722547,127,45.74584875599681,127,55.44963681755309,0
2024-04-29 10:00:45.211246,127,51.55445460738935,127,46.15815030494054,127,44.08646043029614,0
2024-04-29 10:15:45.211246,127,60.10755883038928,127,55.626276426982685,127,51.3780619222635,0
2024-04-29 10:30:45.211246,127,44.99509769529273,127,50.51130311993686,127,53.115619831477225,0
2024-04-29 10:45:45.211246,127,49.285518243849154,127,48.76560062714413,127,50.498176168477,0
2024-04-29 11:00:45.211246,127,35.08975168399577,127,53.31460636328324,127,55.15748707385007,0
2024-04-29 11:15:45.211246,127,46.63334379783193,127,55.143804513109274,127,42.80770820930557,0
2024-04-29 11:30:45.211246,127,54.000102263312684,127,45.446552401224984,127,50.30217031609224,0
2024-04-29 11:45:45.211246,127,55.42628057928797,127,50.991084187049594,127,49.60620936472999,0
2024-04-29 12:00:45.211246,127,41.11003932538999,127,43.77732394915888,127,46.48945625164472,0
2024-04-29 12:15:45.211246,127,49.62893340129748,127,41.04215221589995,127,43.987268100186746,0
2024-04-29 12:30:45.211246,127,54.77483784658313,127,43.53250148616786,127,52.99915237264286,0
2024-04-29 12:45:45.211246,127,56.12358174613965,127,48.15696810299548,127,60.38987624023585,0
2024-04-29 13:00:45.211246,127,47.54962307835379,127,41.74082875497331,127,55.88139287365878,0
2024-04-29 13:15:45.211246,127,61.37058487004705,127,48.33817587258714,127,48.01035837811107,0
2024-04-29 13:30:45.211246,127,47.54858156763684,127,53.9479871815996,127,48.590613145823724,0
2024-04-29 13:45:45.211246,127,0.0,127,0.0,127,0.0,60
2024-04-29 14:00:45.211246,127,52.208880625879054,127,49.82671021874731,127,47.47844358649679,0
2024-04-29 14:15:45.211246,127,47.31796763488475,127,49.57540783582405,127,58.15657988472921,0
2024-04-29 14:30:45.211246,127,48.69515027183469,127,50.862938861204334,127,57.78304793834276,0
2024-04-29 14:45:45.211246,127,45.94107683065836,127,56.7422331229698,127,53.89974102261459,0
2024-04-29 15:00:45.211246,127,51.67859054825993,127,46.60722857472647,127,42.711318273998295,0
2024-04-29 15:15:45.211246,127,53.05197725056183,127,49.53146391706754,127,44.52876127022656,0
2024-04-29 15:30:45.211246,127,41.86292138446734,127,56.95848240836057,127,44.28596397273359,0
2024-04-29 15:45:45.211246,127,49.7321598755636,127,52.59510404396647,127,44.28443674102793,0
2024-04-29 16:00:45.211246,127,53.890407452022416,127,47.16475815214736,127,55.69583726593396,0
2024-04-29 16:15:45.211246,127,51.53191343548312,127,49.945873106126825,127,48.70468351327121,0
2024-04-29 16:30:45.211246,127,44.87254642583538,127,58.51605523433542,127,46.763643743354514,0
2024-04-29 16:45:45.211246,127,52.302570131274706,127,49.73814911781771,127,42.59469561105226,0
2024-04-29 17:00:45.211246,127,42.1242069282569,127,36.98244550429325,127,45.98152713470273,0
2024-04-29 17:15:45.211246,127,0.0,127,0.0,127,0.0,30
2024-04-29 17:30:45.211246,127,36.64800279490853,127,54.987531738445924,127,53.26043049771922,0
2024-04-29 17:45:45.211246,127,50.02352279728532,127,45.91170477778079,127,54.482025150329584,0
2024-04-29 18:00:45.211246,127,52.17157787427624,127,52.868118609496264,127,58.771391196972694,0
2024-04-29 18:15:45.211246,127,46.0996977248002,127,49.149131789986946,127,49.13567842407141,0
2024-04-29 18:30:45.211246,127,49.48870625695605,127,58.303536967434624,127,55.53538920025532,0
2024-04-29 18:45:45.211246,127,48.629743858833635,127,53.71691996214668,127,40.21102271914121,0
2024-04-29 19:00:45.211246,127,43.8260559890708,127,51.03503711368599,127,48.402909829709806,0
2024-04-29 19:15:45.211246,127,46.081301220923606,127,48.03929998265564,127,48.4541265788239,0
2024-04-29 19:30:45.211246,127,56.341634546117504,127,50.24430190860453,127,53.619339307722626,0
2024-04-29 19:45:45.211246,127,56.07847361544772,127,49.85099482253889,127,52.501721103955575,0
2024-04-29 20:00:45.211246,127,47.652291620028336,127,46.2341792982891,127,53.35641408404067,0
2024-04-29 20:15:45.211246,127,47.540085221544416,127,55.191816961544106,127,52.62429113686366,0
2024-04-29 20:30:45.211246,127,52.29959005969319,127,54.33446198579947,127,45.99269315414909,0
2024-04-29 20:45:45.211246,127,0.0,127,0.0,127,0.0,30
2024-04-29 21:00:45.211246,127,47.450146148743215,127,57.14486091901036,127,55.328774175164504,0
2024-04-29 21:15:45.211246,127,44.73597827739835,127,51.74169567874224,127,33.31029497190356,0
2024-04-29 21:30:45.211246,127,58.23496437418491,127,53.95004924358352,127,57.45584483964379,0
2024-04-29 21:45:45.211246,127,48.68378829453852,127,50.03767082930121,127,63.938098010864394,0
2024-04-29 22:00:45.211246,127,44.47914405014257,127,52.32957663590309,127,47.97560026384214,0
2024-04-29 22:15:45.211246,127,48.21792053781251,127,46.095983498956976,127,50.20670935090749,0
2024-04-29 22:30:45.211246,127,52.32950315884033,127,48.668169651066705,127,51.62301433811938,0
2024-04-29 22:45:45.211246,127,51.37017278056224,127,47.86168135551692,127,34.94514195249508,0
2024-04-29 23:00:45.211246,127,47.16977095153865,127,52.92543596720233,127,52.908469456696096,0
2024-04-29 23:15:45.211246,127,42.872371086600594,127,46.74607486654774,127,48.458275173641525,0
2024-04-29 23:30:45.211246,127,0.0,127,0.0,127,0.0,15
2024-04-29 23:45:45.211246,127,46.63818828665108,127,62.628671311482286,127,54.30057773978726,0
2024-04-30 00:00:45.211246,127,60.47219225661969,127,52.58966128132727,127,47.921199875660385,0
2024-04-30 00:15:45.211246,127,45.33277387784338,127,45.34429714239086,127,51.299286935502145,0
2024-04-30 00:30:45.211246,127,49.884290437935114,127,52.79150536076446,127,43.53872969354271,0
2024-04-30 00:45:45.211246,127,44.60542030801553,127,51.458498137137575,127,56.990120178588306,0
2024-04-30 01:00:45.211246,127,44.29173477917293,127,51.78417391717,127,47.524089439404015,0
2024-04-30 01:15:45.211246,127,54.2159443871475,127,50.905512952498505,127,46.93093645556148,0
2024-04-30 01:30:45.211246,127,52.526782057142135,127,48.54106158882032,127,45.14521592770255,0
2024-04-30 01:45:45.211246,127,50.57415584618272,127,46.08350540781069,127,44.38470391114153,0
2024-04-30 02:00:45.211246,127,47.423166097745465,127,40.532347146931684,127,42.18039953482915,0
2024-04-30 02:15:45.211246,127,53.51954770452364,127,51.11657440281553,127,48.25835836229834,0
2024-04-30 02:30:45.211246,127,45.91886028313587,127,46.31958447560015,127,48.24774002866205,0
2024-04-30 02:45:45.211246,127,49.69402204220351,127,44.87596547550298,127,53.07133339503596,0
2024-04-30 03:00:45.211246,127,0.0,127,0.0,127,0.0,30
2024-04-30 03:15:45.211246,127,46.717434349879454,127,47.682617421547825,127,48.940764385526165,0
2024-04-30 03:30:45.211246,127,0.0,127,0.0,127,0.0,15
2024-04-30 03:45:45.211246,127,50.253564794159544,127,43.7295673167223,127,50.80916271657304,0
2024-04-30 04:00:45.211246,127,0.0,127,0.0,127,0.0,30
2024-04-30 04:15:45.211246,127,0.0,127,0.0,127,0.0,60
2024-04-30 04:30:45.211246,127,49.41918483940503,127,43.0157758871564,127,45.2574142414058,0
2024-04-30 04:45:45.211246,127,54.006637773112985,127,55.004674979063054,127,36.104664588547294,0
2024-04-30 05:00:45.211246,127,51.33539354996723,127,50.01597708190332,127,46.5432142698311,0
2024-04-30 05:15:45.211246,127,0.0,127,0.0,127,0.0,60
2024-04-30 05:30:45.211246,127,48.96232862015274,127,53.697998323131515,127,47.65055402142473,0
2024-04-30 05:45:45.211246,127,50.07359754407019,127,40.027020850109075,127,50.61176514357419,0
2024-04-30 06:00:45.211246,127,0.0,127,0.0,127,0.0,60
2024-04-30 06:15:45.211246,127,0.0,127,0.0,127,0.0,30
2024-04-30 06:30:45.211246,127,48.73139465099589,127,49.946741077185266,127,46.08232548661001,0
2024-04-30 06:45:45.211246,127,47.296145746974794,127,45.60038395434057,127,50.9525249725909,0
2024-04-30 07:00:45.211246,127,46.955108139299284,127,50.06208760639318,127,53.60830108819872,0
2024-04-30 07:15:45.211246,127,0.0,127,0.0,127,0.0,15
2024-04-30 07:30:45.211246,127,54.8292770847601,127,47.34357775909838,127,49.58487822174092,0
2024-04-30 07:45:45.211246,127,46.231533431500786,127,50.18408365959246,127,43.41976804192428,0
2024-04-30 08:00:45.211246,127,53.1477167518443,127,60.43622157750414,127,50.621744904799066,0
2024-04-30 08:15:45.211246,127,51.781502282122624,127,54.46251780120817,127,54.04817621281909,0
2024-04-30 08:30:45.211246,127,0.0,127,0.0,127,0.0,30
2024-04-30 08:45:45.211246,127,50.37853702377915,127,48.30872733676623,127,41.758868457176874,0
2024-04-30 09:00:45.211246,127,47.73867759620377,127,46.46621393325342,127,50.457598808654815,0
2024-04-30 09:15:45.211246,127,54.39564035479216,127,48.20494330101461,127,47.348869233936405,0
2024-04-30 09:30:45.211246,127,61.13928158054191,127,48.958384088662775,127,54.399502160018294,0
2024-04-30 09:45:45.211246,127,54.93499361803594,127,63.10915905923672,127,50.80033551032036,0
2024-04-30 10:00:45.211246,127,46.68641886913313,127,50.523243990355866,127,43.74582329663988,0
2024-04-30 10:15:45.211246,127,53.18029311038421,127,47.15735944826733,127,48.42803603534669,0
2024-04-30 10:30:45.211246,127,61.171130189077836,127,52.369412925865426,127,41.38789626480845,0
2024-04-30 10:45:45.211246,127,0.0,127,0.0,127,0.0,30
2024-04-30 11:00:45.211246,127,52.23242556062892,127,52.613038042641314,127,54.33360617528016,0
2024-04-30 11:15:45.211246,127,38.76100988539929,127,50.16928836076928,127,51.06805927588604,0
2024-04-30 11:30:45.211246,127,0.0,127,0.0,127,0.0,60
2024-04-30 11:45:45.211246,127,50.691901270243385,127,43.212032964930785,127,49.560519882949734,0
2024-04-30 12:00:45.211246,127,52.142318483741256,127,43.42109610308077,127,43.926879743156555,0
2024-04-30 12:15:45.211246,127,51.57126156756685,127,48.56818750268047,127,49.20898292507695,0
2024-04-30 12:30:45.211246,127,0.0,127,0.0,127,0.0,60
2024-04-30 12:45:45.211246,127,48.656863610514314,127,51.02552817912521,127,56.03563693522752,0
2024-04-30 13:00:45.211246,127,49.32401472570023,127,48.33547225954657,127,51.977279736902666,0
2024-04-30 13:15:45.211246,127,51.60949561183582,127,58.85279421841941,127,41.949732229031426,0
2024-04-30 13:30:45.211246,127,49.685290144235644,127,50.31157908786353,127,44.50483099373681,0
2024-04-30 13:45:45.211246,127,55.47524871145609,127,45.01554822883705,127,52.95894425374325,0
2024-04-30 14:00:45.211246,127,0.0,127,0.0,127,0.0,60
2024-04-30 14:15:45.211246,127,61.469643009260146,127,51.197961304161154,127,53.63818470901443,0
2024-04-30 14:30:45.211246,127,53.106863138960485,127,46.87476111092218,127,49.43326720557587,0
2024-04-30 14:45:45.211246,127,49.64626692247419,127,50.50609411678926,127,51.885288273811774,0
2024-04-30 15:00:45.211246,127,54.65918375339105,127,44.33761680625038,127,52.69230610076601,0
2024-04-30 15:15:45.211246,127,53.14763922893514,127,55.60707539810508,127,46.58971521810293,0
2024-04-30 15:30:45.211246,127,54.14659858619622,127,52.48690540313464,127,51.61089090750551,0
2024-04-30 15:45:45.211246,127,0.0,127,0.0,127,0.0,15
2024-04-30 16:00:45.211246,127,49.830535735472225,127,38.594192097184674,127,62.11778568212705,0
2024-04-30 16:15:45.211246,127,49.428594179153606,127,52.259181722668096,127,54.65108916805744,0
2024-04-30 16:30:45.211246,127,48.17479462696059,127,41.704189586730955,127,51.81026845997999,0
2024-04-30 16:45:45.211246,127,53.81281222002771,127,44.55585892037106,127,52.453426389896826,0
2024-04-30 17:00:45.211246,127,53.71991859441555,127,50.98333299844256,127,52.586007077998524,0
2024-04-30 17:15:45.211246,127,46.91655830840074,127,49.738735768768464,127,44.59103113445183,0
2024-04-30 17:30:45.211246,127,45.59067819487085,127,50.10963230450989,127,54.826908657646506,0
2024-04-30 17:45:45.211246,127,53.158746537432805,127,56.194591922976436,127,48.91989930674088,0
2024-04-30 18:00:45.211246,127,47.12577940502722,127,48.901233776436605,127,57.39920350343176,0
2024-04-30 18:15:45.211246,127,53.30615518392409,127,50.18310531139129,127,59.715931986390075,0
2024-04-30 18:30:45.211246,127,50.714734051756956,127,49.809100309665176,127,49.58136109133068,0
2024-04-30 18:45:45.211246,127,47.736324140971604,127,53.859493318534064,127,51.66599396124884,0
2024-04-30 19:00:45.211246,127,41.5050489886976,127,53.709007477636135,127,54.432974320364934,0
2024-04-30 19:15:45.211246,127,42.71225678883076,127,56.021003463818516,127,46.76019653216224,0
2024-04-30 19:30:45.211246,127,51.0107955929378,127,47.47346104229217,127,43.52712002247419,0
2024-04-30 19:45:45.211246,127,55.29510590732931,127,42.89676047786682,127,56.37037335087506,0
2024-04-30 20:00:45.211246,127,50.14775194964292,127,45.25417900612891,127,50.19260063323441,0
2024-04-30 20:15:45.211246,127,53.82978310349045,127,49.84131466503688,127,55.06997147792867,0
2024-04-30 20:30:45.211246,127,54.57201697100987,127,46.540242416472566,127,50.278512726486724,0
2024-04-30 20:45:45.211246,127,58.28771735988443,127,52.14171699203918,127,47.87137933235424,0
2024-04-30 21:00:45.211246,127,52.18490129090009,127,52.95766528890593,127,53.9317896670426,0
2024-04-30 21:15:45.211246,127,42.89073890622372,127,49.985570032894074,127,55.94934093437212,0
2024-04-30 21:30:45.211246,127,50.08700564736013,127,41.782930598743185,127,58.46793157603823,0
2024-04-30 21:45:45.211246,127,39.82504601779752,127,57.88283122887388,127,52.247064178053954,0
2024-04-30 22:00:45.211246,127,52.113126752352045,127,54.15410567720281,127,46.730819555268305,0
2024-04-30 22:15:45.211246,127,48.04041874644595,127,51.32976092227322,127,52.995481989969015,0
2024-04-30 22:30:45.211246,127,42.054572623633774,127,44.959786714718376,127,56.370538218045965,0
2024-04-30 22:45:45.211246,127,41.9773055831541,127,49.554598480368064,127,49.99506253662472,0
2024-04-30 23:00:45.211246,127,47.267286530242416,127,48.952661990472286,127,51.06676602166466,0
2024-04-30 23:15:45.211246,127,0.0,127,0.0,127,0.0,60
2024-04-30 23:30:45.211246,127,43.94495283592579,127,48.04016718872932,127,44.585671265422214,0
2024-04-30 23:45:45.211246,127,0.0,127,0.0,127,0.0,60
2024-05-01 00:00:45.211246,127,49.94488519908386,127,52.86363037226365,127,48.76657328333042,0
2024-05-01 00:15:45.211246,127,51.84442900488167,127,38.63914031527249,127,54.44557782150127,0
2024-05-01 00:30:45.211246,127,54.4556315837919,127,55.030002861764096,127,50.49908656207373,0
2024-05-01 00:45:45.211246,127,46.7393795654077,127,48.79012447535286,127,43.86264147338895,0
2024-05-01 01:00:45.211246,127,51.72633616398795,127,42.349901003303394,127,55.60011108058609,0
2024-05-01 01:15:45.211246,127,46.42811318396899,127,54.862644496663435,127,60.97488751046507,0
2024-05-01 01:30:45.211246,127,49.70197256113283,127,55.055152738517705,127,50.917117357482574,0
2024-05-01 01:45:45.211246,127,53.598440431073115,127,47.57034303251441,127,53.168120716116185,0
2024-05-01 02:00:45.211246,127,48.052893772904696,127,47.99331752759559,127,48.7600259150225,0
2024-05-01 02:15:45.211246,127,51.72234708030285,127,44.963781822662,127,45.039749660432555,0
2024-05-01 02:30:45.211246,127,50.10292337976638,127,50.04897342581608,127,54.70518274794579,0
2024-05-01 02:45:45.211246,127,0.0,127,0.0,127,0.0,30
2024-05-01 03:00:45.211246,127,56.3239021714352,127,48.46291840783857,127,45.883648322517445,0
2024-05-01 03:15:45.211246,127,49.30296971405918,127,39.55956916092168,127,50.43328923968815,0
2024-05-01 03:30:45.211246,127,44.19227198194021,127,51.41876833260323,127,43.90586633060363,0
2024-05-01 03:45:45.211246,127,0.0,127,0.0,127,0.0,15
2024-05-01 04:00:45.211246,127,50.881431390659266,127,43.967467508616906,127,48.45285520128871,0
2024-05-01 04:15:45.211246,127,58.531695943889815,127,47.71960394273718,127,53.32557925057469,0
2024-05-01 04:30:45.211246,127,40.910045112361125,127,52.22917981137217,127,52.586832102059674,0
2024-05-01 04:45:45.211246,127,46.586685410432814,127,39.23520715517735,127,48.652766814380016,0
2024-05-01 05:00:45.211246,127,46.17396700817417,127,50.80461846214732,127,48.93161463181667,0
2024-05-01 05:15:45.211246,127,46.43753169557892,127,49.720295143078474,127,40.094093477804634,0
2024-05-01 05:30:45.211246,127,0.0,127,0.0,127,0.0,60
2024-05-01 05:45:45.211246,127,51.074129239867105,127,49.3019958940675,127,53.02442442153184,0
2024-05-01 06:00:45.211246,127,53.066095227360414,127,43.585923886850594,127,53.46425389417661,0
2024-05-01 06:15:45.211246,127,40.77948637476924,127,51.869520807174226,127,40.72252600911614,0
2024-05-01 06:30:45.211246,127,54.405106446850674,127,44.20022311489103,127,50.25729744041542,0
2024-05-01 06:45:45.211246,127,48.655501820518175,127,54.13233220530617,127,48.95802615176353,0
2024-05-01 07:00:45.211246,127,0.0,127,0.0,127,0.0,30
2024-05-01 07:15:45.211246,127,45.1616494302867,127,50.40821400866545,127,42.967162411663786,0
2024-05-01 07:30:45.211246,127,49.895726591621845,127,55.42187968318249,127,47.745746982377156,0
2024-05-01 07:45:45.211246,127,47.00355402451106,127,44.58274207306411,127,46.50024027393768,0
2024-05-01 08:00:45.211246,127,49.379640589605145,127,41.103230859567255,127,48.0213855754844,0
2024-05-01 08:15:45.211246,127,0.0,127,0.0,127,0.0,15
2024-05-01 08:30:45.211246,127,0.0,127,0.0,127,0.0,15
2024-05-01 08:45:45.211246,127,47.191017786132996,127,43.81638852557409,127,41.78049081224265,0
2024-05-01 09:00:45.211246,127,52.574228271522664,127,52.36181421244808,127,43.19212472605388,0
2024-05-01 09:15:45.211246,127,0.0,127,0.0,127,0.0,30
2024-05-01 09:30:45.211246,127,42.31725843999126,127,58.00915447527546,127,56.96439801743556,0
2024-05-01 09:45:45.211246,127,48.089801906254735,127,43.78610097933499,127,47.42263056616551,0
2024-05-01 10:00:45.211246,127,50.24144777301231,127,46.671165517558975,127,52.047075651622876,0
2024-05-01 10:15:45.211246,127,0.0,127,0.0,127,0.0,60
2024-05-01 10:30:45.211246,127,48.19342392492345,127,38.349028540695684,127,42.4963004118759,0
2024-05-01 10:45:45.211246,127,50.5976792540438,127,47.16425973578729,127,49.333079457563116,0
2024-05-01 11:00:45.211246,127,40.545875166697016,127,49.453984802491505,127,51.157622341731994,0
2024-05-01 11:15:45.211246,127,56.279722503546395,127,52.02966145351279,127,38.306965729469994,0
2024-05-01 11:30:45.211246,127,47.93547052105896,127,54.16733553342786,127,46.46811961635987,0
2024-05-01 11:45:45.211246,127,52.80197703364798,127,46.637974780209774,127,46.680932115964254,0
2024-05-01 12:00:45.211246,127,47.67838200088301,127,53.82022451217629,127,50.275221242313926,0
2024-05-01 12:15:45.211246,127,0.0,127,0.0,127,0.0,15
2024-05-01 12:30:45.211246,127,56.211610214126296,127,52.97947546722316,127,46.263410262241926,0
2024-05-01 12:45:45.211246,127,46.77859206983322,127,61.03088214887435,127,43.28196560618573,0
2024-05-01 13:00:45.211246,127,53.32990793784654,127,44.561925701217966,127,54.10029520736852,0
2024-05-01 13:15:45.211246,127,47.124923636136394,127,47.5498476285921,127,43.60608940564663,0
2024-05-01 13:30:45.211246,127,53.20113356046226,127,57.85093489352999,127,52.9449099127875,0
2024-05-01 13:45:45.211246,127,53.729943648462644,127,52.643070642565604,127,43.6017652850643,0
2024-05-01 14:00:45.211246,127,48.11096365278082,127,55.30065426620807,127,52.7180282938478,0
2024-05-01 14:15:45.211246,127,51.645304950097454,127,55.28126334153165,127,49.27364471122763,0
2024-05-01 14:30:45.211246,127,46.461560469829315,127,56.97270568339195,127,44.12816743567025,0
2024-05-01 14:45:45.211246,127,45.056845642483495,127,45.998466319624605,127,45.506574442900046,0
2024-05-01 15:00:45.211246,127,57.153885158498156,127,50.92276621163556,127,59.47405954540984,0
2024-05-01 15:15:45.211246,127,48.86101949221111,127,52.11151061799863,127,47.98304385811325,0
2024-05-01 15:30:45.211246,127,54.08298306005819,127,45.38775818662863,127,49.70809553191474,0
2024-05-01 15:45:45.211246,127,51.45743678388913,127,51.839237791589234,127,49.292982161455186,0
2024-05-01 16:00:45.211246,127,0.0,127,0.0,127,0.0,15
2024-05-01 16:15:45.211246,127,52.84574392283949,127,49.54753451469701,127,46.40554519131628,0
2024-05-01 16:30:45.211246,127,0.0,127,0.0,127,0.0,60
2024-05-01 16:45:45.211246,127,43.23235860877847,127,53.00491368928221,127,51.684865738661465,0
2024-05-01 17:00:45.211246,127,52.96573876412552,127,59.02228801962626,127,61.61306000060442,0
2024-05-01 17:15:45.211246,127,45.435256525998334,127,55.05665184795813,127,61.89773125430372,0
2024-05-01 17:30:45.211246,127,47.37833515300025,127,55.563641703458536,127,63.29574983327839,0
2024-05-01 17:45:45.211246,127,49.169992200471086,127,50.79421668108858,127,51.36413371840819,0
2024-05-01 18:00:45.211246,127,0.0,127,0.0,127,0.0,15
2024-05-01 18:15:45.211246,127,53.64647896444049,127,53.86985878779355,127,53.261876759214175,0
2024-05-01 18:30:45.211246,127,53.321857630130644,127,46.03809040762037,127,46.20499567758196,0
2024-05-01 18:45:45.211246,127,0.0,127,0.0,127,0.0,15
2024-05-01 19:00:45.211246,127,48.80772919239838,127,56.59030828518967,127,45.479183205550164,0
2024-05-01 19:15:45.211246,127,54.758379750740836,127,52.697920086373045,127,44.631907771249814,0
2024-05-01 19:30:45.211246,127,42.96695159033045,127,46.37779882993233,127,55.47117161464723,0
2024-05-01 19:45:45.211246,127,46.48924104549412,127,47.71454597328365,127,43.20255886389836,0
2024-05-01 20:00:45.211246,127,43.892452971757365,127,48.433650509259614,127,53.65198663155379,0
2024-05-01 20:15:45.211246,127,51.467466038834104,127,49.26041248814023,127,47.9388411335768,0
2024-05-01 20:30:45.211246,127,48.534325342042614,127,53.8946820543602,127,49.974921410401116,0
2024-05-01 20:45:45.211246,127,41.34242690477579,127,54.14633399935234,127,39.91765767099079,0
2024-05-01 21:00:45.211246,127,52.05411437339963,127,47.13240046874808,127,57.32582273387379,0
2024-05-01 21:15:45.211246,127,49.181750153821525,127,51.97888667384187,127,48.64766996629078,0
2024-05-01 21:30:45.211246,127,49.98880503033367,127,52.74908633219624,127,49.829629647702376,0
2024-05-01 21:45:45.211246,127,0.0,127,0.0,127,0.0,60
2024-05-01 22:00:45.211246,127,60.50360034765508,127,50.14410566766578,127,51.93863536892388,0
2024-05-01 22:15:45.211246,127,48.99978076613032,127,42.61850208918379,127,48.41938769710337,0
2024-05-01 22:30:45.211246,127,51.5191122460005,127,47.42542225720322,127,51.29479989334058,0
2024-05-01 22:45:45.211246,127,50.025600962476865,127,50.63534393113466,127,51.545214748518646,0
2024-05-01 23:00:45.211246,127,49.76411408206191,127,53.92007543886764,127,51.726739821310815,0
2024-05-01 23:15:45.211246,127,0.0,127,0.0,127,0.0,60
2024-05-01 23:30:45.211246,127,46.65999965153566,127,36.48222171457907,127,50.81638661741251,0
2024-05-01 23:45:45.211246,127,38.99163052960428,127,51.433952791317225,127,51.6453285638095,0
2024-05-02 00:00:45.211246,127,0.0,127,0.0,127,0.0,60
2024-05-02 00:15:45.211246,127,53.970990974466915,127,44.240303343340564,127,52.36278754177901,0
2024-05-02 00:30:45.211246,127,46.6951359595611,127,53.2996791805138,127,38.75345887753145,0
2024-05-02 00:45:45.211246,127,0.0,127,0.0,127,0.0,60
2024-05-02 01:00:45.211246,127,47.502992088666346,127,42.022186454239794,127,35.05171228452235,0
2024-05-02 01:15:45.211246,127,46.55091490108818,127,44.32274147367604,127,40.893879471148,0
2024-05-02 01:30:45.211246,127,54.16732113592256,127,59.79568537004472,127,53.91929516620922,0
2024-05-02 01:45:45.211246,127,50.158173912421844,127,35.15782389866345,127,47.31672665910077,0
2024-05-02 02:00:45.211246,127,57.769794149439946,127,53.41407059842962,127,49.67398824503025,0
2024-05-02 02:15:45.211246,127,50.868973490122904,127,53.49043213117643,127,51.095118904406284,0
2024-05-02 02:30:45.211246,127,0.0,127,0.0,127,0.0,30
2024-05-02 02:45:45.211246,127,47.858227121161875,127,48.770866387224686,127,41.39451011817784,0
2024-05-02 03:00:45.211246,127,52.916767612010204,127,49.7667350823737,127,44.64790319495019,0
2024-05-02 03:15:45.211246,127,50.046611668350316,127,52.446142865224466,127,44.658334103669674,0
2024-05-02 03:30:45.211246,127,55.86312076506515,127,50.5869441822041,127,52.17884595328598,0
2024-05-02 03:45:45.211246,127,50.187179592794635,127,59.41942011790642,127,62.38045704303775,0
2024-05-02 04:00:45.211246,127,58.73459068809606,127,51.00739502599519,127,50.596563404427364,0
2024-05-02 04:15:45.211246,127,44.50325953750574,127,52.70786670898477,127,52.61486466204222,0
2024-05-02 04:30:45.211246,127,48.58223706210549,127,44.3301839973317,127,37.612523621220085,0
2024-05-02 04:45:45.211246,127,53.17826531494525,127,46.84777660437904,127,47.98191700161186,0
2024-05-02 05:00:45.211246,127,0.0,127,0.0,127,0.0,30
2024-05-02 05:15:45.211246,127,45.76304571266247,127,45.96957601687275,127,52.75882938515973,0
2024-05-02 05:30:45.211246,127,54.194384404167266,127,51.09340198918047,127,49.43622090415836,0
2024-05-02 05:45:45.211246,127,52.79398720458372,127,52.65575716269396,127,51.015419728289324,0
2024-05-02 06:00:45.211246,127,46.33542692776505,127,56.76729823783201,127,56.474233857502604,0
2024-05-02 06:15:45.211246,127,47.376437051402135,127,48.947868885862185,127,54.06189282999482,0
2024-05-02 06:30:45.211246,127,54.948851397973016,127,54.381727586694694,127,49.71264344103399,0
2024-05-02 06:45:45.211246,127,53.24671105522584,127,51.02711224157124,127,52.045130682524416,0
2024-05-02 07:00:45.211246,127,0.0,127,0.0,127,0.0,15
2024-05-02 07:15:45.211246,127,50.18169486124025,127,50.59635260723355,127,57.107080636019376,0
2024-05-02 07:30:45.211246,127,49.86417465132575,127,44.708065290743136,127,55.974309177316464,0
2024-05-02 07:45:45.211246,127,59.47376194209245,127,45.55818495193297,127,47.48779743959284,0
2024-05-02 08:00:45.211246,127,49.3724106022472,127,56.1383818604507,127,51.90036591394955,0
2024-05-02 08:15:45.211246,127,47.08020694367353,127,53.57185463664176,127,50.419420049118635,0
2024-05-02 08:30:45.211246,127,0.0,127,0.0,127,0.0,30
2024-05-02 08:45:45.211246,127,0.0,127,0.0,127,0.0,15
2024-05-02 09:00:45.211246,127,42.773223642153766,127,47.406027320575404,127,52.92777844167106,0
2024-05-02 09:15:45.211246,127,54.17539382309258,127,50.075432178603435,127,51.31589662296559,0
2024-05-02 09:30:45.211246,127,49.875404023183215,127,46.69675980335193,127,46.08476607803786,0
2024-05-02 09:45:45.211246,127,47.180777041173044,127,48.85750986232574,127,54.243652465231335,0
2024-05-02 10:00:45.211246,127,55.87932582288966,127,44.92051089114511,127,48.637584521137796,0
2024-05-02 10:15:45.211246,127,47.146320022134,127,50.557190312512255,127,49.89090680951792,0
2024-05-02 10:30:45.211246,127,58.66455615921469,127,57.00832369387885,127,44.946947632018286,0
2024-05-02 10:45:45.211246,127,48.57043482023963,127,40.284196553148035,127,49.1424528600965,0
2024-05-02 11:00:45.211246,127,50.78396560823768,127,45.64902787047798,127,50.24138555144045,0
2024-05-02 11:15:45.211246,127,0.0,127,0.0,127,0.0,15
2024-05-02 11:30:45.211246,127,0.0,127,0.0,127,0.0,30
2024-05-02 11:45:45.211246,127,51.493601529965346,127,38.86347901914402,127,47.37588968056469,0
2024-05-02 12:00:45.211246,127,56.415612319599056,127,49.20972734501383,127,48.33837188373192,0
2024-05-02 12:15:45.211246,127,51.606270334261396,127,46.519566168234505,127,48.13869675188104,0
2024-05-02 12:30:45.211246,127,48.31097252620019,127,52.43389179847259,127,45.217959175666564,0
2024-05-02 12:45:45.211246,127,0.0,127,0.0,127,0.0,60
2024-05-02 13:00:45.211246,127,50.198926200979386,127,54.09662344904987,127,56.43681937996046,0
2024-05-02 13:15:45.211246,127,55.997351072424635,127,43.89247027134033,127,46.08805545553972,0
2024-05-02 13:30:45.211246,127,51.084134405214684,127,53.414850969960796,127,41.35794578835343,0
2024-05-02 13:45:45.211246,127,43.36004457161408,127,57.10435053118581,127,59.575947709990864,0
2024-05-02 14:00:45.211246,127,47.918903740999724,127,56.49127251468933,127,51.9323062364781,0
2024-05-02 14:15:45.211246,127,46.53022447918636,127,49.2731146393388,127,41.37327778302544,0
2024-05-02 14:30:45.211246,127,51.963478035159135,127,50.992811060795184,127,56.48094512184768,0
2024-05-02 14:45:45.211246,127,0.0,127,0.0,127,0.0,60
2024-05-02 15:00:45.211246,127,50.683278335220656,127,50.68919151107252,127,45.27830334751833,0
2024-05-02 15:15:45.211246,127,51.8733969735638,127,47.18322662302336,127,50.267976722088235,0
2024-05-02 15:30:45.211246,127,54.48743340083961,127,42.19833476261537,127,56.953285760130356,0
2024-05-02 15:45:45.211246,127,50.39024582347831,127,45.807392465713136,127,47.463211056421926,0
2024-05-02 16:00:45.211246,127,52.074274020293345,127,56.39936575186484,127,54.24008417630206,0
2024-05-02 16:15:45.211246,127,53.2825267446431,127,51.856140524529664,127,48.99352135449239,0
2024-05-02 16:30:45.211246,127,51.05799797058811,127,47.28159299321328,127,47.93959443815929,0
2024-05-02 16:45:45.211246,127,51.35336419436551,127,54.513061550091365,127,53.24563086020944,0
2024-05-02 17:00:45.211246,127,45.582189795764776,127,46.13769732615813,127,55.88884446897677,0
2024-05-02 17:15:45.211246,127,50.98158581685602,127,47.66211506888974,127,51.17870605805461,0
2024-05-02 17:30:45.211246,127,41.23471619142222,127,39.410816591259845,127,56.618642485267664,0
2024-05-02 17:45:45.211246,127,43.63779273269074,127,49.18763465729245,127,47.02361652056398,0
2024-05-02 18:00:45.211246,127,50.32014009815457,127,50.653167371680674,127,43.56602904376964,0
2024-05-02 18:15:45.211246,127,47.76905306276217,127,48.2241681894011,127,52.761262105561684,0
2024-05-02 18:30:45.211246,127,0.0,127,0.0,127,0.0,15
2024-05-02 18:45:45.211246,127,61.25022151252513,127,46.64500490200944,127,52.40538974674568,0
2024-05-02 19:00:45.211246,127,40.27298874988744,127,45.70483386806181,127,50.579127403324385,0
2024-05-02 19:15:45.211246,127,38.040154449497315,127,52.94849753236591,127,52.4907876912324,0
2024-05-02 19:30:45.211246,127,60.26204303701505,127,44.567907911750254,127,42.90632644084588,0
2024-05-02 19:45:45.211246,127,46.37823348891566,127,42.14804296600729,127,51.264339324508576,0
2024-05-02 20:00:45.211246,127,59.26618757254366,127,48.14344067705552,127,48.41229259489376,0
2024-05-02 20:15:45.211246,127,48.22769363436519,127,47.01764568639112,127,48.19278575765135,0
2024-05-02 20:30:45.211246,127,39.308618490940894,127,44.117779191552,127,57.1320899086333,0
2024-05-02 20:45:45.211246,127,0.0,127,0.0,127,0.0,60
2024-05-02 21:00:45.211246,127,44.796111069318684,127,48.38509397642264,127,49.362774130973435,0
2024-05-02 21:15:45.211246,127,49.486906640427186,127,42.96665963734143,127,50.58369833259768,0
2024-05-02 21:30:45.211246,127,53.28278308910757,127,50.18193122875051,127,59.16308999645927,0
2024-05-02 21:45:45.211246,127,0.0,127,0.0,127,0.0,30
2024-05-02 22:00:45.211246,127,51.01866203548179,127,59.97208490999016,127,51.013198407918196,0
2024-05-02 22:15:45.211246,127,41.61572764805109,127,56.47607235049201,127,50.77346051844283,0
2024-05-02 22:30:45.211246,127,0.0,127,0.0,127,0.0,60
2024-05-02 22:45:45.211246,127,47.06213201338994,127,54.04546545325136,127,51.24341463614257,0
2024-05-02 23:00:45.211246,127,50.491164598782056,127,51.26094112618611,127,47.89471438748281,0
2024-05-02 23:15:45.211246,127,51.688176463148245,127,49.81265625046833,127,48.5780273993571,0
2024-05-02 23:30:45.211246,127,50.18103372600949,127,57.63598949444577,127,49.22253639453402,0
2024-05-02 23:45:45.211246,127,48.034552144025355,127,60.28868059225515,127,58.462334006549085,0
2024-05-03 00:00:45.211246,127,47.86697004625453,127,60.02560862375813,127,50.08210660580557,0
2024-05-03 00:15:45.211246,127,55.74082595420812,127,59.706057778169054,127,50.84778307332748,0
2024-05-03 00:30:45.211246,127,48.096456069656426,127,47.44384871690628,127,47.10529285187031,0
2024-05-03 00:45:45.211246,127,46.86351912335104,127,52.64299035777476,127,54.92712699061083,0
2024-05-03 01:00:45.211246,127,47.74485234000667,127,55.561827843629466,127,42.8759305975736,0
2024-05-03 01:15:45.211246,127,47.31074501450945,127,54.768395688555024,127,55.50097271701808,0
2024-05-03 01:30:45.211246,127,48.25048591580938,127,46.98833423508207,127,39.825688475093614,0
2024-05-03 01:45:45.211246,127,42.48904956535288,127,56.17874169686195,127,53.714101985713455,0
2024-05-03 02:00:45.211246,127,57.478260616427384,127,42.64992976308082,127,50.62359887480917,0
2024-05-03 02:15:45.211246,127,49.31004646930076,127,52.679514289777906,127,57.06376092554558,0
2024-05-03 02:30:45.211246,127,51.67754550004435,127,57.87372321832208,127,49.50554061758692,0
2024-05-03 02:45:45.211246,127,53.114687468635104,127,56.554473104948705,127,53.45386526380157,0
2024-05-03 03:00:45.211246,127,61.57772537531988,127,49.85974428318216,127,53.2291807213757,0
2024-05-03 03:15:45.211246,127,47.21149718562086,127,49.81312568092141,127,43.28563855491155,0
2024-05-03 03:30:45.211246,127,53.13795944845354,127,48.89011889211898,127,54.17343759427935,0
2024-05-03 03:45:45.211246,127,0.0,127,0.0,127,0.0,60
2024-05-03 04:00:45.211246,127,0.0,127,0.0,127,0.0,30
2024-05-03 04:15:45.211246,127,48.484166135496295,127,52.767887047539894,127,52.66656590828031,0
2024-05-03 04:30:45.211246,127,51.5531297560084,127,52.30934397142511,127,57.77124517813087,0
2024-05-03 04:45:45.211246,127,42.073957326482024,127,55.202289420370356,127,52.28528375546629,0
2024-05-03 05:00:45.211246,127,38.513072174250574,127,46.181632316445,127,48.34836242413125,0
2024-05-03 05:15:45.211246,127,51.2979214676136,127,47.37966264760137,127,43.60789394331599,0
2024-05-03 05:30:45.211246,127,0.0,127,0.0,127,0.0,30
2024-05-03 05:45:45.211246,127,57.210129098562035,127,44.1573054033439,127,55.95880395681209,0
2024-05-03 06:00:45.211246,127,0.0,127,0.0,127,0.0,30
2024-05-03 06:15:45.211246,127,52.74253265087721,127,47.680081945486435,127,44.428280627973244,0
2024-05-03 06:30:45.211246,127,0.0,127,0.0,127,0.0,15
2024-05-03 06:45:45.211246,127,53.099692057695144,127,53.88762299536661,127,40.895973202750895,0
2024-05-03 07:00:45.211246,127,53.33298116775201,127,48.05530906975715,127,48.2211730367724,0
2024-05-03 07:15:45.211246,127,57.26172218752949,127,56.86414809756925,127,50.69187278524661,0
2024-05-03 07:30:45.211246,127,53.79803983892336,127,54.04779154741556,127,40.438706328334256,0
2024-05-03 07:45:45.211246,127,48.277689641271934,127,53.42400465988557,127,59.52665190674024,0
2024-05-03 08:00:45.211246,127,52.04281273820597,127,42.01178976332165,127,54.275467044404294,0
2024-05-03 08:15:45.211246,127,51.29307978439676,127,54.207874019494106,127,46.77962181578517,0
2024-05-03 08:30:45.211246,127,52.96770421799237,127,51.05585807684076,127,47.57376926827179,0
2024-05-03 08:45:45.211246,127,47.055846878580525,127,42.750578612887175,127,41.166281032952085,0
2024-05-03 09:00:45.211246,127,50.92900140009104,127,48.22447153215957,127,52.41581217343928,0
2024-05-03 09:15:45.211246,127,0.0,127,0.0,127,0.0,60
2024-05-03 09:30:45.211246,127,48.84892929747841,127,48.85435108908861,127,47.23007983837997,0
2024-05-03 09:45:45.211246,127,54.767432453162456,127,47.54998140520723,127,45.05745940506085,0
2024-05-03 10:00:45.211246,127,50.55845916422402,127,48.66676928898561,127,45.6429669179558,0
2024-05-03 10:15:45.211246,127,61.91914593752427,127,51.09595782970223,127,53.92116078532152,0
2024-05-03 10:30:45.211246,127,42.16690062416348,127,47.29405188165605,127,46.051080610428436,0
2024-05-03 10:45:45.211246,127,43.366085629168445,127,41.22310114395076,127,59.69831353418764,0
2024-05-03 11:00:45.211246,127,45.31923176624994,127,45.60865707224819,127,48.95012503293375,0
2024-05-03 11:15:45.211246,127,44.098943873970974,127,42.33526480450086,127,55.807840254704665,0
2024-05-03 11:30:45.211246,127,55.62433057086558,127,51.542780346454286,127,48.365500538622676,0
2024-05-03 11:45:45.211246,127,48.90901317440648,127,47.87887787180695,127,47.85541614260564,0
2024-05-03 12:00:45.211246,127,58.06895108106285,127,48.289799009544865,127,50.32064099484561,0
2024-05-03 12:15:45.211246,127,44.113127758050084,127,42.224835941626495,127,54.72041083391486,0
2024-05-03 12:30:45.211246,127,59.453424254931804,127,51.10375308017349,127,49.29707328507394,0
2024-05-03 12:45:45.211246,127,53.712858270618256,127,48.99686781611149,127,51.73213986158135,0
2024-05-03 13:00:45.211246,127,56.70041776204894,127,54.29709999117719,127,44.31930796014031,0
2024-05-03 13:15:45.211246,127,59.14965762052297,127,51.55781731869769,127,56.11248033690325,0
2024-05-03 13:30:45.211246,127,53.496302030420246,127,38.259710953701614,127,54.23702471395322,0
2024-05-03 13:45:45.211246,127,39.65333012421352,127,47.26638518104385,127,43.955810701643756,0
2024-05-03 14:00:45.211246,127,47.096225427173216,127,50.91763885975859,127,46.6421863089511,0
2024-05-03 14:15:45.211246,127,54.159107399686846,127,43.9913635499395,127,54.566527612862174,0
2024-05-03 14:30:45.211246,127,52.44983316558156,127,53.68877101953674,127,52.42972417541405,0
2024-05-03 14:45:45.211246,127,48.566176258401725,127,45.571579701857964,127,49.27993844888639,0
2024-05-03 15:00:45.211246,127,48.346549781305995,127,46.567169794219005,127,50.21225195139637,0
2024-05-03 15:15:45.211246,127,42.24364713781261,127,53.08967175383225,127,56.1722719437223,0
2024-05-03 15:30:45.211246,127,42.78250496322063,127,52.055979161870326,127,46.61135545409971,0
2024-05-03 15:45:45.211246,127,0.0,127,0.0,127,0.0,60
2024-05-03 16:00:45.211246,127,59.45237286678769,127,53.83953601271514,127,49.23024060406989,0
2024-05-03 16:15:45.211246,127,57.790612158185176,127,43.16105471499127,127,43.95387653779057,0
2024-05-03 16:30:45.211246,127,46.321879298354226,127,45.89428482873595,127,48.6710763735353,0
2024-05-03 16:45:45.211246,127,53.57121303343632,127,51.1321663684742,127,45.0619525510128,0
2024-05-03 17:00:45.211246,127,44.7095182778761,127,50.03859239764412,127,49.52576658937774,0
2024-05-03 17:15:45.211246,127,52.69635603402405,127,57.027397962680034,127,55.70095849260737,0
2024-05-03 17:30:45.211246,127,53.879945854727545,127,50.85700018057322,127,49.561765988709276,0
2024-05-03 17:45:45.211246,127,40.60833227404771,127,44.2718723494425,127,45.71988430026184,0
2024-05-03 18:00:45.211246,127,45.82643539584708,127,51.81094976638265,127,41.772864947457435,0
2024-05-03 18:15:45.211246,127,50.33906240710448,127,45.3541975224572,127,38.48569557244495,0
2024-05-03 18:30:45.211246,127,52.139062752201966,127,56.31957555360687,127,47.362325253983,0
2024-05-03 18:45:45.211246,127,43.924999168017536,127,57.43683413397266,127,44.66243886029584,0
2024-05-03 19:00:45.211246,127,0.0,127,0.0,127,0.0,30
2024-05-03 19:15:45.211246,127,0.0,127,0.0,127,0.0,15
2024-05-03 19:30:45.211246,127,56.23964737046564,127,47.336785132148364,127,54.532349000623036,0
2024-05-03 19:45:45.211246,127,54.556255093737505,127,45.67585025775646,127,49.674916167372174,0
2024-05-03 20:00:45.211246,127,51.78458128109782,127,50.534733146629996,127,51.97700202331489,0
2024-05-03 20:15:45.211246,127,50.86495063242831,127,49.68202605068055,127,51.28944908302054,0
2024-05-03 20:30:45.211246,127,49.328753104589104,127,54.53457760103515,127,46.03688111695232,0
2024-05-03 20:45:45.211246,127,52.63185972619558,127,47.0555004991223,127,44.41847361281787,0
2024-05-03 21:00:45.211246,127,51.3415345767932,127,48.64372547038479,127,39.82892069715553,0
2024-05-03 21:15:45.211246,127,52.27266480998645,127,50.18321661157197,127,46.27296015550343,0
2024-05-03 21:30:45.211246,127,50.14487902734263,127,48.87100213818479,127,48.85276043576855,0
2024-05-03 21:45:45.211246,127,63.77089829814066,127,42.87866513194324,127,49.895300432593785,0
2024-05-03 22:00:45.211246,127,46.97628009545118,127,45.099407488193776,127,58.36206073681013,0
2024-05-03 22:15:45.211246,127,49.38451384291898,127,48.25869189194906,127,50.924461774948426,0
2024-05-03 22:30:45.211246,127,54.04520195826987,127,45.57828704430404,127,50.65394462006513,0
2024-05-03 22:45:45.211246,127,45.721256150667784,127,53.64668136959379,127,60.15089297414332,0
2024-05-03 23:00:45.211246,127,48.29691384667634,127,50.02958730551968,127,48.03056168460306,0
2024-05-03 23:15:45.211246,127,47.690986337667695,127,56.920207136360574,127,49.95448990668617,0
2024-05-03 23:30:45.211246,127,53.81817692135494,127,41.237141243283375,127,49.85980762474244,0
2024-05-03 23:45:45.211246,127,51.060543209475824,127,50.616281151791426,127,50.02914548241404,0
2024-05-04 00:00:45.211246,127,0.0,127,0.0,127,0.0,15
2024-05-04 00:15:45.211246,127,53.43756842196322,127,51.56155517046948,127,57.4955331942967,0
2024-05-04 00:30:45.211246,127,50.45463090310444,127,43.38237277956548,127,46.803014180234584,0
2024-05-04 00:45:45.211246,127,54.659179951879636,127,55.635107895130396,127,48.38037171894245,0
2024-05-04 01:00:45.211246,127,53.064003786637244,127,44.68693286443402,127,44.827782963784095,0
2024-05-04 01:15:45.211246,127,42.86819908402798,127,49.049987358119665,127,45.6124909604955,0
2024-05-04 01:30:45.211246,127,42.05059182139411,127,54.70327713171758,127,45.66511519350852,0
2024-05-04 01:45:45.211246,127,44.16850609183067,127,42.997255228338666,127,42.48425130336926,0
2024-05-04 02:00:45.211246,127,0.0,127,0.0,127,0.0,15
2024-05-04 02:15:45.211246,127,46.62323124163449,127,48.49093880270627,127,39.84192120554094,0
2024-05-04 02:30:45.211246,127,44.66143701367578,127,47.86864863570816,127,41.8287148136729,0
2024-05-04 02:45:45.211246,127,0.0,127,0.0,127,0.0,30
2024-05-04 03:00:45.211246,127,45.4912509147123,127,43.13800801974389,127,37.922037420603104,0
2024-05-04 03:15:45.211246,127,58.12405025211882,127,49.39826391111826,127,50.56024469331948,0
2024-05-04 03:30:45.211246,127,0.0,127,0.0,127,0.0,15
2024-05-04 03:45:45.211246,127,56.12124287703508,127,46.442559610607304,127,47.51389056212187,0
2024-05-04 04:00:45.211246,127,0.0,127,0.0,127,0.0,30
2024-05-04 04:15:45.211246,127,52.98783581291469,127,52.67242840016124,127,59.07146941611316,0
2024-05-04 04:30:45.211246,127,0.0,127,0.0,127,0.0,30
2024-05-04 04:45:45.211246,127,57.10877151844872,127,56.714614824227674,127,59.43815982901394,0
2024-05-04 05:00:45.211246,127,50.77772656941371,127,52.960624959334325,127,49.34305766904465,0
2024-05-04 05:15:45.211246,127,42.62893632011029,127,52.24917906276207,127,57.02560612492692,0
2024-05-04 05:30:45.211246,127,49.82226862976687,127,37.87973048800142,127,36.40056240972702,0
2024-05-04 05:45:45.211246,127,0.0,127,0.0,127,0.0,30
2024-05-04 06:00:45.211246,127,47.41575892471401,127,56.42238660675132,127,40.50728449854155,0
2024-05-04 06:15:45.211246,127,0.0,127,0.0,127,0.0,30
2024-05-04 06:30:45.211246,127,56.01744223732149,127,49.78183815951388,127,49.428465021945264,0
2024-05-04 06:45:45.211246,127,56.27859291207704,127,51.777192828440725,127,50.039100986693704,0
2024-05-04 07:00:45.211246,127,51.22642014803128,127,49.83514204727573,127,51.22050684520367,0
2024-05-04 07:15:45.211246,127,49.55995549373308,127,53.18767738067662,127,49.05965139388779,0
2024-05-04 07:30:45.211246,127,42.63504065661609,127,44.915624132642215,127,45.13613786757088,0
2024-05-04 07:45:45.211246,127,57.68104287105753,127,49.931547035558935,127,57.18524943702853,0
2024-05-04 08:00:45.211246,127,40.251308521303905,127,42.745367000296284,127,52.48810185848671,0
2024-05-04 08:15:45.211246,127,50.20169709185557,127,49.43360222467105,127,52.30857407122774,0
2024-05-04 08:30:45.211246,127,55.60529158923675,127,59.16697989766979,127,54.38108363303615,0
2024-05-04 08:45:45.211246,127,55.827204368737696,127,54.46543081511092,127,56.59110106521967,0
2024-05-04 09:00:45.211246,127,55.252406358674385,127,61.839622979799564,127,47.888637687719324,0
2024-05-04 09:15:45.211246,127,53.13741532030657,127,60.27302141760674,127,48.6083537683674,0
2024-05-04 09:30:45.211246,127,52.261230787149,127,49.57338079406835,127,38.747583009633004,0
2024-05-04 09:45:45.211246,127,57.82419069226122,127,50.11283889778588,127,45.68988772598253,0
2024-05-04 10:00:45.211246,127,0.0,127,0.0,127,0.0,30
2024-05-04 10:15:45.211246,127,0.0,127,0.0,127,0.0,60
2024-05-04 10:30:45.211246,127,51.71715894107947,127,57.32756412536133,127,54.10082975351875,0
2024-05-04 10:45:45.211246,127,0.0,127,0.0,127,0.0,15
2024-05-04 11:00:45.211246,127,0.0,127,0.0,127,0.0,30
2024-05-04 11:15:45.211246,127,0.0,127,0.0,127,0.0,60
2024-05-04 11:30:45.211246,127,0.0,127,0.0,127,0.0,30
2024-05-04 11:45:45.211246,127,54.58879875667674,127,50.63055774881257,127,43.373260391495734,0
2024-05-04 12:00:45.211246,127,41.32553482627874,127,56.19039321698747,127,37.498334049377554,0
2024-05-04 12:15:45.211246,127,57.890051495455694,127,43.50624772852825,127,44.09149789907076,0
2024-05-04 12:30:45.211246,127,52.88096917409417,127,54.02669956872259,127,56.0697502088826,0
2024-05-04 12:45:45.211246,127,51.72963556012767,127,53.868349445417024,127,51.411039096271885,0
2024-05-04 13:00:45.211246,127,51.91920445514249,127,46.600580374599936,127,58.93141715727819,0
2024-05-04 13:15:45.211246,127,51.9152999025116,127,53.06164597768525,127,57.043208072824456,0
2024-05-04 13:30:45.211246,127,42.73919097395158,127,58.2574872216199,127,49.118858247877256,0
2024-05-04 13:45:45.211246,127,51.777117392753254,127,53.85941164503976,127,37.85589994191798,0
2024-05-04 14:00:45.211246,127,57.221143501557535,127,48.62035190783588,127,51.322582301334776,0
2024-05-04 14:15:45.211246,127,51.243174228798196,127,35.52692331565595,127,43.63908722100518,0
2024-05-04 14:30:45.211246,127,45.60805017949992,127,52.34627172194762,127,48.324191802941606,0
2024-05-04 14:45:45.211246,127,38.29682624928972,127,45.76161671821623,127,57.64210418497655,0
2024-05-04 15:00:45.211246,127,50.00756108054055,127,46.30425484255732,127,57.17381039204754,0
2024-05-04 15:15:45.211246,127,0.0,127,0.0,127,0.0,15
2024-05-04 15:30:45.211246,127,47.44474289379664,127,45.05734020994073,127,55.014896801198354,0
2024-05-04 15:45:45.211246,127,50.07184989098148,127,51.26643095422518,127,48.52288386166692,0
2024-05-04 16:00:45.211246,127,48.98909972707881,127,54.387953734966814,127,44.65449764059295,0
2024-05-04 16:15:45.211246,127,57.02731054509485,127,46.823039678000214,127,43.8683380599365,0
2024-05-04 16:30:45.211246,127,47.36809041192027,127,52.338481627659554,127,49.0433383121012,0
2024-05-04 16:45:45.211246,127,43.507165240281914,127,53.53102445205244,127,46.824163816934735,0
2024-05-04 17:00:45.211246,127,54.409503102628435,127,61.85554547655265,127,49.41307467366651,0
2024-05-04 17:15:45.211246,127,63.15135624601821,127,52.02459975937968,127,45.60388790386444,0
2024-05-04 17:30:45.211246,127,0.0,127,0.0,127,0.0,15
2024-05-04 17:45:45.211246,127,49.26953763535058,127,65.46843872950129,127,49.894926337993404,0
2024-05-04 18:00:45.211246,127,50.75588095029669,127,55.41456741287241,127,44.815639807698076,0
2024-05-04 18:15:45.211246,127,47.912316483024824,127,59.33554019108692,127,44.17471450800745,0
2024-05-04 18:30:45.211246,127,0.0,127,0.0,127,0.0,15
2024-05-04 18:45:45.211246,127,57.73298260951853,127,49.42742878950357,127,51.33038370073687,0
2024-05-04 19:00:45.211246,127,51.61534524537378,127,44.48709563816069,127,55.674095863061986,0
2024-05-04 19:15:45.211246,127,53.81502190037831,127,41.4719715960111,127,47.18087304966393,0
2024-05-04 19:30:45.211246,127,51.25164816541211,127,51.06046471626552,127,45.658253894599135,0
2024-05-04 19:45:45.211246,127,43.966720278172666,127,52.49870693266383,127,45.309503822514955,0
2024-05-04 20:00:45.211246,127,54.59523000859613,127,48.62247113976867,127,42.722621342829044,0
2024-05-04 20:15:45.211246,127,44.36212027259706,127,49.378832688023856,127,54.81797545072171,0
2024-05-04 20:30:45.211246,127,44.54182805901796,127,62.42242189944213,127,44.17495658928124,0
2024-05-04 20:45:45.211246,127,58.441860102735916,127,44.88275216553529,127,49.79194898056386,0
2024-05-04 21:00:45.211246,127,56.33469324918767,127,46.3210897417711,127,54.17845478709508,0
2024-05-04 21:15:45.211246,127,47.68376100575396,127,54.35744255222851,127,39.445772608645285,0
2024-05-04 21:30:45.211246,127,46.9777849975479,127,58.10042926555874,127,38.8172276051215,0
2024-05-04 21:45:45.211246,127,51.71054827393346,127,48.77723629432532,127,48.758395230290404,0
2024-05-04 22:00:45.211246,127,52.37978635992713,127,50.25184909422397,127,48.13435814010813,0
2024-05-04 22:15:45.211246,127,49.52005985797796,127,43.136055484853635,127,47.55094509637421,0
2024-05-04 22:30:45.211246,127,52.600741665218955,127,49.16469434365424,127,54.085642181746344,0
2024-05-04 22:45:45.211246,127,56.813098062334,127,48.47980639037285,127,43.20937578910729,0
2024-05-04 23:00:45.211246,127,58.49266803046298,127,49.21355332107713,127,51.90224912530302,0
2024-05-04 23:15:45.211246,127,0.0,127,0.0,127,0.0,30
2024-05-04 23:30:45.211246,127,0.0,127,0.0,127,0.0,15
2024-05-04 23:45:45.211246,127,53.57729865693426,127,42.39525521545989,127,49.198769440104066,0
2024-05-05 00:00:45.211246,127,53.09120632084045,127,47.989011736266754,127,61.711714636222126,0
2024-05-05 00:15:45.211246,127,53.30113409008318,127,43.734373605784704,127,42.24876361277668,0
2024-05-05 00:30:45.211246,127,54.89158287585596,127,55.49704495036424,127,40.76104865868827,0
2024-05-05 00:45:45.211246,127,48.80636415807712,127,52.03247941536848,127,53.29331141252376,0
2024-05-05 01:00:45.211246,127,46.46771391678748,127,52.85622078769599,127,46.956507515323295,0
2024-05-05 01:15:45.211246,127,0.0,127,0.0,127,0.0,30
2024-05-05 01:30:45.211246,127,50.345894859036804,127,53.61828870994566,127,55.62207065662906,0
2024-05-05 01:45:45.211246,127,53.876546982153116,127,53.24238442939064,127,39.262108862349244,0
2024-05-05 02:00:45.211246,127,0.0,127,0.0,127,0.0,60
2024-05-05 02:15:45.211246,127,39.61961790805067,127,58.73322696822488,127,53.11030237457349,0
2024-05-05 02:30:45.211246,127,63.458195274383016,127,48.17888221936118,127,46.97428148762542,0
2024-05-05 02:45:45.211246,127,53.12176912068476,127,46.85156427755122,127,52.61145853748412,0
2024-05-05 03:00:45.211246,127,52.45154414673676,127,52.0926991654478,127,46.03573261031115,0
2024-05-05 03:15:45.211246,127,47.66416521959145,127,44.2500212822831,127,48.31758385320753,0
2024-05-05 03:30:45.211246,127,42.44185899162101,127,50.911938036823415,127,50.14110148210283,0
2024-05-05 03:45:45.211246,127,53.54360550254711,127,40.61158691703888,127,55.01617983527643,0
2024-05-05 04:00:45.211246,127,51.332337098374964,127,58.36018975805852,127,49.4265361709683,0
2024-05-05 04:15:45.211246,127,50.03113702704089,127,53.072263231622564,127,59.68942196015431,0
2024-05-05 04:30:45.211246,127,57.698160821607125,127,47.611063084559184,127,55.456722737908706,0
2024-05-05 04:45:45.211246,127,48.852043948809005,127,47.62426864443732,127,46.03112935834005,0
2024-05-05 05:00:45.211246,127,44.11476964002797,127,50.011335853887395,127,55.521592769871916,0
2024-05-05 05:15:45.211246,127,0.0,127,0.0,127,0.0,60
2024-05-05 05:30:45.211246,127,48.77788353236176,127,54.24667245694488,127,48.04770095347162,0
2024-05-05 05:45:45.211246,127,47.80172979164682,127,47.39264680805153,127,67.68449952956016,0
2024-05-05 06:00:45.211246,127,0.0,127,0.0,127,0.0,15
2024-05-05 06:15:45.211246,127,55.2185269421609,127,52.68303687091111,127,37.15427098500527,0
2024-05-05 06:30:45.211246,127,0.0,127,0.0,127,0.0,30
2024-05-05 06:45:45.211246,127,45.7637996401144,127,38.88639960226551,127,49.77241197996599,0
2024-05-05 07:00:45.211246,127,58.18120640377682,127,54.46161913355345,127,44.02887294819958,0
2024-05-05 07:15:45.211246,127,61.88826153989675,127,50.513410798633245,127,51.17589683368294,0
2024-05-05 07:30:45.211246,127,0.0,127,0.0,127,0.0,15
2024-05-05 07:45:45.211246,127,50.993152263048614,127,51.00183042096461,127,50.11471374112364,0
2024-05-05 08:00:45.211246,127,42.838252596444406,127,56.25616969130173,127,43.580455225251654,0
2024-05-05 08:15:45.211246,127,50.40445626344771,127,47.79573237993905,127,48.671797771221115,0
2024-05-05 08:30:45.211246,127,57.67381123393152,127,54.20594454761327,127,49.07004971699419,0
2024-05-05 08:45:45.211246,127,54.378263877356716,127,50.234940038844776,127,52.74588645556238,0
2024-05-05 09:00:45.211246,127,0.0,127,0.0,127,0.0,30
2024-05-05 09:15:45.211246,127,43.75293342810612,127,53.18101530361953,127,53.341680750112246,0
2024-05-05 09:30:45.211246,127,56.66634060425991,127,50.25479517728844,127,51.36691764106833,0
2024-05-05 09:45:45.211246,127,52.24620453904495,127,58.34025837374915,127,55.77495255650987,0
2024-05-05 10:00:45.211246,127,49.90349420877719,127,47.797477520726865,127,53.44760001148286,0
2024-05-05 10:15:45.211246,127,51.42290338992984,127,45.363339646648164,127,44.64084202995543,0
2024-05-05 10:30:45.211246,127,43.26575187221793,127,52.4197005890094,127,53.58675359739462,0
2024-05-05 10:45:45.211246,127,0.0,127,0.0,127,0.0,15
2024-05-05 11:00:45.211246,127,0.0,127,0.0,127,0.0,60
2024-05-05 11:15:45.211246,127,41.93508456669978,127,45.81679411232139,127,58.39843166364821,0
2024-05-05 11:30:45.211246,127,53.501830888208126,127,56.73736365961661,127,44.09731192800012,0
2024-05-05 11:45:45.211246,127,54.84495969647665,127,48.76422358637075,127,54.70830943256368,0
2024-05-05 12:00:45.211246,127,41.66445624625736,127,42.017518410653224,127,58.44876485297199,0
2024-05-05 12:15:45.211246,127,52.73324922478829,127,44.178737711590095,127,52.853744637728454,0
2024-05-05 12:30:45.211246,127,50.624543414733125,127,43.35404558126131,127,50.74408665533823,0
2024-05-05 12:45:45.211246,127,52.11012261408263,127,57.04338384428887,127,49.764397916495874,0
2024-05-05 13:00:45.211246,127,51.95202318864628,127,46.80200849818249,127,44.28194009746776,0
2024-05-05 13:15:45.211246,127,45.63462772993468,127,56.17818999898303,127,41.24493539588574,0
2024-05-05 13:30:45.211246,127,49.09846087765889,127,48.58165719859245,127,51.563320067750375,0
2024-05-05 13:45:45.211246,127,45.82471422894424,127,52.250608076809144,127,51.497833873031034,0
2024-05-05 14:00:45.211246,127,44.99004071255241,127,56.09191704566828,127,45.37880606794887,0
2024-05-05 14:15:45.211246,127,44.81419674726083,127,48.460473455464175,127,50.534619571488584,0
2024-05-05 14:30:45.211246,127,0.0,127,0.0,127,0.0,60
2024-05-05 14:45:45.211246,127,41.592685191269155,127,46.73932971887698,127,42.83102780299021,0
2024-05-05 15:00:45.211246,127,53.54547830178509,127,55.08938269267756,127,51.74792418327954,0
2024-05-05 15:15:45.211246,127,48.26423748600498,127,56.80407520971588,127,50.365452327650935,0
2024-05-05 15:30:45.211246,127,47.14565492292432,127,58.37368216154674,127,45.98625542798577,0
2024-05-05 15:45:45.211246,127,47.788427834418364,127,44.65123899831795,127,41.77401608431432,0
2024-05-05 16:00:45.211246,127,49.093802365397416,127,51.155697470984514,127,44.64092498156301,0
2024-05-05 16:15:45.211246,127,59.28703931758531,127,50.038829404610006,127,52.249313802744695,0
2024-05-05 16:30:45.211246,127,53.66724392607995,127,45.916657705094316,127,50.081770035144295,0
2024-05-05 16:45:45.211246,127,47.801646340661065,127,55.30502340342131,127,51.53439983317877,0
2024-05-05 17:00:45.211246,127,48.29372036430956,127,40.622015529917405,127,50.67433190270373,0
2024-05-05 17:15:45.211246,127,59.84572816354237,127,45.72786960074254,127,50.19523524534215,0
2024-05-05 17:30:45.211246,127,0.0,127,0.0,127,0.0,15
2024-05-05 17:45:45.211246,127,50.7246262834624,127,53.11256580265605,127,45.57777728009645,0
2024-05-05 18:00:45.211246,127,51.96442708412271,127,51.19729572191924,127,51.61393798337734,0
2024-05-05 18:15:45.211246,127,45.89548594780157,127,53.14366204102237,127,47.14724057282735,0
2024-05-05 18:30:45.211246,127,0.0,127,0.0,127,0.0,30
2024-05-05 18:45:45.211246,127,54.87286495950204,127,36.80611805667392,127,41.08012791159065,0
2024-05-05 19:00:45.211246,127,43.10261422997873,127,51.76744116718672,127,49.90859158302059,0
2024-05-05 19:15:45.211246,127,45.758312356036775,127,45.12113018501385,127,55.93402909372082,0
2024-05-05 19:30:45.211246,127,38.24057400544425,127,44.310398845097765,127,49.73863769277673,0
2024-05-05 19:45:45.211246,127,47.79546231149054,127,43.902292266513776,127,46.32946235232059,0
2024-05-05 20:00:45.211246,127,56.029807400225074,127,45.00874073539403,127,52.024384437540284,0
2024-05-05 20:15:45.211246,127,56.315094815329125,127,52.20432453426339,127,50.45506778291619,0
2024-05-05 20:30:45.211246,127,49.254470816094575,127,49.143438933937084,127,52.11019859330753,0
2024-05-05 20:45:45.211246,127,48.73929254401128,127,45.29426860016048,127,47.855457097665855,0
2024-05-05 21:00:45.211246,127,48.929183693249634,127,40.160514588432584,127,53.01708250334191,0
2024-05-05 21:15:45.211246,127,52.55044870996593,127,48.57885763949133,127,56.88410584779722,0
2024-05-05 21:30:45.211246,127,46.4457539709547,127,43.898021214571024,127,42.995673616681685,0
2024-05-05 21:45:45.211246,127,43.44194893760773,127,50.88072381467376,127,46.13197859768753,0
2024-05-05 22:00:45.211246,127,51.41569441026695,127,45.04099240651008,127,49.19098335146404,0
2024-05-05 22:15:45.211246,127,51.467787883567254,127,51.63403247137806,127,47.271621200916044,0
2024-05-05 22:30:45.211246,127,0.0,127,0.0,127,0.0,60
2024-05-05 22:45:45.211246,127,51.087290907594515,127,45.23526119089124,127,53.255261820495974,0
2024-05-05 23:00:45.211246,127,0.0,127,0.0,127,0.0,60
2024-05-05 23:15:45.211246,127,55.48694889287369,127,59.84881392169542,127,52.011152245836186,0
2024-05-05 23:30:45.211246,127,59.78919514463633,127,51.068617828127515,127,56.39855102944252,0
2024-05-05 23:45:45.211246,127,0.0,127,0.0,127,0.0,30
2024-05-06 00:00:45.211246,127,0.0,127,0.0,127,0.0,15
2024-05-06 00:15:45.211246,127,51.82638820431598,127,52.014483186656676,127,50.457301884510606,0
2024-05-06 00:30:45.211246,127,45.690568788412165,127,54.16609455326033,127,53.678857051681476,0
2024-05-06 00:45:45.211246,127,49.12545252006082,127,42.90175285100061,127,47.05063797009406,0
2024-05-06 01:00:45.211246,127,0.0,127,0.0,127,0.0,30
2024-05-06 01:15:45.211246,127,0.0,127,0.0,127,0.0,15
2024-05-06 01:30:45.211246,127,46.37560324619528,127,50.966566308577086,127,46.264498175081776,0
2024-05-06 01:45:45.211246,127,51.31599338343308,127,51.145106331729835,127,49.28312736858146,0
2024-05-06 02:00:45.211246,127,0.0,127,0.0,127,0.0,30
2024-05-06 02:15:45.211246,127,47.18638613417007,127,55.14985195066059,127,49.096196416672626,0
2024-05-06 02:30:45.211246,127,61.58623852106252,127,50.672658992854934,127,53.64883074832242,0
2024-05-06 02:45:45.211246,127,51.52464246455438,127,49.26427704478952,127,51.703988220154336,0
2024-05-06 03:00:45.211246,127,55.809397536080475,127,49.74325880518272,127,55.36951407244914,0
2024-05-06 03:15:45.211246,127,40.36440780665933,127,52.52697469525882,127,52.774022345403324,0
2024-05-06 03:30:45.211246,127,53.043922394561946,127,53.19007448679063,127,49.6178406119049,0
2024-05-06 03:45:45.211246,127,47.26036155817135,127,41.47782864389649,127,53.25807280459499,0
2024-05-06 04:00:45.211246,127,46.631348404235524,127,50.37302730384088,127,48.90899020938419,0
2024-05-06 04:15:45.211246,127,58.713053142865974,127,48.17290816090015,127,54.02131618075214,0
2024-05-06 04:30:45.211246,127,39.33891953156851,127,57.474045948824966,127,58.86862387393512,0
2024-05-06 04:45:45.211246,127,51.811137182333894,127,54.20797303375521,127,39.71142789925487,0
2024-05-06 05:00:45.211246,127,52.2253537343092,127,50.01867090395758,127,52.93799526524815,0
2024-05-06 05:15:45.211246,127,0.0,127,0.0,127,0.0,15
2024-05-06 05:30:45.211246,127,50.944251889506575,127,45.591829173824536,127,58.9367319642696,0
2024-05-06 05:45:45.211246,127,48.0046232394318,127,44.78050498172737,127,55.07060134498011,0
2024-05-06 06:00:45.211246,127,45.96374127092383,127,42.51562584597032,127,48.561717553509254,0
2024-05-06 06:15:45.211246,127,45.3999075603788,127,47.09301617937666,127,53.966057935497915,0
2024-05-06 06:30:45.211246,127,41.959597577557346,127,57.85112469719691,127,48.711502755213154,0
2024-05-06 06:45:45.211246,127,36.844780722184694,127,52.984757798600484,127,49.966374253833116,0
2024-05-06 07:00:45.211246,127,42.78039679086986,127,51.74276914175449,127,52.53665264460994,0
2024-05-06 07:15:45.211246,127,46.168557044608356,127,47.91583315288053,127,47.84981155620929,0
2024-05-06 07:30:45.211246,127,0.0,127,0.0,127,0.0,15
2024-05-06 07:45:45.211246,127,44.69553257615277,127,50.0182517534005,127,44.94749628324183,0
2024-05-06 08:00:45.211246,127,0.0,127,0.0,127,0.0,30
2024-05-06 08:15:45.211246,127,57.28047987272945,127,55.59140999869524,127,47.024756290549846,0
2024-05-06 08:30:45.211246,127,50.67123074908298,127,50.40866652962721,127,48.30333185756439,0
2024-05-06 08:45:45.211246,127,54.405505919185366,127,48.709784291496355,127,43.939240459229914,0
2024-05-06 09:00:45.211246,127,43.3825535420709,127,45.118925530739496,127,48.833376009189585,0
2024-05-06 09:15:45.211246,127,45.42689740272324,127,46.67469876109184,127,54.049892860999286,0
2024-05-06 09:30:45.211246,127,48.46888552825403,127,55.74043535650516,127,50.46955629939445,0
2024-05-06 09:45:45.211246,127,44.7567372188083,127,38.94206482339658,127,53.089922350365484,0
2024-05-06 10:00:45.211246,127,50.21407000717489,127,60.307728592926516,127,54.11094600540824,0
2024-05-06 10:15:45.211246,127,49.15681911727814,127,43.011659880707484,127,47.42230463389484,0
2024-05-06 10:30:45.211246,127,49.850917017504514,127,47.53478968872477,127,60.655157544354694,0
2024-05-06 10:45:45.211246,127,38.263338905353045,127,54.90620742968192,127,55.96438067683889,0
2024-05-06 11:00:45.211246,127,44.43043209466689,127,55.88526299852876,127,54.08380805015477,0
2024-05-06 11:15:45.211246,127,52.21664385174438,127,42.505056488910704,127,56.94959852290634,0
2024-05-06 11:30:45.211246,127,0.0,127,0.0,127,0.0,15
2024-05-06 11:45:45.211246,127,48.4398868046571,127,46.57018228973111,127,52.103828532618444,0
2024-05-06 12:00:45.211246,127,42.09989734632625,127,49.11337648821962,127,55.322157988671265,0
2024-05-06 12:15:45.211246,127,0.0,127,0.0,127,0.0,15
2024-05-06 12:30:45.211246,127,0.0,127,0.0,127,0.0,15
2024-05-06 12:45:45.211246,127,52.0872391492648,127,44.41085417244115,127,56.97942018248068,0
2024-05-06 13:00:45.211246,127,43.37935390798897,127,50.07606157521192,127,44.70901833152733,0
2024-05-06 13:15:45.211246,127,54.08923671410131,127,41.308742254337815,127,48.15854225589518,0
2024-05-06 13:30:45.211246,127,46.260287108872504,127,50.616689264406,127,46.88845042534659,0
2024-05-06 13:45:45.211246,127,0.0,127,0.0,127,0.0,60
2024-05-06 14:00:45.211246,127,58.51327367076749,127,54.26510887215581,127,61.04324539583952,0
2024-05-06 14:15:45.211246,127,0.0,127,0.0,127,0.0,60
2024-05-06 14:30:45.211246,127,44.41854106145608,127,54.08473380403697,127,53.36690875461427,0
2024-05-06 14:45:45.211246,127,48.126827033781936,127,48.31407380540789,127,53.64449294034766,0
2024-05-06 15:00:45.211246,127,57.8176791080685,127,51.75802501093732,127,55.40509384449968,0
2024-05-06 15:15:45.211246,127,50.24777281908115,127,60.11753304766514,127,49.1848648790362,0
2024-05-06 15:30:45.211246,127,55.163389605799836,127,52.7903026033866,127,46.58573352830335,0
2024-05-06 15:45:45.211246,127,45.446309669839735,127,40.374723397507104,127,59.3487536259368,0
2024-05-06 16:00:45.211246,127,47.8560559663277,127,53.97284856082936,127,48.19395674152441,0
2024-05-06 16:15:45.211246,127,57.51596888417376,127,45.78016324781325,127,50.576838251213786,0
2024-05-06 16:30:45.211246,127,53.227803768663,127,48.99276580954557,127,52.874816274525834,0
2024-05-06 16:45:45.211246,127,44.39258683914098,127,52.71982722983077,127,49.357274339186624,0
2024-05-06 17:00:45.211246,127,49.1610170195889,127,51.083991854698056,127,47.81920611726534,0
2024-05-06 17:15:45.211246,127,47.39237063888967,127,52.00652966888972,127,43.72993824162626,0
2024-05-06 17:30:45.211246,127,49.49321276236773,127,56.68593452130856,127,44.787441892124725,0
2024-05-06 17:45:45.211246,127,48.88175570312063,127,53.496465243179244,127,56.199759655432935,0
2024-05-06 18:00:45.211246,127,43.044973701136485,127,55.174771214841684,127,37.583305581197806,0
2024-05-06 18:15:45.211246,127,43.04188995509903,127,42.154980709145285,127,48.72540443692422,0
2024-05-06 18:30:45.211246,127,41.83822166981505,127,53.54930112240868,127,50.991112219203906,0
2024-05-06 18:45:45.211246,127,50.68877413115689,127,57.297483428689745,127,50.0196805461096,0
2024-05-06 19:00:45.211246,127,44.897144213491735,127,50.01000368743938,127,51.68606425827409,0
2024-05-06 19:15:45.211246,127,51.88428117005736,127,38.597464710867726,127,45.23240957805814,0
2024-05-06 19:30:45.211246,127,54.00662605216652,127,51.87698635345564,127,46.258732681398705,0
2024-05-06 19:45:45.211246,127,61.88822881876412,127,37.18261365831261,127,47.31490145371951,0
2024-05-06 20:00:45.211246,127,46.38755861358148,127,41.38389568351951,127,49.518423672074924,0
2024-05-06 20:15:45.211246,127,0.0,127,0.0,127,0.0,60
2024-05-06 20:30:45.211246,127,49.98603712587916,127,51.832898040797495,127,48.18871131190211,0
2024-05-06 20:45:45.211246,127,51.0231983313472,127,52.32185912766268,127,54.7148831921926,0
2024-05-06 21:00:45.211246,127,47.077657400230166,127,57.8729984388265,127,56.643031488770156,0
2024-05-06 21:15:45.211246,127,51.61170578084611,127,59.80007062208721,127,48.946332382464675,0
2024-05-06 21:30:45.211246,127,54.55915565178104,127,49.36321223533278,127,53.21701373500262,0
2024-05-06 21:45:45.211246,127,41.587817041580095,127,53.89460285673215,127,43.441718727987435,0
2024-05-06 22:00:45.211246,127,0.0,127,0.0,127,0.0,15
2024-05-06 22:15:45.211246,127,41.57577286678848,127,55.341913818925605,127,51.392921006304576,0
2024-05-06 22:30:45.211246,127,45.96630263972214,127,51.96271598959267,127,50.36556628005941,0
2024-05-06 22:45:45.211246,127,49.701017701688535,127,49.738811689886454,127,52.746378407619865,0
2024-05-06 23:00:45.211246,127,53.300112818234126,127,51.82725255220873,127,53.504955035203395,0
2024-05-06 23:15:45.211246,127,54.097746789686134,127,42.36857607779987,127,49.60340369544379,0
2024-05-06 23:30:45.211246,127,51.630426590323424,127,55.99905001345793,127,56.126180353696796,0
2024-05-06 23:45:45.211246,127,50.32117891271415,127,50.52014073817191,127,52.8154821337466,0
2024-05-07 00:00:45.211246,127,44.524004972158934,127,57.57885350612056,127,45.88426184426116,0
2024-05-07 00:15:45.211246,127,50.09634646287367,127,55.596298430802875,127,60.70206675757647,0
2024-05-07 00:30:45.211246,127,43.973592757838176,127,42.53448589638824,127,51.85129918438406,0
2024-05-07 00:45:45.211246,127,56.47489118002894,127,46.65550444481195,127,53.62145441795842,0
2024-05-07 01:00:45.211246,127,0.0,127,0.0,127,0.0,15
2024-05-07 01:15:45.211246,127,53.01147290336401,127,56.20297938442474,127,54.798470697016995,0
2024-05-07 01:30:45.211246,127,47.596386605560355,127,49.861155986204956,127,51.25955488456512,0
2024-05-07 01:45:45.211246,127,0.0,127,0.0,127,0.0,60
2024-05-07 02:00:45.211246,127,58.0560646442341,127,47.72444487721201,127,43.69062757164384,0
2024-05-07 02:15:45.211246,127,46.73308115873227,127,46.38854217079282,127,46.9856758208819,0
2024-05-07 02:30:45.211246,127,46.58932120473691,127,50.313915539174204,127,48.89740317409216,0
2024-05-07 02:45:45.211246,127,0.0,127,0.0,127,0.0,60
2024-05-07 03:00:45.211246,127,45.31777682977388,127,56.165312754887495,127,50.900995178578064,0
2024-05-07 03:15:45.211246,127,43.83868958764637,127,53.719833554675134,127,54.554816622170485,0
2024-05-07 03:30:45.211246,127,0.0,127,0.0,127,0.0,60
2024-05-07 03:45:45.211246,127,46.8344058535778,127,54.78184577637279,127,55.6567544227507,0
2024-05-07 04:00:45.211246,127,51.53559219388142,127,50.67407244216707,127,51.843129538465455,0
2024-05-07 04:15:45.211246,127,0.0,127,0.0,127,0.0,60
2024-05-07 04:30:45.211246,127,54.23289186548648,127,47.8385085431731,127,55.15631468764448,0
2024-05-07 04:45:45.211246,127,54.994738518454334,127,58.49190440081421,127,56.08466490168095,0
2024-05-07 05:00:45.211246,127,57.74647585297085,127,43.86834163864524,127,54.05913682496738,0
2024-05-07 05:15:45.211246,127,0.0,127,0.0,127,0.0,30
2024-05-07 05:30:45.211246,127,39.51495751373644,127,47.39006707507359,127,44.00970691883829,0
2024-05-07 05:45:45.211246,127,55.69716912632589,127,48.7153901731309,127,50.17755341117069,0
2024-05-07 06:00:45.211246,127,43.9314611983251,127,45.39118621130186,127,47.799621931436555,0
2024-05-07 06:15:45.211246,127,45.97927788330993,127,45.00144286874205,127,52.12550622085881,0
2024-05-07 06:30:45.211246,127,0.0,127,0.0,127,0.0,30
2024-05-07 06:45:45.211246,127,59.46507897924067,127,42.37665916202623,127,49.62904663814779,0
2024-05-07 07:00:45.211246,127,51.428836085228696,127,57.35022179354037,127,54.86006829047443,0
2024-05-07 07:15:45.211246,127,46.19188539367929,127,55.37307367901473,127,59.62915028660636,0
2024-05-07 07:30:45.211246,127,57.641093566153344,127,55.336382419923844,127,51.46169300056101,0
2024-05-07 07:45:45.211246,127,67.58548582698845,127,56.50193926910168,127,46.61811949382158,0
2024-05-07 08:00:45.211246,127,52.94923183986847,127,46.360165278067775,127,41.85834154166149,0
2024-05-07 08:15:45.211246,127,56.23255649127159,127,50.450495783679955,127,53.14939212891011,0
2024-05-07 08:30:45.211246,127,47.838163039260515,127,50.981878606518215,127,59.291781716585994,0
2024-05-07 08:45:45.211246,127,50.17838784672747,127,38.13655638583637,127,43.10308622187431,0
2024-05-07 09:00:45.211246,127,50.65347040320953,127,39.80400465440548,127,59.90884436573348,0
2024-05-07 09:15:45.211246,127,0.0,127,0.0,127,0.0,30
2024-05-07 09:30:45.211246,127,54.031734377552624,127,54.718472901947834,127,45.16159280746386,0
2024-05-07 09:45:45.211246,127,45.32113033962854,127,51.437160641748974,127,43.98782132160357,0
2024-05-07 10:00:45.211246,127,41.66802967126774,127,51.495619022035754,127,53.69126291433402,0
2024-05-07 10:15:45.211246,127,0.0,127,0.0,127,0.0,15
2024-05-07 10:30:45.211246,127,50.24750376540384,127,48.31596721212223,127,49.18421594334454,0
2024-05-07 10:45:45.211246,127,54.69911308180587,127,54.52049123178663,127,37.85216468457772,0
2024-05-07 11:00:45.211246,127,44.56308179876422,127,48.4588267738923,127,48.254316876853316,0
2024-05-07 11:15:45.211246,127,48.22809260471092,127,50.232842168023126,127,60.795367858623266,0
2024-05-07 11:30:45.211246,127,43.082624071957554,127,46.92157359236216,127,42.601198262629914,0
2024-05-07 11:45:45.211246,127,48.63471979032307,127,53.28755891015846,127,58.36202643393685,0
2024-05-07 12:00:45.211246,127,53.06772561816866,127,58.42522712827442,127,44.088869075667105,0
2024-05-07 12:15:45.211246,127,45.722906575656594,127,53.00493555526253,127,47.24651605388657,0
2024-05-07 12:30:45.211246,127,0.0,127,0.0,127,0.0,60
2024-05-07 12:45:45.211246,127,50.01793805684154,127,54.20979732605836,127,55.149684424522356,0
2024-05-07 13:00:45.211246,127,49.06944852975201,127,54.66268142713428,127,45.97617828983019,0
2024-05-07 13:15:45.211246,127,50.04127041407044,127,47.2172840710243,127,46.06027043554397,0
2024-05-07 13:30:45.211246,127,52.24830231505112,127,41.02729444650929,127,50.05349564777234,0
2024-05-07 13:45:45.211246,127,52.79010934179434,127,46.7779791318211,127,51.71445482072822,0
2024-05-07 14:00:45.211246,127,51.98703176477354,127,55.02349294606676,127,48.36046082633562,0
2024-05-07 14:15:45.211246,127,48.16875365137768,127,47.73344106656186,127,53.63729529026687,0
2024-05-07 14:30:45.211246,127,52.60728442965006,127,52.64509836757237,127,49.693527106458774,0
2024-05-07 14:45:45.211246,127,0.0,127,0.0,127,0.0,15
2024-05-07 15:00:45.211246,127,42.18148070894951,127,47.75711083530846,127,47.92730043626287,0
2024-05-07 15:15:45.211246,127,48.67115167299218,127,52.75099031615259,127,49.82884209600423,0
2024-05-07 15:30:45.211246,127,48.322638826220754,127,52.19505584289335,127,56.07815588585154,0
2024-05-07 15:45:45.211246,127,0.0,127,0.0,127,0.0,30
2024-05-07 16:00:45.211246,127,47.081633295078504,127,46.44920057630238,127,56.04009338200222,0
2024-05-07 16:15:45.211246,127,49.879180125929054,127,51.671412338458886,127,47.63931906699115,0
2024-05-07 16:30:45.211246,127,43.64154582292362,127,48.680889203524565,127,46.54800770091539,0
2024-05-07 16:45:45.211246,127,47.8043632907747,127,53.64667262969618,127,51.85191404692315,0
2024-05-07 17:00:45.211246,127,45.74112723419474,127,56.78563361245772,127,57.70500568971025,0
2024-05-07 17:15:45.211246,127,51.6362058551504,127,45.596398929806185,127,47.14742732618613,0
2024-05-07 17:30:45.211246,127,43.7313421338536,127,36.588845072089185,127,46.60238406415823,0
2024-05-07 17:45:45.211246,127,50.73394408065125,127,43.349142358697065,127,53.51386424299023,0
2024-05-07 18:00:45.211246,127,0.0,127,0.0,127,0.0,30
2024-05-07 18:15:45.211246,127,47.05050623971349,127,46.59921244259534,127,46.77386662607252,0
2024-05-07 18:30:45.211246,127,53.51678922807547,127,53.134356668734064,127,55.91080997167847,0
2024-05-07 18:45:45.211246,127,47.99997206416904,127,49.09880961588443,127,39.71857970335495,0
2024-05-07 19:00:45.211246,127,59.453257627441616,127,53.27571777573086,127,50.074363914305295,0
2024-05-07 19:15:45.211246,127,60.693874765530396,127,49.05792263733226,127,42.757036404802975,0
2024-05-07 19:30:45.211246,127,49.546548321578676,127,47.67938184255679,127,44.448867253837065,0
2024-05-07 19:45:45.211246,127,0.0,127,0.0,127,0.0,30
2024-05-07 20:00:45.211246,127,44.24676955935723,127,45.12831004067796,127,50.57748703239292,0
2024-05-07 20:15:45.211246,127,0.0,127,0.0,127,0.0,60
2024-05-07 20:30:45.211246,127,0.0,127,0.0,127,0.0,30
2024-05-07 20:45:45.211246,127,60.089441000914974,127,51.87994414347995,127,52.03177175714221,0
2024-05-07 21:00:45.211246,127,52.43379986213626,127,52.13276458604293,127,53.6082768703432,0
2024-05-07 21:15:45.211246,127,44.753288374321826,127,55.06274430423385,127,45.49172600257947,0
2024-05-07 21:30:45.211246,127,57.883233994591684,127,41.65366447048535,127,50.88218119563795,0
2024-05-07 21:45:45.211246,127,51.92596841851662,127,62.43079623652203,127,41.109944350327545,0
2024-05-07 22:00:45.211246,127,56.48724463674356,127,48.382152865661645,127,46.145464323949824,0
2024-05-07 22:15:45.211246,127,0.0,127,0.0,127,0.0,30
2024-05-07 22:30:45.211246,127,38.956332331804,127,46.85718321224584,127,49.69940801774536,0
2024-05-07 22:45:45.211246,127,48.59901687427768,127,43.56839636635749,127,49.34576179702307,0
2024-05-07 23:00:45.211246,127,52.810235179138104,127,46.50578021343819,127,47.290165805327774,0
2024-05-07 23:15:45.211246,127,52.36295487261319,127,43.994163582995306,127,46.61350817265109,0
2024-05-07 23:30:45.211246,127,54.545593960883714,127,53.12789199898996,127,47.90821202733606,0
2024-05-07 23:45:45.211246,127,47.68365849729649,127,41.327741100424305,127,51.10819390919681,0
2024-05-08 00:00:45.211246,127,53.01074251555679,127,41.31993404631236,127,50.90234186322557,0
2024-05-08 00:15:45.211246,127,0.0,127,0.0,127,0.0,30
2024-05-08 00:30:45.211246,127,40.9297725660563,127,55.908045404813834,127,55.78000130456254,0
2024-05-08 00:45:45.211246,127,44.07546074355016,127,44.33113284819538,127,49.29891242264338,0
2024-05-08 01:00:45.211246,127,50.15728461587815,127,54.238538932060976,127,47.23514885389597,0
2024-05-08 01:15:45.211246,127,59.39056136170356,127,46.56742771967921,127,48.80782185020029,0
2024-05-08 01:30:45.211246,127,51.43952504996237,127,49.59776952855928,127,47.409167147066555,0
2024-05-08 01:45:45.211246,127,46.346134212054906,127,46.351444329087194,127,43.84762560775081,0
2024-05-08 02:00:45.211246,127,54.45353168438703,127,57.128262059756054,127,50.576181437954716,0
2024-05-08 02:15:45.211246,127,50.85523935818158,127,53.31755909977202,127,47.13303427546894,0
2024-05-08 02:30:45.211246,127,0.0,127,0.0,127,0.0,60
2024-05-08 02:45:45.211246,127,48.80302440342266,127,54.25214066183558,127,52.64122338137639,0
2024-05-08 03:00:45.211246,127,44.88858846970195,127,57.89704683944243,127,51.00989456997054,0
2024-05-08 03:15:45.211246,127,0.0,127,0.0,127,0.0,60
2024-05-08 03:30:45.211246,127,51.415106491765975,127,46.25880466996565,127,42.32645127196611,0
2024-05-08 03:45:45.211246,127,56.79224669254769,127,52.18655664162852,127,47.4775486489242,0
2024-05-08 04:00:45.211246,127,58.16293954816594,127,62.081819271269254,127,44.95909323090029,0
2024-05-08 04:15:45.211246,127,51.03052817109968,127,55.10700231092775,127,51.58757967136534,0
2024-05-08 04:30:45.211246,127,0.0,127,0.0,127,0.0,60
2024-05-08 04:45:45.211246,127,35.598790409026314,127,50.94190749342223,127,55.2848417920466,0
2024-05-08 05:00:45.211246,127,55.16309117332656,127,59.75619093436216,127,48.485269678351045,0
2024-05-08 05:15:45.211246,127,40.81419253954053,127,40.30941870973231,127,49.03878767746406,0
2024-05-08 05:30:45.211246,127,0.0,127,0.0,127,0.0,60
2024-05-08 05:45:45.211246,127,53.92101913671943,127,47.24916725062695,127,53.375298698924944,0
2024-05-08 06:00:45.211246,127,43.69602659429958,127,45.37332509007309,127,50.456161939184476,0
2024-05-08 06:15:45.211246,127,44.05737186773529,127,50.40154747744453,127,49.44163566822615,0
2024-05-08 06:30:45.211246,127,52.1261433357104,127,46.32740563651752,127,54.57851824878645,0
2024-05-08 06:45:45.211246,127,52.28607226764146,127,48.00584714670723,127,53.32074802227313,0
2024-05-08 07:00:45.211246,127,53.82765332674252,127,46.447015275010976,127,58.12867070914168,0
2024-05-08 07:15:45.211246,127,50.372372521115274,127,48.58380198741822,127,56.043808655364565,0
2024-05-08 07:30:45.211246,127,41.30141068618212,127,49.8656476515629,127,45.83315996420045,0
2024-05-08 07:45:45.211246,127,0.0,127,0.0,127,0.0,15
2024-05-08 08:00:45.211246,127,53.677558253247966,127,43.041355743012225,127,41.41102457828026,0
2024-05-08 08:15:45.211246,127,41.89933762356295,127,38.29226371970721,127,41.10840918228736,0
2024-05-08 08:30:45.211246,127,51.77117980892539,127,51.51703530854804,127,46.010349223423745,0
2024-05-08 08:45:45.211246,127,52.83201372622817,127,56.85205530615398,127,49.82437603037071,0
2024-05-08 09:00:45.211246,127,43.0984045694782,127,47.36211003327699,127,43.41300367067377,0
2024-05-08 09:15:45.211246,127,57.530176339064475,127,55.878714268254754,127,52.76001680205151,0
2024-05-08 09:30:45.211246,127,0.0,127,0.0,127,0.0,15
2024-05-08 09:45:45.211246,127,48.91643735286759,127,59.0857334190314,127,49.157031268767916,0
2024-05-08 10:00:45.211246,127,56.178191737084134,127,50.81691125503399,127,45.32386473138334,0
2024-05-08 10:15:45.211246,127,0.0,127,0.0,127,0.0,15
2024-05-08 10:30:45.211246,127,0.0,127,0.0,127,0.0,15
2024-05-08 10:45:45.211246,127,50.67750946752862,127,43.93445104017963,127,53.798213178706526,0
2024-05-08 11:00:45.211246,127,50.446758042437494,127,48.899901873243884,127,43.67780639809765,0
2024-05-08 11:15:45.211246,127,0.0,127,0.0,127,0.0,30
2024-05-08 11:30:45.211246,127,52.6623235673308,127,58.209140176679284,127,42.665461627369375,0
2024-05-08 11:45:45.211246,127,45.946155227003274,127,46.44418855981038,127,47.49408323899938,0
2024-05-08 12:00:45.211246,127,0.0,127,0.0,127,0.0,15
2024-05-08 12:15:45.211246,127,48.43822377638013,127,52.86751798058846,127,51.90587697076627,0
2024-05-08 12:30:45.211246,127,0.0,127,0.0,127,0.0,60
2024-05-08 12:45:45.211246,127,49.336018646726025,127,59.15099742698473,127,48.91152136999248,0
2024-05-08 13:00:45.211246,127,49.59500736107653,127,51.480376658077795,127,51.15628339930352,0
2024-05-08 13:15:45.211246,127,49.77785653918736,127,49.39317305127678,127,48.774591785845665,0
2024-05-08 13:30:45.211246,127,52.65749028624015,127,41.86062542515522,127,51.851543621939946,0
2024-05-08 13:45:45.211246,127,39.89242366461282,127,37.485325913104575,127,61.71873423178016,0
2024-05-08 14:00:45.211246,127,53.31545677347185,127,50.80786786766967,127,47.83821104637144,0
2024-05-08 14:15:45.211246,127,54.25503647369354,127,40.6626188507894,127,51.826337196145246,0
2024-05-08 14:30:45.211246,127,51.02084560948848,127,49.160933578505116,127,52.56893620741588,0
2024-05-08 14:45:45.211246,127,0.0,127,0.0,127,0.0,60
2024-05-08 15:00:45.211246,127,52.64426179166369,127,55.26732350011137,127,53.26969089060193,0
2024-05-08 15:15:45.211246,127,40.84701859592576,127,53.013961414702834,127,47.98088407809435,0
2024-05-08 15:30:45.211246,127,51.03271663262273,127,47.87093165451269,127,50.820540041175164,0
2024-05-08 15:45:45.211246,127,45.73891664857591,127,56.70303016909955,127,50.0909958793505,0
2024-05-08 16:00:45.211246,127,57.61682015292957,127,53.56470038576429,127,52.59893353096507,0
2024-05-08 16:15:45.211246,127,0.0,127,0.0,127,0.0,15
2024-05-08 16:30:45.211246,127,45.369726234011935,127,51.44341792551063,127,43.366346201720106,0
2024-05-08 16:45:45.211246,127,54.525322190973846,127,58.73198333064907,127,50.42825751277211,0
2024-05-08 17:00:45.211246,127,38.87910383971742,127,50.24728729975632,127,57.50167396510052,0
2024-05-08 17:15:45.211246,127,47.90296287725638,127,47.189213703216765,127,56.408588633241465,0
2024-05-08 17:30:45.211246,127,47.0597019750112,127,54.7159160164413,127,49.61794545889779,0
2024-05-08 17:45:45.211246,127,53.152375448771444,127,53.162936359096015,127,45.258589853712415,0
2024-05-08 18:00:45.211246,127,52.89096674869236,127,49.359246661381135,127,51.5636218250654,0
2024-05-08 18:15:45.211246,127,44.44919624022347,127,52.787068806837475,127,49.48622822554625,0
2024-05-08 18:30:45.211246,127,40.87953144724179,127,52.679220621746964,127,53.96792742373819,0
2024-05-08 18:45:45.211246,127,58.79305697016739,127,45.304856234669494,127,49.05872857695874,0
2024-05-08 19:00:45.211246,127,58.20101857346764,127,54.77508341979653,127,52.00309024179015,0
2024-05-08 19:15:45.211246,127,0.0,127,0.0,127,0.0,60
2024-05-08 19:30:45.211246,127,48.84661588107567,127,43.239377460578446,127,47.674176791595094,0
2024-05-08 19:45:45.211246,127,48.1414296359384,127,50.665815311318525,127,39.424730245027995,0
2024-05-08 20:00:45.211246,127,40.17717061342233,127,52.31434872985917,127,42.87201674043658,0
2024-05-08 20:15:45.211246,127,45.9969679523075,127,49.094408096207744,127,45.22973071349872,0
2024-05-08 20:30:45.211246,127,47.536881290477595,127,55.35255016177072,127,49.92313453642708,0
2024-05-08 20:45:45.211246,127,52.242562310609095,127,46.584065619112316,127,48.28118867053868,0
2024-05-08 21:00:45.211246,127,56.40632409544722,127,48.18672133804394,127,50.14624556301917,0
2024-05-08 21:15:45.211246,127,50.387372190816734,127,55.11541700328312,127,46.508744629703585,0
2024-05-08 21:30:45.211246,127,46.13118384073875,127,43.41949379238583,127,55.208149176714855,0
2024-05-08 21:45:45.211246,127,45.83878653140508,127,48.492630099812864,127,48.30439598965493,0
2024-05-08 22:00:45.211246,127,53.421946215544885,127,58.029486765768965,127,49.014523007828714,0
2024-05-08 22:15:45.211246,127,56.72709723195786,127,58.290488990218435,127,51.96401244904874,0
2024-05-08 22:30:45.211246,127,59.37893044826464,127,49.80053134345735,127,61.69920125982044,0
2024-05-08 22:45:45.211246,127,0.0,127,0.0,127,0.0,15
2024-05-08 23:00:45.211246,127,53.82615500416213,127,59.156411414213096,127,50.32742640072596,0
2024-05-08 23:15:45.211246,127,0.0,127,0.0,127,0.0,60
2024-05-08 23:30:45.211246,127,52.60463451069068,127,57.29470857821049,127,46.86931077058444,0
2024-05-08 23:45:45.211246,127,46.6743683113609,127,50.51724014578993,127,53.22085258891359,0
2024-05-09 00:00:45.211246,127,44.43627340383888,127,50.35776641478991,127,51.316077177158505,0
2024-05-09 00:15:45.211246,127,59.101748123769404,127,49.886726893786424,127,54.846602394045306,0
2024-05-09 00:30:45.211246,127,47.17884682415282,127,50.002745640356494,127,47.517081028871246,0
2024-05-09 00:45:45.211246,127,0.0,127,0.0,127,0.0,15
2024-05-09 01:00:45.211246,127,0.0,127,0.0,127,0.0,15
2024-05-09 01:15:45.211246,127,49.620950870980856,127,52.56333658553882,127,43.65537823780009,0
2024-05-09 01:30:45.211246,127,35.643374736547464,127,49.92808441663961,127,47.18784145469253,0
2024-05-09 01:45:45.211246,127,50.65352835502997,127,51.375354946787354,127,48.22045544091313,0
2024-05-09 02:00:45.211246,127,47.15986836002432,127,52.213460280785526,127,52.742143962667214,0
2024-05-09 02:15:45.211246,127,0.0,127,0.0,127,0.0,60
2024-05-09 02:30:45.211246,127,45.13417178290326,127,47.884042900362246,127,54.54460415358934,0
2024-05-09 02:45:45.211246,127,57.218107538007146,127,36.75341624526059,127,48.68800524976048,0
2024-05-09 03:00:45.211246,127,46.938192708945394,127,46.15999305854256,127,53.119480362701246,0
2024-05-09 03:15:45.211246,127,56.46435371348003,127,46.125186067916275,127,51.57795343146433,0
2024-05-09 03:30:45.211246,127,0.0,127,0.0,127,0.0,15
2024-05-09 03:45:45.211246,127,48.584963371906895,127,53.199029212117125,127,49.71165601438105,0
2024-05-09 04:00:45.211246,127,53.299951747876825,127,45.826753055985776,127,48.678611371795974,0
2024-05-09 04:15:45.211246,127,59.75679016869013,127,55.356621158743955,127,58.68990841712,0
2024-05-09 04:30:45.211246,127,48.86883449949605,127,51.62958124790291,127,47.09751494650439,0
2024-05-09 04:45:45.211246,127,55.069213002454525,127,50.969767168556345,127,48.420795498058695,0
2024-05-09 05:00:45.211246,127,51.55591273248236,127,48.47513799828704,127,49.576235881431494,0
2024-05-09 05:15:45.211246,127,44.94049304389145,127,45.88439957926788,127,56.95182893946695,0
2024-05-09 05:30:45.211246,127,49.97607209283966,127,56.0546417433566,127,48.80526572560473,0
2024-05-09 05:45:45.211246,127,0.0,127,0.0,127,0.0,15
2024-05-09 06:00:45.211246,127,38.79574529681628,127,47.45482264271932,127,43.84121223835121,0
2024-05-09 06:15:45.211246,127,44.48568226417768,127,52.53810082679587,127,54.345657506198215,0
2024-05-09 06:30:45.211246,127,53.43332658760091,127,48.06106368044382,127,49.89885300042509,0
2024-05-09 06:45:45.211246,127,52.586439502716885,127,49.5438184281528,127,56.88104278849787,0
2024-05-09 07:00:45.211246,127,50.2442928189116,127,53.605721314176066,127,43.95834714765805,0
2024-05-09 07:15:45.211246,127,0.0,127,0.0,127,0.0,15
2024-05-09 07:30:45.211246,127,54.7389338871012,127,46.637886743340225,127,44.65958799443623,0
2024-05-09 07:45:45.211246,127,54.403973026015144,127,49.706471161146396,127,46.08560010474617,0
2024-05-09 08:00:45.211246,127,56.24247171245754,127,50.71851280077414,127,39.98067371607874,0
2024-05-09 08:15:45.211246,127,54.33298495259964,127,44.399414185195745,127,49.94500790806374,0
2024-05-09 08:30:45.211246,127,47.76498803277922,127,50.26413156480354,127,55.042428238676095,0
2024-05-09 08:45:45.211246,127,0.0,127,0.0,127,0.0,30
2024-05-09 09:00:45.211246,127,55.9498002736404,127,49.31447213834328,127,46.33621279490012,0
2024-05-09 09:15:45.211246,127,0.0,127,0.0,127,0.0,60
2024-05-09 09:30:45.211246,127,0.0,127,0.0,127,0.0,30
2024-05-09 09:45:45.211246,127,52.83917472873838,127,45.78056832004395,127,49.77290608006482,0
2024-05-09 10:00:45.211246,127,52.85639260589131,127,41.3633008496628,127,40.51789582929672,0
2024-05-09 10:15:45.211246,127,51.83839267074483,127,44.69560077450501,127,57.45019277255094,0
2024-05-09 10:30:45.211246,127,40.28210935048404,127,54.79246998132687,127,53.34341408563371,0
2024-05-09 10:45:45.211246,127,52.73388730324033,127,42.19537152056163,127,49.05561854762014,0
2024-05-09 11:00:45.211246,127,50.761715150974744,127,48.831268985597355,127,49.800467400079555,0
2024-05-09 11:15:45.211246,127,50.579372449338635,127,44.606755211752045,127,52.46456138903024,0
2024-05-09 11:30:45.211246,127,57.088349575731854,127,52.857419199888874,127,56.5276722817955,0
2024-05-09 11:45:45.211246,127,53.1592795965536,127,48.6180601985683,127,55.6919575032112,0
2024-05-09 12:00:45.211246,127,55.9989569072511,127,54.05380461442402,127,47.886466708319396,0
2024-05-09 12:15:45.211246,127,55.74099051023888,127,40.845625662208924,127,56.41058356734891,0
2024-05-09 12:30:45.211246,127,0.0,127,0.0,127,0.0,15
2024-05-09 12:45:45.211246,127,49.206317309177585,127,50.31628092938,127,51.38822112399365,0
2024-05-09 13:00:45.211246,127,57.659129118466325,127,54.913221606812996,127,54.26264068372753,0
2024-05-09 13:15:45.211246,127,54.969261617274626,127,56.19305399828241,127,48.148084298285305,0
2024-05-09 13:30:45.211246,127,48.537323349042396,127,54.658664361050164,127,50.68970629962767,0
2024-05-09 13:45:45.211246,127,54.740122141892265,127,44.31784672540166,127,48.03135427513876,0
2024-05-09 14:00:45.211246,127,48.44094161728159,127,53.82582373378378,127,60.92763270410077,0
2024-05-09 14:15:45.211246,127,42.85665149734115,127,49.80869492536098,127,58.94064090668643,0
2024-05-09 14:30:45.211246,127,41.89781497821404,127,51.07714323620783,127,42.18969623263285,0
2024-05-09 14:45:45.211246,127,53.00219999189892,127,54.21224651954355,127,58.60680193599062,0
2024-05-09 15:00:45.211246,127,0.0,127,0.0,127,0.0,30
2024-05-09 15:15:45.211246,127,54.72944748298781,127,48.31894392565535,127,55.4558106245941,0
2024-05-09 15:30:45.211246,127,48.37356004853938,127,44.12491865604275,127,50.22885594141344,0
2024-05-09 15:45:45.211246,127,50.30314713068584,127,49.00990552350124,127,51.73063668153035,0
2024-05-09 16:00:45.211246,127,56.40105095000736,127,51.539359011683956,127,50.30264813983973,0
2024-05-09 16:15:45.211246,127,54.32174443661622,127,59.24266404419972,127,46.9877949162247,0
2024-05-09 16:30:45.211246,127,42.53367331267263,127,55.01236315225622,127,47.691655955583556,0
2024-05-09 16:45:45.211246,127,55.059246490587235,127,56.37567843091817,127,50.41917483405188,0
2024-05-09 17:00:45.211246,127,48.74232964282416,127,45.90723478217086,127,48.74344103888785,0
2024-05-09 17:15:45.211246,127,44.15917245231123,127,39.4705220773226,127,51.634732792119635,0
2024-05-09 17:30:45.211246,127,59.70289306424187,127,45.21608666815614,127,55.32864096913778,0
2024-05-09 17:45:45.211246,127,47.64750253339721,127,59.63354872638317,127,56.60354191511799,0
2024-05-09 18:00:45.211246,127,52.117802276906396,127,49.75388673944246,127,47.16913745091099,0
2024-05-09 18:15:45.211246,127,54.9119841882441,127,47.213187651755575,127,49.054426399547495,0
2024-05-09 18:30:45.211246,127,0.0,127,0.0,127,0.0,60
2024-05-09 18:45:45.211246,127,0.0,127,0.0,127,0.0,60
2024-05-09 19:00:45.211246,127,50.47307781895596,127,49.49398678395795,127,52.48699494201623,0
2024-05-09 19:15:45.211246,127,55.90133780152718,127,43.535971219269086,127,52.142163937844934,0
2024-05-09 19:30:45.211246,127,47.19014600524857,127,53.81684440325894,127,61.13746204993975,0
2024-05-09 19:45:45.211246,127,53.00972235619213,127,49.48895968416445,127,44.74486231183778,0
2024-05-09 20:00:45.211246,127,45.824425642477294,127,50.43466830037951,127,57.934486604003624,0
2024-05-09 20:15:45.211246,127,50.129223743563756,127,54.96633800401852,127,53.01548610037586,0
2024-05-09 20:30:45.211246,127,52.73054217571957,127,49.33795683173901,127,45.886763798909485,0
2024-05-09 20:45:45.211246,127,54.869137598057954,127,48.86662018437976,127,47.848893918378614,0
2024-05-09 21:00:45.211246,127,46.49671110729368,127,49.97774185613994,127,44.49271733378647,0
2024-05-09 21:15:45.211246,127,49.73620383317297,127,46.49518771688825,127,48.909671179189544,0
2024-05-09 21:30:45.211246,127,46.145182355358806,127,54.37925060061689,127,57.538110550374185,0
2024-05-09 21:45:45.211246,127,59.89796767809981,127,54.68250706087641,127,45.00930445274213,0
2024-05-09 22:00:45.211246,127,0.0,127,0.0,127,0.0,15
2024-05-09 22:15:45.211246,127,53.194866908297676,127,41.922090384668756,127,48.90626030359629,0
2024-05-09 22:30:45.211246,127,0.0,127,0.0,127,0.0,15
2024-05-09 22:45:45.211246,127,48.65751051395129,127,57.467750230302556,127,47.395907397202976,0
2024-05-09 23:00:45.211246,127,49.57903780217337,127,54.26388163521773,127,44.130919738813674,0
2024-05-09 23:15:45.211246,127,50.46405994112949,127,44.04117216094102,127,57.237167666028384,0
2024-05-09 23:30:45.211246,127,54.883240994313425,127,44.67426773487259,127,44.746822243122004,0
2024-05-09 23:45:45.211246,127,44.24818957601623,127,55.91076365930223,127,43.61712400946539,0
2024-05-10 00:00:45.211246,127,46.27995458815704,127,49.778289295134115,127,51.80448263494649,0
2024-05-10 00:15:45.211246,127,48.94051348747095,127,50.466549364138714,127,48.22136414699275,0
2024-05-10 00:30:45.211246,127,56.05707132503957,127,51.72804841749558,127,49.156011903893784,0
2024-05-10 00:45:45.211246,127,0.0,127,0.0,127,0.0,60
2024-05-10 01:00:45.211246,127,0.0,127,0.0,127,0.0,30
2024-05-10 01:15:45.211246,127,50.16053434180829,127,50.76243868623311,127,58.91224737320358,0
2024-05-10 01:30:45.211246,127,0.0,127,0.0,127,0.0,30
2024-05-10 01:45:45.211246,127,49.229820346786724,127,44.9997680917123,127,45.14838120314882,0
2024-05-10 02:00:45.211246,127,53.12902614278625,127,54.4822157616306,127,46.32315480513105,0
2024-05-10 02:15:45.211246,127,45.44997080268835,127,48.889277073434044,127,55.034211527507935,0
2024-05-10 02:30:45.211246,127,56.76989904836184,127,46.89932833731433,127,55.7612340783331,0
2024-05-10 02:45:45.211246,127,50.201427591438794,127,54.8886543846988,127,56.603151685116885,0
2024-05-10 03:00:45.211246,127,48.801590351329274,127,51.34315159292576,127,56.2174499415637,0
2024-05-10 03:15:45.211246,127,52.618592386358124,127,52.43259082741863,127,47.73641035441852,0
2024-05-10 03:30:45.211246,127,47.35471123805685,127,52.87555416881807,127,58.504952429578566,0
2024-05-10 03:45:45.211246,127,61.425892876216345,127,49.16581041488337,127,49.78235246447418,0
2024-05-10 04:00:45.211246,127,56.312154816850565,127,53.986988011781214,127,41.70644770948682,0
2024-05-10 04:15:45.211246,127,0.0,127,0.0,127,0.0,30
2024-05-10 04:30:45.211246,127,48.583175450266396,127,57.87815791803802,127,50.89774402370978,0
2024-05-10 04:45:45.211246,127,0.0,127,0.0,127,0.0,15
2024-05-10 05:00:45.211246,127,0.0,127,0.0,127,0.0,60
2024-05-10 05:15:45.211246,127,50.786685829512656,127,53.885600084431736,127,47.94639287048033,0
2024-05-10 05:30:45.211246,127,0.0,127,0.0,127,0.0,60
2024-05-10 05:45:45.211246,127,54.12518564806206,127,51.14096108234846,127,47.30167155313251,0
2024-05-10 06:00:45.211246,127,44.36163732029072,127,43.57260667400166,127,48.56251363994106,0
2024-05-10 06:15:45.211246,127,42.257307257403276,127,46.323155428878124,127,53.260571983411,0
2024-05-10 06:30:45.211246,127,0.0,127,0.0,127,0.0,15
2024-05-10 06:45:45.211246,127,0.0,127,0.0,127,0.0,30
2024-05-10 07:00:45.211246,127,51.22609464601237,127,46.15899166836425,127,47.15847287174563,0
2024-05-10 07:15:45.211246,127,52.85598692078,127,46.638149140529165,127,49.02649147456749,0
2024-05-10 07:30:45.211246,127,0.0,127,0.0,127,0.0,60
2024-05-10 07:45:45.211246,127,48.69032001776995,127,49.96899008804457,127,45.371656918951956,0
2024-05-10 08:00:45.211246,127,55.303213926192456,127,56.96035728403206,127,48.63272061826236,0
2024-05-10 08:15:45.211246,127,48.109633578145754,127,48.80508012927926,127,48.15530180891528,0
2024-05-10 08:30:45.211246,127,0.0,127,0.0,127,0.0,15
2024-05-10 08:45:45.211246,127,48.77907329324179,127,45.78826810949033,127,51.68438910552554,0
2024-05-10 09:00:45.211246,127,57.375610104354635,127,52.231273131198414,127,44.875633241993015,0
2024-05-10 09:15:45.211246,127,43.242926324478404,127,51.45957795888725,127,50.70317740697157,0
2024-05-10 09:30:45.211246,127,51.3009852246089,127,51.378330839121745,127,56.186101989486204,0
2024-05-10 09:45:45.211246,127,46.291281766197145,127,53.602688667715526,127,46.53319376929684,0
2024-05-10 10:00:45.211246,127,44.24518292752333,127,49.40421656427931,127,39.76235473907428,0
2024-05-10 10:15:45.211246,127,51.779256144390786,127,48.650680575275764,127,40.0018840008085,0
2024-05-10 10:30:45.211246,127,0.0,127,0.0,127,0.0,15
2024-05-10 10:45:45.211246,127,49.536287237844675,127,55.10091015410992,127,53.609305215288614,0
2024-05-10 11:00:45.211246,127,55.12324948232338,127,51.70238422558556,127,54.943758000020914,0
2024-05-10 11:15:45.211246,127,52.92317742454224,127,45.71276839621157,127,56.31523511266094,0
2024-05-10 11:30:45.211246,127,45.91707920173452,127,54.28677269814118,127,47.17952972066094,0
2024-05-10 11:45:45.211246,127,0.0,127,0.0,127,0.0,15
2024-05-10 12:00:45.211246,127,52.248369788361686,127,46.72918450292658,127,54.70872061659771,0
2024-05-10 12:15:45.211246,127,52.19721725946071,127,43.65552121511169,127,49.37227661945802,0
2024-05-10 12:30:45.211246,127,0.0,127,0.0,127,0.0,30
2024-05-10 12:45:45.211246,127,51.43809578878097,127,49.223404831264624,127,46.86617832556395,0
2024-05-10 13:00:45.211246,127,49.753530373102684,127,42.49015006302625,127,56.07694838695607,0
2024-05-10 13:15:45.211246,127,0.0,127,0.0,127,0.0,30
2024-05-10 13:30:45.211246,127,46.1743664104152,127,51.63210941873852,127,42.727786641452596,0
2024-05-10 13:45:45.211246,127,38.56677900078485,127,50.70475917160023,127,37.75361842895391,0
2024-05-10 14:00:45.211246,127,53.12166990952429,127,52.267026158111065,127,52.03948339636969,0
2024-05-10 14:15:45.211246,127,42.04789249044352,127,47.52653302663025,127,51.2084076456276,0
2024-05-10 14:30:45.211246,127,51.65881993753585,127,45.01649650798736,127,45.37552142897216,0
2024-05-10 14:45:45.211246,127,45.12592604281979,127,51.4646604717842,127,52.1649930533218,0
2024-05-10 15:00:45.211246,127,48.9149321982842,127,51.42108089764991,127,46.673987932439736,0
2024-05-10 15:15:45.211246,127,54.12243246887208,127,48.10396447051691,127,49.69173235234403,0
2024-05-10 15:30:45.211246,127,44.415646603868595,127,51.39541787665304,127,54.85158833208042,0
2024-05-10 15:45:45.211246,127,49.480435968783524,127,51.957309916511164,127,52.38291986949792,0
2024-05-10 16:00:45.211246,127,52.44813090714608,127,53.78698947323309,127,52.10673699936828,0
2024-05-10 16:15:45.211246,127,0.0,127,0.0,127,0.0,15
2024-05-10 16:30:45.211246,127,53.36811594637995,127,51.04471537568758,127,49.64030351803916,0
2024-05-10 16:45:45.211246,127,47.891503690301285,127,45.50083318908819,127,55.15005538580962,0
2024-05-10 17:00:45.211246,127,43.42074682804741,127,62.92046953201911,127,48.73167391956659,0
2024-05-10 17:15:45.211246,127,51.09676266348754,127,57.46437484824371,127,55.84579827090826,0
2024-05-10 17:30:45.211246,127,65.95610388667204,127,56.62071903882814,127,52.92146153664048,0
2024-05-10 17:45:45.211246,127,46.04362286379249,127,44.04385993075246,127,63.99508502412809,0
2024-05-10 18:00:45.211246,127,57.35620855466615,127,53.16059585822239,127,46.068019474182805,0
2024-05-10 18:15:45.211246,127,56.86504295806628,127,44.39681165503715,127,48.16864880565329,0
2024-05-10 18:30:45.211246,127,53.80326481344221,127,52.38609121934261,127,53.46359557989642,0
2024-05-10 18:45:45.211246,127,46.94440235639754,127,51.794946200503624,127,43.96692015296897,0
2024-05-10 19:00:45.211246,127,51.810233554497174,127,54.01843169219271,127,46.708275511535305,0
2024-05-10 19:15:45.211246,127,46.2669106616062,127,46.27442493179754,127,41.91752286365842,0
2024-05-10 19:30:45.211246,127,48.816747389726046,127,58.358713989208276,127,55.70988383828329,0
2024-05-10 19:45:45.211246,127,46.21197370391937,127,41.89811864892741,127,50.077355077685205,0
2024-05-10 20:00:45.211246,127,0.0,127,0.0,127,0.0,15
2024-05-10 20:15:45.211246,127,52.873521760157516,127,51.03447495828461,127,53.52874843525011,0
2024-05-10 20:30:45.211246,127,52.05310308245261,127,51.94456091429022,127,45.3607629169246,0
2024-05-10 20:45:45.211246,127,49.04218527136536,127,57.617413618850534,127,48.553910479278656,0
2024-05-10 21:00:45.211246,127,51.110543376950346,127,57.08120196465627,127,53.28809743822336,0
2024-05-10 21:15:45.211246,127,0.0,127,0.0,127,0.0,60
2024-05-10 21:30:45.211246,127,52.15083684009876,127,54.48714980175453,127,53.53175133172995,0
2024-05-10 21:45:45.211246,127,55.38895482632697,127,50.90636508024147,127,45.37697335530942,0
2024-05-10 22:00:45.211246,127,0.0,127,0.0,127,0.0,15
2024-05-10 22:15:45.211246,127,0.0,127,0.0,127,0.0,30
2024-05-10 22:30:45.211246,127,40.22890008563853,127,48.39260622197389,127,44.28917187025207,0
2024-05-10 22:45:45.211246,127,0.0,127,0.0,127,0.0,30
2024-05-10 23:00:45.211246,127,52.645513693459876,127,46.57520253508763,127,44.595893853279954,0
2024-05-10 23:15:45.211246,127,61.78665703016537,127,45.9348398008559,127,56.798031617089144,0
2024-05-10 23:30:45.211246,127,45.238164087353105,127,54.3113130761305,127,52.51513786392173,0
2024-05-10 23:45:45.211246,127,50.86857991910518,127,51.103536137835945,127,46.89395654237775,0
2024-05-11 00:00:45.211246,127,44.28459270325565,127,45.818104534857746,127,55.33005455527415,0
2024-05-11 00:15:45.211246,127,41.184099900451955,127,49.0098356476654,127,60.29696549092383,0
2024-05-11 00:30:45.211246,127,58.153191915567426,127,44.74496068897413,127,52.09192119035543,0
2024-05-11 00:45:45.211246,127,49.93277437155025,127,42.92359543513055,127,45.720630769405865,0
2024-05-11 01:00:45.211246,127,0.0,127,0.0,127,0.0,60
2024-05-11 01:15:45.211246,127,0.0,127,0.0,127,0.0,15
2024-05-11 01:30:45.211246,127,47.013246518462616,127,52.67653053903702,127,55.57032277122254,0
2024-05-11 01:45:45.211246,127,52.70881238084309,127,52.93253612852105,127,56.7364825520343,0
2024-05-11 02:00:45.211246,127,43.7233309606101,127,51.30663757441637,127,44.83130745422472,0
2024-05-11 02:15:45.211246,127,55.822653331890486,127,45.09182372259706,127,56.525963845335916,0
2024-05-11 02:30:45.211246,127,50.30745714515129,127,54.40843581414672,127,52.051847932860795,0
2024-05-11 02:45:45.211246,127,42.28769179469215,127,47.47090955400538,127,46.21120275512297,0
2024-05-11 03:00:45.211246,127,60.32656722603562,127,47.66161762795952,127,52.370947263008574,0
2024-05-11 03:15:45.211246,127,0.0,127,0.0,127,0.0,30
2024-05-11 03:30:45.211246,127,57.99156742249221,127,59.05888929156676,127,54.75464045730572,0
2024-05-11 03:45:45.211246,127,57.885948337099975,127,48.191060526146124,127,54.16143332515343,0
2024-05-11 04:00:45.211246,127,0.0,127,0.0,127,0.0,30
2024-05-11 04:15:45.211246,127,0.0,127,0.0,127,0.0,30
2024-05-11 04:30:45.211246,127,50.47204200335431,127,45.80505474046967,127,48.08432512188485,0
2024-05-11 04:45:45.211246,127,0.0,127,0.0,127,0.0,60
2024-05-11 05:00:45.211246,127,51.18631940001774,127,51.869238083325726,127,43.90602893322799,0
2024-05-11 05:15:45.211246,127,50.920729793883076,127,49.20837842911972,127,48.423721127556554,0
2024-05-11 05:30:45.211246,127,0.0,127,0.0,127,0.0,60
2024-05-11 05:45:45.211246,127,44.10066445676084,127,54.90837798362042,127,44.954333323089216,0
2024-05-11 06:00:45.211246,127,0.0,127,0.0,127,0.0,15
2024-05-11 06:15:45.211246,127,58.93872280389873,127,48.41956448615509,127,51.436864132146475,0
2024-05-11 06:30:45.211246,127,0.0,127,0.0,127,0.0,15
2024-05-11 06:45:45.211246,127,57.080855032303134,127,52.81620077682745,127,60.03089893715341,0
2024-05-11 07:00:45.211246,127,53.313278580349746,127,53.26956269418522,127,57.23812119615712,0
2024-05-11 07:15:45.211246,127,40.84344434338554,127,53.139094745787034,127,47.029352079842404,0
2024-05-11 07:30:45.211246,127,41.896154813444696,127,50.485684935554666,127,51.013456442509934,0
2024-05-11 07:45:45.211246,127,53.95211256683556,127,47.886341350511124,127,42.70287522886724,0
2024-05-11 08:00:45.211246,127,45.25250528364535,127,54.33004335571047,127,54.05229275568884,0
2024-05-11 08:15:45.211246,127,47.4282214782456,127,48.346772093408504,127,45.981200838780644,0
2024-05-11 08:30:45.211246,127,51.962827819881475,127,50.00916233769005,127,49.62269277649143,0
2024-05-11 08:45:45.211246,127,44.32099195470903,127,57.09997330743313,127,45.38065776265296,0
2024-05-11 09:00:45.211246,127,0.0,127,0.0,127,0.0,15
2024-05-11 09:15:45.211246,127,53.23175496821936,127,47.67372902631349,127,48.981172483970155,0
2024-05-11 09:30:45.211246,127,53.4699951843935,127,49.82047896209512,127,53.8342407342669,0
2024-05-11 09:45:45.211246,127,53.62543230306398,127,53.40920776376018,127,44.73597121963535,0
2024-05-11 10:00:45.211246,127,47.797239329084476,127,51.21506016625049,127,47.448419962219226,0
2024-05-11 10:15:45.211246,127,59.601413659509234,127,46.8574902735624,127,49.76844751637599,0
2024-05-11 10:30:45.211246,127,55.72676172726735,127,52.030448965508555,127,55.42063450595237,0
2024-05-11 10:45:45.211246,127,56.63357948285906,127,45.208302542820974,127,53.444589128435496,0
2024-05-11 11:00:45.211246,127,47.364758223796244,127,53.58763900437877,127,55.345695843141094,0
2024-05-11 11:15:45.211246,127,46.18078940707757,127,51.266300776162865,127,50.18710051622845,0
2024-05-11 11:30:45.211246,127,53.34292637122152,127,45.194502239402055,127,37.354359750091035,0
2024-05-11 11:45:45.211246,127,49.838256361041076,127,57.906281848766376,127,54.20840207549953,0
2024-05-11 12:00:45.211246,127,51.688473518057364,127,45.10357104843292,127,42.98444381310612,0
2024-05-11 12:15:45.211246,127,36.91445131303929,127,55.31800001698669,127,44.969015390106755,0
2024-05-11 12:30:45.211246,127,45.797539493778764,127,51.53320939157866,127,53.695205016984346,0
2024-05-11 12:45:45.211246,127,50.96150212906133,127,48.9940773186732,127,47.42383081711612,0
2024-05-11 13:00:45.211246,127,50.787075222404056,127,52.038896683131064,127,44.789395602515704,0
2024-05-11 13:15:45.211246,127,0.0,127,0.0,127,0.0,15
2024-05-11 13:30:45.211246,127,46.04582985615452,127,41.985015695415065,127,44.95238547985885,0
2024-05-11 13:45:45.211246,127,46.57538826090298,127,52.76090162162372,127,59.87089254566728,0
2024-05-11 14:00:45.211246,127,38.12277938975234,127,39.901398292613116,127,56.12103129659043,0
2024-05-11 14:15:45.211246,127,53.05565288810689,127,46.47057881793647,127,48.57251913321558,0
2024-05-11 14:30:45.211246,127,49.8410278161451,127,43.652819336102645,127,55.086336140016776,0
2024-05-11 14:45:45.211246,127,46.62610398742205,127,47.43225543840404,127,53.720776100154765,0
2024-05-11 15:00:45.211246,127,51.09560608884574,127,54.56828861652073,127,49.70006140870905,0
2024-05-11 15:15:45.211246,127,52.962399214533846,127,43.09959585231994,127,51.19032120823047,0
2024-05-11 15:30:45.211246,127,43.51593417538183,127,48.77468939349868,127,55.29184380499427,0
2024-05-11 15:45:45.211246,127,48.13800424040816,127,47.95658873302222,127,59.362511979726065,0
2024-05-11 16:00:45.211246,127,48.267478244379646,127,46.037738527783794,127,45.17322277061111,0
2024-05-11 16:15:45.211246,127,53.68054522449532,127,42.03501293123332,127,39.40566016606989,0
2024-05-11 16:30:45.211246,127,59.447577969585964,127,49.44650661385666,127,46.63937010437354,0
2024-05-11 16:45:45.211246,127,54.02134215425305,127,53.52985513535196,127,42.055359204273046,0
2024-05-11 17:00:45.211246,127,0.0,127,0.0,127,0.0,15
2024-05-11 17:15:45.211246,127,57.858648176133606,127,51.8822568911906,127,43.038663903914205,0
2024-05-11 17:30:45.211246,127,42.705252562020966,127,50.22333006580826,127,45.81764076200319,0
2024-05-11 17:45:45.211246,127,48.71397162881551,127,54.416629042179494,127,44.65691130957651,0
2024-05-11 18:00:45.211246,127,49.7429108151983,127,57.88789879191633,127,41.8634521819997,0
2024-05-11 18:15:45.211246,127,59.735962287343405,127,59.05712389644546,127,50.53590664274385,0
2024-05-11 18:30:45.211246,127,51.41344846239638,127,43.654266700453555,127,46.49093946806366,0
2024-05-11 18:45:45.211246,127,53.65542019884532,127,40.10339944975154,127,52.80056367712467,0
2024-05-11 19:00:45.211246,127,48.625166581295915,127,42.83072307382648,127,52.78181490941724,0
2024-05-11 19:15:45.211246,127,51.43092628372149,127,41.06701772689585,127,56.65768049104466,0
2024-05-11 19:30:45.211246,127,51.4289490786012,127,45.11209682702999,127,49.099212608610955,0
2024-05-11 19:45:45.211246,127,43.817578032706656,127,63.20261642563022,127,52.44191968900899,0
2024-05-11 20:00:45.211246,127,48.473384109542806,127,55.275196228348975,127,62.17939903483624,0
2024-05-11 20:15:45.211246,127,44.7136122555158,127,44.832547981964396,127,40.6511973985358,0
2024-05-11 20:30:45.211246,127,53.245099158546886,127,51.12089301592153,127,47.38016336606328,0
2024-05-11 20:45:45.211246,127,50.933852296190345,127,50.3102214371656,127,47.488223608641974,0
2024-05-11 21:00:45.211246,127,45.26968422052984,127,54.01499599731597,127,46.84779449490469,0
2024-05-11 21:15:45.211246,127,50.54460204666254,127,49.21020679685946,127,59.78381023082267,0
2024-05-11 21:30:45.211246,127,53.64010236207506,127,43.14255101900409,127,51.04845674096544,0
2024-05-11 21:45:45.211246,127,52.92728143604102,127,47.15938990796256,127,56.35389486254522,0
2024-05-11 22:00:45.211246,127,54.277625019284784,127,43.5260626332095,127,51.64496867694065,0
2024-05-11 22:15:45.211246,127,48.350275671759974,127,55.124661903182236,127,59.632268305537785,0
2024-05-11 22:30:45.211246,127,50.637039558104775,127,49.44351850261438,127,51.34154711414736,0
2024-05-11 22:45:45.211246,127,52.07062656110149,127,51.13940614483745,127,46.37878153489803,0
2024-05-11 23:00:45.211246,127,44.97036110210089,127,63.88595427748332,127,43.56884924893907,0
2024-05-11 23:15:45.211246,127,49.806046061175664,127,42.32438778025851,127,52.87388204000397,0
2024-05-11 23:30:45.211246,127,0.0,127,0.0,127,0.0,15
2024-05-11 23:45:45.211246,127,48.62753428924966,127,52.24603888414224,127,49.755470780007386,0
2024-05-12 00:00:45.211246,127,45.254991019717366,127,47.11784834413766,127,43.089248901141055,0
2024-05-12 00:15:45.211246,127,44.788919964147546,127,56.65854791041871,127,49.27488021118192,0
2024-05-12 00:30:45.211246,127,0.0,127,0.0,127,0.0,15
2024-05-12 00:45:45.211246,127,0.0,127,0.0,127,0.0,60
2024-05-12 01:00:45.211246,127,0.0,127,0.0,127,0.0,30
2024-05-12 01:15:45.211246,127,55.87390493294622,127,59.234571705241834,127,53.56123158979467,0
2024-05-12 01:30:45.211246,127,50.78033332820073,127,53.36034562066094,127,47.0762229462501,0
2024-05-12 01:45:45.211246,127,0.0,127,0.0,127,0.0,30
2024-05-12 02:00:45.211246,127,46.21158049191672,127,60.439085757558786,127,57.75664824711266,0
2024-05-12 02:15:45.211246,127,44.90890133225655,127,51.12074846537316,127,45.37069250429969,0
2024-05-12 02:30:45.211246,127,43.70151306866057,127,54.238950836212815,127,56.22018984216773,0
2024-05-12 02:45:45.211246,127,43.375004830382466,127,46.95430016573302,127,50.47193905659369,0
2024-05-12 03:00:45.211246,127,47.15585697503392,127,48.705018544661016,127,46.23935286366719,0
2024-05-12 03:15:45.211246,127,45.103494853079155,127,48.79415029221137,127,50.93363707416134,0
2024-05-12 03:30:45.211246,127,46.67297871406675,127,58.36090546073263,127,52.88554562512699,0
2024-05-12 03:45:45.211246,127,50.533616254670534,127,51.65502986507323,127,59.11511987211939,0
2024-05-12 04:00:45.211246,127,0.0,127,0.0,127,0.0,15
2024-05-12 04:15:45.211246,127,43.1029234361694,127,52.038878851438774,127,48.51816171319069,0
2024-05-12 04:30:45.211246,127,0.0,127,0.0,127,0.0,60
2024-05-12 04:45:45.211246,127,0.0,127,0.0,127,0.0,30
2024-05-12 05:00:45.211246,127,0.0,127,0.0,127,0.0,30
2024-05-12 05:15:45.211246,127,0.0,127,0.0,127,0.0,15
2024-05-12 05:30:45.211246,127,50.59003212526983,127,53.2567471671265,127,53.015033284542554,0
2024-05-12 05:45:45.211246,127,49.22022611604008,127,58.28983065464561,127,50.55354315278072,0
2024-05-12 06:00:45.211246,127,43.951583750942504,127,49.735729667532695,127,48.02699064535199,0
2024-05-12 06:15:45.211246,127,48.61828621022511,127,46.62503701838188,127,51.99973496584869,0
2024-05-12 06:30:45.211246,127,51.1980323960016,127,52.273438609469856,127,45.20116774023888,0
2024-05-12 06:45:45.211246,127,52.66626837976016,127,58.15951680138243,127,58.328203160452034,0
2024-05-12 07:00:45.211246,127,44.65352053373734,127,45.05701684030877,127,45.2731768124909,0
2024-05-12 07:15:45.211246,127,43.183777611631555,127,48.51977488349557,127,53.66994123479408,0
2024-05-12 07:30:45.211246,127,46.07031179543426,127,47.15175672066461,127,51.07573529399753,0
2024-05-12 07:45:45.211246,127,55.72802826148278,127,59.74353499916654,127,39.65242540955225,0
2024-05-12 08:00:45.211246,127,47.809386944708216,127,48.8380121710411,127,48.98448621438111,0
2024-05-12 08:15:45.211246,127,0.0,127,0.0,127,0.0,15
2024-05-12 08:30:45.211246,127,46.63713311001589,127,54.328797815896614,127,52.01675864094222,0
2024-05-12 08:45:45.211246,127,0.0,127,0.0,127,0.0,30
2024-05-12 09:00:45.211246,127,55.33261409942099,127,48.408724398708664,127,47.905405826157214,0
2024-05-12 09:15:45.211246,127,48.97917390300437,127,59.18559657768992,127,44.062116196075806,0
2024-05-12 09:30:45.211246,127,47.61005327185535,127,50.33748043676895,127,40.196445107955356,0
2024-05-12 09:45:45.211246,127,48.30004130636517,127,50.42369749536569,127,52.62277704141212,0
2024-05-12 10:00:45.211246,127,47.188865333573894,127,57.19657489900392,127,46.08131391620764,0
2024-05-12 10:15:45.211246,127,52.91434969584666,127,58.07542569575628,127,50.875303859382,0
2024-05-12 10:30:45.211246,127,53.13635724309123,127,49.36356199909089,127,51.01021823928076,0
2024-05-12 10:45:45.211246,127,47.58201869729494,127,45.888566594375405,127,52.25669433063725,0
2024-05-12 11:00:45.211246,127,46.534534921292156,127,52.85298431659764,127,46.35378680334175,0
2024-05-12 11:15:45.211246,127,50.38432841198862,127,54.294299011967325,127,55.0244016214504,0
2024-05-12 11:30:45.211246,127,60.148875236823265,127,39.407417250787795,127,47.54712900973527,0
2024-05-12 11:45:45.211246,127,49.0312648515948,127,41.357433449323665,127,49.39881150036446,0
2024-05-12 12:00:45.211246,127,58.07206425405552,127,47.364307617188494,127,53.110989649432625,0
2024-05-12 12:15:45.211246,127,56.86306470144674,127,46.24404052734304,127,50.7676797542325,0
2024-05-12 12:30:45.211246,127,47.4027994117024,127,47.77313167248994,127,46.41149811170951,0
2024-05-12 12:45:45.211246,127,47.14718465554988,127,51.157339148721526,127,48.250099603517164,0
2024-05-12 13:00:45.211246,127,46.627281489290255,127,42.5603155669853,127,49.02733176553575,0
2024-05-12 13:15:45.211246,127,0.0,127,0.0,127,0.0,60
2024-05-12 13:30:45.211246,127,54.94853564025159,127,47.12058310997374,127,51.44888511152696,0
2024-05-12 13:45:45.211246,127,50.402968055192304,127,44.337152379586826,127,47.59789527377218,0
2024-05-12 14:00:45.211246,127,0.0,127,0.0,127,0.0,30
2024-05-12 14:15:45.211246,127,48.40813612269271,127,48.027581432975445,127,47.600754409098705,0
2024-05-12 14:30:45.211246,127,44.378391151856775,127,51.043277691729756,127,54.80703325775048,0
2024-05-12 14:45:45.211246,127,0.0,127,0.0,127,0.0,60
2024-05-12 15:00:45.211246,127,43.686683518649104,127,49.36336669666261,127,49.53476270560349,0
2024-05-12 15:15:45.211246,127,46.07025449409082,127,56.92203038685826,127,55.131007090620095,0
2024-05-12 15:30:45.211246,127,48.68715687325466,127,49.43983982694512,127,51.365077825253486,0
2024-05-12 15:45:45.211246,127,55.134110964770954,127,43.88256564044057,127,53.56780524729656,0
2024-05-12 16:00:45.211246,127,0.0,127,0.0,127,0.0,30
2024-05-12 16:15:45.211246,127,49.41054581154523,127,48.74718016804573,127,55.742062770282175,0
2024-05-12 16:30:45.211246,127,47.92355341639254,127,43.920283323880206,127,48.817005700081445,0
2024-05-12 16:45:45.211246,127,0.0,127,0.0,127,0.0,15
2024-05-12 17:00:45.211246,127,51.04299691443378,127,50.22861043976511,127,47.475250100206246,0
2024-05-12 17:15:45.211246,127,0.0,127,0.0,127,0.0,30
2024-05-12 17:30:45.211246,127,48.08589127309783,127,54.665294847479046,127,52.52173867438645,0
2024-05-12 17:45:45.211246,127,41.829312374713695,127,49.8825911636394,127,51.36546065505288,0
2024-05-12 18:00:45.211246,127,54.131248531831844,127,59.30059336146189,127,47.95289280431068,0
2024-05-12 18:15:45.211246,127,39.89770656750854,127,45.92096091802856,127,45.837008278175794,0
2024-05-12 18:30:45.211246,127,0.0,127,0.0,127,0.0,15
2024-05-12 18:45:45.211246,127,49.92007262338357,127,43.759292304568426,127,47.47331298740563,0
2024-05-12 19:00:45.211246,127,42.004899091997665,127,60.32927453092056,127,39.874466122583726,0
2024-05-12 19:15:45.211246,127,49.69359633430685,127,63.03726139869564,127,40.9080544697495,0
2024-05-12 19:30:45.211246,127,51.05922478443154,127,45.04094468360253,127,47.423374073196776,0
2024-05-12 19:45:45.211246,127,56.012971237958375,127,47.33408232010591,127,48.70158895535777,0
2024-05-12 20:00:45.211246,127,49.93987096819885,127,51.21161072002041,127,48.291936804596055,0
2024-05-12 20:15:45.211246,127,51.119406495387885,127,47.90092201319742,127,53.85577955396083,0
2024-05-12 20:30:45.211246,127,48.8522818056074,127,51.69577369377624,127,56.15618758333713,0
2024-05-12 20:45:45.211246,127,48.87838639636186,127,45.96263615040205,127,37.96859720575748,0
2024-05-12 21:00:45.211246,127,48.542230741167074,127,54.44550883795482,127,40.804143681142186,0
2024-05-12 21:15:45.211246,127,52.29433688281526,127,44.89012472149683,127,58.955371220357144,0
2024-05-12 21:30:45.211246,127,47.531706456295325,127,55.56972628155491,127,45.99753893898621,0
2024-05-12 21:45:45.211246,127,55.29608515250708,127,51.37824278059711,127,53.542240577740856,0
2024-05-12 22:00:45.211246,127,50.92972182888249,127,59.90855875835221,127,44.10874536209168,0
2024-05-12 22:15:45.211246,127,47.2243807602192,127,50.192032489825436,127,50.956170844026815,0
2024-05-12 22:30:45.211246,127,0.0,127,0.0,127,0.0,30
2024-05-12 22:45:45.211246,127,44.44944028469272,127,47.600719799132335,127,41.179445922850846,0
2024-05-12 23:00:45.211246,127,39.93015719258198,127,49.64288979496836,127,52.141804068267696,0
2024-05-12 23:15:45.211246,127,50.554994510491234,127,52.90892290874347,127,49.082148318904565,0
2024-05-12 23:30:45.211246,127,49.169471693247345,127,42.90828368204757,127,50.76860311618798,0
2024-05-12 23:45:45.211246,127,52.13996688339215,127,47.40298863458737,127,55.627424318270336,0
2024-05-13 00:00:45.211246,127,52.129300343126616,127,49.02565291489248,127,50.00685975482156,0
2024-05-13 00:15:45.211246,127,50.30156661759427,127,54.14424715114865,127,57.06775038659109,0
2024-05-13 00:30:45.211246,127,48.12777394181509,127,51.50696257100395,127,45.94558498782076,0
2024-05-13 00:45:45.211246,127,40.620962947423784,127,53.112845232500035,127,44.27745281241726,0
2024-05-13 01:00:45.211246,127,50.24384698072629,127,43.642256094084,127,47.91939510276015,0
2024-05-13 01:15:45.211246,127,50.02917281049791,127,51.087197311145125,127,53.95972868411429,0
2024-05-13 01:30:45.211246,127,51.43100390688797,127,39.5420829928231,127,49.52910028273448,0
2024-05-13 01:45:45.211246,127,0.0,127,0.0,127,0.0,60
2024-05-13 02:00:45.211246,127,55.13594602774185,127,43.74587703291264,127,46.85877038647683,0
2024-05-13 02:15:45.211246,127,42.48590723665026,127,30.692868416729798,127,46.12869195943939,0
2024-05-13 02:30:45.211246,127,51.17977842086018,127,61.22800711241052,127,46.83652583970816,0
2024-05-13 02:45:45.211246,127,57.880724232768515,127,57.381113032194534,127,60.78797127918338,0
2024-05-13 03:00:45.211246,127,55.23087741303404,127,52.046181831884674,127,46.40668034789025,0
2024-05-13 03:15:45.211246,127,54.08718948911336,127,50.9824150392725,127,46.985788560505846,0
2024-05-13 03:30:45.211246,127,38.222224374784695,127,50.938562761617824,127,41.769964048152616,0
2024-05-13 03:45:45.211246,127,55.67125940355234,127,48.736372761045246,127,41.45432652757732,0
2024-05-13 04:00:45.211246,127,56.79993046736128,127,53.453770100395026,127,47.78193487875166,0
2024-05-13 04:15:45.211246,127,59.698231843763665,127,44.258376822345866,127,46.895324224144105,0
2024-05-13 04:30:45.211246,127,46.912070790186675,127,46.91579085988388,127,48.05051373090672,0
2024-05-13 04:45:45.211246,127,57.76921800172612,127,42.70665078929318,127,51.06299822996141,0
2024-05-13 05:00:45.211246,127,53.62496963576098,127,51.25346649130411,127,49.074327590922756,0
2024-05-13 05:15:45.211246,127,55.460864653651264,127,56.22941176559212,127,51.955906828636856,0
2024-05-13 05:30:45.211246,127,54.039010817322385,127,48.635909016146385,127,48.8199309717586,0
2024-05-13 05:45:45.211246,127,48.30419846149917,127,57.573510187968836,127,50.37932403739956,0
2024-05-13 06:00:45.211246,127,47.98249608853511,127,52.30138337420236,127,43.303712202477016,0
2024-05-13 06:15:45.211246,127,48.942286777290676,127,56.45072220638187,127,48.921336925711856,0
2024-05-13 06:30:45.211246,127,43.708448931516074,127,48.392229701271326,127,48.613671654630444,0
2024-05-13 06:45:45.211246,127,50.993088911455715,127,44.66268576898941,127,53.851379685647146,0
2024-05-13 07:00:45.211246,127,55.49529353018148,127,42.7875654477975,127,52.40092163893133,0
2024-05-13 07:15:45.211246,127,51.53789778184941,127,45.94718364826774,127,49.43076296346362,0
2024-05-13 07:30:45.211246,127,55.051234654458334,127,44.05943594377938,127,46.882943968287265,0
2024-05-13 07:45:45.211246,127,0.0,127,0.0,127,0.0,30
2024-05-13 08:00:45.211246,127,40.88913171941198,127,55.11617150349457,127,46.776507868814065,0
2024-05-13 08:15:45.211246,127,48.683091441699695,127,62.33737953332326,127,45.756385254689974,0
2024-05-13 08:30:45.211246,127,45.63348787496275,127,48.95862947614945,127,45.03267341429901,0
2024-05-13 08:45:45.211246,127,48.261064410204625,127,52.14024211280992,127,49.21163128066442,0
2024-05-13 09:00:45.211246,127,51.28777684458469,127,42.08713299173837,127,41.04258146607334,0
2024-05-13 09:15:45.211246,127,44.53508546218779,127,51.269823145939476,127,52.508495061867734,0
2024-05-13 09:30:45.211246,127,49.96899973347873,127,46.30658896692779,127,53.35941445190015,0
2024-05-13 09:45:45.211246,127,41.35197674993813,127,45.53224783705982,127,40.25269366287687,0
2024-05-13 10:00:45.211246,127,38.822656007597274,127,61.01082063455485,127,45.659172427114214,0
2024-05-13 10:15:45.211246,127,48.61232621443408,127,50.158021267083214,127,59.2818644002795,0
2024-05-13 10:30:45.211246,127,55.314219751342314,127,44.83803006698555,127,46.763846979715154,0
2024-05-13 10:45:45.211246,127,47.89615219860038,127,50.58065575063356,127,44.273786658081356,0
2024-05-13 11:00:45.211246,127,50.77648033079054,127,44.29629577432799,127,54.615411103273374,0
2024-05-13 11:15:45.211246,127,45.51514504238491,127,51.58105773876837,127,60.71336013300986,0
2024-05-13 11:30:45.211246,127,49.507385826678096,127,53.63460528527081,127,57.345847299009094,0
2024-05-13 11:45:45.211246,127,44.80806871331978,127,42.608698903273805,127,58.1878653503198,0
2024-05-13 12:00:45.211246,127,40.93746864951162,127,56.02898983593873,127,50.247280747099786,0
2024-05-13 12:15:45.211246,127,55.626637726615975,127,51.172700009078156,127,45.06346058413182,0
2024-05-13 12:30:45.211246,127,0.0,127,0.0,127,0.0,15
2024-05-13 12:45:45.211246,127,0.0,127,0.0,127,0.0,60
2024-05-13 13:00:45.211246,127,0.0,127,0.0,127,0.0,15
2024-05-13 13:15:45.211246,127,0.0,127,0.0,127,0.0,30
2024-05-13 13:30:45.211246,127,48.23864892698594,127,54.4871621691999,127,54.05127698398598,0
2024-05-13 13:45:45.211246,127,0.0,127,0.0,127,0.0,15
2024-05-13 14:00:45.211246,127,0.0,127,0.0,127,0.0,60
2024-05-13 14:15:45.211246,127,47.05824432872187,127,54.14891152749095,127,45.553634184041385,0
2024-05-13 14:30:45.211246,127,52.829478071217515,127,46.92132941206421,127,54.981262816053956,0
2024-05-13 14:45:45.211246,127,0.0,127,0.0,127,0.0,60
2024-05-13 15:00:45.211246,127,53.51180262494052,127,36.75518459193336,127,50.10695022313124,0
2024-05-13 15:15:45.211246,127,37.871065004719654,127,50.98079375761046,127,45.11444089267669,0
2024-05-13 15:30:45.211246,127,55.041751099241736,127,54.58330960320709,127,37.650683351214695,0
2024-05-13 15:45:45.211246,127,52.11543988493429,127,50.3090569169621,127,43.473557380726845,0
2024-05-13 16:00:45.211246,127,61.75108723639344,127,51.42208364638918,127,53.494521639690255,0
2024-05-13 16:15:45.211246,127,46.72708394154078,127,38.92575293792194,127,50.45567892102389,0
2024-05-13 16:30:45.211246,127,56.003605492000474,127,48.149860549024744,127,54.36023526689619,0
2024-05-13 16:45:45.211246,127,43.60097071908453,127,51.4043206894289,127,54.19474026926918,0
2024-05-13 17:00:45.211246,127,0.0,127,0.0,127,0.0,30
2024-05-13 17:15:45.211246,127,0.0,127,0.0,127,0.0,15
2024-05-13 17:30:45.211246,127,49.06119084280267,127,48.77266852001907,127,51.39840267756283,0
2024-05-13 17:45:45.211246,127,54.51558809581982,127,43.644443901243235,127,54.40849369240925,0
2024-05-13 18:00:45.211246,127,53.978960730950604,127,50.68238767605709,127,43.63883005320633,0
2024-05-13 18:15:45.211246,127,53.59757480594047,127,52.20785904377088,127,64.79700915090145,0
2024-05-13 18:30:45.211246,127,52.674824251864095,127,46.808479945753426,127,42.93268398457071,0
2024-05-13 18:45:45.211246,127,48.38905077264535,127,47.076177792622154,127,49.73878079452782,0
2024-05-13 19:00:45.211246,127,52.073511014644744,127,47.987459118488445,127,46.478195249019834,0
2024-05-13 19:15:45.211246,127,0.0,127,0.0,127,0.0,15
2024-05-13 19:30:45.211246,127,0.0,127,0.0,127,0.0,30
2024-05-13 19:45:45.211246,127,48.33353673726084,127,39.258133011828974,127,49.37801127867161,0
2024-05-13 20:00:45.211246,127,0.0,127,0.0,127,0.0,15
2024-05-13 20:15:45.211246,127,48.59429271552314,127,50.70152931914113,127,58.73958788982927,0
2024-05-13 20:30:45.211246,127,0.0,127,0.0,127,0.0,60
2024-05-13 20:45:45.211246,127,55.93728542248382,127,51.35384519739423,127,60.10588678121521,0
2024-05-13 21:00:45.211246,127,48.81865916517275,127,47.48883858078912,127,49.436277190922624,0
2024-05-13 21:15:45.211246,127,57.25669590715971,127,49.54177274318501,127,45.30987238571274,0
2024-05-13 21:30:45.211246,127,49.05847100351124,127,42.906100627869634,127,46.50214271572433,0
2024-05-13 21:45:45.211246,127,47.310809351059056,127,47.56889072672976,127,48.27150280072965,0
2024-05-13 22:00:45.211246,127,58.4332515550653,127,52.553824467730635,127,45.16727126829752,0
2024-05-13 22:15:45.211246,127,52.12552913593068,127,52.321949153309596,127,52.38406991713067,0
2024-05-13 22:30:45.211246,127,53.55695508788718,127,51.78317173847442,127,47.959157485334835,0
2024-05-13 22:45:45.211246,127,52.099118298073165,127,45.364120924358865,127,48.38593973225952,0
2024-05-13 23:00:45.211246,127,56.67745434733976,127,54.32901252494667,127,42.114967872421694,0
2024-05-13 23:15:45.211246,127,37.04926858433327,127,53.519804009820774,127,50.20298910507077,0
2024-05-13 23:30:45.211246,127,46.07445536780509,127,49.72017408366993,127,49.81335187392917,0
2024-05-13 23:45:45.211246,127,43.15834521770883,127,48.756398131767135,127,46.0592228489898,0
2024-05-14 00:00:45.211246,127,41.07089917151782,127,47.34683902237723,127,49.09675967405577,0
2024-05-14 00:15:45.211246,127,54.002834765993434,127,42.27438522531003,127,50.306111624257554,0
2024-05-14 00:30:45.211246,127,53.74561796120924,127,50.71908136137309,127,56.672033117113436,0
2024-05-14 00:45:45.211246,127,53.37067644885695,127,51.612452214314786,127,47.937378311060606,0
2024-05-14 01:00:45.211246,127,43.45958985183965,127,52.03481472684054,127,52.350348519629634,0
2024-05-14 01:15:45.211246,127,42.685525969339245,127,47.06268833611175,127,56.949044479282215,0
2024-05-14 01:30:45.211246,127,0.0,127,0.0,127,0.0,60
2024-05-14 01:45:45.211246,127,44.380006749650164,127,44.00123020136,127,46.30861541750976,0
2024-05-14 02:00:45.211246,127,0.0,127,0.0,127,0.0,60
2024-05-14 02:15:45.211246,127,58.94280732516066,127,50.750945141961346,127,52.673563592051174,0
2024-05-14 02:30:45.211246,127,51.99702873941853,127,52.34830727627342,127,47.02789599712204,0
2024-05-14 02:45:45.211246,127,0.0,127,0.0,127,0.0,15
2024-05-14 03:00:45.211246,127,43.28743761768075,127,59.29823585462314,127,51.36609507106416,0
2024-05-14 03:15:45.211246,127,0.0,127,0.0,127,0.0,15
2024-05-14 03:30:45.211246,127,48.180903933699625,127,48.14090121079437,127,49.06415914799489,0
2024-05-14 03:45:45.211246,127,49.849924136365416,127,51.56877717684137,127,50.812260366909044,0
2024-05-14 04:00:45.211246,127,44.51022893381324,127,50.09593599357494,127,45.94814298605461,0
2024-05-14 04:15:45.211246,127,49.21970680889204,127,48.87078185539409,127,50.96051138714462,0
2024-05-14 04:30:45.211246,127,49.126126731188926,127,43.64198915299346,127,44.33846630038259,0
2024-05-14 04:45:45.211246,127,0.0,127,0.0,127,0.0,30
2024-05-14 05:00:45.211246,127,44.87707654747713,127,47.969329690463404,127,51.50408196836164,0
2024-05-14 05:15:45.211246,127,49.300367978415565,127,41.746067510280454,127,39.59624280545667,0
2024-05-14 05:30:45.211246,127,48.62919405450503,127,41.16831961645693,127,45.85105060588895,0
2024-05-14 05:45:45.211246,127,0.0,127,0.0,127,0.0,30
2024-05-14 06:00:45.211246,127,50.406652212152984,127,46.46530136154483,127,48.512297484461556,0
2024-05-14 06:15:45.211246,127,0.0,127,0.0,127,0.0,60
2024-05-14 06:30:45.211246,127,47.60457970823694,127,63.322405839667645,127,54.90793011026993,0
2024-05-14 06:45:45.211246,127,49.270521113005096,127,53.33694058059585,127,44.2992842228325,0
2024-05-14 07:00:45.211246,127,50.09666168601875,127,51.871406048094514,127,60.20524488477217,0
2024-05-14 07:15:45.211246,127,56.20797528604622,127,59.70386371792078,127,54.3992424653985,0
2024-05-14 07:30:45.211246,127,0.0,127,0.0,127,0.0,30
2024-05-14 07:45:45.211246,127,46.99083617393286,127,39.21506895360878,127,55.6150596039827,0
2024-05-14 08:00:45.211246,127,56.12982551758183,127,44.403790825152846,127,44.87134641848221,0
2024-05-14 08:15:45.211246,127,0.0,127,0.0,127,0.0,30
2024-05-14 08:30:45.211246,127,48.84562833955268,127,44.32015167626461,127,56.45285445051111,0
2024-05-14 08:45:45.211246,127,50.50872319384657,127,58.91168742561181,127,60.023911944244894,0
2024-05-14 09:00:45.211246,127,52.2396644088941,127,50.33834822170686,127,50.67089472856602,0
2024-05-14 09:15:45.211246,127,57.05832169716936,127,46.75177086461327,127,47.523370281556375,0
2024-05-14 09:30:45.211246,127,44.65313688566821,127,54.92412592726366,127,42.73023367916261,0
2024-05-14 09:45:45.211246,127,52.721178792826535,127,51.145665079977505,127,39.59001492525687,0
2024-05-14 10:00:45.211246,127,54.287870215579346,127,47.605362058301544,127,56.23217837128824,0
2024-05-14 10:15:45.211246,127,51.67633266611255,127,45.570123307417234,127,52.82765401086485,0
2024-05-14 10:30:45.211246,127,41.92334953783363,127,52.93245731311819,127,52.45981616970195,0
2024-05-14 10:45:45.211246,127,50.89311382090067,127,46.365031708002874,127,57.25795274387262,0
2024-05-14 11:00:45.211246,127,51.23499131976632,127,51.73045170761473,127,41.94728204686375,0
2024-05-14 11:15:45.211246,127,53.12120945002337,127,45.74558129003585,127,41.289466552804235,0
2024-05-14 11:30:45.211246,127,46.655673326142555,127,44.47819149176438,127,53.37181960845523,0
2024-05-14 11:45:45.211246,127,56.42141586415132,127,43.314131532487174,127,51.05495676599438,0
2024-05-14 12:00:45.211246,127,53.50511381680079,127,55.46435723175613,127,50.26237136739062,0
2024-05-14 12:15:45.211246,127,52.627456435809755,127,43.5994056965822,127,56.52658234265341,0
2024-05-14 12:30:45.211246,127,57.17693478193079,127,48.26985908089966,127,49.43485410104064,0
2024-05-14 12:45:45.211246,127,50.767120438492135,127,62.95460775275444,127,51.019411078235265,0
2024-05-14 13:00:45.211246,127,48.513058094277746,127,51.46024440528466,127,56.97858572432462,0
2024-05-14 13:15:45.211246,127,50.69881615337813,127,50.3913407281515,127,53.30493570118872,0
2024-05-14 13:30:45.211246,127,58.65670912523419,127,49.59344352598072,127,43.56714335289968,0
2024-05-14 13:45:45.211246,127,50.9874873881201,127,59.03991594888516,127,54.42574146646163,0
2024-05-14 14:00:45.211246,127,56.683370687078664,127,47.37007725631059,127,58.240608151763716,0
2024-05-14 14:15:45.211246,127,47.192717482862115,127,55.77432709678409,127,47.43725119059874,0
2024-05-14 14:30:45.211246,127,0.0,127,0.0,127,0.0,60
2024-05-14 14:45:45.211246,127,48.94690137039791,127,41.13967129916732,127,42.227542202879306,0
2024-05-14 15:00:45.211246,127,47.19812562778761,127,59.408172670061845,127,39.13903979151876,0
2024-05-14 15:15:45.211246,127,52.50672549471916,127,49.84564435241936,127,63.75196808922453,0
2024-05-14 15:30:45.211246,127,53.29714843275797,127,50.74267834232064,127,56.715270922529776,0
2024-05-14 15:45:45.211246,127,50.96964309436644,127,57.22099142608919,127,47.27454251429335,0
2024-05-14 16:00:45.211246,127,50.037382902401205,127,50.348589557033016,127,54.47422835083381,0
2024-05-14 16:15:45.211246,127,51.14552447560081,127,48.96906100686182,127,45.32848460519905,0
2024-05-14 16:30:45.211246,127,55.70052817668057,127,47.25661003216664,127,44.25450105750918,0
2024-05-14 16:45:45.211246,127,46.822657734087365,127,50.520432310557645,127,42.172030924663005,0
2024-05-14 17:00:45.211246,127,54.33895624615307,127,54.6575436370607,127,53.633969142499204,0
2024-05-14 17:15:45.211246,127,53.62584127809445,127,55.9400328096561,127,51.629163755374464,0
2024-05-14 17:30:45.211246,127,55.19183158426757,127,47.08938153318947,127,42.8790393005803,0
2024-05-14 17:45:45.211246,127,44.22102765712867,127,43.22661523419388,127,49.81907216723407,0
2024-05-14 18:00:45.211246,127,42.309078030336075,127,46.75399338677321,127,43.185959914676616,0
2024-05-14 18:15:45.211246,127,44.58998195689464,127,54.81058494054657,127,39.904908192597205,0
2024-05-14 18:30:45.211246,127,52.73606157644807,127,45.32703665772795,127,46.88963432523495,0
2024-05-14 18:45:45.211246,127,55.08150529050086,127,53.86157382186777,127,57.52198276847348,0
2024-05-14 19:00:45.211246,127,48.065982739051115,127,52.12313835093974,127,55.39138781803691,0
2024-05-14 19:15:45.211246,127,0.0,127,0.0,127,0.0,30
2024-05-14 19:30:45.211246,127,55.48295468821676,127,50.34588225533498,127,52.39026126002832,0
2024-05-14 19:45:45.211246,127,0.0,127,0.0,127,0.0,15
2024-05-14 20:00:45.211246,127,50.76314943100553,127,46.1090211917736,127,43.350457942313206,0
2024-05-14 20:15:45.211246,127,46.77169735893403,127,48.96257940696423,127,58.67308671462855,0
2024-05-14 20:30:45.211246,127,56.43311552586539,127,57.135742584732874,127,48.78168326960416,0
2024-05-14 20:45:45.211246,127,57.07723767595207,127,46.963395893357315,127,43.421760042361356,0
2024-05-14 21:00:45.211246,127,49.642991832468596,127,52.883228329186544,127,57.913760659482826,0
2024-05-14 21:15:45.211246,127,55.0294843263575,127,40.48224622280478,127,47.938846828256665,0
2024-05-14 21:30:45.211246,127,49.269253341833526,127,49.63628175739675,127,55.4006821443365,0
2024-05-14 21:45:45.211246,127,46.58731041571203,127,48.28674488305338,127,61.126308325422876,0
2024-05-14 22:00:45.211246,127,53.55274212861251,127,48.92990124386666,127,49.303606831961524,0
2024-05-14 22:15:45.211246,127,43.154849874561194,127,52.695109606828794,127,44.751252159174285,0
2024-05-14 22:30:45.211246,127,54.66792237329404,127,50.95793191277179,127,54.329765175819205,0
2024-05-14 22:45:45.211246,127,52.53749953283817,127,61.393013430494285,127,53.13946022367045,0
2024-05-14 23:00:45.211246,127,0.0,127,0.0,127,0.0,15
2024-05-14 23:15:45.211246,127,47.5317731378074,127,54.98162674308607,127,43.63849635850778,0
2024-05-14 23:30:45.211246,127,45.35738568550909,127,50.256233706569844,127,58.57141347102527,0
2024-05-14 23:45:45.211246,127,51.944452358873264,127,53.273301526575914,127,52.16746319207985,0
2024-05-15 00:00:45.211246,127,43.35733216878033,127,51.53269158002991,127,53.55038122365495,0
2024-05-15 00:15:45.211246,127,53.34565431628637,127,56.80258753679362,127,58.6664680463154,0
2024-05-15 00:30:45.211246,127,48.40170538091077,127,51.69147015394867,127,55.027034136101456,0
2024-05-15 00:45:45.211246,127,0.0,127,0.0,127,0.0,15
2024-05-15 01:00:45.211246,127,43.52393337926232,127,51.98177256223903,127,54.371888699653496,0
2024-05-15 01:15:45.211246,127,56.74594577338896,127,48.745124585824854,127,55.830022965342266,0
2024-05-15 01:30:45.211246,127,47.66913788240363,127,49.69790011432032,127,44.781493927368835,0
2024-05-15 01:45:45.211246,127,50.32702437236181,127,51.503845749021096,127,47.5565778088082,0
2024-05-15 02:00:45.211246,127,51.1287151199603,127,49.695863791287266,127,51.74037809609379,0
2024-05-15 02:15:45.211246,127,58.66072264320155,127,47.561155875873084,127,55.56368669538252,0
2024-05-15 02:30:45.211246,127,47.16778590362113,127,52.152300404580004,127,54.36383679158596,0
2024-05-15 02:45:45.211246,127,57.25653463788623,127,55.183051212825966,127,51.23326468996915,0
2024-05-15 03:00:45.211246,127,47.40745774342655,127,48.80776766127017,127,56.41371381703402,0
2024-05-15 03:15:45.211246,127,55.606128128510434,127,47.95472570027268,127,50.44034308956982,0
2024-05-15 03:30:45.211246,127,56.540372701405126,127,55.9877091938716,127,40.2708807155134,0
2024-05-15 03:45:45.211246,127,48.4548921146219,127,47.42340575540977,127,48.80345388932156,0
2024-05-15 04:00:45.211246,127,46.46890505493674,127,52.87342095247109,127,53.619545372263026,0
2024-05-15 04:15:45.211246,127,48.68214922993007,127,49.889965034579426,127,49.51703319975467,0
2024-05-15 04:30:45.211246,127,47.18033167434212,127,46.22879039463071,127,47.85251322672464,0
2024-05-15 04:45:45.211246,127,48.514559656786055,127,48.42052213094981,127,46.05233715241224,0
2024-05-15 05:00:45.211246,127,0.0,127,0.0,127,0.0,60
2024-05-15 05:15:45.211246,127,46.9749448192826,127,49.71247832951125,127,51.80560723725214,0
2024-05-15 05:30:45.211246,127,51.48514032380093,127,48.82637663098641,127,49.54082905665993,0
2024-05-15 05:45:45.211246,127,52.673474535030856,127,48.054308271584205,127,57.3544299709135,0
2024-05-15 06:00:45.211246,127,47.75050617063142,127,54.09312000461935,127,58.61032756569791,0
2024-05-15 06:15:45.211246,127,0.0,127,0.0,127,0.0,15
2024-05-15 06:30:45.211246,127,50.34358984518014,127,39.51894927221948,127,41.66586364220417,0
2024-05-15 06:45:45.211246,127,48.574302252747486,127,53.892384119253165,127,58.811377762493585,0
2024-05-15 07:00:45.211246,127,51.17852368431391,127,56.69098214911143,127,49.54209162134478,0
2024-05-15 07:15:45.211246,127,40.01253603103741,127,44.06022973899949,127,41.32057629461829,0
2024-05-15 07:30:45.211246,127,51.233600782371965,127,51.49424367420471,127,59.10956249788313,0
2024-05-15 07:45:45.211246,127,54.55415234050529,127,45.45960703392777,127,52.76638736447883,0
2024-05-15 08:00:45.211246,127,52.91090287956269,127,55.24892846763334,127,51.03549685078995,0
2024-05-15 08:15:45.211246,127,0.0,127,0.0,127,0.0,15
2024-05-15 08:30:45.211246,127,51.82218460297166,127,46.76433321808148,127,55.75460477613383,0
2024-05-15 08:45:45.211246,127,60.92385001074678,127,50.71596026973902,127,49.78092976028791,0
2024-05-15 09:00:45.211246,127,41.08161417804129,127,50.47432495683434,127,51.36939066443729,0
2024-05-15 09:15:45.211246,127,52.84549663319988,127,48.88514461305004,127,46.32101070093445,0
2024-05-15 09:30:45.211246,127,46.712113404569074,127,46.62594328781839,127,51.65369970488375,0
2024-05-15 09:45:45.211246,127,45.402074378335406,127,47.36161487092727,127,52.60833626005957,0
2024-05-15 10:00:45.211246,127,54.05475470690421,127,50.33101980338629,127,50.317054649278546,0
2024-05-15 10:15:45.211246,127,57.83562404515532,127,48.677068741530086,127,55.457507458639384,0
2024-05-15 10:30:45.211246,127,0.0,127,0.0,127,0.0,15
2024-05-15 10:45:45.211246,127,56.45270119473541,127,49.14746000051452,127,48.13983893511648,0
2024-05-15 11:00:45.211246,127,47.80749370126061,127,49.62590461394682,127,45.93731498231955,0
2024-05-15 11:15:45.211246,127,56.91868561994303,127,52.67564894954672,127,56.15350464500223,0
2024-05-15 11:30:45.211246,127,45.90390178002447,127,47.78657420239058,127,52.29938720591359,0
2024-05-15 11:45:45.211246,127,50.27940595364756,127,54.77753634036789,127,48.53081876979106,0
2024-05-15 12:00:45.211246,127,56.85649205794335,127,52.55069370156081,127,44.166156840041815,0
2024-05-15 12:15:45.211246,127,49.25015294322216,127,47.69920343557928,127,52.1837533078873,0
2024-05-15 12:30:45.211246,127,51.80845947406648,127,47.19088092956022,127,44.766860893878786,0
2024-05-15 12:45:45.211246,127,45.492613214799015,127,55.47410310544662,127,45.765398290653785,0
2024-05-15 13:00:45.211246,127,44.73212459663604,127,58.97159344011169,127,49.19492911791192,0
2024-05-15 13:15:45.211246,127,54.120703076330855,127,54.646279881033095,127,51.669332381406775,0
2024-05-15 13:30:45.211246,127,0.0,127,0.0,127,0.0,15
2024-05-15 13:45:45.211246,127,55.75605670012192,127,46.79456014169567,127,50.189116504137964,0
2024-05-15 14:00:45.211246,127,49.970805230682174,127,55.46739837919916,127,50.48259375301966,0
2024-05-15 14:15:45.211246,127,0.0,127,0.0,127,0.0,15
2024-05-15 14:30:45.211246,127,49.199881686283334,127,44.0480632341699,127,47.53680291806902,0
2024-05-15 14:45:45.211246,127,42.40898442563878,127,53.507700932944445,127,50.30093515509357,0
2024-05-15 15:00:45.211246,127,50.08896894538394,127,56.21278835740106,127,49.2510227954977,0
2024-05-15 15:15:45.211246,127,0.0,127,0.0,127,0.0,15
2024-05-15 15:30:45.211246,127,49.29583459710362,127,52.289804856906564,127,64.73371688405979,0
2024-05-15 15:45:45.211246,127,60.12456006330429,127,53.30185216842156,127,43.24363247642962,0
2024-05-15 16:00:45.211246,127,45.512340672488385,127,51.49509984669198,127,49.26792067181162,0
2024-05-15 16:15:45.211246,127,46.30065567142908,127,55.165368074313,127,50.86275831171743,0
2024-05-15 16:30:45.211246,127,0.0,127,0.0,127,0.0,30
2024-05-15 16:45:45.211246,127,46.689334131644216,127,51.00377948334302,127,46.459745921350134,0
2024-05-15 17:00:45.211246,127,48.98363878953598,127,52.94333221057026,127,47.949588286093125,0
2024-05-15 17:15:45.211246,127,45.98432888436654,127,48.42828984330683,127,54.42404165414266,0
2024-05-15 17:30:45.211246,127,54.443753582849055,127,51.43451504752903,127,51.16730453183025,0
2024-05-15 17:45:45.211246,127,46.70954938958554,127,55.35930983715198,127,41.49453277122307,0
2024-05-15 18:00:45.211246,127,56.177770209393586,127,51.376975376638995,127,58.953259343557185,0
2024-05-15 18:15:45.211246,127,48.321422616685155,127,43.68648968858811,127,46.748220480754725,0
2024-05-15 18:30:45.211246,127,54.236996576780285,127,60.498728393083425,127,48.464648457628044,0
2024-05-15 18:45:45.211246,127,55.3604908377978,127,55.86958123273622,127,52.1351068480775,0
2024-05-15 19:00:45.211246,127,56.524178670407146,127,45.32032000784804,127,56.07036770981805,0
2024-05-15 19:15:45.211246,127,47.083264836616294,127,44.16537062139398,127,54.594588674527756,0
2024-05-15 19:30:45.211246,127,53.150141253008876,127,51.49943335977953,127,46.80183733729382,0
2024-05-15 19:45:45.211246,127,47.09015784826831,127,52.03740686440965,127,61.73502151052485,0
2024-05-15 20:00:45.211246,127,50.52640888012699,127,50.334208860222624,127,44.22399143794591,0
2024-05-15 20:15:45.211246,127,51.58578795959788,127,44.667019086027516,127,40.34642416030044,0
2024-05-15 20:30:45.211246,127,48.49921157679704,127,49.166144583192576,127,53.16959373435468,0
2024-05-15 20:45:45.211246,127,40.00427935328116,127,49.002769305920275,127,41.39302003048006,0
2024-05-15 21:00:45.211246,127,59.78489300998696,127,49.152329790450025,127,48.89080670582228,0
2024-05-15 21:15:45.211246,127,58.60335786154501,127,52.25269484124303,127,53.598518784269785,0
2024-05-15 21:30:45.211246,127,53.336622430749536,127,53.611146073337004,127,40.96916808346842,0
2024-05-15 21:45:45.211246,127,52.83275059247945,127,47.62777227245137,127,47.91011321062688,0
2024-05-15 22:00:45.211246,127,0.0,127,0.0,127,0.0,15
2024-05-15 22:15:45.211246,127,0.0,127,0.0,127,0.0,30
2024-05-15 22:30:45.211246,127,0.0,127,0.0,127,0.0,15
2024-05-15 22:45:45.211246,127,44.01961835323899,127,55.24412444336893,127,53.31625737348468,0
2024-05-15 23:00:45.211246,127,50.231110436354975,127,43.872980787787306,127,58.45938766241592,0
2024-05-15 23:15:45.211246,127,51.56079827453977,127,43.41849052989846,127,56.3415028503808,0
2024-05-15 23:30:45.211246,127,49.451065852573485,127,47.00893222053579,127,65.21220758238839,0
2024-05-15 23:45:45.211246,127,45.0504949542884,127,41.8419858084158,127,47.63925111007476,0
2024-05-16 00:00:45.211246,127,42.14963746897431,127,45.317892236005925,127,47.853690028122536,0
2024-05-16 00:15:45.211246,127,44.56884923370889,127,50.70649250022114,127,48.67447381072315,0
2024-05-16 00:30:45.211246,127,52.65506491516357,127,45.5841291267117,127,47.360413634232394,0
2024-05-16 00:45:45.211246,127,55.13506910105419,127,37.99575226107974,127,50.293322602959556,0
2024-05-16 01:00:45.211246,127,47.61361571896094,127,50.894678318295284,127,55.88220282917306,0
2024-05-16 01:15:45.211246,127,0.0,127,0.0,127,0.0,60
2024-05-16 01:30:45.211246,127,55.41968718555899,127,56.87193290194913,127,51.4571317387085,0
2024-05-16 01:45:45.211246,127,48.18870572208443,127,43.64696056012522,127,52.589890452587355,0
2024-05-16 02:00:45.211246,127,36.01404877383021,127,45.762148423585685,127,49.08097631787502,0
2024-05-16 02:15:45.211246,127,48.43083236549444,127,45.90746440746263,127,48.98549218809492,0
2024-05-16 02:30:45.211246,127,49.8946877478678,127,45.820847655038975,127,47.21543595125977,0
2024-05-16 02:45:45.211246,127,47.107073037963104,127,57.774166605899964,127,52.529314017034906,0
2024-05-16 03:00:45.211246,127,48.41276099770691,127,44.26106790318246,127,53.97452303771405,0
2024-05-16 03:15:45.211246,127,47.55189411831166,127,51.84283472854288,127,54.75673031219601,0
2024-05-16 03:30:45.211246,127,53.52603118000854,127,43.9337378695852,127,43.104030777747745,0
2024-05-16 03:45:45.211246,127,40.99421270281048,127,48.39481898441895,127,47.63565032584558,0
2024-05-16 04:00:45.211246,127,0.0,127,0.0,127,0.0,15
2024-05-16 04:15:45.211246,127,49.625816184942195,127,45.865641236572245,127,50.858932036959345,0
2024-05-16 04:30:45.211246,127,57.21620320386184,127,50.48863455292326,127,48.885291193300716,0
2024-05-16 04:45:45.211246,127,53.943199117768586,127,49.250540061675345,127,51.457357320509715,0
2024-05-16 05:00:45.211246,127,46.78639951499271,127,49.88486308490547,127,49.223304755647554,0
2024-05-16 05:15:45.211246,127,48.70700846601344,127,55.7664156222702,127,51.89451482485186,0
2024-05-16 05:30:45.211246,127,44.54829570156021,127,49.07947316969575,127,42.0877593277483,0
2024-05-16 05:45:45.211246,127,45.65572638767482,127,46.576020012806886,127,49.41098555103458,0
2024-05-16 06:00:45.211246,127,45.24678471021728,127,55.12013082343429,127,45.734830808965896,0
2024-05-16 06:15:45.211246,127,49.13785058938861,127,48.361827124509375,127,50.893696696520436,0
2024-05-16 06:30:45.211246,127,59.12737443595765,127,46.81590269029279,127,49.922572210681494,0
2024-05-16 06:45:45.211246,127,49.14693740588466,127,50.335959777145355,127,54.77707273102935,0
2024-05-16 07:00:45.211246,127,51.27863227542812,127,53.78546193710886,127,50.23782994636718,0
2024-05-16 07:15:45.211246,127,55.6981908235013,127,41.7358532238896,127,44.41561713690952,0
2024-05-16 07:30:45.211246,127,48.53786966706352,127,52.01948860541962,127,42.94081002113839,0
2024-05-16 07:45:45.211246,127,49.40183987838925,127,48.41758657393987,127,53.68108385598185,0
2024-05-16 08:00:45.211246,127,42.20902851975947,127,44.90700538486101,127,53.33707546260265,0
2024-05-16 08:15:45.211246,127,51.995215588677404,127,52.56033235861974,127,50.42210837065323,0
2024-05-16 08:30:45.211246,127,45.62152449388143,127,48.33537169660014,127,53.85081209626536,0
2024-05-16 08:45:45.211246,127,46.493489028377745,127,41.59067207859525,127,55.56393018350476,0
2024-05-16 09:00:45.211246,127,41.75020215479531,127,56.16920328529849,127,49.11254974405185,0
2024-05-16 09:15:45.211246,127,54.574973577279586,127,46.09845193156742,127,53.5461064684652,0
2024-05-16 09:30:45.211246,127,46.18874317574967,127,48.76501027694408,127,47.136699187075905,0
2024-05-16 09:45:45.211246,127,43.68993561911877,127,48.53467509144359,127,45.11333581687696,0
2024-05-16 10:00:45.211246,127,51.159971154185484,127,50.52607622285998,127,50.88795981219396,0
2024-05-16 10:15:45.211246,127,48.16802533782942,127,49.093385320157196,127,53.857521028224674,0
2024-05-16 10:30:45.211246,127,52.13939063852145,127,42.73747829037367,127,50.77762442065644,0
2024-05-16 10:45:45.211246,127,0.0,127,0.0,127,0.0,60
2024-05-16 11:00:45.211246,127,47.145379168555124,127,51.12400436480173,127,55.70514144451477,0
2024-05-16 11:15:45.211246,127,52.708857977143595,127,47.810926281578524,127,47.66753713754431,0
2024-05-16 11:30:45.211246,127,48.79216993241244,127,46.51958984472483,127,52.826784441437795,0
2024-05-16 11:45:45.211246,127,56.37593915932685,127,49.60984097191201,127,47.71796212999064,0
2024-05-16 12:00:45.211246,127,58.558993599475606,127,38.84837338166911,127,45.17160357820869,0
2024-05-16 12:15:45.211246,127,42.98679684202967,127,52.29566060424886,127,48.19402604299951,0
2024-05-16 12:30:45.211246,127,46.027689410641486,127,40.88861360561833,127,48.01645978025618,0
2024-05-16 12:45:45.211246,127,46.52150856602028,127,58.46943424108781,127,47.43790390314075,0
2024-05-16 13:00:45.211246,127,49.996757605759534,127,51.203305633632056,127,44.55144634586436,0
2024-05-16 13:15:45.211246,127,0.0,127,0.0,127,0.0,60
2024-05-16 13:30:45.211246,127,58.20106431236661,127,46.12458612823785,127,47.97423607462759,0
2024-05-16 13:45:45.211246,127,48.76287461935895,127,48.04516680286343,127,40.93863774713749,0
2024-05-16 14:00:45.211246,127,47.513646289910916,127,52.023640768310116,127,48.42503249455331,0
2024-05-16 14:15:45.211246,127,57.5040308875352,127,46.23869380220096,127,48.53881947088215,0
2024-05-16 14:30:45.211246,127,50.36522363864276,127,50.04728790616424,127,55.04608211448559,0
2024-05-16 14:45:45.211246,127,54.46981662249729,127,55.514762735874704,127,47.618724888664886,0
2024-05-16 15:00:45.211246,127,46.85434953876493,127,52.341850600455665,127,49.07723153103215,0
2024-05-16 15:15:45.211246,127,57.66681459363091,127,50.194607210714764,127,52.153206461307995,0
2024-05-16 15:30:45.211246,127,0.0,127,0.0,127,0.0,15
2024-05-16 15:45:45.211246,127,48.15792343579841,127,45.4093730361835,127,52.41789921221299,0
2024-05-16 16:00:45.211246,127,0.0,127,0.0,127,0.0,60
2024-05-16 16:15:45.211246,127,32.507422872912876,127,55.28159453904901,127,49.558438508464405,0
2024-05-16 16:30:45.211246,127,51.06978030984893,127,59.76982313783286,127,55.299439838574024,0
2024-05-16 16:45:45.211246,127,50.83124909687917,127,53.38106833708546,127,42.085616732771975,0
2024-05-16 17:00:45.211246,127,44.4867931537776,127,49.69964194824023,127,52.2735150534231,0
2024-05-16 17:15:45.211246,127,52.9186008114689,127,50.46421861150392,127,45.61580021866603,0
2024-05-16 17:30:45.211246,127,52.41765194901392,127,50.43654615388198,127,52.391178290524145,0
2024-05-16 17:45:45.211246,127,46.67712023396388,127,47.64374437575038,127,47.42017281990315,0
2024-05-16 18:00:45.211246,127,44.59114934271582,127,46.013479698108895,127,57.3943208505994,0
2024-05-16 18:15:45.211246,127,56.662114256226225,127,51.812397670308954,127,42.87970249754682,0
2024-05-16 18:30:45.211246,127,0.0,127,0.0,127,0.0,30
2024-05-16 18:45:45.211246,127,57.39717278079284,127,51.498144548805456,127,46.54918272144948,0
2024-05-16 19:00:45.211246,127,0.0,127,0.0,127,0.0,30
2024-05-16 19:15:45.211246,127,0.0,127,0.0,127,0.0,15
2024-05-16 19:30:45.211246,127,58.90676143510362,127,55.20638056568637,127,50.92818385315496,0
2024-05-16 19:45:45.211246,127,57.534729091536086,127,52.02190766066129,127,48.20888749561687,0
2024-05-16 20:00:45.211246,127,41.3299505959434,127,54.3363996799468,127,46.245477187365324,0
2024-05-16 20:15:45.211246,127,40.7244057797143,127,51.12998356285553,127,51.02399542601434,0
2024-05-16 20:30:45.211246,127,48.09633600882861,127,49.76294574553274,127,46.467624194202166,0
2024-05-16 20:45:45.211246,127,53.992604975574864,127,52.54112245921893,127,55.58484493044446,0
2024-05-16 21:00:45.211246,127,50.94754857212373,127,40.69145660176103,127,45.224427317912856,0
2024-05-16 21:15:45.211246,127,55.933304119456864,127,36.762844261444876,127,54.64229305483572,0
2024-05-16 21:30:45.211246,127,57.88049468397937,127,46.06959733319413,127,50.10560571686,0
2024-05-16 21:45:45.211246,127,0.0,127,0.0,127,0.0,30
2024-05-16 22:00:45.211246,127,56.84503426665107,127,42.9536737850721,127,49.77539931516514,0
2024-05-16 22:15:45.211246,127,51.601210222068495,127,51.31198817921833,127,54.35861566960661,0
2024-05-16 22:30:45.211246,127,51.2980182389183,127,45.18128931295385,127,53.150081442696276,0
2024-05-16 22:45:45.211246,127,50.01856153470807,127,40.935070024368756,127,43.20277793576639,0
2024-05-16 23:00:45.211246,127,48.97618571283798,127,48.611860032010235,127,45.36280210695083,0
2024-05-16 23:15:45.211246,127,0.0,127,0.0,127,0.0,60
2024-05-16 23:30:45.211246,127,55.68470197319837,127,53.08083847358797,127,52.80378548894946,0
2024-05-16 23:45:45.211246,127,0.0,127,0.0,127,0.0,30
2024-05-17 00:00:45.211246,127,50.169236828082994,127,44.0652780977833,127,56.65009628688948,0
2024-05-17 00:15:45.211246,127,54.40103076920198,127,44.780228778725146,127,42.694997992608776,0
2024-05-17 00:30:45.211246,127,52.832977513294345,127,51.131426430349116,127,53.48997267230739,0
2024-05-17 00:45:45.211246,127,55.03619600002365,127,42.82528046712758,127,40.637537675215796,0
2024-05-17 01:00:45.211246,127,57.897348939841464,127,50.06091802353114,127,42.71321773694146,0
2024-05-17 01:15:45.211246,127,56.654988355912266,127,44.01066193141361,127,54.31617273512137,0
2024-05-17 01:30:45.211246,127,0.0,127,0.0,127,0.0,60
2024-05-17 01:45:45.211246,127,45.20025984739234,127,47.648827277438244,127,40.326883382250536,0
2024-05-17 02:00:45.211246,127,46.90227217946619,127,43.34742927954423,127,45.81814106012504,0
2024-05-17 02:15:45.211246,127,47.26704599648195,127,47.34425376673402,127,51.10260524391825,0
2024-05-17 02:30:45.211246,127,51.342086529197964,127,43.170344967288486,127,55.46596436563136,0
2024-05-17 02:45:45.211246,127,0.0,127,0.0,127,0.0,30
2024-05-17 03:00:45.211246,127,51.32125039500684,127,49.68261243901807,127,49.332231159722944,0
2024-05-17 03:15:45.211246,127,50.82412385905921,127,49.94026632543961,127,46.598263423875764,0
2024-05-17 03:30:45.211246,127,0.0,127,0.0,127,0.0,15
2024-05-17 03:45:45.211246,127,46.26961253931706,127,46.98224288366301,127,46.15565025657152,0
2024-05-17 04:00:45.211246,127,41.40294434766505,127,50.34431167206789,127,50.26051529814923,0
2024-05-17 04:15:45.211246,127,56.607718908745625,127,51.11346440509493,127,46.611276884456245,0
2024-05-17 04:30:45.211246,127,38.73386591761229,127,49.51613743666347,127,46.675139182366394,0
2024-05-17 04:45:45.211246,127,45.912756388281224,127,44.44640891782805,127,41.08250731940182,0
2024-05-17 05:00:45.211246,127,52.23855318288022,127,49.589736845545964,127,51.941816507623095,0
2024-05-17 05:15:45.211246,127,0.0,127,0.0,127,0.0,60
2024-05-17 05:30:45.211246,127,55.66678617364132,127,52.95914981973325,127,50.354164836470936,0
2024-05-17 05:45:45.211246,127,38.46321458501141,127,48.98248676190716,127,55.663444909298,0
2024-05-17 06:00:45.211246,127,48.52196819833976,127,53.63295576332648,127,47.54366859277519,0
2024-05-17 06:15:45.211246,127,51.22623112843194,127,43.90587698765512,127,49.86174351293489,0
2024-05-17 06:30:45.211246,127,47.70632862027511,127,52.02327522450989,127,42.417895151819415,0
2024-05-17 06:45:45.211246,127,0.0,127,0.0,127,0.0,30
2024-05-17 07:00:45.211246,127,48.407027541748,127,51.999605587560886,127,58.99773340968933,0
2024-05-17 07:15:45.211246,127,46.451596857099574,127,47.24585688075963,127,51.29576695249993,0
2024-05-17 07:30:45.211246,127,55.77099093605164,127,57.04795292986041,127,39.938749451587434,0
2024-05-17 07:45:45.211246,127,56.917808610573054,127,61.27941762840352,127,58.88767360485025,0
2024-05-17 08:00:45.211246,127,48.91042952485322,127,50.5817747458122,127,45.1179184917227,0
2024-05-17 08:15:45.211246,127,0.0,127,0.0,127,0.0,60
2024-05-17 08:30:45.211246,127,0.0,127,0.0,127,0.0,15
2024-05-17 08:45:45.211246,127,45.094093068722984,127,55.39911331880194,127,48.46541509318333,0
2024-05-17 09:00:45.211246,127,49.25937846142988,127,46.17311488910525,127,55.30302864033385,0
2024-05-17 09:15:45.211246,127,57.33253834433444,127,57.12577139503708,127,47.402242650637945,0
2024-05-17 09:30:45.211246,127,45.89056663729527,127,46.1718102370762,127,39.57343811469792,0
2024-05-17 09:45:45.211246,127,46.02491498870462,127,54.241499726477144,127,60.07121476806661,0
2024-05-17 10:00:45.211246,127,42.377071006866686,127,51.26495275524513,127,38.090539145974475,0
2024-05-17 10:15:45.211246,127,40.32550998125712,127,49.483549210529524,127,51.98073793068791,0
2024-05-17 10:30:45.211246,127,60.55942199858871,127,48.26897089113936,127,47.13676717205721,0
2024-05-17 10:45:45.211246,127,0.0,127,0.0,127,0.0,15
2024-05-17 11:00:45.211246,127,53.1334741558263,127,45.39408054231618,127,55.053862005692736,0
2024-05-17 11:15:45.211246,127,49.90804029765671,127,46.88978118230684,127,47.43246676055175,0
2024-05-17 11:30:45.211246,127,53.52777013064512,127,45.125137683108946,127,52.03758290949376,0
2024-05-17 11:45:45.211246,127,54.76919329669171,127,46.841853429470504,127,55.705447196168535,0
2024-05-17 12:00:45.211246,127,46.501712615432645,127,48.06912552082946,127,59.47347425568669,0
2024-05-17 12:15:45.211246,127,53.69198254784605,127,52.20916881029092,127,61.72248559127305,0
2024-05-17 12:30:45.211246,127,51.349693156568044,127,48.891855338768,127,61.12561493261177,0
2024-05-17 12:45:45.211246,127,46.8363812435498,127,43.26231310718624,127,53.128861975568434,0
2024-05-17 13:00:45.211246,127,48.55108462335027,127,43.656149175868535,127,48.99610818420818,0
2024-05-17 13:15:45.211246,127,58.067128704847285,127,51.33131668146639,127,51.57116871247371,0
2024-05-17 13:30:45.211246,127,56.00254586140118,127,43.934857450947945,127,46.27958776316535,0
2024-05-17 13:45:45.211246,127,60.3992738326437,127,54.056898849813976,127,59.58999170170981,0
2024-05-17 14:00:45.211246,127,42.24640156392385,127,54.45216983974855,127,51.32867881900915,0
2024-05-17 14:15:45.211246,127,60.15799739171662,127,50.66972096441671,127,58.559054183021935,0
2024-05-17 14:30:45.211246,127,48.71937276268289,127,39.20115121485188,127,54.05687574041949,0
2024-05-17 14:45:45.211246,127,53.276159064692095,127,41.466829370657265,127,47.95662807808218,0
2024-05-17 15:00:45.211246,127,47.49824123525373,127,53.84239030792927,127,51.39807581038746,0
2024-05-17 15:15:45.211246,127,51.151671988692144,127,62.213726606994285,127,45.79740367921985,0
2024-05-17 15:30:45.211246,127,55.880977834860055,127,41.814804520884366,127,45.852033517498874,0
2024-05-17 15:45:45.211246,127,58.11524163097819,127,50.36434871661906,127,52.32450093261486,0
2024-05-17 16:00:45.211246,127,43.65430708343107,127,55.012414270649444,127,47.6802762961177,0
2024-05-17 16:15:45.211246,127,0.0,127,0.0,127,0.0,15
2024-05-17 16:30:45.211246,127,43.84989813467053,127,57.232753020003464,127,42.03846231254748,0
2024-05-17 16:45:45.211246,127,46.32254370487369,127,56.981289831020796,127,46.00133256418327,0
2024-05-17 17:00:45.211246,127,48.28459103462338,127,53.03448829274133,127,49.31626854627837,0
2024-05-17 17:15:45.211246,127,0.0,127,0.0,127,0.0,60
2024-05-17 17:30:45.211246,127,46.545818726801535,127,51.309675808777314,127,59.23636925867878,0
2024-05-17 17:45:45.211246,127,51.29549923314629,127,50.899472337082855,127,54.47518729964086,0
2024-05-17 18:00:45.211246,127,47.02034624355295,127,55.39021079533546,127,54.30988365703715,0
2024-05-17 18:15:45.211246,127,45.91143596163271,127,51.66891023678415,127,50.7446829835264,0
2024-05-17 18:30:45.211246,127,45.906170954619384,127,46.37937379434048,127,51.85716689774348,0
2024-05-17 18:45:45.211246,127,0.0,127,0.0,127,0.0,15
2024-05-17 19:00:45.211246,127,54.89611532986589,127,43.622422312658244,127,53.82370137511733,0
2024-05-17 19:15:45.211246,127,60.17528419766578,127,57.09103554779958,127,48.755809001591174,0
2024-05-17 19:30:45.211246,127,57.64711274008552,127,46.30803935284027,127,54.59001224988061,0
2024-05-17 19:45:45.211246,127,39.386675487045856,127,49.70961093742652,127,45.74315612938983,0
2024-05-17 20:00:45.211246,127,47.5696321857389,127,40.89969061077716,127,47.90273064592611,0
2024-05-17 20:15:45.211246,127,0.0,127,0.0,127,0.0,60
2024-05-17 20:30:45.211246,127,62.37700438651621,127,54.39484614011495,127,55.03632652665427,0
2024-05-17 20:45:45.211246,127,0.0,127,0.0,127,0.0,30
2024-05-17 21:00:45.211246,127,51.60899126775862,127,52.553872464140724,127,54.14781390770502,0
2024-05-17 21:15:45.211246,127,40.98689383627746,127,49.62122367938421,127,46.85015969427545,0
2024-05-17 21:30:45.211246,127,48.01772295248199,127,52.035546819555734,127,57.2994621006487,0
2024-05-17 21:45:45.211246,127,0.0,127,0.0,127,0.0,30
2024-05-17 22:00:45.211246,127,45.66960283616005,127,49.72285883327595,127,46.65889410271416,0
2024-05-17 22:15:45.211246,127,56.042114865726596,127,57.030678357869625,127,43.91506183360913,0
2024-05-17 22:30:45.211246,127,45.07910817932005,127,47.20853867732539,127,50.24583549870271,0
2024-05-17 22:45:45.211246,127,46.937026051718334,127,50.36830907886005,127,52.31282613387498,0
2024-05-17 23:00:45.211246,127,50.908936815032035,127,41.10134987710478,127,50.37075324683942,0
2024-05-17 23:15:45.211246,127,50.24154644862577,127,52.365814734957354,127,57.614420389449876,0
2024-05-17 23:30:45.211246,127,56.137357008142665,127,51.68309625837509,127,47.11534999204437,0
2024-05-17 23:45:45.211246,127,47.70829952569281,127,49.784362224969854,127,52.80578374110597,0
2024-05-18 00:00:45.211246,127,0.0,127,0.0,127,0.0,60
2024-05-18 00:15:45.211246,127,42.286561038441846,127,58.051718068948574,127,52.1177807120008,0
2024-05-18 00:30:45.211246,127,46.45827593593193,127,52.23887718833249,127,50.21123887674247,0
2024-05-18 00:45:45.211246,127,52.82423561868092,127,49.24112975035426,127,49.76273651428366,0
2024-05-18 01:00:45.211246,127,46.49492126375405,127,45.90063616109969,127,54.63393256928363,0
2024-05-18 01:15:45.211246,127,45.712725854431575,127,39.87450291360234,127,51.921882824295345,0
2024-05-18 01:30:45.211246,127,0.0,127,0.0,127,0.0,60
2024-05-18 01:45:45.211246,127,51.609053013490204,127,51.44152012350404,127,47.293108358487956,0
2024-05-18 02:00:45.211246,127,44.95216972526572,127,44.709770165347834,127,53.595384318623054,0
2024-05-18 02:15:45.211246,127,55.59237685840331,127,47.69393370125514,127,54.126521544168895,0
2024-05-18 02:30:45.211246,127,0.0,127,0.0,127,0.0,60
2024-05-18 02:45:45.211246,127,51.02304886236018,127,55.565616677517696,127,50.88228661116695,0
2024-05-18 03:00:45.211246,127,44.353124934515954,127,45.259205328409685,127,41.14205066173485,0
2024-05-18 03:15:45.211246,127,49.362854463826196,127,46.184785966256314,127,47.8251651433787,0
2024-05-18 03:30:45.211246,127,46.91368396025788,127,46.661386347747154,127,49.40709384982024,0
2024-05-18 03:45:45.211246,127,0.0,127,0.0,127,0.0,30
2024-05-18 04:00:45.211246,127,39.13047659840682,127,46.812541363410446,127,47.938506775636874,0
2024-05-18 04:15:45.211246,127,0.0,127,0.0,127,0.0,30
2024-05-18 04:30:45.211246,127,43.61870315530116,127,42.11030924639678,127,53.20346123607933,0
2024-05-18 04:45:45.211246,127,47.65221718086379,127,53.77115506971986,127,50.64467749629178,0
2024-05-18 05:00:45.211246,127,39.838563922160546,127,47.89987638395289,127,53.74859394957679,0
2024-05-18 05:15:45.211246,127,40.56542777489221,127,47.82566157512572,127,56.55084057967192,0
2024-05-18 05:30:45.211246,127,40.59241576201619,127,55.31658353892633,127,41.01656864607285,0
2024-05-18 05:45:45.211246,127,46.01330004010836,127,50.612500290142755,127,52.349990941929995,0
2024-05-18 06:00:45.211246,127,0.0,127,0.0,127,0.0,30
2024-05-18 06:15:45.211246,127,0.0,127,0.0,127,0.0,60
2024-05-18 06:30:45.211246,127,47.0051741682562,127,36.614142135465436,127,60.06348645395563,0
2024-05-18 06:45:45.211246,127,52.266013562821435,127,46.57858345314374,127,56.76796009764818,0
2024-05-18 07:00:45.211246,127,56.1485125211891,127,53.410833235847946,127,49.13275794352686,0
2024-05-18 07:15:45.211246,127,48.79061948594056,127,51.11923504458881,127,43.54502988207334,0
2024-05-18 07:30:45.211246,127,0.0,127,0.0,127,0.0,15
2024-05-18 07:45:45.211246,127,50.76589654683626,127,38.030161960581275,127,45.19817604929592,0
2024-05-18 08:00:45.211246,127,61.43829066749256,127,47.77362928299438,127,55.53697116375496,0
2024-05-18 08:15:45.211246,127,49.28440969334598,127,52.04925793072142,127,54.6935192354481,0
2024-05-18 08:30:45.211246,127,55.60609329680308,127,45.53887856615137,127,56.92143193618024,0
2024-05-18 08:45:45.211246,127,48.985618282872174,127,51.676782422483186,127,62.3252632553729,0
2024-05-18 09:00:45.211246,127,43.88428857017395,127,46.28787799687013,127,56.21393019663836,0
2024-05-18 09:15:45.211246,127,54.244620215424646,127,44.033446640881195,127,54.14749876131197,0
2024-05-18 09:30:45.211246,127,54.778793377501316,127,46.943027591980524,127,56.739862306957015,0
2024-05-18 09:45:45.211246,127,46.474317069749425,127,55.39679623077453,127,45.923995541909214,0
2024-05-18 10:00:45.211246,127,53.29283439482469,127,60.07435473858105,127,48.45028400770468,0
2024-05-18 10:15:45.211246,127,59.186193453124396,127,47.264942492792244,127,51.5100185623451,0
2024-05-18 10:30:45.211246,127,45.47869944766077,127,56.156638826685196,127,48.210435276566066,0
2024-05-18 10:45:45.211246,127,57.5026287965461,127,58.663591857475524,127,54.27755279529577,0
2024-05-18 11:00:45.211246,127,51.29809248288787,127,53.7135892517917,127,52.65633165490157,0
2024-05-18 11:15:45.211246,127,43.895152513717825,127,50.925180190451556,127,53.90872167594232,0
2024-05-18 11:30:45.211246,127,53.607447392958925,127,41.51515130821882,127,55.927070816760754,0
2024-05-18 11:45:45.211246,127,44.00600314922638,127,57.294129171895506,127,49.14506616677095,0
2024-05-18 12:00:45.211246,127,0.0,127,0.0,127,0.0,30
2024-05-18 12:15:45.211246,127,50.805281316717,127,49.46584049500082,127,45.36173423831394,0
2024-05-18 12:30:45.211246,127,0.0,127,0.0,127,0.0,15
2024-05-18 12:45:45.211246,127,39.81580679234098,127,55.38906652323557,127,42.44243040816573,0
2024-05-18 13:00:45.211246,127,49.02075220151401,127,61.42297297173255,127,47.08269561159044,0
2024-05-18 13:15:45.211246,127,50.852196542297634,127,45.21785017225643,127,38.50848219192229,0
2024-05-18 13:30:45.211246,127,38.88030169833404,127,56.81341976497901,127,52.89964213814577,0
2024-05-18 13:45:45.211246,127,57.40519260323925,127,55.87064477527258,127,41.14972711666708,0
2024-05-18 14:00:45.211246,127,45.83963284607483,127,40.68116618027114,127,54.28699889211843,0
2024-05-18 14:15:45.211246,127,51.84019531997394,127,46.96301684533424,127,54.31245146916363,0
2024-05-18 14:30:45.211246,127,0.0,127,0.0,127,0.0,15
2024-05-18 14:45:45.211246,127,48.235756401997726,127,51.050330274584056,127,53.57313795052788,0
2024-05-18 15:00:45.211246,127,47.73972245657294,127,58.0329455456026,127,51.56574085858141,0
2024-05-18 15:15:45.211246,127,53.84618193540786,127,48.929144095592086,127,44.27380325232789,0
2024-05-18 15:30:45.211246,127,0.0,127,0.0,127,0.0,30
2024-05-18 15:45:45.211246,127,52.907008932929664,127,55.794563205895756,127,53.065193472024085,0
2024-05-18 16:00:45.211246,127,49.10094969073109,127,50.99530308721448,127,48.583333031647854,0
2024-05-18 16:15:45.211246,127,0.0,127,0.0,127,0.0,15
2024-05-18 16:30:45.211246,127,47.58107483976791,127,55.17861835602479,127,47.013916285768026,0
2024-05-18 16:45:45.211246,127,0.0,127,0.0,127,0.0,30
2024-05-18 17:00:45.211246,127,56.04318986599536,127,55.757307260618525,127,50.81887586509236,0
2024-05-18 17:15:45.211246,127,53.29535330580643,127,47.21025882064619,127,46.13532956436133,0
2024-05-18 17:30:45.211246,127,45.77432812225975,127,46.71697496147626,127,47.37539553560596,0
2024-05-18 17:45:45.211246,127,49.42374251326543,127,46.77264714548292,127,54.35720240540002,0
2024-05-18 18:00:45.211246,127,51.29712512949763,127,47.5004640331026,127,49.00219154726426,0
2024-05-18 18:15:45.211246,127,45.09711916480961,127,42.92907708246519,127,45.2744215317276,0
2024-05-18 18:30:45.211246,127,36.58186278574958,127,62.53246723577938,127,45.67460459622865,0
2024-05-18 18:45:45.211246,127,0.0,127,0.0,127,0.0,30
2024-05-18 19:00:45.211246,127,49.18828192243352,127,46.39457771743979,127,51.52391648325789,0
2024-05-18 19:15:45.211246,127,54.055163573990725,127,51.29307466365742,127,52.00181430981089,0
2024-05-18 19:30:45.211246,127,0.0,127,0.0,127,0.0,15
2024-05-18 19:45:45.211246,127,44.197403138605104,127,46.9439789112121,127,56.45542684467978,0
2024-05-18 20:00:45.211246,127,54.18593041507866,127,53.169149856607696,127,51.40065011457228,0
2024-05-18 20:15:45.211246,127,52.71670195308648,127,48.300077355130284,127,45.362328399685126,0
2024-05-18 20:30:45.211246,127,45.0865838637696,127,46.57821367193013,127,47.71114754388513,0
2024-05-18 20:45:45.211246,127,51.18187975367718,127,50.03518312436394,127,47.87493853767361,0
2024-05-18 21:00:45.211246,127,44.09425219168112,127,47.55368523370563,127,42.938365073360586,0
2024-05-18 21:15:45.211246,127,51.31327308909987,127,50.92550747624544,127,49.08113939390801,0
2024-05-18 21:30:45.211246,127,51.045314636434604,127,52.44867610516552,127,47.43503758579655,0
2024-05-18 21:45:45.211246,127,41.020345272365276,127,48.88092673822389,127,47.02001091361618,0
2024-05-18 22:00:45.211246,127,54.93898309523328,127,57.5363956352802,127,46.7663300550562,0
2024-05-18 22:15:45.211246,127,45.00290432144279,127,48.23310237599735,127,50.17521200202819,0
2024-05-18 22:30:45.211246,127,44.57373432024577,127,47.440572020319976,127,49.881568230931805,0
2024-05-18 22:45:45.211246,127,50.56805787118577,127,50.45584156743074,127,49.627831973128664,0
2024-05-18 23:00:45.211246,127,0.0,127,0.0,127,0.0,30
2024-05-18 23:15:45.211246,127,0.0,127,0.0,127,0.0,60
2024-05-18 23:30:45.211246,127,51.78397322249127,127,49.99333128473273,127,46.50895159137815,0
2024-05-18 23:45:45.211246,127,50.13302378029235,127,52.417420946295984,127,53.218104373788535,0
2024-05-19 00:00:45.211246,127,47.739049797948056,127,46.06339789339192,127,46.00453673714916,0
2024-05-19 00:15:45.211246,127,0.0,127,0.0,127,0.0,30
2024-05-19 00:30:45.211246,127,50.126912348608656,127,42.250854434624124,127,47.55922456947667,0
2024-05-19 00:45:45.211246,127,44.85783610975453,127,47.78950973966594,127,48.34931749554791,0
2024-05-19 01:00:45.211246,127,41.33582285710686,127,52.71950593134683,127,53.631111355271806,0
2024-05-19 01:15:45.211246,127,41.97979403625302,127,52.102164072906454,127,48.9384488942247,0
2024-05-19 01:30:45.211246,127,50.19525954822404,127,52.173948497377076,127,49.40438588115422,0
2024-05-19 01:45:45.211246,127,57.524882227843186,127,51.72011159288487,127,44.99966275072581,0
2024-05-19 02:00:45.211246,127,50.611728525161126,127,51.77505539053477,127,49.87143953237134,0
2024-05-19 02:15:45.211246,127,53.99940620360555,127,50.00340428899213,127,50.02780624399791,0
2024-05-19 02:30:45.211246,127,0.0,127,0.0,127,0.0,60
2024-05-19 02:45:45.211246,127,45.31946567063384,127,48.07512071446254,127,55.860678720739074,0
2024-05-19 03:00:45.211246,127,0.0,127,0.0,127,0.0,15
2024-05-19 03:15:45.211246,127,50.796523899842086,127,46.58089528387579,127,49.5388291908246,0
2024-05-19 03:30:45.211246,127,50.46097461986069,127,38.331732355228795,127,38.46930199624844,0
2024-05-19 03:45:45.211246,127,0.0,127,0.0,127,0.0,60
2024-05-19 04:00:45.211246,127,39.61277884694627,127,48.496807958064615,127,55.156891000676424,0
2024-05-19 04:15:45.211246,127,43.041342336768516,127,44.73268353013016,127,51.405869909294296,0
2024-05-19 04:30:45.211246,127,47.85030733042787,127,49.20661985891055,127,47.3728827148018,0
2024-05-19 04:45:45.211246,127,53.48481518340624,127,50.07344357034778,127,52.013890001676906,0
2024-05-19 05:00:45.211246,127,53.88649433891777,127,53.85920216302066,127,50.09791786829304,0
2024-05-19 05:15:45.211246,127,52.27466581007245,127,43.157811641552584,127,48.524456848877826,0
2024-05-19 05:30:45.211246,127,38.30510354278878,127,50.33246453327351,127,51.29978839301379,0
2024-05-19 05:45:45.211246,127,43.33066706428192,127,46.75623083932496,127,47.978532236228546,0
2024-05-19 06:00:45.211246,127,37.89649586189975,127,42.08809745072953,127,47.43182106796554,0
2024-05-19 06:15:45.211246,127,49.04092677157759,127,47.77131438177832,127,53.86969755882217,0
2024-05-19 06:30:45.211246,127,51.24827804784804,127,53.34524281300085,127,51.7672899903764,0
2024-05-19 06:45:45.211246,127,63.82574577178865,127,51.06541981211138,127,45.3303866001084,0
2024-05-19 07:00:45.211246,127,0.0,127,0.0,127,0.0,15
2024-05-19 07:15:45.211246,127,44.72854420193422,127,48.25964325104347,127,42.03763892076226,0
2024-05-19 07:30:45.211246,127,54.761280705104795,127,56.79669539858677,127,49.59862636124965,0
2024-05-19 07:45:45.211246,127,0.0,127,0.0,127,0.0,30
2024-05-19 08:00:45.211246,127,53.16963643834515,127,56.939825858447,127,49.92937725854121,0
2024-05-19 08:15:45.211246,127,50.65220444068346,127,52.58503733699954,127,52.94164106049856,0
2024-05-19 08:30:45.211246,127,0.0,127,0.0,127,0.0,30
2024-05-19 08:45:45.211246,127,51.61368079333577,127,48.46407466911117,127,54.7183740151108,0
2024-05-19 09:00:45.211246,127,46.073558297623485,127,52.06404501608196,127,57.99064000105481,0
2024-05-19 09:15:45.211246,127,59.47746522994264,127,59.3670501640395,127,54.05598673002037,0
2024-05-19 09:30:45.211246,127,51.5858634718212,127,48.49639821305241,127,59.16604071118158,0
2024-05-19 09:45:45.211246,127,41.94757485649223,127,74.49156246841835,127,47.71278842489779,0
2024-05-19 10:00:45.211246,127,54.84078964215392,127,51.72382489651726,127,47.48246723707782,0
2024-05-19 10:15:45.211246,127,50.12834147188612,127,46.1983072005734,127,51.16515031898031,0
2024-05-19 10:30:45.211246,127,52.09047699098545,127,50.99887065541384,127,46.255518326392924,0
2024-05-19 10:45:45.211246,127,52.57701408208429,127,44.60704665696082,127,50.76629066531792,0
2024-05-19 11:00:45.211246,127,37.008883456717406,127,48.20365541653644,127,52.03981453590335,0
2024-05-19 11:15:45.211246,127,44.84343854118122,127,44.904422897899515,127,55.746349677435816,0
2024-05-19 11:30:45.211246,127,49.27395787593782,127,50.0082024446848,127,53.19595081789477,0
2024-05-19 11:45:45.211246,127,48.258048446438075,127,48.650950226305774,127,49.01426635390017,0
2024-05-19 12:00:45.211246,127,49.20267050661943,127,49.05427778593626,127,52.84120618650656,0
2024-05-19 12:15:45.211246,127,37.21477309007149,127,46.77857678324824,127,48.24494191910001,0
2024-05-19 12:30:45.211246,127,57.12565082289248,127,50.01086842658501,127,48.27905510260176,0
2024-05-19 12:45:45.211246,127,43.73278603277483,127,52.2294776036819,127,42.82920242030204,0
2024-05-19 13:00:45.211246,127,52.29828526346581,127,38.50848731222446,127,47.16205284595368,0
2024-05-19 13:15:45.211246,127,0.0,127,0.0,127,0.0,15
2024-05-19 13:30:45.211246,127,0.0,127,0.0,127,0.0,60
2024-05-19 13:45:45.211246,127,45.21683606196418,127,37.87561165942242,127,61.92723130150921,0
2024-05-19 14:00:45.211246,127,52.23217686005498,127,47.22403213269329,127,53.942662357193704,0
2024-05-19 14:15:45.211246,127,53.13149136505576,127,49.181755207631824,127,45.167154472021906,0
2024-05-19 14:30:45.211246,127,60.230332935249464,127,53.41807220172278,127,51.70017003396025,0
2024-05-19 14:45:45.211246,127,0.0,127,0.0,127,0.0,15
2024-05-19 15:00:45.211246,127,51.09013989527039,127,48.56351592671315,127,55.699276576747785,0
2024-05-19 15:15:45.211246,127,56.46835381168839,127,48.6261887572318,127,50.170484185095965,0
2024-05-19 15:30:45.211246,127,54.352679068568946,127,47.042905503455444,127,46.57312697280009,0
2024-05-19 15:45:45.211246,127,57.05261613286003,127,56.93651701421664,127,40.92882717072735,0
2024-05-19 16:00:45.211246,127,47.84011722300712,127,51.825969851682075,127,45.10958909274994,0
2024-05-19 16:15:45.211246,127,52.764233941173046,127,47.00671128932478,127,49.732676988495605,0
2024-05-19 16:30:45.211246,127,46.640367348234136,127,56.04683949227032,127,49.411426617907566,0
2024-05-19 16:45:45.211246,127,56.49842049169607,127,43.666187770981516,127,64.15878289322832,0
2024-05-19 17:00:45.211246,127,58.0113463848507,127,52.58434057481256,127,51.17658133086486,0
2024-05-19 17:15:45.211246,127,0.0,127,0.0,127,0.0,30
2024-05-19 17:30:45.211246,127,48.85419548658239,127,58.22470493406967,127,52.227498562114235,0
2024-05-19 17:45:45.211246,127,50.508854088239076,127,49.649378095441,127,48.888738927921885,0
2024-05-19 18:00:45.211246,127,56.971184406758,127,48.167988234814814,127,49.48744779875568,0
2024-05-19 18:15:45.211246,127,48.712560859451195,127,52.9618274118723,127,47.41091072760852,0
2024-05-19 18:30:45.211246,127,43.65308934724828,127,48.71516080879085,127,40.75608590808857,0
2024-05-19 18:45:45.211246,127,52.27785682983493,127,47.47805930541427,127,59.593945619036816,0
2024-05-19 19:00:45.211246,127,45.63764748092057,127,48.551629553716154,127,54.04871901642072,0
2024-05-19 19:15:45.211246,127,48.1713683552946,127,59.885685904973634,127,45.65089002980122,0
2024-05-19 19:30:45.211246,127,47.77679060588187,127,56.63348447920794,127,40.65974348574468,0
2024-05-19 19:45:45.211246,127,48.12083807362892,127,51.74564023435523,127,51.44232082570556,0
2024-05-19 20:00:45.211246,127,52.95662019508058,127,54.05813114005116,127,43.940258909536766,0
2024-05-19 20:15:45.211246,127,57.31857799669294,127,49.89512820138621,127,48.62729289141575,0
2024-05-19 20:30:45.211246,127,52.28366488393341,127,49.0274511337627,127,49.359331921059855,0
2024-05-19 20:45:45.211246,127,58.16302504066011,127,49.19943320896645,127,51.78364144555655,0
2024-05-19 21:00:45.211246,127,50.49877629308992,127,48.33124568790931,127,52.630941599319726,0
2024-05-19 21:15:45.211246,127,0.0,127,0.0,127,0.0,60
2024-05-19 21:30:45.211246,127,47.38371682983229,127,52.29840811612703,127,50.826361107355375,0
2024-05-19 21:45:45.211246,127,55.52748990067621,127,48.465928525028296,127,54.37185211642141,0
2024-05-19 22:00:45.211246,127,50.74390944063052,127,49.8485395171816,127,47.60649245602147,0
2024-05-19 22:15:45.211246,127,62.84942765789289,127,57.51306717204576,127,50.58673868250367,0
2024-05-19 22:30:45.211246,127,34.72906701730452,127,61.48471030531639,127,55.013319261076035,0
2024-05-19 22:45:45.211246,127,45.42134447935203,127,56.654183473240515,127,50.27621932403518,0
2024-05-19 23:00:45.211246,127,48.54333381522641,127,58.823990824676734,127,47.43579337773669,0
2024-05-19 23:15:45.211246,127,53.67962783868953,127,49.401882915136504,127,54.51768970733356,0
2024-05-19 23:30:45.211246,127,53.302855260646126,127,48.5422712331393,127,55.64220847455761,0
2024-05-19 23:45:45.211246,127,56.79563057057061,127,41.883216917145724,127,50.70362795165713,0
2024-05-20 00:00:45.211246,127,0.0,127,0.0,127,0.0,15
2024-05-20 00:15:45.211246,127,55.03309935294285,127,54.63413810511996,127,49.87315084960206,0
2024-05-20 00:30:45.211246,127,42.90539953403702,127,50.39574926693749,127,43.043801840815945,0
2024-05-20 00:45:45.211246,127,44.891976408298,127,52.50252650874491,127,59.699587665490014,0
2024-05-20 01:00:45.211246,127,0.0,127,0.0,127,0.0,30
2024-05-20 01:15:45.211246,127,57.85098179701959,127,50.34607922313291,127,46.96569651091639,0
2024-05-20 01:30:45.211246,127,55.294565843186334,127,45.551600321312314,127,59.61919898090997,0
2024-05-20 01:45:45.211246,127,0.0,127,0.0,127,0.0,15
2024-05-20 02:00:45.211246,127,45.46341957263945,127,51.71806665459722,127,41.89439773285663,0
2024-05-20 02:15:45.211246,127,52.43528624795332,127,52.52138556073217,127,59.41658524077559,0
2024-05-20 02:30:45.211246,127,61.316717295460904,127,48.75750693975929,127,42.63937229978225,0
2024-05-20 02:45:45.211246,127,46.6734737758286,127,46.984054597032824,127,48.649120178777835,0
2024-05-20 03:00:45.211246,127,47.54175892682986,127,57.148933468117804,127,47.282738705788496,0
2024-05-20 03:15:45.211246,127,0.0,127,0.0,127,0.0,15
2024-05-20 03:30:45.211246,127,58.541021823493494,127,48.88281126194276,127,45.13001763581007,0
2024-05-20 03:45:45.211246,127,50.82790364971788,127,52.896190361276226,127,43.4809382625574,0
2024-05-20 04:00:45.211246,127,55.31933797660252,127,51.94145026078213,127,45.13304146547364,0
2024-05-20 04:15:45.211246,127,41.51221962900949,127,55.88564164139973,127,50.787182084911905,0
2024-05-20 04:30:45.211246,127,52.146151463228975,127,46.62652857435876,127,45.72873887798872,0
2024-05-20 04:45:45.211246,127,50.03458079061877,127,58.183634114099576,127,60.07227279227109,0
2024-05-20 05:00:45.211246,127,53.03283880532921,127,46.464124229829984,127,49.8059463654689,0
2024-05-20 05:15:45.211246,127,49.72040381518879,127,53.313483993022345,127,50.88934252127441,0
2024-05-20 05:30:45.211246,127,52.75475997702483,127,59.90894036417056,127,49.8351443512062,0
2024-05-20 05:45:45.211246,127,48.81996970488347,127,44.652475863739845,127,58.58409770243184,0
2024-05-20 06:00:45.211246,127,45.53925828706361,127,42.523579905552516,127,42.756009411881436,0
2024-05-20 06:15:45.211246,127,44.58609364018088,127,47.821919665121435,127,46.74934644910706,0
2024-05-20 06:30:45.211246,127,43.49614750739035,127,48.09213273711433,127,52.24002289654738,0
2024-05-20 06:45:45.211246,127,0.0,127,0.0,127,0.0,60
2024-05-20 07:00:45.211246,127,57.77472843547367,127,58.55386958095589,127,44.80800564631035,0
2024-05-20 07:15:45.211246,127,50.892376945710026,127,59.54784532659009,127,50.35927540143177,0
2024-05-20 07:30:45.211246,127,56.62557971782079,127,54.712703462527145,127,37.191014021211444,0
2024-05-20 07:45:45.211246,127,58.21993401158837,127,58.631524224330946,127,48.57252211596723,0
2024-05-20 08:00:45.211246,127,44.46358763474637,127,45.6889679704987,127,50.07871726102915,0
2024-05-20 08:15:45.211246,127,47.85423746528241,127,53.42219566763343,127,37.377227382954274,0
2024-05-20 08:30:45.211246,127,50.897614593241784,127,47.070609198023455,127,54.802113331929945,0
2024-05-20 08:45:45.211246,127,46.133816588683835,127,39.40038456867502,127,39.24610612599741,0
2024-05-20 09:00:45.211246,127,0.0,127,0.0,127,0.0,15
2024-05-20 09:15:45.211246,127,58.36637081107505,127,47.913512664767495,127,50.563688786648726,0
2024-05-20 09:30:45.211246,127,45.54609924672273,127,47.47199127469998,127,53.27656645650586,0
2024-05-20 09:45:45.211246,127,48.13989587913709,127,55.05597329216718,127,50.97145049256929,0
2024-05-20 10:00:45.211246,127,59.49675903780125,127,55.236573964898774,127,55.55646640683236,0
2024-05-20 10:15:45.211246,127,47.24875735137901,127,53.51571847463901,127,47.491256589096785,0
2024-05-20 10:30:45.211246,127,0.0,127,0.0,127,0.0,15
2024-05-20 10:45:45.211246,127,48.55526636196938,127,47.08437352453424,127,54.67542904368003,0
2024-05-20 11:00:45.211246,127,48.031950992619706,127,47.061926484312494,127,45.67889584734124,0
2024-05-20 11:15:45.211246,127,0.0,127,0.0,127,0.0,60
2024-05-20 11:30:45.211246,127,53.07193610370794,127,40.34943677432027,127,44.06840225033808,0
2024-05-20 11:45:45.211246,127,51.33504855865926,127,54.870455694988415,127,58.93194494899586,0
2024-05-20 12:00:45.211246,127,39.13619180950083,127,46.4701391710009,127,49.401121802412256,0
2024-05-20 12:15:45.211246,127,50.40806797806258,127,52.01876269215041,127,55.438356686715665,0
2024-05-20 12:30:45.211246,127,39.566985837900674,127,42.69213239951304,127,49.12336116038452,0
2024-05-20 12:45:45.211246,127,0.0,127,0.0,127,0.0,30
2024-05-20 13:00:45.211246,127,57.363354211512934,127,44.082517538445586,127,55.07872195630115,0
2024-05-20 13:15:45.211246,127,48.079384271353895,127,42.25588441250834,127,50.154512667389774,0
2024-05-20 13:30:45.211246,127,58.94929402997708,127,54.598317726298994,127,45.309087778955515,0
2024-05-20 13:45:45.211246,127,56.21961280980096,127,51.4763180623574,127,45.89220918965906,0
2024-05-20 14:00:45.211246,127,54.3286797363003,127,49.77854790036783,127,53.47714249858952,0
2024-05-20 14:15:45.211246,127,57.3467316339428,127,54.32761233322908,127,56.51812638586325,0
2024-05-20 14:30:45.211246,127,50.98350030980731,127,51.3298569026919,127,55.223776732235926,0
2024-05-20 14:45:45.211246,127,52.320274931827825,127,45.4772167963438,127,47.433355986332955,0
2024-05-20 15:00:45.211246,127,51.60310686952994,127,50.37432086819765,127,39.864132988568365,0
2024-05-20 15:15:45.211246,127,49.107441834275456,127,45.722592277303484,127,46.96256106238548,0
2024-05-20 15:30:45.211246,127,0.0,127,0.0,127,0.0,30
2024-05-20 15:45:45.211246,127,47.63781247643588,127,51.13916217537904,127,50.36327009486221,0
2024-05-20 16:00:45.211246,127,50.85434732509151,127,54.56712758764674,127,44.9626581671047,0
2024-05-20 16:15:45.211246,127,0.0,127,0.0,127,0.0,15
2024-05-20 16:30:45.211246,127,49.24478060424952,127,57.09591230963431,127,52.07580313872149,0
2024-05-20 16:45:45.211246,127,43.801197064931046,127,51.184447991835206,127,51.24488959372323,0
2024-05-20 17:00:45.211246,127,46.75917315861839,127,47.894345571887975,127,45.34907736283936,0
2024-05-20 17:15:45.211246,127,51.4520418597586,127,52.64888123447962,127,50.67274784485528,0
2024-05-20 17:30:45.211246,127,54.47866643099235,127,51.27391471848131,127,53.58230457792138,0
2024-05-20 17:45:45.211246,127,39.77417426906538,127,56.48856416718492,127,50.82028060786372,0
2024-05-20 18:00:45.211246,127,50.394073306352766,127,45.93410236571815,127,48.12823174518972,0
2024-05-20 18:15:45.211246,127,54.18867091019104,127,43.19537289741967,127,38.798500543382595,0
2024-05-20 18:30:45.211246,127,48.918394666251174,127,49.21395100201852,127,48.77636512273532,0
2024-05-20 18:45:45.211246,127,47.95422496634997,127,45.920006686500486,127,33.800473539982676,0
2024-05-20 19:00:45.211246,127,48.31758924559685,127,40.15029386203041,127,47.49865900127628,0
2024-05-20 19:15:45.211246,127,47.88194199517676,127,48.95275898569629,127,46.08349810094699,0
2024-05-20 19:30:45.211246,127,50.87290803684287,127,49.22757030656564,127,50.698001940007885,0
2024-05-20 19:45:45.211246,127,52.35672755039628,127,54.56027974031727,127,48.090674992350905,0
2024-05-20 20:00:45.211246,127,53.692523682345254,127,49.436345556137965,127,56.42567415703494,0
2024-05-20 20:15:45.211246,127,55.58626928708509,127,43.69610055062038,127,43.26318685816651,0
2024-05-20 20:30:45.211246,127,48.04591037902273,127,53.71493908584338,127,57.537018784546405,0
2024-05-20 20:45:45.211246,127,59.52979511804665,127,58.67655197521323,127,50.61478025306829,0
2024-05-20 21:00:45.211246,127,43.5358107115803,127,47.09371253892751,127,49.70965300938275,0
2024-05-20 21:15:45.211246,127,53.05022259266464,127,48.89729670294499,127,46.962343492335194,0
2024-05-20 21:30:45.211246,127,56.3677889456826,127,50.32741475015228,127,45.934442382292,0
2024-05-20 21:45:45.211246,127,48.958558806258786,127,40.45354430396272,127,60.76679223932976,0
2024-05-20 22:00:45.211246,127,54.003596461804484,127,48.58437701106658,127,55.520313547329245,0
2024-05-20 22:15:45.211246,127,49.54597704062477,127,50.186180493402624,127,53.60727849905164,0
2024-05-20 22:30:45.211246,127,0.0,127,0.0,127,0.0,60
2024-05-20 22:45:45.211246,127,51.26841971683864,127,52.7522926734083,127,43.9501001618492,0
2024-05-20 23:00:45.211246,127,51.3208652896265,127,44.39140746776763,127,54.95124151100847,0
2024-05-20 23:15:45.211246,127,52.45969407184259,127,58.95498384196482,127,50.589131954362166,0
2024-05-20 23:30:45.211246,127,50.252385958242925,127,50.775919709770896,127,50.82561561908521,0
2024-05-20 23:45:45.211246,127,0.0,127,0.0,127,0.0,15
2024-05-21 00:00:45.211246,127,0.0,127,0.0,127,0.0,15
2024-05-21 00:15:45.211246,127,50.77735056873855,127,48.92333189061164,127,47.65507721815841,0
2024-05-21 00:30:45.211246,127,57.646995036026624,127,45.33730358759983,127,44.12302204700075,0
2024-05-21 00:45:45.211246,127,44.21153977654119,127,50.129029751258855,127,43.22090508466475,0
2024-05-21 01:00:45.211246,127,45.973705669196704,127,42.968787528877144,127,52.4835756517141,0
2024-05-21 01:15:45.211246,127,38.473235065086726,127,41.49259947238459,127,52.22100404525404,0
2024-05-21 01:30:45.211246,127,43.15811362163463,127,55.06391734253655,127,60.60477614727942,0
2024-05-21 01:45:45.211246,127,53.744075864687844,127,57.37241196855547,127,42.36661982288106,0
2024-05-21 02:00:45.211246,127,41.37802256244251,127,53.51064846225242,127,46.673555651612496,0
2024-05-21 02:15:45.211246,127,0.0,127,0.0,127,0.0,60
2024-05-21 02:30:45.211246,127,49.73995633802436,127,48.87097779288413,127,50.28151372024301,0
2024-05-21 02:45:45.211246,127,40.51675158083589,127,49.75220708864529,127,53.421499585570444,0
2024-05-21 03:00:45.211246,127,61.72250830705094,127,59.049036024820055,127,45.695695977660236,0
2024-05-21 03:15:45.211246,127,52.634452039421035,127,47.51130213710259,127,43.97017205042331,0
2024-05-21 03:30:45.211246,127,42.44766287072404,127,56.475905165519386,127,61.79022249489975,0
2024-05-21 03:45:45.211246,127,0.0,127,0.0,127,0.0,15
2024-05-21 04:00:45.211246,127,0.0,127,0.0,127,0.0,60
2024-05-21 04:15:45.211246,127,0.0,127,0.0,127,0.0,30
2024-05-21 04:30:45.211246,127,43.76117825649379,127,36.711193275307636,127,51.21444187340375,0
2024-05-21 04:45:45.211246,127,59.97788551702479,127,50.321850004791365,127,50.987374267692054,0
2024-05-21 05:00:45.211246,127,45.77030771448358,127,58.84401290518238,127,51.116342526856336,0
2024-05-21 05:15:45.211246,127,46.11488786004248,127,49.20426796123158,127,52.23627449791307,0
2024-05-21 05:30:45.211246,127,46.030044532250166,127,50.75664225589214,127,49.82515510587542,0
2024-05-21 05:45:45.211246,127,47.44314349582628,127,54.17710420126512,127,49.512618439424195,0
2024-05-21 06:00:45.211246,127,50.16957907916663,127,43.90970206182874,127,51.533588042126794,0
2024-05-21 06:15:45.211246,127,47.208924824516636,127,43.85671505928778,127,45.21506462852975,0
2024-05-21 06:30:45.211246,127,54.75102903716608,127,51.58690014635861,127,48.296085634811114,0
2024-05-21 06:45:45.211246,127,52.341007753123705,127,47.50189691442212,127,49.49755003443279,0
2024-05-21 07:00:45.211246,127,0.0,127,0.0,127,0.0,15
2024-05-21 07:15:45.211246,127,49.03433099075498,127,42.82011592529756,127,52.85275235019022,0
2024-05-21 07:30:45.211246,127,55.51354469033561,127,47.835560484455584,127,48.244089415918786,0
2024-05-21 07:45:45.211246,127,45.20596292560161,127,50.319801501817516,127,58.63678846293302,0
2024-05-21 08:00:45.211246,127,46.43338881340479,127,56.74825956895636,127,42.02209252271997,0
2024-05-21 08:15:45.211246,127,50.668240541608334,127,44.567439635759364,127,40.061628859205626,0
2024-05-21 08:30:45.211246,127,58.204521989793,127,55.34864132372357,127,49.26928005897508,0
2024-05-21 08:45:45.211246,127,52.771735393764736,127,42.6420216651553,127,55.52006479276159,0
2024-05-21 09:00:45.211246,127,50.6173749971532,127,54.618532103324966,127,54.4590987085623,0
2024-05-21 09:15:45.211246,127,57.44876682528967,127,56.08583341435053,127,53.27963306263631,0
2024-05-21 09:30:45.211246,127,48.951907121596484,127,51.98438440288042,127,51.94597991367346,0
2024-05-21 09:45:45.211246,127,0.0,127,0.0,127,0.0,30
2024-05-21 10:00:45.211246,127,54.83959102412835,127,49.144665380156184,127,56.00425657262798,0
2024-05-21 10:15:45.211246,127,0.0,127,0.0,127,0.0,60
2024-05-21 10:30:45.211246,127,57.456391213313985,127,54.399239811586455,127,55.34099998514373,0
2024-05-21 10:45:45.211246,127,50.74749623467927,127,44.748933489461066,127,51.86313100564726,0
2024-05-21 11:00:45.211246,127,55.22164480443871,127,54.0648619340747,127,43.87188044219267,0
2024-05-21 11:15:45.211246,127,62.348459273220605,127,50.289551096642505,127,56.36958094514142,0
2024-05-21 11:30:45.211246,127,44.05300329243636,127,50.56876909203785,127,47.57815474362354,0
2024-05-21 11:45:45.211246,127,45.123220157569506,127,47.41393570668689,127,50.102770888592225,0
2024-05-21 12:00:45.211246,127,51.01408649013118,127,46.258910390094194,127,51.01534742558583,0
2024-05-21 12:15:45.211246,127,41.434263325654875,127,46.81693743702671,127,55.74158342742279,0
2024-05-21 12:30:45.211246,127,52.95280304153601,127,54.12453103301002,127,54.21536700396914,0
2024-05-21 12:45:45.211246,127,44.744607176933414,127,46.977163901605884,127,39.72879417508435,0
2024-05-21 13:00:45.211246,127,52.65548717637186,127,47.457505297352,127,48.29291871990521,0
2024-05-21 13:15:45.211246,127,54.456792992703555,127,49.14987814306422,127,53.03574637720574,0
2024-05-21 13:30:45.211246,127,47.8227263542319,127,44.36034861524275,127,53.91396356783359,0
2024-05-21 13:45:45.211246,127,54.78259716322762,127,48.75952653117267,127,42.58480490370154,0
2024-05-21 14:00:45.211246,127,54.52085735358256,127,51.086786379508446,127,47.79267306718663,0
2024-05-21 14:15:45.211246,127,55.46663703316418,127,54.362267011709044,127,54.4951400641017,0
2024-05-21 14:30:45.211246,127,45.649769955948884,127,63.93244169979029,127,50.417988246391204,0
2024-05-21 14:45:45.211246,127,45.31922125079909,127,44.28982941575995,127,46.26680117299027,0
2024-05-21 15:00:45.211246,127,0.0,127,0.0,127,0.0,60
2024-05-21 15:15:45.211246,127,0.0,127,0.0,127,0.0,30
2024-05-21 15:30:45.211246,127,0.0,127,0.0,127,0.0,15
2024-05-21 15:45:45.211246,127,52.66332858785481,127,48.913527650994894,127,63.72171292053053,0
2024-05-21 16:00:45.211246,127,0.0,127,0.0,127,0.0,30
2024-05-21 16:15:45.211246,127,0.0,127,0.0,127,0.0,15
2024-05-21 16:30:45.211246,127,47.41802093921648,127,44.58962654552067,127,48.90100760377171,0
2024-05-21 16:45:45.211246,127,51.06879410430208,127,50.259629676727336,127,47.77021675576926,0
2024-05-21 17:00:45.211246,127,46.046234175707774,127,48.840574267220696,127,46.62817085860252,0
2024-05-21 17:15:45.211246,127,57.5852637497609,127,55.560709376517025,127,48.71396746445932,0
2024-05-21 17:30:45.211246,127,45.23501599363029,127,50.94124834702881,127,37.64045767999427,0
2024-05-21 17:45:45.211246,127,46.89315924434341,127,48.51807381220563,127,50.432314535611596,0
2024-05-21 18:00:45.211246,127,53.54757625100712,127,45.75396261827754,127,56.446848854489836,0
2024-05-21 18:15:45.211246,127,51.989799734117945,127,59.57530066051186,127,52.824262261368666,0
2024-05-21 18:30:45.211246,127,44.941906100172474,127,44.04586075032293,127,50.83136676307534,0
2024-05-21 18:45:45.211246,127,52.580335831906986,127,48.41324742252254,127,45.53068120268369,0
2024-05-21 19:00:45.211246,127,53.86780009131466,127,50.634616988348355,127,44.02985575605304,0
2024-05-21 19:15:45.211246,127,42.97976382517772,127,50.168076942665735,127,40.057949551755975,0
2024-05-21 19:30:45.211246,127,0.0,127,0.0,127,0.0,15
2024-05-21 19:45:45.211246,127,48.25995764227514,127,43.43641256658937,127,51.15643410764549,0
2024-05-21 20:00:45.211246,127,0.0,127,0.0,127,0.0,15
2024-05-21 20:15:45.211246,127,0.0,127,0.0,127,0.0,30
2024-05-21 20:30:45.211246,127,46.63718661894185,127,55.02168828458652,127,51.128467987214336,0
2024-05-21 20:45:45.211246,127,46.071964431538554,127,51.66531584777095,127,46.245584952582874,0
2024-05-21 21:00:45.211246,127,58.46579099952963,127,50.590952476276705,127,50.273502066507014,0
2024-05-21 21:15:45.211246,127,53.59738144423049,127,58.26881101479845,127,46.354879614401575,0
2024-05-21 21:30:45.211246,127,0.0,127,0.0,127,0.0,15
2024-05-21 21:45:45.211246,127,58.84646560213114,127,51.29040109088526,127,57.97178399636148,0
2024-05-21 22:00:45.211246,127,56.79229476884669,127,57.189903158013564,127,51.307520064029966,0
2024-05-21 22:15:45.211246,127,56.441211216507156,127,48.37566007423253,127,42.08054351473612,0
2024-05-21 22:30:45.211246,127,51.30601889287509,127,48.987069203032355,127,36.55550927564157,0
2024-05-21 22:45:45.211246,127,47.31171655123366,127,44.31264964304303,127,45.77645482469016,0
2024-05-21 23:00:45.211246,127,46.36492522497879,127,52.53693644121394,127,53.66796920887465,0
2024-05-21 23:15:45.211246,127,47.76384127905564,127,52.2275984874845,127,49.98977431504487,0
2024-05-21 23:30:45.211246,127,0.0,127,0.0,127,0.0,60
2024-05-21 23:45:45.211246,127,49.02368254763539,127,51.548672061974,127,43.27169865046741,0
2024-05-22 00:00:45.211246,127,47.75789298306834,127,47.067129285358185,127,45.88477827583498,0
2024-05-22 00:15:45.211246,127,37.98534960939928,127,40.62087608786059,127,53.5835345086282,0
2024-05-22 00:30:45.211246,127,52.93617094816907,127,52.94142647825949,127,51.77508136142977,0
2024-05-22 00:45:45.211246,127,0.0,127,0.0,127,0.0,60
2024-05-22 01:00:45.211246,127,42.64496173124448,127,46.36029533699172,127,36.941342398781906,0
2024-05-22 01:15:45.211246,127,48.59083964058417,127,46.484522738885865,127,48.1345781613347,0
2024-05-22 01:30:45.211246,127,40.78282853288801,127,46.29307274485211,127,63.90526710462057,0
2024-05-22 01:45:45.211246,127,44.11060161273943,127,51.25951710354209,127,42.046471380015866,0
2024-05-22 02:00:45.211246,127,48.98828897279656,127,50.457397791545496,127,47.160895587787515,0
2024-05-22 02:15:45.211246,127,52.974429531601835,127,49.73582814125792,127,51.08125675109586,0
2024-05-22 02:30:45.211246,127,41.52182963547454,127,55.045861624158995,127,51.49441020369571,0
2024-05-22 02:45:45.211246,127,47.84192754215513,127,53.9785920799062,127,48.18361011444511,0
2024-05-22 03:00:45.211246,127,49.515169498351455,127,51.86292110281335,127,46.499976693766044,0
2024-05-22 03:15:45.211246,127,50.689383669146366,127,55.054535491470865,127,44.171383359268546,0
2024-05-22 03:30:45.211246,127,44.88296167653449,127,49.29667825550897,127,61.17215566878445,0
2024-05-22 03:45:45.211246,127,0.0,127,0.0,127,0.0,15
2024-05-22 04:00:45.211246,127,51.43428711105614,127,46.596377515382194,127,49.117672857664665,0
2024-05-22 04:15:45.211246,127,49.42844061852215,127,55.8855751652265,127,46.632330567852875,0
2024-05-22 04:30:45.211246,127,0.0,127,0.0,127,0.0,15
2024-05-22 04:45:45.211246,127,47.873944442670116,127,43.681663593603034,127,42.29421133710666,0
2024-05-22 05:00:45.211246,127,51.04290017655409,127,54.98886023904457,127,49.94046455481416,0
2024-05-22 05:15:45.211246,127,57.77700831304358,127,49.33809075312993,127,38.77214485558241,0
2024-05-22 05:30:45.211246,127,48.616265374248044,127,50.80834353219742,127,51.70770382711425,0
2024-05-22 05:45:45.211246,127,45.47903180117598,127,40.6673141023713,127,55.272795288048655,0
2024-05-22 06:00:45.211246,127,44.32107342125799,127,47.51662290484146,127,46.62023305114216,0
2024-05-22 06:15:45.211246,127,48.63906627939223,127,53.96585169895793,127,50.27366568078084,0
2024-05-22 06:30:45.211246,127,45.94193879353874,127,47.92030399804542,127,42.12787832777249,0
2024-05-22 06:45:45.211246,127,45.944899983614924,127,51.175565711780706,127,50.98070012271354,0
2024-05-22 07:00:45.211246,127,53.12900996593533,127,46.49316174722408,127,42.497422440202165,0
2024-05-22 07:15:45.211246,127,53.910568043778596,127,54.83668748442464,127,56.08072594850624,0
2024-05-22 07:30:45.211246,127,48.149649176383186,127,56.020575866731214,127,50.54837441244286,0
2024-05-22 07:45:45.211246,127,54.924987712945665,127,49.31771423869887,127,60.1080604385411,0
2024-05-22 08:00:45.211246,127,0.0,127,0.0,127,0.0,15
2024-05-22 08:15:45.211246,127,47.27658989934421,127,52.463555093167564,127,45.380371696941864,0
2024-05-22 08:30:45.211246,127,51.77946196400389,127,45.50866392130275,127,58.18588880707928,0
2024-05-22 08:45:45.211246,127,56.978632164828376,127,49.79599398162581,127,47.07675898051301,0
2024-05-22 09:00:45.211246,127,52.73751039330046,127,51.738952823067905,127,43.026093795623595,0
2024-05-22 09:15:45.211246,127,50.402348637678394,127,52.58774203969694,127,43.4257269287836,0
2024-05-22 09:30:45.211246,127,47.256403158043625,127,51.80567345415007,127,56.53512284754103,0
2024-05-22 09:45:45.211246,127,47.06402315426459,127,55.23788155101556,127,47.41960635788746,0
2024-05-22 10:00:45.211246,127,47.70323689172802,127,46.69979315678759,127,53.5131141720562,0
2024-05-22 10:15:45.211246,127,46.535269502522404,127,54.90613755239045,127,41.588431497373236,0
2024-05-22 10:30:45.211246,127,52.408400615096525,127,44.14655488877061,127,54.7961974625747,0
2024-05-22 10:45:45.211246,127,47.63220077010022,127,49.09981822740422,127,42.83045930217462,0
2024-05-22 11:00:45.211246,127,44.412280465210685,127,52.8494006056581,127,46.242545572357294,0
2024-05-22 11:15:45.211246,127,50.11653008200178,127,54.16431607425363,127,43.298497846726434,0
2024-05-22 11:30:45.211246,127,49.50889990357888,127,55.32239943599591,127,47.427055938144925,0
2024-05-22 11:45:45.211246,127,50.7151638128117,127,49.3635191943065,127,46.56000950161657,0
2024-05-22 12:00:45.211246,127,56.707478760358725,127,48.26693237789215,127,44.61232849025623,0
2024-05-22 12:15:45.211246,127,56.72057097567973,127,53.73678292010878,127,46.0333459294456,0
2024-05-22 12:30:45.211246,127,0.0,127,0.0,127,0.0,60
2024-05-22 12:45:45.211246,127,49.25208094434746,127,57.43472299169855,127,51.00062288779772,0
2024-05-22 13:00:45.211246,127,48.05171584680563,127,58.341133917994696,127,42.64187667581166,0
2024-05-22 13:15:45.211246,127,52.79917810798752,127,50.85910474063408,127,60.24614768274243,0
2024-05-22 13:30:45.211246,127,50.7607204197094,127,47.467231704666524,127,42.46923194051229,0
2024-05-22 13:45:45.211246,127,54.05966166295539,127,45.87329259147927,127,47.779154988522045,0
2024-05-22 14:00:45.211246,127,59.04304308028489,127,57.07399930762359,127,51.730112722863126,0
2024-05-22 14:15:45.211246,127,46.391246844084414,127,56.360658423252275,127,44.46962793964441,0
2024-05-22 14:30:45.211246,127,52.02308452980888,127,57.339496127476956,127,50.02001845230169,0
2024-05-22 14:45:45.211246,127,57.6733668674733,127,49.103797791195944,127,40.44627352175662,0
2024-05-22 15:00:45.211246,127,60.53224438186676,127,59.60806909349165,127,43.95573754174878,0
2024-05-22 15:15:45.211246,127,56.85471184341585,127,49.64202737490553,127,54.707927929309335,0
2024-05-22 15:30:45.211246,127,60.18124777137983,127,58.94587462454289,127,48.99036988420365,0
2024-05-22 15:45:45.211246,127,52.20229504282629,127,55.45582505718569,127,58.479741685985644,0
2024-05-22 16:00:45.211246,127,53.27233306630766,127,46.88818293907699,127,41.37477170943542,0
2024-05-22 16:15:45.211246,127,55.35253584868279,127,46.71711162093787,127,43.42188446089192,0
2024-05-22 16:30:45.211246,127,59.15202752422512,127,44.25607842205944,127,49.03014699912632,0
2024-05-22 16:45:45.211246,127,47.76935892970298,127,40.51629916856149,127,52.99470508645711,0
2024-05-22 17:00:45.211246,127,52.46775009222451,127,47.89622571474723,127,42.78709446751581,0
2024-05-22 17:15:45.211246,127,49.350667172174575,127,55.88158216193613,127,49.293126606869365,0
2024-05-22 17:30:45.211246,127,47.21269529951603,127,49.086458838522525,127,44.8182766359664,0
2024-05-22 17:45:45.211246,127,49.13495188035371,127,41.72531190510753,127,52.82355152613461,0
2024-05-22 18:00:45.211246,127,51.21626747527618,127,47.56575260421924,127,48.14028411593854,0
2024-05-22 18:15:45.211246,127,0.0,127,0.0,127,0.0,30
2024-05-22 18:30:45.211246,127,49.62062268437596,127,52.123100105760436,127,45.42176794163697,0
2024-05-22 18:45:45.211246,127,53.55223925856186,127,51.932810386316305,127,48.7709704176565,0
2024-05-22 19:00:45.211246,127,0.0,127,0.0,127,0.0,30
2024-05-22 19:15:45.211246,127,52.665513176036995,127,55.99944341724431,127,44.704163460249276,0
2024-05-22 19:30:45.211246,127,50.68233134824636,127,50.79511819400731,127,61.08191872554523,0
2024-05-22 19:45:45.211246,127,0.0,127,0.0,127,0.0,15
2024-05-22 20:00:45.211246,127,49.64054234275956,127,48.50117758262848,127,46.64935270446257,0
2024-05-22 20:15:45.211246,127,58.73810274319543,127,47.39335074313931,127,43.62755686804361,0
2024-05-22 20:30:45.211246,127,45.263755601899035,127,40.205802809764094,127,51.7769794763624,0
2024-05-22 20:45:45.211246,127,55.431676375483406,127,52.529156451394684,127,47.830776967376174,0
2024-05-22 21:00:45.211246,127,51.30033644210293,127,43.053157244345066,127,50.30223279170113,0
2024-05-22 21:15:45.211246,127,59.20218931651125,127,46.63325589147198,127,53.651095686381595,0
2024-05-22 21:30:45.211246,127,57.45298635534553,127,50.08136863922697,127,50.16135771721534,0
2024-05-22 21:45:45.211246,127,53.11484140250096,127,43.25779596138243,127,47.342703863554014,0
2024-05-22 22:00:45.211246,127,53.00551479251839,127,54.969625828576156,127,57.503030212069,0
2024-05-22 22:15:45.211246,127,54.794921864148606,127,55.618535342715596,127,40.58656258494688,0
2024-05-22 22:30:45.211246,127,42.54798238338457,127,46.692242757147575,127,52.14466025436336,0
2024-05-22 22:45:45.211246,127,49.32488313577887,127,41.87801013593641,127,57.00087553767759,0
2024-05-22 23:00:45.211246,127,57.11711236139031,127,49.67365435636214,127,52.83366870296575,0
2024-05-22 23:15:45.211246,127,46.963072251125205,127,47.61236555132083,127,57.65701338569195,0
2024-05-22 23:30:45.211246,127,55.99943682292784,127,47.5488849433875,127,47.222723344810895,0
2024-05-22 23:45:45.211246,127,47.97976865554056,127,56.57706280822181,127,55.667695986652575,0
2024-05-23 00:00:45.211246,127,51.158591023808356,127,51.161160287211196,127,57.36097174810653,0
2024-05-23 00:15:45.211246,127,48.07369541884359,127,52.20519367453377,127,48.83833072844253,0
2024-05-23 00:30:45.211246,127,58.66957358989597,127,56.474461587242615,127,60.864885461456815,0
2024-05-23 00:45:45.211246,127,51.02004263192274,127,57.601259032258874,127,43.6498787771803,0
2024-05-23 01:00:45.211246,127,50.227766885697804,127,50.10777797006155,127,48.23079145831101,0
2024-05-23 01:15:45.211246,127,64.59743562726145,127,55.184425240624726,127,43.032320924727465,0
2024-05-23 01:30:45.211246,127,50.546145155157966,127,49.76781979367343,127,54.421101346600565,0
2024-05-23 01:45:45.211246,127,44.883964280747236,127,42.87540336307611,127,48.644103281091446,0
2024-05-23 02:00:45.211246,127,50.06037126436241,127,51.73904056067489,127,48.07405921455824,0
2024-05-23 02:15:45.211246,127,60.60851403846856,127,50.71572743553878,127,58.24754574945818,0
2024-05-23 02:30:45.211246,127,58.9711165180443,127,54.212110750463715,127,43.3918622869548,0
2024-05-23 02:45:45.211246,127,47.80610451423809,127,51.78845831342717,127,47.19735558514691,0
2024-05-23 03:00:45.211246,127,0.0,127,0.0,127,0.0,60
2024-05-23 03:15:45.211246,127,51.53298252156567,127,47.507560760175615,127,48.960593812905145,0
2024-05-23 03:30:45.211246,127,42.31404699466826,127,50.52108584055186,127,56.860002140070776,0
2024-05-23 03:45:45.211246,127,40.73890138369102,127,50.53583475949607,127,51.11646930611641,0
2024-05-23 04:00:45.211246,127,54.46358806976679,127,48.689205994833515,127,44.48587812800667,0
2024-05-23 04:15:45.211246,127,46.53591583690095,127,48.81658908493386,127,48.41403929263597,0
2024-05-23 04:30:45.211246,127,45.39772674379527,127,50.45778825144842,127,47.84201138839996,0
2024-05-23 04:45:45.211246,127,45.306517750912306,127,48.73207735082871,127,56.646779706524164,0
2024-05-23 05:00:45.211246,127,36.63570027650573,127,46.66245419267804,127,48.99882515923187,0
2024-05-23 05:15:45.211246,127,52.01237862710924,127,46.629833462394956,127,49.20528984441334,0
2024-05-23 05:30:45.211246,127,46.569615329971924,127,44.400302143174585,127,46.53311112849966,0
2024-05-23 05:45:45.211246,127,54.91261211053013,127,51.61588115893151,127,50.40043240387923,0
2024-05-23 06:00:45.211246,127,54.89683032155041,127,57.31551367258409,127,50.78677294884744,0
2024-05-23 06:15:45.211246,127,54.033163101367826,127,37.17397451239996,127,51.80095811302577,0
2024-05-23 06:30:45.211246,127,48.12057138995123,127,45.81664626906698,127,45.3524624665362,0
2024-05-23 06:45:45.211246,127,53.09100567324148,127,38.148762504818976,127,52.274222059684426,0
2024-05-23 07:00:45.211246,127,52.03410980452871,127,37.22456560537403,127,53.215209713908415,0
2024-05-23 07:15:45.211246,127,0.0,127,0.0,127,0.0,15
2024-05-23 07:30:45.211246,127,0.0,127,0.0,127,0.0,30
2024-05-23 07:45:45.211246,127,48.181743887002135,127,54.09357947911255,127,47.41287051952877,0
2024-05-23 08:00:45.211246,127,49.445050541810026,127,47.92663249166866,127,53.51884224891902,0
2024-05-23 08:15:45.211246,127,57.017035763422484,127,42.321919405322504,127,52.96250376734016,0
2024-05-23 08:30:45.211246,127,57.20133943563327,127,46.903056614312966,127,51.53643840904131,0
2024-05-23 08:45:45.211246,127,47.79371013738211,127,48.3123284815027,127,48.43278098630819,0
2024-05-23 09:00:45.211246,127,39.8721043078123,127,39.13629044547791,127,54.093534159452446,0
2024-05-23 09:15:45.211246,127,54.0209544372783,127,52.91058409267733,127,49.86067113273622,0
2024-05-23 09:30:45.211246,127,54.418342741157204,127,45.5909944248244,127,53.132121909294796,0
2024-05-23 09:45:45.211246,127,46.66535839306355,127,51.55247763656641,127,43.50695748371383,0
2024-05-23 10:00:45.211246,127,58.34384164875178,127,59.77579405545583,127,53.604758654390494,0
2024-05-23 10:15:45.211246,127,46.130694745973045,127,53.842750737247755,127,59.177211477549704,0
2024-05-23 10:30:45.211246,127,49.67516664057262,127,47.78065670093848,127,60.6490165371903,0
2024-05-23 10:45:45.211246,127,43.163009274863036,127,60.03435536792136,127,40.387739613940695,0
2024-05-23 11:00:45.211246,127,55.06592116451757,127,44.488392852332524,127,50.767252927191066,0
2024-05-23 11:15:45.211246,127,50.34946845128363,127,55.797566962745634,127,52.83197079000744,0
2024-05-23 11:30:45.211246,127,49.22360321543642,127,54.42669943147019,127,53.54785640083906,0
2024-05-23 11:45:45.211246,127,47.175127805398375,127,54.628099827497124,127,56.90753488656342,0
2024-05-23 12:00:45.211246,127,52.952450439512376,127,51.99312549151985,127,49.862778293629326,0
2024-05-23 12:15:45.211246,127,44.55796465760137,127,56.100193600209,127,56.80183746374633,0
2024-05-23 12:30:45.211246,127,55.092777579507576,127,43.7956759096284,127,47.58834085037555,0
2024-05-23 12:45:45.211246,127,0.0,127,0.0,127,0.0,60
2024-05-23 13:00:45.211246,127,56.91828144289863,127,49.289410067975474,127,55.36044034984302,0
2024-05-23 13:15:45.211246,127,44.79186955583722,127,49.29828259052771,127,58.09265402304579,0
2024-05-23 13:30:45.211246,127,54.04818552487396,127,48.893285894820224,127,43.12246206055281,0
2024-05-23 13:45:45.211246,127,43.167348924209335,127,35.5101512962979,127,53.96165707890155,0
2024-05-23 14:00:45.211246,127,56.25925514799086,127,51.1969378041629,127,54.166821788535714,0
2024-05-23 14:15:45.211246,127,60.017607023128605,127,50.81382074097381,127,52.99398291682642,0
2024-05-23 14:30:45.211246,127,48.27022614558263,127,46.07502412192476,127,53.52420606848518,0
2024-05-23 14:45:45.211246,127,0.0,127,0.0,127,0.0,15
2024-05-23 15:00:45.211246,127,52.88384561610097,127,51.72687780117361,127,45.30678614069134,0
2024-05-23 15:15:45.211246,127,0.0,127,0.0,127,0.0,30
2024-05-23 15:30:45.211246,127,58.8887449319833,127,52.4010883495441,127,51.489515284608906,0
2024-05-23 15:45:45.211246,127,50.79558068205323,127,57.40192965105472,127,48.93316899182917,0
2024-05-23 16:00:45.211246,127,49.166259912771466,127,53.59807367709441,127,47.74050879704407,0
2024-05-23 16:15:45.211246,127,55.651241518457525,127,51.52862384589324,127,46.14967959411975,0
2024-05-23 16:30:45.211246,127,45.42235824017024,127,46.839296662742214,127,41.739385264505856,0
2024-05-23 16:45:45.211246,127,51.87384601442189,127,50.43417574886343,127,52.13139327231856,0
2024-05-23 17:00:45.211246,127,0.0,127,0.0,127,0.0,30
2024-05-23 17:15:45.211246,127,54.86592502496256,127,44.62853545630053,127,53.11048782272531,0
2024-05-23 17:30:45.211246,127,53.28687402548021,127,48.66846283019813,127,46.276172607378555,0
2024-05-23 17:45:45.211246,127,0.0,127,0.0,127,0.0,15
2024-05-23 18:00:45.211246,127,42.570890623992355,127,60.27429940894244,127,43.1633402437981,0
2024-05-23 18:15:45.211246,127,57.10549551711802,127,50.09107400744417,127,42.35258640585266,0
2024-05-23 18:30:45.211246,127,52.68235004047551,127,45.82169256645482,127,48.94165788063393,0
2024-05-23 18:45:45.211246,127,45.28126013032233,127,49.43543364954695,127,54.084659876683084,0
2024-05-23 19:00:45.211246,127,52.344141257683184,127,46.41508628146049,127,48.23829287067057,0
2024-05-23 19:15:45.211246,127,44.29764197251242,127,46.65110549430811,127,56.44118761198408,0
2024-05-23 19:30:45.211246,127,0.0,127,0.0,127,0.0,15
2024-05-23 19:45:45.211246,127,0.0,127,0.0,127,0.0,30
2024-05-23 20:00:45.211246,127,52.604144143316276,127,47.150844337648095,127,52.257060381108055,0
2024-05-23 20:15:45.211246,127,0.0,127,0.0,127,0.0,15
2024-05-23 20:30:45.211246,127,0.0,127,0.0,127,0.0,15
2024-05-23 20:45:45.211246,127,0.0,127,0.0,127,0.0,15
2024-05-23 21:00:45.211246,127,0.0,127,0.0,127,0.0,60
2024-05-23 21:15:45.211246,127,46.4585553814625,127,46.165353719907,127,38.58824807267511,0
2024-05-23 21:30:45.211246,127,52.82829630360338,127,53.539692082811534,127,58.709780133746136,0
2024-05-23 21:45:45.211246,127,48.23582678103246,127,55.07286212158848,127,45.299688115438926,0
2024-05-23 22:00:45.211246,127,43.22414300728665,127,56.021153253285576,127,51.145483410250705,0
2024-05-23 22:15:45.211246,127,57.400429858075576,127,45.95100552631341,127,47.25736580221516,0
2024-05-23 22:30:45.211246,127,51.693381108128584,127,59.76356516932773,127,51.04225979762464,0
2024-05-23 22:45:45.211246,127,52.73692385248557,127,58.916354312867796,127,49.500966009604014,0
2024-05-23 23:00:45.211246,127,39.757406640269195,127,53.03596024217902,127,53.25128107167262,0
2024-05-23 23:15:45.211246,127,41.70453247095885,127,43.28145978791719,127,56.47271953360836,0
2024-05-23 23:30:45.211246,127,41.915246882975524,127,46.1529826978786,127,50.82285883533617,0
2024-05-23 23:45:45.211246,127,0.0,127,0.0,127,0.0,15
2024-05-24 00:00:45.211246,127,54.024558862502516,127,46.83711375601965,127,54.127193255670036,0
2024-05-24 00:15:45.211246,127,47.93891106612106,127,54.3851073019633,127,52.903936295620966,0
2024-05-24 00:30:45.211246,127,52.015341830616485,127,51.92013596499812,127,43.87741278185509,0
2024-05-24 00:45:45.211246,127,55.182703388353524,127,36.99117136727198,127,52.667036037336416,0
2024-05-24 01:00:45.211246,127,56.16102366814204,127,51.3060466531721,127,50.945724577714905,0
2024-05-24 01:15:45.211246,127,47.14286304724718,127,50.67261795783508,127,51.1578307885975,0
2024-05-24 01:30:45.211246,127,51.67542469803341,127,50.54646427832404,127,59.58481679911981,0
2024-05-24 01:45:45.211246,127,0.0,127,0.0,127,0.0,30
2024-05-24 02:00:45.211246,127,57.39294133735288,127,38.20889529447496,127,63.363989998559106,0
2024-05-24 02:15:45.211246,127,55.10211709040226,127,55.52717999396949,127,46.88325243352256,0
2024-05-24 02:30:45.211246,127,53.81266826401665,127,52.206795185480715,127,47.55748534160654,0
2024-05-24 02:45:45.211246,127,52.40248701191021,127,45.53281871585495,127,54.54091822960741,0
2024-05-24 03:00:45.211246,127,48.617321104633746,127,50.7272569739772,127,50.46659823007734,0
2024-05-24 03:15:45.211246,127,51.140968305257715,127,46.92578597633264,127,45.525170494698685,0
2024-05-24 03:30:45.211246,127,50.31721466680257,127,48.67103814147404,127,45.42913845019476,0
2024-05-24 03:45:45.211246,127,0.0,127,0.0,127,0.0,60
2024-05-24 04:00:45.211246,127,52.72651225607532,127,43.73804048821178,127,50.416476256007115,0
2024-05-24 04:15:45.211246,127,49.939631350373,127,51.05568143201686,127,60.005663945319014,0
2024-05-24 04:30:45.211246,127,40.764408461275565,127,50.09711112628371,127,44.90194430909351,0
2024-05-24 04:45:45.211246,127,48.733175671596264,127,42.6602011658261,127,40.409814857702,0
2024-05-24 05:00:45.211246,127,56.7883575544623,127,40.51946542616779,127,45.97608938451561,0
2024-05-24 05:15:45.211246,127,55.77815692434486,127,41.368909136056246,127,48.74614719170073,0
2024-05-24 05:30:45.211246,127,54.72855414734086,127,43.83789050492899,127,45.81685628563738,0
2024-05-24 05:45:45.211246,127,45.84604380597071,127,45.844576129773046,127,44.970324422169,0
2024-05-24 06:00:45.211246,127,48.42474254128105,127,45.68364459888713,127,37.83311247010856,0
2024-05-24 06:15:45.211246,127,39.36733410136453,127,49.440099513211386,127,43.80765686751411,0
2024-05-24 06:30:45.211246,127,0.0,127,0.0,127,0.0,60
2024-05-24 06:45:45.211246,127,43.834109310281875,127,43.640430293180486,127,49.23244661097139,0
2024-05-24 07:00:45.211246,127,49.43066807271622,127,47.636503466210904,127,41.32403021970455,0
2024-05-24 07:15:45.211246,127,44.9325693128549,127,55.739173871345386,127,51.858292305860466,0
2024-05-24 07:30:45.211246,127,46.10137748595882,127,50.573266535541144,127,50.75184900266764,0
2024-05-24 07:45:45.211246,127,45.39821893929534,127,50.9557657404473,127,46.125907157474664,0
2024-05-24 08:00:45.211246,127,49.333263759224984,127,44.786346335880495,127,47.66849702122867,0
2024-05-24 08:15:45.211246,127,0.0,127,0.0,127,0.0,15
2024-05-24 08:30:45.211246,127,54.659819195593684,127,49.162868917781736,127,47.668926386765854,0
2024-05-24 08:45:45.211246,127,48.04584379805863,127,56.43672880554677,127,48.49506608625934,0
2024-05-24 09:00:45.211246,127,59.00188028603131,127,48.24447395280129,127,50.9417868582489,0
2024-05-24 09:15:45.211246,127,51.81270493624765,127,51.30159642369605,127,63.36965546904722,0
2024-05-24 09:30:45.211246,127,46.753622323846265,127,41.67516478614459,127,48.38294881073965,0
2024-05-24 09:45:45.211246,127,40.502686611579854,127,49.545297483749295,127,52.31356115989698,0
2024-05-24 10:00:45.211246,127,0.0,127,0.0,127,0.0,30
2024-05-24 10:15:45.211246,127,60.3103385276506,127,55.31420204307551,127,51.08069900946641,0
2024-05-24 10:30:45.211246,127,41.48603127972043,127,51.81520327060999,127,53.02824071362857,0
2024-05-24 10:45:45.211246,127,54.100317244656765,127,57.587171650600006,127,47.17749053766334,0
2024-05-24 11:00:45.211246,127,55.15476920589184,127,54.81127785119732,127,50.35644005897507,0
2024-05-24 11:15:45.211246,127,48.51980299481085,127,48.52954332507325,127,56.89076754248554,0
2024-05-24 11:30:45.211246,127,54.30731779897048,127,49.6650431679534,127,48.00473800921829,0
2024-05-24 11:45:45.211246,127,0.0,127,0.0,127,0.0,30
2024-05-24 12:00:45.211246,127,57.429640466454366,127,55.69683038852738,127,53.47828960889792,0
2024-05-24 12:15:45.211246,127,53.338742945207045,127,48.06037410461324,127,61.44037682071641,0
2024-05-24 12:30:45.211246,127,0.0,127,0.0,127,0.0,15
2024-05-24 12:45:45.211246,127,49.548923410740706,127,57.397478084610015,127,43.29763218223593,0
2024-05-24 13:00:45.211246,127,44.691593535645985,127,48.38497613888055,127,56.99385706493254,0
2024-05-24 13:15:45.211246,127,43.80886240960413,127,46.21507850676438,127,51.31844042552181,0
2024-05-24 13:30:45.211246,127,46.70104434186746,127,53.84526728953387,127,36.42071681029704,0
2024-05-24 13:45:45.211246,127,0.0,127,0.0,127,0.0,15
2024-05-24 14:00:45.211246,127,51.28566052417289,127,57.89711002811178,127,44.986125599801206,0
2024-05-24 14:15:45.211246,127,53.94684942437357,127,55.75299942267482,127,51.10348411870407,0
2024-05-24 14:30:45.211246,127,51.4429284010876,127,52.437190844376815,127,51.01392907272753,0
2024-05-24 14:45:45.211246,127,44.13791095594557,127,56.25940637714622,127,37.51500023800584,0
2024-05-24 15:00:45.211246,127,63.17734498041945,127,44.5019500472057,127,41.53455044233918,0
2024-05-24 15:15:45.211246,127,50.718404160293105,127,48.86906254254941,127,49.39292932528238,0
2024-05-24 15:30:45.211246,127,52.89125887207058,127,40.197331184030176,127,55.01895890375466,0
2024-05-24 15:45:45.211246,127,40.83024854732916,127,51.625360275743155,127,54.790255404895774,0
2024-05-24 16:00:45.211246,127,49.09975182643625,127,50.175164500940035,127,50.15178607224597,0
2024-05-24 16:15:45.211246,127,47.96669632932935,127,39.69492439017802,127,56.67777002319265,0
2024-05-24 16:30:45.211246,127,47.72607410539683,127,39.84969599384354,127,50.48765294802033,0
2024-05-24 16:45:45.211246,127,48.755838350871514,127,40.651814991290905,127,51.80019112373843,0
2024-05-24 17:00:45.211246,127,56.299135484173995,127,57.9669063280403,127,52.23900999021111,0
2024-05-24 17:15:45.211246,127,52.8781173230295,127,51.094804357984785,127,37.00668776375016,0
2024-05-24 17:30:45.211246,127,48.28240868794302,127,48.78947857180646,127,52.10794034895193,0
2024-05-24 17:45:45.211246,127,0.0,127,0.0,127,0.0,15
2024-05-24 18:00:45.211246,127,47.08158424811572,127,52.132563106976185,127,56.73987933514519,0
2024-05-24 18:15:45.211246,127,53.840504299816274,127,52.905610986344335,127,51.00819917569419,0
2024-05-24 18:30:45.211246,127,0.0,127,0.0,127,0.0,15
2024-05-24 18:45:45.211246,127,53.11543257075026,127,53.892180326907585,127,58.01600938441093,0
2024-05-24 19:00:45.211246,127,47.85218097747169,127,56.06048454069524,127,41.76701946461113,0
2024-05-24 19:15:45.211246,127,50.91361630884491,127,44.91537431415881,127,47.24082498395208,0
2024-05-24 19:30:45.211246,127,61.280322385619556,127,50.28944322478556,127,52.70651740660638,0
2024-05-24 19:45:45.211246,127,44.867607392148535,127,41.1679244657569,127,54.573365354498364,0
2024-05-24 20:00:45.211246,127,46.68341886729027,127,51.52423867155169,127,50.43936571369215,0
2024-05-24 20:15:45.211246,127,49.220396128232316,127,48.613941445164436,127,43.41639559259382,0
2024-05-24 20:30:45.211246,127,0.0,127,0.0,127,0.0,60
2024-05-24 20:45:45.211246,127,0.0,127,0.0,127,0.0,60
2024-05-24 21:00:45.211246,127,56.336031895233305,127,47.5739584300945,127,51.429329675660625,0
2024-05-24 21:15:45.211246,127,53.19734954684951,127,51.46508527385647,127,45.64876811442714,0
2024-05-24 21:30:45.211246,127,44.19145415708515,127,47.627917685929255,127,53.5065538006135,0
2024-05-24 21:45:45.211246,127,50.61795493090961,127,50.4486572079046,127,52.446298934692486,0
2024-05-24 22:00:45.211246,127,47.678626660395246,127,52.944039736098766,127,56.301891864524364,0
2024-05-24 22:15:45.211246,127,53.06899098994323,127,49.26678845098844,127,49.48118976423109,0
2024-05-24 22:30:45.211246,127,41.9949642192147,127,48.42312436089433,127,45.39350212669526,0
2024-05-24 22:45:45.211246,127,46.33261764202894,127,47.74689918490308,127,52.37442193143021,0
2024-05-24 23:00:45.211246,127,0.0,127,0.0,127,0.0,30
2024-05-24 23:15:45.211246,127,56.45096503397537,127,62.10886134164477,127,49.31614386704367,0
2024-05-24 23:30:45.211246,127,51.20413626894236,127,51.69191155291124,127,52.00261254811012,0
2024-05-24 23:45:45.211246,127,0.0,127,0.0,127,0.0,30
2024-05-25 00:00:45.211246,127,45.07869664720319,127,47.97386519002113,127,47.7304583969334,0
2024-05-25 00:15:45.211246,127,51.059016136846765,127,45.38171017774779,127,54.78684775766743,0
2024-05-25 00:30:45.211246,127,0.0,127,0.0,127,0.0,15
2024-05-25 00:45:45.211246,127,42.42143860349242,127,58.68090761603752,127,51.27371380112659,0
2024-05-25 01:00:45.211246,127,47.79637068938949,127,44.46005771256909,127,49.109577429990246,0
2024-05-25 01:15:45.211246,127,46.690497337234106,127,50.388255414424535,127,49.869430913812906,0
2024-05-25 01:30:45.211246,127,62.983776478843374,127,48.08245952741606,127,44.513452133548896,0
2024-05-25 01:45:45.211246,127,47.47440838615644,127,50.09412572581659,127,52.29204527657973,0
2024-05-25 02:00:45.211246,127,54.393313908493596,127,52.49730398099473,127,54.04725581597508,0
2024-05-25 02:15:45.211246,127,51.23407760650714,127,51.08853173187575,127,54.60648073546684,0
2024-05-25 02:30:45.211246,127,0.0,127,0.0,127,0.0,15
2024-05-25 02:45:45.211246,127,0.0,127,0.0,127,0.0,60
2024-05-25 03:00:45.211246,127,0.0,127,0.0,127,0.0,30
2024-05-25 03:15:45.211246,127,55.87006559605403,127,45.33942532446745,127,52.009468591614116,0
2024-05-25 03:30:45.211246,127,49.04425486604002,127,61.04222506480113,127,48.2687178075986,0
2024-05-25 03:45:45.211246,127,46.91210701781401,127,54.71930825059122,127,59.56928101027159,0
2024-05-25 04:00:45.211246,127,44.5393549238072,127,54.10624752789421,127,50.59896722485802,0
2024-05-25 04:15:45.211246,127,49.95383520803417,127,38.30453094287445,127,54.335274521343194,0
2024-05-25 04:30:45.211246,127,50.79923269804608,127,46.80088466211229,127,52.39889032821681,0
2024-05-25 04:45:45.211246,127,46.73575112780707,127,55.114692205687525,127,48.232146894316614,0
2024-05-25 05:00:45.211246,127,0.0,127,0.0,127,0.0,15
2024-05-25 05:15:45.211246,127,48.680239897124494,127,54.381077992965515,127,51.639153424252676,0
2024-05-25 05:30:45.211246,127,49.9426768678203,127,46.28172930439568,127,42.4089827082353,0
2024-05-25 05:45:45.211246,127,52.438720682594244,127,49.90200712574629,127,55.05915168039977,0
2024-05-25 06:00:45.211246,127,50.76830743629011,127,46.873842820608296,127,42.12841392085251,0
2024-05-25 06:15:45.211246,127,52.74777006079766,127,50.84594771976536,127,48.33035536794049,0
2024-05-25 06:30:45.211246,127,46.132865341832655,127,55.03202502054419,127,52.101786804935635,0
2024-05-25 06:45:45.211246,127,47.590935412854684,127,48.17734393727243,127,50.20770629722595,0
2024-05-25 07:00:45.211246,127,52.52325133506742,127,54.79741490829302,127,47.15689936909259,0
2024-05-25 07:15:45.211246,127,44.20778081649442,127,46.9611053062571,127,57.45325961641478,0
2024-05-25 07:30:45.211246,127,44.27668020721192,127,47.97553795789512,127,51.67255019752144,0
2024-05-25 07:45:45.211246,127,0.0,127,0.0,127,0.0,60
2024-05-25 08:00:45.211246,127,0.0,127,0.0,127,0.0,15
2024-05-25 08:15:45.211246,127,51.74459744840441,127,48.342983028375585,127,53.26583182654113,0
2024-05-25 08:30:45.211246,127,0.0,127,0.0,127,0.0,15
2024-05-25 08:45:45.211246,127,53.244870316064656,127,56.6639883323995,127,54.31835927603473,0
2024-05-25 09:00:45.211246,127,56.27580252342014,127,48.85553664741226,127,51.70784857850962,0
2024-05-25 09:15:45.211246,127,44.23079129549227,127,48.08609595333387,127,54.31273796204218,0
2024-05-25 09:30:45.211246,127,58.32251539591848,127,49.97319565461029,127,53.31632833148792,0
2024-05-25 09:45:45.211246,127,50.40458122189852,127,49.61438841437092,127,57.78959127427599,0
2024-05-25 10:00:45.211246,127,0.0,127,0.0,127,0.0,15
2024-05-25 10:15:45.211246,127,49.72026060035364,127,45.78772332836311,127,49.21202720541129,0
2024-05-25 10:30:45.211246,127,54.65707588230021,127,46.282316429523526,127,52.530158372288916,0
2024-05-25 10:45:45.211246,127,54.81630282911369,127,55.907866520478905,127,48.26188673251661,0
2024-05-25 11:00:45.211246,127,53.960800117101066,127,58.502000536239805,127,62.701956286388054,0
2024-05-25 11:15:45.211246,127,48.55409659792079,127,54.25132141508792,127,51.08316640809989,0
2024-05-25 11:30:45.211246,127,0.0,127,0.0,127,0.0,30
2024-05-25 11:45:45.211246,127,48.855196308295184,127,56.169857747253296,127,53.63067192816376,0
2024-05-25 12:00:45.211246,127,50.010591423467,127,55.51001464655101,127,36.58132495875563,0
2024-05-25 12:15:45.211246,127,49.60573180662233,127,51.16300224296829,127,48.34662359326482,0
2024-05-25 12:30:45.211246,127,51.48597858473579,127,47.73942669353243,127,44.87468206272012,0
2024-05-25 12:45:45.211246,127,54.182423573998264,127,47.41368710041023,127,52.788256245558365,0
2024-05-25 13:00:45.211246,127,36.15504633008187,127,52.823356876626704,127,56.950523624464616,0
2024-05-25 13:15:45.211246,127,47.361495769776795,127,45.74337165490571,127,42.47246238747063,0
2024-05-25 13:30:45.211246,127,38.828677617404566,127,57.341856833396854,127,47.25300423683335,0
2024-05-25 13:45:45.211246,127,49.26334194210774,127,57.98428877776877,127,49.11101821174169,0
2024-05-25 14:00:45.211246,127,48.9557453618554,127,55.46984330955117,127,47.21988207582398,0
2024-05-25 14:15:45.211246,127,45.71719864195228,127,54.107107909542755,127,50.53966778097019,0
2024-05-25 14:30:45.211246,127,56.403786083273324,127,52.49095233189424,127,47.95526900613609,0
2024-05-25 14:45:45.211246,127,44.49284409228828,127,50.32579669359525,127,46.12163018046794,0
2024-05-25 15:00:45.211246,127,52.90183464633046,127,50.646522076438835,127,56.96610710501059,0
2024-05-25 15:15:45.211246,127,57.53586452881849,127,48.12797622761421,127,47.87824902202874,0
2024-05-25 15:30:45.211246,127,0.0,127,0.0,127,0.0,15
2024-05-25 15:45:45.211246,127,53.47708678856399,127,44.166400397913776,127,45.13138318593,0
2024-05-25 16:00:45.211246,127,53.31762254516279,127,39.69979115777005,127,50.78966372141313,0
2024-05-25 16:15:45.211246,127,40.070804338781514,127,59.55106627230539,127,47.32351938907176,0
2024-05-25 16:30:45.211246,127,52.72421772352579,127,48.88674233416431,127,55.445210852084,0
2024-05-25 16:45:45.211246,127,53.93961527651003,127,47.60432816823517,127,49.24002998833697,0
2024-05-25 17:00:45.211246,127,54.4350452940715,127,66.47453486206985,127,57.48251968429856,0
2024-05-25 17:15:45.211246,127,43.462562826716976,127,55.61839528946411,127,57.09548980264877,0
2024-05-25 17:30:45.211246,127,44.48383125831208,127,49.67224782112141,127,45.14004952141843,0
2024-05-25 17:45:45.211246,127,50.09274855970197,127,41.139501034248454,127,47.28727989074962,0
2024-05-25 18:00:45.211246,127,0.0,127,0.0,127,0.0,60
2024-05-25 18:15:45.211246,127,50.898222904064006,127,56.81687536223834,127,44.341956399224166,0
2024-05-25 18:30:45.211246,127,50.40423098728769,127,50.56105234018224,127,52.81265265918652,0
2024-05-25 18:45:45.211246,127,48.006182503685686,127,50.557311293226306,127,47.75722274181514,0
2024-05-25 19:00:45.211246,127,46.08008404241435,127,51.913902700252756,127,47.64114192332617,0
2024-05-25 19:15:45.211246,127,51.69409744218262,127,47.04377643763313,127,48.51884472207729,0
2024-05-25 19:30:45.211246,127,42.14600141628554,127,50.060009880623696,127,50.47454834580984,0
2024-05-25 19:45:45.211246,127,38.84766952924967,127,51.49694164961846,127,52.426072033883116,0
2024-05-25 20:00:45.211246,127,53.9483637274233,127,46.78766203575632,127,43.79318238809307,0
2024-05-25 20:15:45.211246,127,52.644118748198636,127,57.05376339512821,127,48.43868484985379,0
2024-05-25 20:30:45.211246,127,53.85886014142287,127,40.87501418202672,127,44.34403349137656,0
2024-05-25 20:45:45.211246,127,57.22637726788674,127,54.64074501455089,127,54.006567784209935,0
2024-05-25 21:00:45.211246,127,50.32134064664586,127,51.476021066981204,127,55.84253110103161,0
2024-05-25 21:15:45.211246,127,47.43490608807686,127,56.00469963537654,127,43.72218215193317,0
2024-05-25 21:30:45.211246,127,47.51487558033144,127,55.59284142704244,127,45.45594627882285,0
2024-05-25 21:45:45.211246,127,48.574773094901744,127,41.937074797319426,127,51.85831475910605,0
2024-05-25 22:00:45.211246,127,51.50329568112013,127,54.07863303162014,127,50.48759058652102,0
2024-05-25 22:15:45.211246,127,57.37868488030706,127,53.98225723348641,127,55.404206609972576,0
2024-05-25 22:30:45.211246,127,57.744463209857216,127,51.43886230605556,127,49.8301302308999,0
2024-05-25 22:45:45.211246,127,53.63877067320368,127,49.52316823362249,127,51.588179083192856,0
2024-05-25 23:00:45.211246,127,0.0,127,0.0,127,0.0,60
2024-05-25 23:15:45.211246,127,48.94474642712544,127,48.551385050438746,127,52.237895139952506,0
2024-05-25 23:30:45.211246,127,44.880631614045306,127,49.006474423057746,127,56.434344228934386,0
2024-05-25 23:45:45.211246,127,52.3430185094798,127,56.75165906113236,127,50.88132573823385,0
2024-05-26 00:00:45.211246,127,45.206402187135936,127,51.60003230598577,127,51.920654577041255,0
2024-05-26 00:15:45.211246,127,49.14151582094923,127,48.41217330143368,127,51.24880368414378,0
2024-05-26 00:30:45.211246,127,45.96268380546706,127,59.26625136302233,127,47.20637409313896,0
2024-05-26 00:45:45.211246,127,0.0,127,0.0,127,0.0,15
2024-05-26 01:00:45.211246,127,43.49235520950113,127,53.95418470933131,127,45.84623809116282,0
2024-05-26 01:15:45.211246,127,54.022087683762855,127,49.92713751700868,127,47.589017956839555,0
2024-05-26 01:30:45.211246,127,51.893441065560495,127,55.17761449697106,127,54.318888114014634,0
2024-05-26 01:45:45.211246,127,0.0,127,0.0,127,0.0,15
2024-05-26 02:00:45.211246,127,59.41725356604828,127,48.552269444904894,127,53.02358085597097,0
2024-05-26 02:15:45.211246,127,0.0,127,0.0,127,0.0,60
2024-05-26 02:30:45.211246,127,54.71379125927261,127,44.27740059122302,127,52.16785875331755,0
2024-05-26 02:45:45.211246,127,0.0,127,0.0,127,0.0,60
2024-05-26 03:00:45.211246,127,62.496872876671816,127,54.593017948863334,127,44.46261801294636,0
2024-05-26 03:15:45.211246,127,0.0,127,0.0,127,0.0,15
2024-05-26 03:30:45.211246,127,49.898972457550045,127,58.10152150955284,127,47.869026512180334,0
2024-05-26 03:45:45.211246,127,0.0,127,0.0,127,0.0,60
2024-05-26 04:00:45.211246,127,54.30957756613586,127,50.327930676784,127,52.21751608213515,0
2024-05-26 04:15:45.211246,127,60.452656745906665,127,49.174691557629934,127,56.34247303554558,0
2024-05-26 04:30:45.211246,127,42.05428410959309,127,50.34915893633525,127,48.69432786195858,0
2024-05-26 04:45:45.211246,127,43.163255520691045,127,48.08563867492208,127,46.43356900818735,0
2024-05-26 05:00:45.211246,127,50.5969428001573,127,51.19311470991033,127,50.511520858178976,0
2024-05-26 05:15:45.211246,127,0.0,127,0.0,127,0.0,60
2024-05-26 05:30:45.211246,127,50.646527566419444,127,54.93974734541296,127,50.08536603489237,0
2024-05-26 05:45:45.211246,127,47.5658788893162,127,51.843143632491774,127,66.55728520065918,0
2024-05-26 06:00:45.211246,127,43.717007254219155,127,53.94932695410633,127,49.19974410824263,0
2024-05-26 06:15:45.211246,127,46.26144589362519,127,52.934343770329676,127,52.241561335083695,0
2024-05-26 06:30:45.211246,127,0.0,127,0.0,127,0.0,15
2024-05-26 06:45:45.211246,127,55.07464275749956,127,53.975935966462416,127,48.96842746056088,0
2024-05-26 07:00:45.211246,127,0.0,127,0.0,127,0.0,30
2024-05-26 07:15:45.211246,127,49.90127561855309,127,45.554755196082674,127,43.987910050517534,0
2024-05-26 07:30:45.211246,127,44.761860988504296,127,55.02544395547706,127,48.736755389580225,0
2024-05-26 07:45:45.211246,127,59.43154858474481,127,45.3263373120419,127,47.190278019393716,0
2024-05-26 08:00:45.211246,127,53.17442192213652,127,48.2450679973382,127,47.033781434468985,0
2024-05-26 08:15:45.211246,127,52.97346318021334,127,46.30771003533173,127,55.71478467262915,0
2024-05-26 08:30:45.211246,127,48.43583338976595,127,49.73321245865846,127,55.82787973381257,0
2024-05-26 08:45:45.211246,127,49.130661655758004,127,46.2770360736372,127,53.979261538719584,0
2024-05-26 09:00:45.211246,127,50.71691953562224,127,51.70171333096927,127,48.98073189201882,0
2024-05-26 09:15:45.211246,127,52.71169514867215,127,53.760234259024735,127,47.07379249930765,0
2024-05-26 09:30:45.211246,127,51.883113000480364,127,51.53308020126841,127,58.92552591048222,0
2024-05-26 09:45:45.211246,127,55.22121187980211,127,48.81283142103853,127,49.62938087025477,0
2024-05-26 10:00:45.211246,127,0.0,127,0.0,127,0.0,30
2024-05-26 10:15:45.211246,127,57.116982473837844,127,52.44314239121548,127,51.86313751351812,0
2024-05-26 10:30:45.211246,127,50.65584728097843,127,61.23275784727396,127,51.87793384411306,0
2024-05-26 10:45:45.211246,127,54.28577605516419,127,46.600581730960045,127,50.02007810407316,0
2024-05-26 11:00:45.211246,127,46.261745464407085,127,44.60843003685851,127,48.98983640016747,0
2024-05-26 11:15:45.211246,127,47.65305661550051,127,52.30164506035923,127,51.2343481932959,0
2024-05-26 11:30:45.211246,127,49.326505393805846,127,52.281310534732086,127,53.93606332945822,0
2024-05-26 11:45:45.211246,127,54.46211353888557,127,48.65144325782073,127,47.486750669589874,0
2024-05-26 12:00:45.211246,127,56.72423318537691,127,44.219948869217546,127,50.546109376309715,0
2024-05-26 12:15:45.211246,127,49.02850209547214,127,41.03310793902878,127,46.12488373996536,0
2024-05-26 12:30:45.211246,127,54.58786567641823,127,56.11122029319335,127,48.232721421101374,0
2024-05-26 12:45:45.211246,127,48.55792907003495,127,53.511636699048694,127,53.341450640375946,0
2024-05-26 13:00:45.211246,127,45.91532889507802,127,52.78235353190835,127,46.5515373058646,0
2024-05-26 13:15:45.211246,127,0.0,127,0.0,127,0.0,60
2024-05-26 13:30:45.211246,127,40.895418418828996,127,44.64061448622095,127,43.33994844327527,0
2024-05-26 13:45:45.211246,127,53.304812836366196,127,46.62729260036979,127,59.025931191955955,0
2024-05-26 14:00:45.211246,127,48.01059504651365,127,47.845109838306335,127,51.63394231704953,0
2024-05-26 14:15:45.211246,127,59.287243703422,127,53.08592808081189,127,42.31866357021744,0
2024-05-26 14:30:45.211246,127,56.148483197971515,127,47.52565066955475,127,59.41393717167151,0
2024-05-26 14:45:45.211246,127,47.350831496315685,127,46.42908723720801,127,49.463993543413835,0
2024-05-26 15:00:45.211246,127,48.484405286127675,127,51.00900542648237,127,50.1676200294111,0
2024-05-26 15:15:45.211246,127,45.32259219062662,127,58.80387377661638,127,48.17586808455824,0
2024-05-26 15:30:45.211246,127,42.77227201104576,127,41.15642046115491,127,64.31070877834524,0
2024-05-26 15:45:45.211246,127,42.67174284763988,127,48.24495639917728,127,51.36362310222402,0
2024-05-26 16:00:45.211246,127,0.0,127,0.0,127,0.0,30
2024-05-26 16:15:45.211246,127,47.27355658156403,127,44.297500784158686,127,54.2760593800844,0
2024-05-26 16:30:45.211246,127,53.77060256602094,127,38.77693687991041,127,54.408695532464264,0
2024-05-26 16:45:45.211246,127,45.398907576744804,127,48.64427124300934,127,51.864874433371654,0
2024-05-26 17:00:45.211246,127,44.92338655345203,127,48.03208025239014,127,51.255356335236414,0
2024-05-26 17:15:45.211246,127,37.375791728287595,127,48.38386001078027,127,54.254689145740436,0
2024-05-26 17:30:45.211246,127,0.0,127,0.0,127,0.0,30
2024-05-26 17:45:45.211246,127,56.2274436763394,127,53.973243068760546,127,45.44182563853755,0
2024-05-26 18:00:45.211246,127,48.149724332462874,127,54.72663489144848,127,45.49486710049102,0
2024-05-26 18:15:45.211246,127,46.79363233830546,127,48.26352234683045,127,48.06222864938236,0
2024-05-26 18:30:45.211246,127,50.51252891797736,127,52.46909738319809,127,57.71689521744083,0
2024-05-26 18:45:45.211246,127,46.42441140526096,127,54.66347318401673,127,54.67764509805568,0
2024-05-26 19:00:45.211246,127,54.49273804822041,127,51.29299257667645,127,52.44125639221141,0
2024-05-26 19:15:45.211246,127,50.0447565841489,127,49.09441415022731,127,53.26406246183108,0
2024-05-26 19:30:45.211246,127,54.82187241160109,127,42.37449503752886,127,50.725858817634794,0
2024-05-26 19:45:45.211246,127,57.22192034214204,127,64.7543914439965,127,56.83902363762243,0
2024-05-26 20:00:45.211246,127,38.13415820339064,127,59.16863400398566,127,45.834241067912686,0
2024-05-26 20:15:45.211246,127,0.0,127,0.0,127,0.0,60
2024-05-26 20:30:45.211246,127,0.0,127,0.0,127,0.0,15
2024-05-26 20:45:45.211246,127,45.93176532304,127,44.13270456171334,127,49.66266781996005,0
2024-05-26 21:00:45.211246,127,51.329607509855244,127,50.63261313814295,127,46.30783525831101,0
2024-05-26 21:15:45.211246,127,49.095257778540756,127,48.87642806656658,127,46.09017833660044,0
2024-05-26 21:30:45.211246,127,44.16857369703382,127,53.42572808475937,127,44.8340030979412,0
2024-05-26 21:45:45.211246,127,48.60866897381255,127,55.50103073460287,127,51.25067191698682,0
2024-05-26 22:00:45.211246,127,42.97847571593479,127,58.51036444570786,127,61.561381801425284,0
2024-05-26 22:15:45.211246,127,48.408629188347554,127,43.02404967079908,127,54.47477830812072,0
2024-05-26 22:30:45.211246,127,51.106278440242455,127,57.306304234572785,127,49.5526403852637,0
2024-05-26 22:45:45.211246,127,54.80648677654808,127,46.00462579445205,127,39.5580942024924,0
2024-05-26 23:00:45.211246,127,47.185058984728705,127,47.28511378706076,127,51.745113711603175,0
2024-05-26 23:15:45.211246,127,49.81899022918983,127,51.08099788603503,127,53.72931489441941,0
2024-05-26 23:30:45.211246,127,48.43177400427222,127,48.898122025231835,127,50.735902427170785,0
2024-05-26 23:45:45.211246,127,0.0,127,0.0,127,0.0,30
2024-05-27 00:00:45.211246,127,45.92991139772627,127,50.56001536069914,127,57.93384981898076,0
2024-05-27 00:15:45.211246,127,54.19238336567768,127,57.122159226580735,127,48.124463487487034,0
2024-05-27 00:30:45.211246,127,50.41461068043677,127,47.59343703411673,127,42.164979548356705,0
2024-05-27 00:45:45.211246,127,0.0,127,0.0,127,0.0,15
2024-05-27 01:00:45.211246,127,0.0,127,0.0,127,0.0,15
2024-05-27 01:15:45.211246,127,49.98805887555432,127,48.36939539654755,127,42.83427823640815,0
2024-05-27 01:30:45.211246,127,50.447136699807494,127,51.838981714528195,127,46.66018135823949,0
2024-05-27 01:45:45.211246,127,41.55044456468282,127,46.88992010427222,127,55.46393040227107,0
2024-05-27 02:00:45.211246,127,38.24295388519646,127,51.40403942543355,127,57.69510002065851,0
2024-05-27 02:15:45.211246,127,47.87131026136717,127,42.65712238437795,127,60.00700007540365,0
2024-05-27 02:30:45.211246,127,46.15921693764013,127,50.200285097891474,127,52.76701533449701,0
2024-05-27 02:45:45.211246,127,43.82018279310244,127,52.434301802597965,127,50.0883402317732,0
2024-05-27 03:00:45.211246,127,53.2288560601727,127,51.19425155034377,127,48.99805978536848,0
2024-05-27 03:15:45.211246,127,52.12562378825331,127,44.14733575154916,127,45.59186494724676,0
2024-05-27 03:30:45.211246,127,0.0,127,0.0,127,0.0,30
2024-05-27 03:45:45.211246,127,0.0,127,0.0,127,0.0,30
2024-05-27 04:00:45.211246,127,0.0,127,0.0,127,0.0,60
2024-05-27 04:15:45.211246,127,52.56718398115923,127,47.906182931498385,127,60.47946779982573,0
2024-05-27 04:30:45.211246,127,48.844483173585054,127,37.98084730848025,127,53.70515285087199,0
2024-05-27 04:45:45.211246,127,59.48060309774588,127,63.00300985709228,127,45.08077424029095,0
2024-05-27 05:00:45.211246,127,55.289350168340235,127,54.1875762195948,127,53.52530658194852,0
2024-05-27 05:15:45.211246,127,45.63522325002268,127,51.87831190421724,127,48.80577268197958,0
2024-05-27 05:30:45.211246,127,52.33766993298772,127,50.34373138003834,127,56.97015609865741,0
2024-05-27 05:45:45.211246,127,43.76953834076857,127,56.84299584355777,127,46.322132375970334,0
2024-05-27 06:00:45.211246,127,52.77504329579226,127,41.96789746796263,127,46.26599228413236,0
2024-05-27 06:15:45.211246,127,46.77150474095252,127,44.86603172216157,127,56.03258756532627,0
2024-05-27 06:30:45.211246,127,53.62971702443604,127,56.559781657089026,127,50.535198692614,0
2024-05-27 06:45:45.211246,127,40.219255920432325,127,49.408099562937196,127,49.41058250827709,0
2024-05-27 07:00:45.211246,127,0.0,127,0.0,127,0.0,15
2024-05-27 07:15:45.211246,127,42.04100926880825,127,52.69893658862372,127,51.570644552909776,0
2024-05-27 07:30:45.211246,127,56.341570134670114,127,47.7203657094922,127,52.26111372700369,0
2024-05-27 07:45:45.211246,127,50.07262364604498,127,51.71653908377534,127,49.079920418069726,0
2024-05-27 08:00:45.211246,127,53.69342646278111,127,55.00444695392827,127,56.969420411515955,0
2024-05-27 08:15:45.211246,127,43.374246416303336,127,50.906892489376666,127,56.17760893314607,0
2024-05-27 08:30:45.211246,127,56.11066315574903,127,51.009197031745266,127,48.55906537236997,0
2024-05-27 08:45:45.211246,127,47.843378704530245,127,35.592613737393734,127,52.86528525858552,0
2024-05-27 09:00:45.211246,127,56.87541000418156,127,49.985936257825244,127,46.56174623839553,0
2024-05-27 09:15:45.211246,127,0.0,127,0.0,127,0.0,60
2024-05-27 09:30:45.211246,127,50.25766895748424,127,40.62974352669211,127,46.763660412394145,0
2024-05-27 09:45:45.211246,127,45.0789187284192,127,47.96061241638018,127,47.25959315822624,0
2024-05-27 10:00:45.211246,127,42.68916873226705,127,53.58597959218008,127,48.939125614823006,0
2024-05-27 10:15:45.211246,127,52.45766942639474,127,51.434539497682245,127,49.48152487842793,0
2024-05-27 10:30:45.211246,127,48.5553132825795,127,52.640564699389515,127,43.62441764227143,0
2024-05-27 10:45:45.211246,127,47.50349770667531,127,47.93004395152853,127,40.09732466790429,0
2024-05-27 11:00:45.211246,127,53.0891709227279,127,47.75972800536804,127,40.646441729527716,0
2024-05-27 11:15:45.211246,127,45.80426739937265,127,55.311907508246875,127,45.35818519364535,0
2024-05-27 11:30:45.211246,127,44.87088307029775,127,49.48796343251306,127,51.10183810732168,0
2024-05-27 11:45:45.211246,127,48.93636966264913,127,53.83297665967141,127,51.6640072363618,0
2024-05-27 12:00:45.211246,127,43.088432026584556,127,45.918446309463235,127,37.47335083955399,0
2024-05-27 12:15:45.211246,127,52.300593683216384,127,44.83866403666003,127,43.52068724833208,0
2024-05-27 12:30:45.211246,127,0.0,127,0.0,127,0.0,60
2024-05-27 12:45:45.211246,127,44.414073743208284,127,52.06674444424206,127,49.463032001609974,0
2024-05-27 13:00:45.211246,127,55.605347970209856,127,52.716513312053614,127,53.9322055061665,0
2024-05-27 13:15:45.211246,127,47.65438105477108,127,62.61610431545592,127,47.197675941331035,0
2024-05-27 13:30:45.211246,127,41.492079558992415,127,48.11502297595988,127,61.00268298723057,0
2024-05-27 13:45:45.211246,127,0.0,127,0.0,127,0.0,15
2024-05-27 14:00:45.211246,127,52.78031862873966,127,44.99509862988168,127,57.21088233096254,0
2024-05-27 14:15:45.211246,127,46.8751171303566,127,58.55718944661877,127,57.27069986981141,0
2024-05-27 14:30:45.211246,127,54.61583245768326,127,58.251363211576226,127,47.932545637243095,0
2024-05-27 14:45:45.211246,127,51.59699544627636,127,51.38300062091751,127,45.95974599159396,0
2024-05-27 15:00:45.211246,127,47.48433349407051,127,47.32642959564251,127,49.39308339530022,0
2024-05-27 15:15:45.211246,127,52.65476906741358,127,55.99190831150822,127,54.187290764254676,0
2024-05-27 15:30:45.211246,127,54.80928794222642,127,54.80925842248286,127,44.988925085999234,0
2024-05-27 15:45:45.211246,127,54.90143892753801,127,48.97464618600913,127,54.404078387099815,0
2024-05-27 16:00:45.211246,127,53.393487894997634,127,56.601305555028475,127,53.458374993017294,0
2024-05-27 16:15:45.211246,127,50.80371682921489,127,55.209830468900755,127,44.2802630330398,0
2024-05-27 16:30:45.211246,127,44.92834516587183,127,45.516739239048704,127,52.63375339323565,0
2024-05-27 16:45:45.211246,127,0.0,127,0.0,127,0.0,30
2024-05-27 17:00:45.211246,127,51.96025592123755,127,53.4339907089649,127,53.26875076659506,0
2024-05-27 17:15:45.211246,127,58.08942436416612,127,47.481419154230764,127,48.419312415861874,0
2024-05-27 17:30:45.211246,127,55.109019674560294,127,51.259382516840176,127,45.33490247184366,0
2024-05-27 17:45:45.211246,127,0.0,127,0.0,127,0.0,15
2024-05-27 18:00:45.211246,127,47.99414784222026,127,52.58040903009296,127,58.17005551398962,0
2024-05-27 18:15:45.211246,127,52.520284975755445,127,48.36375593743024,127,55.764551796542186,0
2024-05-27 18:30:45.211246,127,50.154775920906594,127,42.26141965692882,127,54.426011917282196,0
2024-05-27 18:45:45.211246,127,54.80360589872584,127,53.298990402876896,127,52.72464574003804,0
2024-05-27 19:00:45.211246,127,49.07762768142043,127,48.563325329747975,127,51.07981068361178,0
2024-05-27 19:15:45.211246,127,53.17453363155163,127,49.857159599232325,127,50.79041408637566,0
2024-05-27 19:30:45.211246,127,51.327232683671824,127,49.10720972763336,127,47.80410979222907,0
2024-05-27 19:45:45.211246,127,46.32832318521033,127,48.818551872828586,127,47.87130920400031,0
2024-05-27 20:00:45.211246,127,49.23109443888675,127,59.395682560823886,127,59.565451394511335,0
2024-05-27 20:15:45.211246,127,54.047307159149334,127,49.95252615952485,127,53.40320626043963,0
2024-05-27 20:30:45.211246,127,52.6070923877201,127,49.471181713407574,127,45.960946232481426,0
2024-05-27 20:45:45.211246,127,59.981003506967674,127,48.897212257168235,127,52.361736730765365,0
2024-05-27 21:00:45.211246,127,53.35363631047049,127,60.45759217727075,127,47.481631916484105,0
2024-05-27 21:15:45.211246,127,53.2289127167691,127,53.431892347290194,127,60.049711953260775,0
2024-05-27 21:30:45.211246,127,52.98112434996814,127,46.95173286659494,127,47.434734971422735,0
2024-05-27 21:45:45.211246,127,41.380814392983254,127,46.8297836741692,127,54.20356820581516,0
2024-05-27 22:00:45.211246,127,55.033106924668395,127,44.074303111157434,127,50.59193398019026,0
2024-05-27 22:15:45.211246,127,58.27415527916433,127,52.670086789574405,127,47.84492543268974,0
2024-05-27 22:30:45.211246,127,43.228157952907,127,49.92372294161646,127,44.97817756276956,0
2024-05-27 22:45:45.211246,127,55.960699811821755,127,56.70797152325219,127,52.8196096561186,0
2024-05-27 23:00:45.211246,127,53.782469349373784,127,52.56271145776024,127,48.7939143879061,0
2024-05-27 23:15:45.211246,127,50.21366633979197,127,47.17750882584654,127,52.0784125755667,0
2024-05-27 23:30:45.211246,127,53.04855294865276,127,54.868483956788054,127,51.71378476516414,0
2024-05-27 23:45:45.211246,127,0.0,127,0.0,127,0.0,15
2024-05-28 00:00:45.211246,127,45.42755926313591,127,59.07932743143948,127,57.14659303905607,0
2024-05-28 00:15:45.211246,127,0.0,127,0.0,127,0.0,30
2024-05-28 00:30:45.211246,127,48.62002613296055,127,47.95308386142939,127,51.73131911488731,0
2024-05-28 00:45:45.211246,127,55.25210510484374,127,59.093378116756476,127,50.857338994185874,0
2024-05-28 01:00:45.211246,127,0.0,127,0.0,127,0.0,30
2024-05-28 01:15:45.211246,127,59.1356557645307,127,48.545001158046674,127,49.19862285370313,0
2024-05-28 01:30:45.211246,127,52.95112141260665,127,41.50154254051591,127,39.222088054961326,0
2024-05-28 01:45:45.211246,127,0.0,127,0.0,127,0.0,60
2024-05-28 02:00:45.211246,127,51.26680748434389,127,57.58391946612885,127,38.72183980822492,0
2024-05-28 02:15:45.211246,127,53.92946977266239,127,56.4039893737961,127,50.100349525419674,0
2024-05-28 02:30:45.211246,127,47.65027300096213,127,65.31753800949505,127,40.32291914913755,0
2024-05-28 02:45:45.211246,127,54.9207055603411,127,51.02095213419022,127,44.92580490242883,0
2024-05-28 03:00:45.211246,127,48.83142775187599,127,45.547238901516884,127,56.98005370758118,0
2024-05-28 03:15:45.211246,127,47.76362163405803,127,46.546279202938,127,55.19382366523745,0
2024-05-28 03:30:45.211246,127,55.24595808788309,127,49.95426686581524,127,52.814357068871914,0
2024-05-28 03:45:45.211246,127,0.0,127,0.0,127,0.0,30
2024-05-28 04:00:45.211246,127,48.47613112056655,127,50.84082048663187,127,41.775306781762346,0
2024-05-28 04:15:45.211246,127,47.551046740983494,127,50.685879094605816,127,49.474394698616926,0
2024-05-28 04:30:45.211246,127,56.99830131204183,127,48.0849695979331,127,45.8877374262285,0
2024-05-28 04:45:45.211246,127,0.0,127,0.0,127,0.0,15
2024-05-28 05:00:45.211246,127,55.590470219653966,127,55.539193008645455,127,47.18283165308679,0
2024-05-28 05:15:45.211246,127,49.05585732772248,127,54.273832534854876,127,47.59391575442949,0
2024-05-28 05:30:45.211246,127,55.30802396208071,127,42.04503131660565,127,48.808020840606765,0
2024-05-28 05:45:45.211246,127,50.673905943878175,127,46.5119475166786,127,42.95813910448429,0
2024-05-28 06:00:45.211246,127,0.0,127,0.0,127,0.0,30
2024-05-28 06:15:45.211246,127,49.61318170328662,127,48.10186035899558,127,44.2137997436987,0
2024-05-28 06:30:45.211246,127,53.73087469674416,127,43.49415428220698,127,51.07652915585395,0
2024-05-28 06:45:45.211246,127,52.61391645244627,127,44.786146354779916,127,53.79392894446305,0
2024-05-28 07:00:45.211246,127,47.173940217339045,127,49.58306128903339,127,47.477451234208445,0
2024-05-28 07:15:45.211246,127,54.932373594432605,127,36.30449295406202,127,58.779258608341586,0
2024-05-28 07:30:45.211246,127,0.0,127,0.0,127,0.0,60
2024-05-28 07:45:45.211246,127,38.19366018544349,127,51.980732470323396,127,48.10209434967064,0
2024-05-28 08:00:45.211246,127,44.556286482904135,127,48.0885822079431,127,51.9927270943128,0
2024-05-28 08:15:45.211246,127,52.81003951221744,127,54.29857548500894,127,59.22157796128684,0
2024-05-28 08:30:45.211246,127,61.492169040623615,127,45.486315482349625,127,48.20654267108033,0
2024-05-28 08:45:45.211246,127,39.56894496558773,127,45.858399017946944,127,47.55916715087575,0
2024-05-28 09:00:45.211246,127,53.96686765578792,127,44.92810108593691,127,55.24708092454491,0
2024-05-28 09:15:45.211246,127,45.66774288087917,127,43.961484272280515,127,54.291442253574104,0
2024-05-28 09:30:45.211246,127,58.618886107478076,127,52.463511326884166,127,44.84387316430882,0
2024-05-28 09:45:45.211246,127,47.73259762017957,127,51.14461360154049,127,51.47648341037419,0
2024-05-28 10:00:45.211246,127,50.17387486629384,127,51.69383871690263,127,52.571570458022116,0
2024-05-28 10:15:45.211246,127,50.676260746143114,127,40.54197339228397,127,42.556585379461666,0
2024-05-28 10:30:45.211246,127,47.5884408535108,127,53.89811377060401,127,56.916142308589855,0
2024-05-28 10:45:45.211246,127,49.94080077505249,127,47.795313794868115,127,50.03047586499278,0
2024-05-28 11:00:45.211246,127,44.58388460849885,127,52.538567982154674,127,48.62564270600296,0
2024-05-28 11:15:45.211246,127,50.35889412843992,127,53.637898652121415,127,50.54304208941468,0
2024-05-28 11:30:45.211246,127,44.19960770109276,127,49.996980018769996,127,58.38157329167813,0
2024-05-28 11:45:45.211246,127,54.45373540766775,127,44.030248462705075,127,45.221739767420694,0
2024-05-28 12:00:45.211246,127,56.299283911493994,127,44.84449595197477,127,45.08000445865086,0
2024-05-28 12:15:45.211246,127,51.51239658207628,127,52.77704756366034,127,45.566719911457454,0
2024-05-28 12:30:45.211246,127,53.10621090383759,127,53.53116595594422,127,49.50645525774544,0
2024-05-28 12:45:45.211246,127,46.57978057306143,127,48.98598237493272,127,53.625572733642855,0
2024-05-28 13:00:45.211246,127,46.659368765387356,127,56.66076816553461,127,48.19088312479502,0
2024-05-28 13:15:45.211246,127,47.986481285283155,127,48.989083937297224,127,50.28222651443737,0
2024-05-28 13:30:45.211246,127,42.624322994295326,127,42.314034127290086,127,53.058171632476224,0
2024-05-28 13:45:45.211246,127,53.81770427250227,127,50.301681739966426,127,53.611712230992694,0
2024-05-28 14:00:45.211246,127,53.72301485175954,127,42.98164169525133,127,51.66428614867526,0
2024-05-28 14:15:45.211246,127,49.20851763805344,127,55.965280176991584,127,40.63795350191229,0
2024-05-28 14:30:45.211246,127,56.91510241706442,127,48.10797086210719,127,52.44076819188246,0
2024-05-28 14:45:45.211246,127,0.0,127,0.0,127,0.0,15
2024-05-28 15:00:45.211246,127,0.0,127,0.0,127,0.0,60
2024-05-28 15:15:45.211246,127,44.402682345804834,127,42.39465142188756,127,42.978781642348785,0
2024-05-28 15:30:45.211246,127,51.18405021522048,127,53.40556645672898,127,55.624345790825984,0
2024-05-28 15:45:45.211246,127,0.0,127,0.0,127,0.0,15
2024-05-28 16:00:45.211246,127,0.0,127,0.0,127,0.0,60
2024-05-28 16:15:45.211246,127,48.44109952449525,127,56.081101283280695,127,43.63768606003889,0
2024-05-28 16:30:45.211246,127,0.0,127,0.0,127,0.0,15
2024-05-28 16:45:45.211246,127,52.17631442490017,127,52.69156352836971,127,48.39300072855674,0
2024-05-28 17:00:45.211246,127,44.76429134606914,127,51.07783525902639,127,43.077409478083965,0
2024-05-28 17:15:45.211246,127,47.7535408001451,127,51.80887591780025,127,60.19216236688541,0
2024-05-28 17:30:45.211246,127,54.67510818124021,127,49.29155593175482,127,47.543966756170306,0
2024-05-28 17:45:45.211246,127,0.0,127,0.0,127,0.0,30
2024-05-28 18:00:45.211246,127,50.412424022313964,127,49.81955052772151,127,47.9037822270867,0
2024-05-28 18:15:45.211246,127,50.15052630462824,127,42.0584225475367,127,46.90157850549383,0
2024-05-28 18:30:45.211246,127,49.31229933846944,127,52.77554429135783,127,55.722042405980325,0
2024-05-28 18:45:45.211246,127,49.88960059096859,127,56.72766644462563,127,47.92684693857653,0
2024-05-28 19:00:45.211246,127,55.818824961780365,127,53.74881545176265,127,51.345846009234606,0
2024-05-28 19:15:45.211246,127,0.0,127,0.0,127,0.0,15
2024-05-28 19:30:45.211246,127,55.280601019235924,127,49.87915323308882,127,51.97950960081767,0
2024-05-28 19:45:45.211246,127,42.95701819127379,127,46.358090249384055,127,54.794539207088626,0
2024-05-28 20:00:45.211246,127,44.02983777846885,127,45.10117938710271,127,44.08374759981513,0
2024-05-28 20:15:45.211246,127,51.63955804831458,127,52.70237806246716,127,53.806794823036356,0
2024-05-28 20:30:45.211246,127,57.67202353868337,127,47.832637841228355,127,47.26138108293807,0
2024-05-28 20:45:45.211246,127,43.34733980111259,127,48.355611498841895,127,52.05160731994779,0
2024-05-28 21:00:45.211246,127,47.18879726852547,127,52.13676570453333,127,45.94607189678628,0
2024-05-28 21:15:45.211246,127,48.02707378466284,127,52.73846241481438,127,39.886668857073964,0
2024-05-28 21:30:45.211246,127,44.72106889993338,127,56.756256362467326,127,53.86906358121509,0
2024-05-28 21:45:45.211246,127,0.0,127,0.0,127,0.0,60
2024-05-28 22:00:45.211246,127,48.55242269466095,127,55.026918641524944,127,53.60637606201779,0
2024-05-28 22:15:45.211246,127,54.76746889629536,127,48.44500641492034,127,51.98758321164778,0
2024-05-28 22:30:45.211246,127,53.78907949681906,127,53.07841229287749,127,48.41544075567215,0
2024-05-28 22:45:45.211246,127,0.0,127,0.0,127,0.0,15
2024-05-28 23:00:45.211246,127,49.34817267464812,127,51.83309593619911,127,53.44066386122056,0
2024-05-28 23:15:45.211246,127,57.45345879225928,127,41.952647074544736,127,52.82265104392045,0
2024-05-28 23:30:45.211246,127,0.0,127,0.0,127,0.0,15
2024-05-28 23:45:45.211246,127,52.399039235355914,127,40.42179010575513,127,52.63335026583537,0
2024-05-29 00:00:45.211246,127,58.38567022222689,127,50.73673455625148,127,49.714828979455824,0
2024-05-29 00:15:45.211246,127,40.68182320828747,127,57.656584056532935,127,45.12287956942416,0
2024-05-29 00:30:45.211246,127,57.91729582474601,127,44.56480484320133,127,55.97721856327733,0
2024-05-29 00:45:45.211246,127,51.29559175956377,127,41.0539094487667,127,50.48313218634912,0
2024-05-29 01:00:45.211246,127,55.14003285222175,127,52.56354502493412,127,50.2538570783654,0
2024-05-29 01:15:45.211246,127,49.42085094295746,127,57.44909885523492,127,41.24749037586763,0
2024-05-29 01:30:45.211246,127,46.950535532231676,127,41.60871373907331,127,50.87920184449041,0
2024-05-29 01:45:45.211246,127,58.647689291681296,127,42.41107410491764,127,49.670636909551135,0
2024-05-29 02:00:45.211246,127,50.957178347444284,127,51.48812743786632,127,56.168394186419334,0
2024-05-29 02:15:45.211246,127,53.35056121735133,127,54.76733021695981,127,47.765737255419886,0
2024-05-29 02:30:45.211246,127,0.0,127,0.0,127,0.0,15
2024-05-29 02:45:45.211246,127,54.01757005980658,127,46.48364712795024,127,43.39580369670846,0
2024-05-29 03:00:45.211246,127,63.90362028069714,127,49.8831362962958,127,50.359431420630635,0
2024-05-29 03:15:45.211246,127,46.90890894306978,127,56.92273796034114,127,53.59373869782491,0
2024-05-29 03:30:45.211246,127,0.0,127,0.0,127,0.0,15
2024-05-29 03:45:45.211246,127,48.992503259007506,127,42.31408368494104,127,45.8679854002284,0
2024-05-29 04:00:45.211246,127,0.0,127,0.0,127,0.0,15
2024-05-29 04:15:45.211246,127,46.57211561623311,127,56.40926986951213,127,48.7892885168708,0
2024-05-29 04:30:45.211246,127,54.930981948399506,127,55.20604767544717,127,50.017837959646066,0
2024-05-29 04:45:45.211246,127,48.9880477237306,127,47.52142009881366,127,57.90526344252822,0
2024-05-29 05:00:45.211246,127,46.24888883926405,127,57.95973288550459,127,49.896383567918605,0
2024-05-29 05:15:45.211246,127,48.96124003955531,127,45.84028606618635,127,55.389400120308814,0
2024-05-29 05:30:45.211246,127,48.70598127249176,127,39.30561172630327,127,49.579235465120625,0
2024-05-29 05:45:45.211246,127,47.557424998303425,127,57.7405434037136,127,57.56271899980271,0
2024-05-29 06:00:45.211246,127,48.550081689373165,127,46.03169372120438,127,47.80002817050126,0
2024-05-29 06:15:45.211246,127,0.0,127,0.0,127,0.0,30
2024-05-29 06:30:45.211246,127,44.409171503961595,127,49.856420479790046,127,53.902352747866125,0
2024-05-29 06:45:45.211246,127,48.98803562476323,127,46.7380508519704,127,42.88193451120982,0
2024-05-29 07:00:45.211246,127,49.32290883708801,127,46.0947465379599,127,47.41331498422483,0
2024-05-29 07:15:45.211246,127,46.28140667912615,127,52.35740086295991,127,49.49017452179023,0
2024-05-29 07:30:45.211246,127,49.09898901805515,127,45.22591939583393,127,65.86109856464871,0
2024-05-29 07:45:45.211246,127,52.034163419280226,127,47.58346558665103,127,47.31949927460707,0
2024-05-29 08:00:45.211246,127,39.43058393638777,127,46.80745275802118,127,56.16089559000137,0
2024-05-29 08:15:45.211246,127,47.08473913369831,127,49.204342102947194,127,43.66969124949167,0
2024-05-29 08:30:45.211246,127,46.15475927463675,127,43.7133977725547,127,52.028108032263816,0
2024-05-29 08:45:45.211246,127,47.749039243371236,127,59.710882674143,127,50.41349383068696,0
2024-05-29 09:00:45.211246,127,51.659799706003575,127,47.56011389066102,127,52.022843273601424,0
2024-05-29 09:15:45.211246,127,42.09050387837232,127,39.899310182731824,127,49.563149660062116,0
2024-05-29 09:30:45.211246,127,50.83149572095379,127,44.928311026979664,127,46.73383584388948,0
2024-05-29 09:45:45.211246,127,51.36126184938078,127,46.4180291400666,127,39.90579840304272,0
2024-05-29 10:00:45.211246,127,0.0,127,0.0,127,0.0,60
2024-05-29 10:15:45.211246,127,49.05674659996525,127,49.99833858879705,127,43.668346521447546,0
2024-05-29 10:30:45.211246,127,0.0,127,0.0,127,0.0,60
2024-05-29 10:45:45.211246,127,49.91375216974007,127,54.535788688901214,127,41.61563186573728,0
2024-05-29 11:00:45.211246,127,47.994049149020455,127,45.789037288201484,127,41.59698029205468,0
2024-05-29 11:15:45.211246,127,47.92983032907281,127,44.20795985437426,127,48.627790759063146,0
2024-05-29 11:30:45.211246,127,41.09295493229868,127,45.163939807544345,127,49.57416944744776,0
2024-05-29 11:45:45.211246,127,45.07867740985146,127,44.526160040825864,127,66.66340284275937,0
2024-05-29 12:00:45.211246,127,48.63090731530826,127,47.690422596376045,127,43.39512263634373,0
2024-05-29 12:15:45.211246,127,53.64003406802814,127,53.48641677850436,127,58.41398127444088,0
2024-05-29 12:30:45.211246,127,54.14942437557511,127,53.87462978618257,127,50.80703574586599,0
2024-05-29 12:45:45.211246,127,59.811837022384225,127,48.30718033200514,127,57.58909837823497,0
2024-05-29 13:00:45.211246,127,46.60350941100567,127,57.730857079919396,127,51.46275757353672,0
2024-05-29 13:15:45.211246,127,56.760093110933866,127,50.92154728146835,127,53.70022143854925,0
2024-05-29 13:30:45.211246,127,0.0,127,0.0,127,0.0,30
2024-05-29 13:45:45.211246,127,46.90696400949536,127,46.64499412024959,127,42.63598724887036,0
2024-05-29 14:00:45.211246,127,49.37145192684118,127,51.46585364083922,127,44.73680127970957,0
2024-05-29 14:15:45.211246,127,52.65076456261866,127,52.4215887087533,127,45.09338053366,0
2024-05-29 14:30:45.211246,127,55.644568825666994,127,44.15113222860997,127,57.02645415119128,0
2024-05-29 14:45:45.211246,127,52.335110037925574,127,42.21414000367952,127,53.320847846603755,0
2024-05-29 15:00:45.211246,127,47.48202782655218,127,44.66129368462737,127,51.09493726764917,0
2024-05-29 15:15:45.211246,127,50.59908007592307,127,43.538988793849,127,53.14393854579655,0
2024-05-29 15:30:45.211246,127,45.26368453958368,127,45.3872809869971,127,54.0578178019095,0
2024-05-29 15:45:45.211246,127,63.223759108755274,127,47.7668365026962,127,53.07419798712806,0
2024-05-29 16:00:45.211246,127,50.576548971151304,127,57.266281686782825,127,57.099338958526864,0
2024-05-29 16:15:45.211246,127,47.752212631850526,127,54.193762402402655,127,53.84877742223292,0
2024-05-29 16:30:45.211246,127,46.0855373531149,127,48.1940906988422,127,61.053251154740515,0
2024-05-29 16:45:45.211246,127,44.433232561880715,127,50.184243238735675,127,50.56006614911392,0
2024-05-29 17:00:45.211246,127,53.01989378850627,127,52.956173363302455,127,43.658956134323645,0
2024-05-29 17:15:45.211246,127,0.0,127,0.0,127,0.0,60
2024-05-29 17:30:45.211246,127,0.0,127,0.0,127,0.0,30
2024-05-29 17:45:45.211246,127,51.70408795710133,127,59.87135117787078,127,56.78073758825282,0
2024-05-29 18:00:45.211246,127,42.371494931222614,127,52.738078327112476,127,36.49314268066969,0
2024-05-29 18:15:45.211246,127,52.2210079434683,127,56.465095265447374,127,53.64120967773105,0
2024-05-29 18:30:45.211246,127,0.0,127,0.0,127,0.0,15
2024-05-29 18:45:45.211246,127,46.20866864724892,127,48.35765071451338,127,42.88012260559094,0
2024-05-29 19:00:45.211246,127,45.20315829118275,127,50.84352452264682,127,45.119189218355075,0
2024-05-29 19:15:45.211246,127,43.5405996754161,127,44.92753949639622,127,45.374280404823004,0
2024-05-29 19:30:45.211246,127,40.81908288748875,127,53.21674913997303,127,47.18721487539341,0
2024-05-29 19:45:45.211246,127,50.27478511607606,127,44.23933987610696,127,46.833132735362305,0
2024-05-29 20:00:45.211246,127,53.78628957504396,127,47.1928456490409,127,52.9090584018615,0
2024-05-29 20:15:45.211246,127,52.98476290202666,127,54.6354579896638,127,50.57669496488872,0
2024-05-29 20:30:45.211246,127,44.24091113177427,127,42.64834581161469,127,48.88728428909137,0
2024-05-29 20:45:45.211246,127,49.67835641167711,127,53.969919730296745,127,57.21450515247298,0
2024-05-29 21:00:45.211246,127,53.866779005112505,127,43.66093179018444,127,56.347568204700494,0
2024-05-29 21:15:45.211246,127,54.1796021441483,127,48.22839062247005,127,47.69042503036963,0
2024-05-29 21:30:45.211246,127,39.10961574425137,127,47.692632526312096,127,57.724970159550594,0
2024-05-29 21:45:45.211246,127,50.399008582332286,127,51.53670447006386,127,50.74941664555425,0
2024-05-29 22:00:45.211246,127,55.33083606500064,127,45.84676367807922,127,45.34352791587418,0
2024-05-29 22:15:45.211246,127,48.55046017677356,127,41.86958571287593,127,48.59089967368068,0
2024-05-29 22:30:45.211246,127,44.75851502659438,127,51.6806901688265,127,54.12942952829478,0
2024-05-29 22:45:45.211246,127,49.14102103124272,127,52.162819794986035,127,55.546101513061,0
2024-05-29 23:00:45.211246,127,57.93837234116354,127,46.65896098624619,127,47.13289940225595,0
2024-05-29 23:15:45.211246,127,0.0,127,0.0,127,0.0,60
2024-05-29 23:30:45.211246,127,56.41656590565402,127,51.60538558324282,127,46.71800692786269,0
2024-05-29 23:45:45.211246,127,49.08059859567885,127,42.59571658256756,127,43.56106672716279,0
2024-05-30 00:00:45.211246,127,51.60283759721475,127,47.11213157375088,127,53.77936091080983,0
2024-05-30 00:15:45.211246,127,46.43927537791201,127,47.29512622284925,127,44.37577384431836,0
2024-05-30 00:30:45.211246,127,50.82580043504793,127,54.384865199751204,127,52.68575189770315,0
2024-05-30 00:45:45.211246,127,58.36762870100433,127,50.64378371543767,127,49.6996439011321,0
2024-05-30 01:00:45.211246,127,53.93668706977872,127,48.6709130729514,127,55.99709282410209,0
2024-05-30 01:15:45.211246,127,56.07580154844656,127,48.087613924102186,127,54.683697594526826,0
2024-05-30 01:30:45.211246,127,54.30593725919272,127,52.47556293692182,127,39.83440959500361,0
2024-05-30 01:45:45.211246,127,62.6978001220333,127,51.202872635426004,127,43.28258997194581,0
2024-05-30 02:00:45.211246,127,46.05045797210512,127,52.21792102893202,127,45.062350475746605,0
2024-05-30 02:15:45.211246,127,45.40377530042607,127,49.13581046441151,127,46.838275251908655,0
2024-05-30 02:30:45.211246,127,43.66114079983824,127,52.693664161043586,127,53.88712183368398,0
2024-05-30 02:45:45.211246,127,0.0,127,0.0,127,0.0,60
2024-05-30 03:00:45.211246,127,49.621344775113656,127,56.816293227621244,127,52.91682402835005,0
2024-05-30 03:15:45.211246,127,0.0,127,0.0,127,0.0,15
2024-05-30 03:30:45.211246,127,56.58396690003806,127,55.673536163121156,127,52.8884420033766,0
2024-05-30 03:45:45.211246,127,55.33146288074581,127,44.853849403431404,127,54.61525937086523,0
2024-05-30 04:00:45.211246,127,57.15151671229958,127,51.74380022435523,127,49.61583836121995,0
2024-05-30 04:15:45.211246,127,44.183453251303405,127,38.11433260409071,127,54.0661057484514,0
2024-05-30 04:30:45.211246,127,54.40713690070187,127,49.822952417141344,127,37.730205038895534,0
2024-05-30 04:45:45.211246,127,0.0,127,0.0,127,0.0,15
2024-05-30 05:00:45.211246,127,51.04136688695355,127,51.922143831837595,127,48.61900876072628,0
2024-05-30 05:15:45.211246,127,52.82665719830359,127,50.00977881481439,127,45.87103967549249,0
2024-05-30 05:30:45.211246,127,51.46510333722724,127,54.566319557382926,127,49.475307662081605,0
2024-05-30 05:45:45.211246,127,47.898381370230155,127,51.09887233349247,127,44.16058244748669,0
2024-05-30 06:00:45.211246,127,0.0,127,0.0,127,0.0,30
2024-05-30 06:15:45.211246,127,0.0,127,0.0,127,0.0,15
2024-05-30 06:30:45.211246,127,43.439217929997994,127,55.91597964493402,127,44.781776585205144,0
2024-05-30 06:45:45.211246,127,47.99343291036238,127,52.90153458917627,127,49.251366546985885,0
2024-05-30 07:00:45.211246,127,48.36918110543478,127,42.026093449017004,127,52.158904993563205,0
2024-05-30 07:15:45.211246,127,58.663800879418496,127,48.30053910644365,127,50.36271684155798,0
2024-05-30 07:30:45.211246,127,50.86124343452016,127,50.64291718603259,127,55.010346846884175,0
2024-05-30 07:45:45.211246,127,53.58621333414232,127,50.26163080934846,127,49.423040449073476,0
2024-05-30 08:00:45.211246,127,58.608484833651666,127,46.06881809299138,127,48.411811047080704,0
2024-05-30 08:15:45.211246,127,57.75573576613186,127,50.44496942377009,127,42.56150142767702,0
2024-05-30 08:30:45.211246,127,56.35241582615589,127,57.964358999908285,127,47.34212262286099,0
2024-05-30 08:45:45.211246,127,47.14244665016699,127,55.58386290189107,127,54.454807047109725,0
2024-05-30 09:00:45.211246,127,46.168472372714675,127,49.19734049615881,127,39.904710694625436,0
2024-05-30 09:15:45.211246,127,48.93843495437312,127,50.56054269886154,127,56.74704966400874,0
2024-05-30 09:30:45.211246,127,45.20215049531421,127,53.02571119873462,127,44.04022846391637,0
2024-05-30 09:45:45.211246,127,49.80421393393349,127,58.646085468589604,127,48.19980456893114,0
2024-05-30 10:00:45.211246,127,52.30943120687529,127,53.81557240626435,127,53.36829178612806,0
2024-05-30 10:15:45.211246,127,43.21830920363087,127,57.43156408065863,127,48.556619632445305,0
2024-05-30 10:30:45.211246,127,51.7504494534999,127,52.78679343897002,127,52.54085599743439,0
2024-05-30 10:45:45.211246,127,49.18621095300478,127,52.22740131288506,127,47.257998261390874,0
2024-05-30 11:00:45.211246,127,60.65276968438455,127,53.08458028052889,127,46.48637559586166,0
2024-05-30 11:15:45.211246,127,0.0,127,0.0,127,0.0,30
2024-05-30 11:30:45.211246,127,47.18303473869175,127,47.75168485775887,127,49.574672587450934,0
2024-05-30 11:45:45.211246,127,50.52945976953118,127,46.50101991344552,127,44.89692113822524,0
2024-05-30 12:00:45.211246,127,36.81159383005853,127,48.38659897194521,127,51.061575423059644,0
2024-05-30 12:15:45.211246,127,49.570901263508176,127,51.5848610559275,127,40.597269228405644,0
2024-05-30 12:30:45.211246,127,55.78462589395195,127,51.94028335802972,127,52.048076464982074,0
2024-05-30 12:45:45.211246,127,53.42812958760165,127,62.272016030247634,127,43.1406039727899,0
2024-05-30 13:00:45.211246,127,55.94735096176977,127,49.62322688710048,127,49.51985616796549,0
2024-05-30 13:15:45.211246,127,0.0,127,0.0,127,0.0,60
2024-05-30 13:30:45.211246,127,56.10142554130549,127,54.8023000346688,127,43.9160488570142,0
2024-05-30 13:45:45.211246,127,51.16064492350632,127,50.341547701522046,127,47.110512740255764,0
2024-05-30 14:00:45.211246,127,39.73824331891499,127,49.11330870751089,127,46.88794870834017,0
2024-05-30 14:15:45.211246,127,53.99704679095926,127,49.06769720292113,127,46.26231019230479,0
2024-05-30 14:30:45.211246,127,50.494796879554414,127,49.426635717637645,127,53.28841084884228,0
2024-05-30 14:45:45.211246,127,60.01568030845095,127,45.013420295196106,127,59.00117339598096,0
2024-05-30 15:00:45.211246,127,46.44595660264235,127,49.463912573916765,127,45.19596947594457,0
2024-05-30 15:15:45.211246,127,53.76660149051282,127,44.04477469549897,127,39.49516567566951,0
2024-05-30 15:30:45.211246,127,53.17522704255197,127,49.121447429179625,127,54.926017118595624,0
2024-05-30 15:45:45.211246,127,0.0,127,0.0,127,0.0,60
2024-05-30 16:00:45.211246,127,44.218538816163424,127,44.05401905532543,127,45.770372472988385,0
2024-05-30 16:15:45.211246,127,0.0,127,0.0,127,0.0,15
2024-05-30 16:30:45.211246,127,52.761678819726114,127,49.64814756612316,127,37.09019297037763,0
2024-05-30 16:45:45.211246,127,0.0,127,0.0,127,0.0,60
2024-05-30 17:00:45.211246,127,0.0,127,0.0,127,0.0,60
2024-05-30 17:15:45.211246,127,47.517215736406264,127,46.31994995152341,127,52.25783302139402,0
2024-05-30 17:30:45.211246,127,50.73714616292979,127,53.49812470486662,127,54.855175460880346,0
2024-05-30 17:45:45.211246,127,51.28958885078713,127,46.044242338944784,127,47.34144139079724,0
2024-05-30 18:00:45.211246,127,50.198334994761964,127,56.07401526457027,127,56.08258062763092,0
2024-05-30 18:15:45.211246,127,48.453427278352834,127,37.32396308785485,127,60.05248472261532,0
2024-05-30 18:30:45.211246,127,51.892515675744264,127,50.45196482831555,127,56.103114549538475,0
2024-05-30 18:45:45.211246,127,47.79087283839948,127,49.41149058074012,127,62.71055229475324,0
2024-05-30 19:00:45.211246,127,47.127292483651026,127,51.696879938880016,127,43.317146198748624,0
2024-05-30 19:15:45.211246,127,45.11582319850742,127,52.06157427400671,127,36.14725062882949,0
2024-05-30 19:30:45.211246,127,45.503364115976765,127,51.456211931408326,127,47.19055313536903,0
2024-05-30 19:45:45.211246,127,41.691852279689115,127,51.65202381054114,127,49.26200900817022,0
2024-05-30 20:00:45.211246,127,55.96058006230441,127,46.86382566889962,127,55.24978351953938,0
2024-05-30 20:15:45.211246,127,43.71507682471804,127,47.7764622653609,127,54.39594320139769,0
2024-05-30 20:30:45.211246,127,48.538689112296055,127,56.35221246067185,127,46.12084014876064,0
2024-05-30 20:45:45.211246,127,54.69513355734208,127,62.00352433786478,127,48.433245410411274,0
2024-05-30 21:00:45.211246,127,50.48033066417124,127,43.988314483014946,127,52.53955619566269,0
2024-05-30 21:15:45.211246,127,0.0,127,0.0,127,0.0,15
2024-05-30 21:30:45.211246,127,58.478522990525406,127,47.97021902872056,127,45.72916291223671,0
2024-05-30 21:45:45.211246,127,0.0,127,0.0,127,0.0,15
2024-05-30 22:00:45.211246,127,0.0,127,0.0,127,0.0,60
2024-05-30 22:15:45.211246,127,50.691233898918924,127,41.04795259104264,127,47.13972371542397,0
2024-05-30 22:30:45.211246,127,55.36039737217802,127,50.57432929549446,127,51.90920152678464,0
2024-05-30 22:45:45.211246,127,46.341096970098874,127,48.59492815114389,127,50.37860112569684,0
2024-05-30 23:00:45.211246,127,57.75042911417925,127,47.106741406476516,127,49.71425512990558,0
2024-05-30 23:15:45.211246,127,47.172738450612385,127,61.65893415197684,127,47.50392880498126,0
2024-05-30 23:30:45.211246,127,0.0,127,0.0,127,0.0,60
2024-05-30 23:45:45.211246,127,55.300218272286855,127,44.83315176420041,127,52.69102787728832,0
2024-05-31 00:00:45.211246,127,54.14863001662928,127,51.64969810139172,127,47.28646790903773,0
2024-05-31 00:15:45.211246,127,55.038230972665666,127,58.20677665223688,127,50.765458783144716,0
2024-05-31 00:30:45.211246,127,50.041482625054876,127,51.07668776403307,127,48.57154955487685,0
2024-05-31 00:45:45.211246,127,0.0,127,0.0,127,0.0,30
2024-05-31 01:00:45.211246,127,0.0,127,0.0,127,0.0,15
2024-05-31 01:15:45.211246,127,44.12417790081224,127,47.06684230722266,127,53.600669313065374,0
2024-05-31 01:30:45.211246,127,46.42877987584495,127,50.8040948274803,127,54.245882556979076,0
2024-05-31 01:45:45.211246,127,45.992659998579114,127,48.7204749228014,127,56.27260272108809,0
2024-05-31 02:00:45.211246,127,52.20268934269783,127,39.28217926120978,127,47.14600170306056,0
2024-05-31 02:15:45.211246,127,0.0,127,0.0,127,0.0,15
2024-05-31 02:30:45.211246,127,52.24874196550768,127,49.07417943630685,127,45.8736687801448,0
2024-05-31 02:45:45.211246,127,48.16506462417425,127,52.927699133120406,127,57.452038064599755,0
2024-05-31 03:00:45.211246,127,0.0,127,0.0,127,0.0,15
2024-05-31 03:15:45.211246,127,42.640845170987845,127,45.76288214257753,127,50.67233477206871,0
2024-05-31 03:30:45.211246,127,46.06306800707007,127,46.04707793305519,127,46.11336636779193,0
2024-05-31 03:45:45.211246,127,56.499237944452815,127,45.957432025900175,127,44.53398859895994,0
2024-05-31 04:00:45.211246,127,50.84379620237885,127,54.57500257879653,127,51.62361996878407,0
2024-05-31 04:15:45.211246,127,50.16766878866513,127,54.571802532388055,127,56.871623601307824,0
2024-05-31 04:30:45.211246,127,44.19067752816805,127,54.33828839508454,127,46.76591418063573,0
2024-05-31 04:45:45.211246,127,48.67644947044445,127,50.10340737879326,127,50.43306792870143,0
2024-05-31 05:00:45.211246,127,43.938796649880466,127,44.934272499633344,127,45.16734982646662,0
2024-05-31 05:15:45.211246,127,53.19547578365645,127,49.785007135912196,127,49.355766152832814,0
2024-05-31 05:30:45.211246,127,47.403563231805535,127,49.06215438698166,127,52.30082720811639,0
2024-05-31 05:45:45.211246,127,51.92475504955656,127,44.0887753863351,127,52.165296308236385,0
2024-05-31 06:00:45.211246,127,59.16296843052099,127,52.69318536113962,127,46.87557304163241,0
2024-05-31 06:15:45.211246,127,47.98258682615742,127,49.44704472891716,127,52.24522578494975,0
2024-05-31 06:30:45.211246,127,48.06669599324402,127,51.309269163968985,127,50.565828893622005,0
2024-05-31 06:45:45.211246,127,44.96075659893241,127,44.93428832611154,127,54.096094467404775,0
2024-05-31 07:00:45.211246,127,50.5253520400511,127,53.07411285327401,127,53.14513327813983,0
2024-05-31 07:15:45.211246,127,53.45798767891959,127,48.85340545334288,127,39.86935085942224,0
2024-05-31 07:30:45.211246,127,0.0,127,0.0,127,0.0,15
2024-05-31 07:45:45.211246,127,53.51172249614507,127,57.055511073453445,127,52.67132714232702,0
2024-05-31 08:00:45.211246,127,53.49031823540587,127,43.04377153469367,127,52.291829436985374,0
2024-05-31 08:15:45.211246,127,47.13164786372628,127,50.05645988024401,127,51.04792324420968,0
2024-05-31 08:30:45.211246,127,0.0,127,0.0,127,0.0,30
2024-05-31 08:45:45.211246,127,44.802151940958616,127,52.30558290382852,127,47.96270446085182,0
2024-05-31 09:00:45.211246,127,50.54986527334089,127,46.96646642827263,127,52.38564323439232,0
2024-05-31 09:15:45.211246,127,0.0,127,0.0,127,0.0,30
2024-05-31 09:30:45.211246,127,50.15450062129377,127,54.252063564053586,127,54.44879118829631,0
2024-05-31 09:45:45.211246,127,46.09903975878788,127,46.15125169605514,127,54.10785109931062,0
2024-05-31 10:00:45.211246,127,0.0,127,0.0,127,0.0,15
2024-05-31 10:15:45.211246,127,0.0,127,0.0,127,0.0,60
2024-05-31 10:30:45.211246,127,53.01478864061994,127,51.577710438270806,127,42.12106193447301,0
2024-05-31 10:45:45.211246,127,52.479446977501986,127,47.731424914760986,127,44.77097236082904,0
2024-05-31 11:00:45.211246,127,50.89768587623905,127,52.10970763809174,127,48.95979403841673,0
2024-05-31 11:15:45.211246,127,52.12979376072987,127,53.66742352811837,127,52.224771825043774,0
2024-05-31 11:30:45.211246,127,44.114701312130876,127,46.23900640228805,127,47.09227647780321,0
2024-05-31 11:45:45.211246,127,54.09242566690173,127,59.086989694524995,127,57.018838495237674,0
2024-05-31 12:00:45.211246,127,51.22261942521949,127,58.75031354445471,127,53.446981522077,0
2024-05-31 12:15:45.211246,127,55.825705606342495,127,52.61868232090812,127,48.44567104262989,0
2024-05-31 12:30:45.211246,127,49.71578718249323,127,51.71673947086825,127,50.45692939326034,0
2024-05-31 12:45:45.211246,127,51.27634365291524,127,50.99793812031078,127,43.137658022827885,0
2024-05-31 13:00:45.211246,127,47.81972822577524,127,46.85975228084356,127,48.50322923698761,0
2024-05-31 13:15:45.211246,127,47.875535668353464,127,43.4293707353672,127,49.637018391147976,0
2024-05-31 13:30:45.211246,127,54.4294758711532,127,52.33385465905375,127,51.168506319739365,0
2024-05-31 13:45:45.211246,127,46.128446168941394,127,46.52728274815668,127,49.532621220396294,0
2024-05-31 14:00:45.211246,127,39.600061205554724,127,48.869871727547526,127,47.81795214163485,0
2024-05-31 14:15:45.211246,127,55.008311154882435,127,39.85583889052094,127,52.62996011039857,0
2024-05-31 14:30:45.211246,127,40.03610705648978,127,45.54289583971625,127,47.67635237460671,0
2024-05-31 14:45:45.211246,127,52.16778247674755,127,43.57216262807241,127,47.14707197131739,0
2024-05-31 15:00:45.211246,127,0.0,127,0.0,127,0.0,30
2024-05-31 15:15:45.211246,127,0.0,127,0.0,127,0.0,30
2024-05-31 15:30:45.211246,127,37.14448151446625,127,53.82104530555925,127,49.79241196853951,0
2024-05-31 15:45:45.211246,127,46.8183621354893,127,50.385396330963474,127,55.00927691565272,0
2024-05-31 16:00:45.211246,127,46.392079109226515,127,41.81185467432263,127,47.20801560981198,0
2024-05-31 16:15:45.211246,127,44.82929616106867,127,53.495897261164,127,45.3012195744052,0
2024-05-31 16:30:45.211246,127,47.03799306746155,127,46.915692919968585,127,48.3744943118759,0
2024-05-31 16:45:45.211246,127,49.75805302418511,127,53.59823550120599,127,48.2272714732343,0
2024-05-31 17:00:45.211246,127,48.56208708165596,127,55.81485290871689,127,49.800179807951125,0
2024-05-31 17:15:45.211246,127,49.29506446850244,127,48.446030181795855,127,51.83193781462086,0
2024-05-31 17:30:45.211246,127,49.01615727918067,127,42.29791713705799,127,35.78301095831419,0
2024-05-31 17:45:45.211246,127,52.031980800106226,127,59.107801502634544,127,52.03819938052128,0
2024-05-31 18:00:45.211246,127,54.69605035759382,127,48.458334054962485,127,43.771879210415044,0
2024-05-31 18:15:45.211246,127,46.26120744486507,127,52.27375643188516,127,51.37196184416346,0
2024-05-31 18:30:45.211246,127,51.66237547907156,127,48.81309147980099,127,53.338174598857904,0
2024-05-31 18:45:45.211246,127,52.2791947167016,127,50.79268030364584,127,46.495668576756614,0
2024-05-31 19:00:45.211246,127,0.0,127,0.0,127,0.0,30
2024-05-31 19:15:45.211246,127,47.598216343904895,127,45.788869186232816,127,51.464795596064796,0
2024-05-31 19:30:45.211246,127,0.0,127,0.0,127,0.0,60
2024-05-31 19:45:45.211246,127,50.9214760749388,127,39.812309512151614,127,49.94213953938747,0
2024-05-31 20:00:45.211246,127,50.82250498494286,127,52.180338679203,127,50.16057430570268,0
2024-05-31 20:15:45.211246,127,45.988744831835554,127,56.65922140209184,127,46.855346080543875,0
2024-05-31 20:30:45.211246,127,44.52568182406448,127,57.47545090602567,127,48.648366339877484,0
2024-05-31 20:45:45.211246,127,0.0,127,0.0,127,0.0,30
2024-05-31 21:00:45.211246,127,48.11522444982726,127,50.392294926789326,127,47.460509158622855,0
2024-05-31 21:15:45.211246,127,53.22768545391111,127,42.41863094364329,127,55.20470212313016,0
2024-05-31 21:30:45.211246,127,46.698801884277835,127,58.37904764299515,127,46.41552382097916,0
2024-05-31 21:45:45.211246,127,48.08370713908285,127,49.79980485521858,127,52.24324086693826,0
2024-05-31 22:00:45.211246,127,52.32258087563546,127,50.70627223718353,127,52.29817966354514,0
2024-05-31 22:15:45.211246,127,40.63699658541581,127,41.08900103263852,127,50.29292671290669,0
2024-05-31 22:30:45.211246,127,48.983930340305,127,38.802405514660926,127,51.0016139009454,0
2024-05-31 22:45:45.211246,127,42.620074746529916,127,52.53526065842,127,51.549687096324085,0
2024-05-31 23:00:45.211246,127,43.291660883564006,127,53.10432708889152,127,50.069109127555095,0
2024-05-31 23:15:45.211246,127,52.01820176358694,127,66.30850603320783,127,50.75875612344508,0
2024-05-31 23:30:45.211246,127,47.95090623856171,127,48.46181539862543,127,46.68121582343989,0
2024-05-31 23:45:45.211246,127,48.542174024613864,127,58.51374637421691,127,46.14637096531811,0
2024-06-01 00:00:45.211246,127,48.00984922867173,127,64.42498015652292,127,56.58355048803568,0
2024-06-01 00:15:45.211246,127,0.0,127,0.0,127,0.0,60
2024-06-01 00:30:45.211246,127,0.0,127,0.0,127,0.0,15
2024-06-01 00:45:45.211246,127,52.44220541765745,127,54.29300841027028,127,48.061265764864,0
2024-06-01 01:00:45.211246,127,42.73583773967169,127,48.412606403886286,127,55.40145229770695,0
2024-06-01 01:15:45.211246,127,46.026974472884284,127,47.76533541056698,127,51.95018664560072,0
2024-06-01 01:30:45.211246,127,50.91406013532407,127,46.52710036433345,127,48.583962211854875,0
2024-06-01 01:45:45.211246,127,50.130685691031275,127,50.005201226927745,127,48.58965474143706,0
2024-06-01 02:00:45.211246,127,52.9655823219585,127,46.6048154837917,127,41.57597741194601,0
2024-06-01 02:15:45.211246,127,50.242031011575484,127,46.21708529010521,127,51.33699904637103,0
2024-06-01 02:30:45.211246,127,44.31409735030198,127,45.950217015806466,127,57.07683404258877,0
2024-06-01 02:45:45.211246,127,48.10558864199935,127,59.58946535403106,127,52.071554729748,0
2024-06-01 03:00:45.211246,127,46.21771354645111,127,54.28086362268241,127,39.66664983450403,0
2024-06-01 03:15:45.211246,127,48.64363909692518,127,43.60624787393327,127,44.81681859600944,0
2024-06-01 03:30:45.211246,127,54.71021751829541,127,38.265064850345944,127,49.6985681074373,0
2024-06-01 03:45:45.211246,127,50.080202355202616,127,40.06332589103213,127,49.15224508756314,0
2024-06-01 04:00:45.211246,127,0.0,127,0.0,127,0.0,15
2024-06-01 04:15:45.211246,127,56.710221031062765,127,51.40784830187445,127,50.35737501287393,0
2024-06-01 04:30:45.211246,127,0.0,127,0.0,127,0.0,60
2024-06-01 04:45:45.211246,127,50.54103385821359,127,46.80068795494651,127,50.09944681861241,0
2024-06-01 05:00:45.211246,127,0.0,127,0.0,127,0.0,15
2024-06-01 05:15:45.211246,127,46.164389939139674,127,37.565146534907186,127,41.92617257407001,0
2024-06-01 05:30:45.211246,127,38.46102263150591,127,45.05356836707297,127,42.60397935276633,0
2024-06-01 05:45:45.211246,127,50.65293589043669,127,51.853248592559304,127,54.727252545945895,0
2024-06-01 06:00:45.211246,127,52.75043094909956,127,47.771057357384294,127,54.95332733883614,0
2024-06-01 06:15:45.211246,127,0.0,127,0.0,127,0.0,15
2024-06-01 06:30:45.211246,127,42.459371836691375,127,56.18870932476726,127,55.01808362766633,0
2024-06-01 06:45:45.211246,127,43.897093068839965,127,45.11148556808614,127,59.70665276190195,0
2024-06-01 07:00:45.211246,127,53.13815621361441,127,52.72555869304087,127,50.52064591087991,0
2024-06-01 07:15:45.211246,127,52.084925985359455,127,52.879829277769744,127,49.436699161634095,0
2024-06-01 07:30:45.211246,127,44.12748119000327,127,47.345241189752144,127,47.59266709464299,0
2024-06-01 07:45:45.211246,127,51.1965285552467,127,53.8420773560814,127,53.02118990419289,0
2024-06-01 08:00:45.211246,127,53.22922651941132,127,49.50863829920591,127,55.692250015804284,0
2024-06-01 08:15:45.211246,127,51.71440071175976,127,53.00725808094029,127,55.29931236833818,0
2024-06-01 08:30:45.211246,127,54.90097102927432,127,56.31644786865306,127,45.43148700771738,0
2024-06-01 08:45:45.211246,127,55.570539576887,127,42.85550118553994,127,58.68972517650491,0
2024-06-01 09:00:45.211246,127,49.99131485443784,127,55.695730812960974,127,47.952156525892015,0
2024-06-01 09:15:45.211246,127,40.60697531285163,127,50.36016624255117,127,44.12793383937179,0
2024-06-01 09:30:45.211246,127,57.483531779877495,127,45.47049294112696,127,56.71330561347709,0
2024-06-01 09:45:45.211246,127,42.02907045062219,127,50.512085964173814,127,47.95153474551718,0
2024-06-01 10:00:45.211246,127,48.03460853443469,127,52.003076795750566,127,52.769239646002546,0
2024-06-01 10:15:45.211246,127,42.020084691036935,127,50.575555830393576,127,57.010078945637424,0
2024-06-01 10:30:45.211246,127,51.112122269823935,127,51.578494452619054,127,49.76869608595901,0
2024-06-01 10:45:45.211246,127,44.36991387560943,127,61.093165532364324,127,48.57888308447605,0
2024-06-01 11:00:45.211246,127,59.470938391673,127,52.91423031864383,127,43.34534558970529,0
2024-06-01 11:15:45.211246,127,45.76314492813633,127,44.57636216205829,127,42.56137878649795,0
2024-06-01 11:30:45.211246,127,50.26782378445196,127,55.61308602978074,127,50.72829021200258,0
2024-06-01 11:45:45.211246,127,55.409970578051386,127,43.21740908902062,127,48.66048994204868,0
2024-06-01 12:00:45.211246,127,55.69133118277699,127,50.60063784155576,127,50.20736303297195,0
2024-06-01 12:15:45.211246,127,47.961203801530374,127,46.20765830850684,127,47.27674446488084,0
2024-06-01 12:30:45.211246,127,43.14921920355037,127,47.11014965064415,127,44.615996176577084,0
2024-06-01 12:45:45.211246,127,44.823312391527466,127,48.26527141005114,127,48.70337719570803,0
2024-06-01 13:00:45.211246,127,0.0,127,0.0,127,0.0,30
2024-06-01 13:15:45.211246,127,49.17044569211835,127,59.975563103292714,127,53.47879430856392,0
2024-06-01 13:30:45.211246,127,53.90521852968711,127,45.41081432474394,127,48.80984997871688,0
2024-06-01 13:45:45.211246,127,0.0,127,0.0,127,0.0,60
2024-06-01 14:00:45.211246,127,47.66165169316023,127,55.71067719685814,127,53.11291437112361,0
2024-06-01 14:15:45.211246,127,0.0,127,0.0,127,0.0,30
2024-06-01 14:30:45.211246,127,46.26029912831064,127,51.98786410758149,127,43.926138670116906,0
2024-06-01 14:45:45.211246,127,46.44453124653633,127,47.34222422302589,127,44.18073424662558,0
2024-06-01 15:00:45.211246,127,0.0,127,0.0,127,0.0,15
2024-06-01 15:15:45.211246,127,54.995484887478014,127,48.78585862387658,127,46.41269774239822,0
2024-06-01 15:30:45.211246,127,46.57620240756754,127,47.69157624480286,127,51.79148590899041,0
2024-06-01 15:45:45.211246,127,52.22508656549407,127,42.28241277582882,127,56.4186207883703,0
2024-06-01 16:00:45.211246,127,50.82580626698722,127,47.859131100857084,127,49.29986705550205,0
2024-06-01 16:15:45.211246,127,48.6742340047308,127,47.12625777950157,127,51.356746715335525,0
2024-06-01 16:30:45.211246,127,50.44873589387018,127,50.65616978940548,127,52.73119903897586,0
2024-06-01 16:45:45.211246,127,44.53049099421544,127,45.059685381523124,127,46.709977139883094,0
2024-06-01 17:00:45.211246,127,54.492991892686625,127,42.76421859341878,127,54.01112831179604,0
2024-06-01 17:15:45.211246,127,58.383730564626326,127,48.13591016324958,127,38.12242862669824,0
2024-06-01 17:30:45.211246,127,41.81775818785421,127,57.37378866763962,127,38.26997267651363,0
2024-06-01 17:45:45.211246,127,62.46361709052323,127,42.66059849296738,127,45.47911340913812,0
2024-06-01 18:00:45.211246,127,50.061687615965184,127,52.16705750991295,127,55.67245998782333,0
2024-06-01 18:15:45.211246,127,51.639488357220905,127,45.31980671008998,127,53.23483856074231,0
2024-06-01 18:30:45.211246,127,45.74762379766803,127,59.776146003382635,127,54.47474411779653,0
2024-06-01 18:45:45.211246,127,43.399821839128364,127,49.91115136581908,127,53.25960735742482,0
2024-06-01 19:00:45.211246,127,0.0,127,0.0,127,0.0,30
2024-06-01 19:15:45.211246,127,48.62799765349448,127,49.42897400278135,127,48.253877415972994,0
2024-06-01 19:30:45.211246,127,52.638770935888125,127,51.14541404289587,127,43.57987301364151,0
2024-06-01 19:45:45.211246,127,47.1006158397616,127,46.9317205390213,127,56.90338164346202,0
2024-06-01 20:00:45.211246,127,41.91769959488832,127,50.465090616729405,127,47.299139075128735,0
2024-06-01 20:15:45.211246,127,0.0,127,0.0,127,0.0,60
2024-06-01 20:30:45.211246,127,47.69437054766253,127,55.588615498916525,127,54.998563586684156,0
2024-06-01 20:45:45.211246,127,51.111114479582525,127,58.04454284250481,127,56.11392772828825,0
2024-06-01 21:00:45.211246,127,56.285925797656915,127,46.52357510671692,127,46.238102910508104,0
2024-06-01 21:15:45.211246,127,49.282983395638055,127,57.384288344638364,127,45.177366471356414,0
2024-06-01 21:30:45.211246,127,46.329869041540384,127,50.83969489097603,127,44.02224294156957,0
2024-06-01 21:45:45.211246,127,50.10353446457621,127,48.63506292539471,127,49.618546829790176,0
2024-06-01 22:00:45.211246,127,51.70451672914887,127,48.552084105578544,127,50.851275002550295,0
2024-06-01 22:15:45.211246,127,44.44937007472723,127,55.22820932116802,127,51.91627899766107,0
2024-06-01 22:30:45.211246,127,54.39289448090354,127,49.37175582977699,127,48.54542233725358,0
2024-06-01 22:45:45.211246,127,53.70670709430701,127,50.66370902942174,127,55.46710093080463,0
2024-06-01 23:00:45.211246,127,50.0518107462372,127,48.76857652365535,127,42.911970671441075,0
2024-06-01 23:15:45.211246,127,48.75536654200388,127,53.81544559144325,127,49.00645977048846,0
2024-06-01 23:30:45.211246,127,52.47142268748498,127,45.59537564107502,127,51.03799440139556,0
2024-06-01 23:45:45.211246,127,49.55120854946409,127,47.048069094361196,127,45.90078671976755,0
2024-06-02 00:00:45.211246,127,47.13628170639854,127,50.89478857089454,127,54.22704207220451,0
2024-06-02 00:15:45.211246,127,50.80850857778868,127,54.33118364022724,127,44.815611954722,0
2024-06-02 00:30:45.211246,127,56.73064694969546,127,48.30431684173641,127,52.908080904694465,0
2024-06-02 00:45:45.211246,127,51.63510373519042,127,47.295533077181005,127,56.876491524879924,0
2024-06-02 01:00:45.211246,127,49.20335828813457,127,50.78698496147612,127,49.99149943094041,0
2024-06-02 01:15:45.211246,127,54.90934009431804,127,47.47496323666008,127,54.35730308952983,0
2024-06-02 01:30:45.211246,127,44.331699117749814,127,51.070926694634785,127,54.52190592263879,0
2024-06-02 01:45:45.211246,127,49.05685465161153,127,43.97288318183713,127,41.03481398981195,0
2024-06-02 02:00:45.211246,127,55.18326008955378,127,43.4955193592098,127,49.941583767545254,0
2024-06-02 02:15:45.211246,127,48.15145714326355,127,44.98801698190798,127,46.50459150019866,0
2024-06-02 02:30:45.211246,127,0.0,127,0.0,127,0.0,30
2024-06-02 02:45:45.211246,127,52.289677111552955,127,45.73076758398618,127,45.27070890063934,0
2024-06-02 03:00:45.211246,127,50.04884948944541,127,47.17686138584551,127,62.06494241718053,0
2024-06-02 03:15:45.211246,127,60.34368974822118,127,47.99097636357988,127,51.6291365600636,0
2024-06-02 03:30:45.211246,127,42.94441059385827,127,57.40094200408106,127,41.11528420534822,0
2024-06-02 03:45:45.211246,127,49.57385054876349,127,47.13112699810391,127,51.561868971780726,0
2024-06-02 04:00:45.211246,127,40.499432355246284,127,43.65226867897488,127,50.59762847554391,0
2024-06-02 04:15:45.211246,127,0.0,127,0.0,127,0.0,15
2024-06-02 04:30:45.211246,127,47.81333313478885,127,45.6068512479764,127,46.28989733465252,0
2024-06-02 04:45:45.211246,127,64.95168117478893,127,53.62555404298203,127,54.160502629453134,0
2024-06-02 05:00:45.211246,127,43.037957816343756,127,55.898720887136626,127,51.48476054386327,0
2024-06-02 05:15:45.211246,127,54.993715856824366,127,42.107716667085086,127,43.229117339777126,0
2024-06-02 05:30:45.211246,127,0.0,127,0.0,127,0.0,60
2024-06-02 05:45:45.211246,127,54.273575799389924,127,53.45321930871641,127,45.179199607961245,0
2024-06-02 06:00:45.211246,127,58.010060926579925,127,49.16385533584026,127,56.499015786298315,0
2024-06-02 06:15:45.211246,127,48.083353398145086,127,49.995978056316424,127,52.118446793625345,0
2024-06-02 06:30:45.211246,127,44.02810125483537,127,49.976412433894126,127,52.92398416248405,0
2024-06-02 06:45:45.211246,127,0.0,127,0.0,127,0.0,15
2024-06-02 07:00:45.211246,127,51.30416840181869,127,46.13153082967439,127,38.96224508079065,0
2024-06-02 07:15:45.211246,127,45.47285436305222,127,47.1534167559283,127,49.72524842617522,0
2024-06-02 07:30:45.211246,127,49.68576492480279,127,45.57760878757445,127,49.77115890013886,0
2024-06-02 07:45:45.211246,127,45.06162127191638,127,50.076641566807375,127,53.19450946779274,0
2024-06-02 08:00:45.211246,127,58.18688937749259,127,52.46273113873723,127,40.98514344737,0
2024-06-02 08:15:45.211246,127,56.75396256120083,127,44.437266487335684,127,43.14782701417117,0
2024-06-02 08:30:45.211246,127,54.029286340375066,127,55.21719449282881,127,47.652775302424246,0
2024-06-02 08:45:45.211246,127,44.26617254832121,127,38.790386918397374,127,53.0334404449137,0
2024-06-02 09:00:45.211246,127,52.73880237624362,127,42.62437225383937,127,49.50586296571019,0
2024-06-02 09:15:45.211246,127,0.0,127,0.0,127,0.0,15
2024-06-02 09:30:45.211246,127,45.028677735279366,127,56.40163687600539,127,53.68749554394923,0
2024-06-02 09:45:45.211246,127,55.537259555215954,127,49.929699436489344,127,44.331390745456304,0
2024-06-02 10:00:45.211246,127,47.82108495578065,127,47.49557776699237,127,48.37872429060649,0
2024-06-02 10:15:45.211246,127,52.44276211004296,127,46.83728791932075,127,49.79954127875018,0
2024-06-02 10:30:45.211246,127,0.0,127,0.0,127,0.0,15
2024-06-02 10:45:45.211246,127,54.119285742124575,127,48.687263308836556,127,55.63667622541176,0
2024-06-02 11:00:45.211246,127,47.24563735335718,127,52.95054905207747,127,58.42393882357151,0
2024-06-02 11:15:45.211246,127,46.2146773198529,127,55.97537919588766,127,52.78810269964012,0
2024-06-02 11:30:45.211246,127,47.8137991067424,127,50.44542363042104,127,47.86211052435929,0
2024-06-02 11:45:45.211246,127,0.0,127,0.0,127,0.0,30
2024-06-02 12:00:45.211246,127,54.75646751187344,127,52.60601392820786,127,40.75631957059722,0
2024-06-02 12:15:45.211246,127,50.93436307905751,127,47.89347874249153,127,50.41993528009699,0
2024-06-02 12:30:45.211246,127,47.27549392434703,127,37.98135301165697,127,53.09809376850228,0
2024-06-02 12:45:45.211246,127,0.0,127,0.0,127,0.0,30
2024-06-02 13:00:45.211246,127,57.69986948464124,127,52.12433196061318,127,43.02910761687147,0
2024-06-02 13:15:45.211246,127,57.646175584675774,127,57.11630688667983,127,47.69095292456487,0
2024-06-02 13:30:45.211246,127,49.00993439461683,127,52.032129401950435,127,48.67803883980907,0
2024-06-02 13:45:45.211246,127,50.059284984275415,127,47.76206862516177,127,54.526954621871546,0
2024-06-02 14:00:45.211246,127,0.0,127,0.0,127,0.0,30
2024-06-02 14:15:45.211246,127,48.619341186762576,127,50.79650586782298,127,54.86413313192802,0
2024-06-02 14:30:45.211246,127,0.0,127,0.0,127,0.0,60
2024-06-02 14:45:45.211246,127,60.08419478198089,127,58.70968374422921,127,49.86057289284267,0
2024-06-02 15:00:45.211246,127,0.0,127,0.0,127,0.0,15
2024-06-02 15:15:45.211246,127,50.08132992844286,127,50.23221070594935,127,46.637009593695964,0
2024-06-02 15:30:45.211246,127,49.22621493385165,127,46.10800231702779,127,56.99949764040448,0
2024-06-02 15:45:45.211246,127,60.38560419935923,127,50.79365587805306,127,44.38772682719152,0
2024-06-02 16:00:45.211246,127,48.023396929825985,127,47.03797465181155,127,42.93375084418953,0
2024-06-02 16:15:45.211246,127,52.56852119813806,127,52.6879718393357,127,52.74305503436787,0
2024-06-02 16:30:45.211246,127,45.003198800613895,127,44.060797237046664,127,47.71893282317495,0
2024-06-02 16:45:45.211246,127,45.497766079882425,127,56.48956918649081,127,46.18063269331053,0
2024-06-02 17:00:45.211246,127,48.724442364712175,127,45.42710593587751,127,45.047474387057605,0
2024-06-02 17:15:45.211246,127,61.69783332795974,127,57.856124475581616,127,37.332934052551444,0
2024-06-02 17:30:45.211246,127,42.06994175103402,127,54.37006659661912,127,41.21716530430069,0
2024-06-02 17:45:45.211246,127,54.6005993003876,127,43.38349682030426,127,44.560272479985734,0
2024-06-02 18:00:45.211246,127,50.00354625641932,127,57.832453493159726,127,48.33457210543532,0
2024-06-02 18:15:45.211246,127,53.75020317535227,127,43.29819469858219,127,54.18681751494789,0
2024-06-02 18:30:45.211246,127,55.44659852712268,127,50.877436344957886,127,57.6957200074328,0
2024-06-02 18:45:45.211246,127,53.873943875142245,127,47.87101907902545,127,42.7603486249705,0
2024-06-02 19:00:45.211246,127,48.26284879553996,127,61.68229526209028,127,43.613671487239785,0
2024-06-02 19:15:45.211246,127,45.282002874316355,127,56.86031015480006,127,52.33623778690864,0
2024-06-02 19:30:45.211246,127,39.46819060558198,127,49.85839866267248,127,53.57119469772355,0
2024-06-02 19:45:45.211246,127,45.87915651061423,127,56.35243596118385,127,43.99621131246278,0
2024-06-02 20:00:45.211246,127,56.91997690164209,127,48.58152279211173,127,49.90993094619801,0
2024-06-02 20:15:45.211246,127,0.0,127,0.0,127,0.0,60
2024-06-02 20:30:45.211246,127,48.46510705414478,127,48.74796650825752,127,56.94704048987696,0
2024-06-02 20:45:45.211246,127,48.59028261608385,127,54.9360305203664,127,44.88004689705826,0
2024-06-02 21:00:45.211246,127,46.14686110874386,127,46.44757771597787,127,52.51581540643891,0
2024-06-02 21:15:45.211246,127,44.979044023522796,127,52.00890100807385,127,56.82784991560128,0
2024-06-02 21:30:45.211246,127,49.93072613567452,127,45.14663162318535,127,47.316736359941885,0
2024-06-02 21:45:45.211246,127,50.15086253340916,127,48.37233382323359,127,43.20053399721726,0
2024-06-02 22:00:45.211246,127,56.59874902592536,127,46.82643006470475,127,44.00502831535319,0
2024-06-02 22:15:45.211246,127,0.0,127,0.0,127,0.0,30
2024-06-02 22:30:45.211246,127,48.652739804039236,127,44.8017878614727,127,56.67465118447587,0
2024-06-02 22:45:45.211246,127,48.52282771027839,127,42.95594882340013,127,46.61789489006616,0
2024-06-02 23:00:45.211246,127,0.0,127,0.0,127,0.0,30
2024-06-02 23:15:45.211246,127,49.6589361884328,127,48.36100183882893,127,56.850068635924785,0
2024-06-02 23:30:45.211246,127,0.0,127,0.0,127,0.0,15
2024-06-02 23:45:45.211246,127,49.41852291635996,127,45.7395329302622,127,50.50473094252424,0
2024-06-03 00:00:45.211246,127,54.18774849737885,127,49.35752894983361,127,44.61011983091659,0
2024-06-03 00:15:45.211246,127,0.0,127,0.0,127,0.0,60
2024-06-03 00:30:45.211246,127,62.83244790628079,127,47.79295392206941,127,50.91036283224139,0
2024-06-03 00:45:45.211246,127,0.0,127,0.0,127,0.0,15
2024-06-03 01:00:45.211246,127,49.556456586192105,127,56.14574778482395,127,56.872472021995975,0
2024-06-03 01:15:45.211246,127,42.373761574230635,127,44.96771892775967,127,47.26496005232015,0
2024-06-03 01:30:45.211246,127,55.39513895920094,127,62.67964625498033,127,45.41746225585458,0
2024-06-03 01:45:45.211246,127,52.258893898318995,127,46.046460238082204,127,40.79289384882023,0
2024-06-03 02:00:45.211246,127,43.903616326694014,127,51.86318739145197,127,49.88227775252149,0
2024-06-03 02:15:45.211246,127,0.0,127,0.0,127,0.0,60
2024-06-03 02:30:45.211246,127,54.79130916376339,127,45.480264117892126,127,53.93979235613353,0
2024-06-03 02:45:45.211246,127,48.8148763593198,127,46.70182843992743,127,52.456251166315504,0
2024-06-03 03:00:45.211246,127,44.530472120509266,127,51.37441071057421,127,47.289050176146546,0
2024-06-03 03:15:45.211246,127,45.74407994980489,127,49.17735420297277,127,48.82919080792843,0
2024-06-03 03:30:45.211246,127,52.80375647988016,127,45.581694795928975,127,54.162246935821074,0
2024-06-03 03:45:45.211246,127,47.12659748173252,127,46.8971073116189,127,55.793852271684116,0
2024-06-03 04:00:45.211246,127,54.792964186687776,127,50.18434388050974,127,49.66161296551955,0
2024-06-03 04:15:45.211246,127,0.0,127,0.0,127,0.0,15
2024-06-03 04:30:45.211246,127,52.46775689709791,127,42.130800365468424,127,44.870192043728956,0
2024-06-03 04:45:45.211246,127,56.68033547951479,127,51.9762758879177,127,56.1884330562796,0
2024-06-03 05:00:45.211246,127,45.049084719341955,127,50.587020285428245,127,46.96025409848548,0
2024-06-03 05:15:45.211246,127,46.92504836890899,127,48.19746182545176,127,52.13120090786434,0
2024-06-03 05:30:45.211246,127,47.811600412028504,127,49.104416296132534,127,57.32971411569717,0
2024-06-03 05:45:45.211246,127,53.574647336999604,127,56.068389947004505,127,38.65284729207847,0
2024-06-03 06:00:45.211246,127,0.0,127,0.0,127,0.0,60
2024-06-03 06:15:45.211246,127,0.0,127,0.0,127,0.0,30
2024-06-03 06:30:45.211246,127,54.26341074810614,127,47.15121734133684,127,44.93450695906337,0
2024-06-03 06:45:45.211246,127,49.67935784425722,127,51.76674988182594,127,45.86956602040295,0
2024-06-03 07:00:45.211246,127,43.70798271193398,127,41.69859917732521,127,51.73977739320269,0
2024-06-03 07:15:45.211246,127,46.18990175460041,127,45.95942377169258,127,57.76363858447024,0
2024-06-03 07:30:45.211246,127,49.521239207377334,127,55.22129749460694,127,42.20932387992853,0
2024-06-03 07:45:45.211246,127,0.0,127,0.0,127,0.0,60
2024-06-03 08:00:45.211246,127,0.0,127,0.0,127,0.0,60
2024-06-03 08:15:45.211246,127,45.306186036066514,127,55.22180907036382,127,58.550689490783,0
2024-06-03 08:30:45.211246,127,52.114305443575205,127,51.64611442697352,127,48.32707948129654,0
2024-06-03 08:45:45.211246,127,0.0,127,0.0,127,0.0,30
2024-06-03 09:00:45.211246,127,44.65838045915537,127,54.1894325097113,127,47.41281945517436,0
2024-06-03 09:15:45.211246,127,50.81081175902462,127,58.51342712609731,127,42.04756654189668,0
2024-06-03 09:30:45.211246,127,49.54870093241286,127,49.5293516634278,127,54.411306746504614,0
2024-06-03 09:45:45.211246,127,52.78215736575184,127,54.207428128215135,127,57.03720995459564,0
2024-06-03 10:00:45.211246,127,44.849062884430445,127,46.22189001972123,127,45.14671655118308,0
2024-06-03 10:15:45.211246,127,44.04961076537747,127,42.053201545794515,127,52.176285280763395,0
2024-06-03 10:30:45.211246,127,0.0,127,0.0,127,0.0,30
2024-06-03 10:45:45.211246,127,47.41237945818152,127,52.66732374272878,127,48.38861631221652,0
2024-06-03 11:00:45.211246,127,54.67845783423682,127,52.18484995824666,127,41.074758428916205,0
2024-06-03 11:15:45.211246,127,43.30778451791433,127,50.14556975640301,127,51.479300157768,0
2024-06-03 11:30:45.211246,127,56.25171011487818,127,44.87288229023149,127,55.47030436075611,0
2024-06-03 11:45:45.211246,127,49.30348514221763,127,52.96463020601646,127,46.447180086782694,0
2024-06-03 12:00:45.211246,127,49.788725875421775,127,47.741387379301486,127,61.39677615920192,0
2024-06-03 12:15:45.211246,127,44.863608740114046,127,54.27488013018149,127,47.55736828875503,0
2024-06-03 12:30:45.211246,127,54.38326387202544,127,50.705983823031076,127,51.25845380790457,0
2024-06-03 12:45:45.211246,127,53.81663956813508,127,42.71412823274529,127,55.77822783581566,0
2024-06-03 13:00:45.211246,127,48.265402486932835,127,56.27584858495601,127,45.93819489834035,0
2024-06-03 13:15:45.211246,127,0.0,127,0.0,127,0.0,15
2024-06-03 13:30:45.211246,127,49.83624337242865,127,44.92456523349192,127,46.60665097167405,0
2024-06-03 13:45:45.211246,127,48.27602448967092,127,51.77556557730736,127,45.41410352593587,0
2024-06-03 14:00:45.211246,127,52.488979991971796,127,52.14828543524702,127,46.045934981319,0
2024-06-03 14:15:45.211246,127,45.26870026339407,127,49.29747794711482,127,46.950115610127206,0
2024-06-03 14:30:45.211246,127,53.35218172467842,127,43.48521613902602,127,50.889299631765645,0
2024-06-03 14:45:45.211246,127,55.31025761895287,127,37.47568074322841,127,50.594592659167795,0
2024-06-03 15:00:45.211246,127,0.0,127,0.0,127,0.0,60
2024-06-03 15:15:45.211246,127,53.56850848574834,127,44.932806754798975,127,54.01508969996535,0
2024-06-03 15:30:45.211246,127,55.91440886587553,127,53.35774158118247,127,53.71211511278689,0
2024-06-03 15:45:45.211246,127,45.42412591881637,127,48.693490520152835,127,43.37589872149461,0
2024-06-03 16:00:45.211246,127,51.692295748035484,127,48.64965378345542,127,52.44671893430625,0
2024-06-03 16:15:45.211246,127,0.0,127,0.0,127,0.0,60
2024-06-03 16:30:45.211246,127,0.0,127,0.0,127,0.0,30
2024-06-03 16:45:45.211246,127,53.72385614313704,127,41.35960395658677,127,46.41638053380016,0
2024-06-03 17:00:45.211246,127,54.09515473961974,127,46.34405082421255,127,48.88761025541313,0
2024-06-03 17:15:45.211246,127,55.627120261698906,127,47.37217842045226,127,46.81590505004368,0
2024-06-03 17:30:45.211246,127,46.2659137285885,127,56.016830363685614,127,51.98035402873457,0
2024-06-03 17:45:45.211246,127,51.97174280103036,127,42.87127058410847,127,55.65197196802137,0
2024-06-03 18:00:45.211246,127,46.534543937235604,127,51.12598847225456,127,56.35991297110146,0
2024-06-03 18:15:45.211246,127,48.09043707599409,127,55.79667860039859,127,49.56322391394889,0
2024-06-03 18:30:45.211246,127,50.63156595266346,127,41.98095278999125,127,45.37519688406922,0
2024-06-03 18:45:45.211246,127,42.07699516989665,127,47.636901466800936,127,44.72482677616161,0
2024-06-03 19:00:45.211246,127,61.54812815030978,127,45.436123120296216,127,47.152724717489036,0
2024-06-03 19:15:45.211246,127,50.117519638633084,127,44.47317351466925,127,57.47428735897437,0
2024-06-03 19:30:45.211246,127,41.67637644197588,127,51.11110737471702,127,44.76346748116717,0
2024-06-03 19:45:45.211246,127,41.712089046318845,127,50.62741041050821,127,53.74141046714262,0
2024-06-03 20:00:45.211246,127,52.80272658905528,127,55.70507578813992,127,47.040848698981065,0
2024-06-03 20:15:45.211246,127,56.47972056667416,127,49.563557319526865,127,52.569729510171115,0
2024-06-03 20:30:45.211246,127,52.084570296689,127,48.74494817755694,127,51.93166302418381,0
2024-06-03 20:45:45.211246,127,54.03751926935287,127,49.00298920233089,127,43.68575449391343,0
2024-06-03 21:00:45.211246,127,46.3935729917638,127,51.57294787218642,127,58.019129468023536,0
2024-06-03 21:15:45.211246,127,41.43195729239741,127,53.52085328459508,127,45.16917874149523,0
2024-06-03 21:30:45.211246,127,44.758469136874936,127,39.12120628012602,127,55.7283210168488,0
2024-06-03 21:45:45.211246,127,45.71490408853377,127,59.33567832952379,127,49.16987025555045,0
2024-06-03 22:00:45.211246,127,37.99875303254373,127,48.722123487876566,127,51.36358474571829,0
2024-06-03 22:15:45.211246,127,51.38559849378107,127,51.571466964549884,127,44.69484139226637,0
2024-06-03 22:30:45.211246,127,0.0,127,0.0,127,0.0,15
2024-06-03 22:45:45.211246,127,0.0,127,0.0,127,0.0,15
2024-06-03 23:00:45.211246,127,54.44579282977384,127,45.66913988394239,127,55.63923440724777,0
2024-06-03 23:15:45.211246,127,43.54508530326568,127,50.54353077807867,127,52.322735977173835,0
2024-06-03 23:30:45.211246,127,50.7247737709762,127,54.620930307389884,127,52.97587757553724,0
2024-06-03 23:45:45.211246,127,47.24099374790268,127,39.627728262511695,127,56.20771725498459,0
2024-06-04 00:00:45.211246,127,42.78640976790239,127,44.8409060946686,127,51.773324796334656,0
2024-06-04 00:15:45.211246,127,45.49029380219928,127,46.61163797874035,127,51.86301817895818,0
2024-06-04 00:30:45.211246,127,56.143198151102574,127,50.0272380754482,127,45.995979289441024,0
2024-06-04 00:45:45.211246,127,47.431372723125406,127,46.69489850244952,127,42.24316392734235,0
2024-06-04 01:00:45.211246,127,56.2572650805222,127,45.793548124469375,127,46.36408535354725,0
2024-06-04 01:15:45.211246,127,55.28832236630035,127,44.97066945921399,127,42.89649115740246,0
2024-06-04 01:30:45.211246,127,47.02919128736913,127,49.41727987647223,127,53.468607140694466,0
2024-06-04 01:45:45.211246,127,47.8193573764399,127,55.83758059550639,127,50.90089726690718,0
2024-06-04 02:00:45.211246,127,44.38385547631584,127,50.81065838552051,127,49.7936670944698,0
2024-06-04 02:15:45.211246,127,57.57865430783427,127,52.17129703392151,127,52.3566041736561,0
2024-06-04 02:30:45.211246,127,47.777891022397775,127,54.232955134304085,127,44.42865017209462,0
2024-06-04 02:45:45.211246,127,47.67314611904473,127,57.175241027902956,127,58.063056294080674,0
2024-06-04 03:00:45.211246,127,50.28019775233777,127,36.438074464711285,127,48.305624368958654,0
2024-06-04 03:15:45.211246,127,54.58523977973651,127,51.67502462573562,127,46.47968513026762,0
2024-06-04 03:30:45.211246,127,51.73838127177408,127,54.28712137237037,127,57.342386963204675,0
2024-06-04 03:45:45.211246,127,52.45291567003465,127,43.584182127960666,127,44.048082618030215,0
2024-06-04 04:00:45.211246,127,41.895063045029055,127,52.47203682463101,127,47.57994776601025,0
2024-06-04 04:15:45.211246,127,45.86187381403835,127,54.732583555238136,127,50.5606605556461,0
2024-06-04 04:30:45.211246,127,48.583754330087125,127,44.98689714396239,127,43.56462783253633,0
2024-06-04 04:45:45.211246,127,40.654294167190955,127,50.97005116631114,127,59.00400655907163,0
2024-06-04 05:00:45.211246,127,62.17600960064935,127,44.9951553317796,127,45.15773684719217,0
2024-06-04 05:15:45.211246,127,55.35472344841777,127,51.0422625905177,127,59.232598928289086,0
2024-06-04 05:30:45.211246,127,0.0,127,0.0,127,0.0,60
2024-06-04 05:45:45.211246,127,53.113207279845746,127,52.428748979772806,127,50.106304617265096,0
2024-06-04 06:00:45.211246,127,45.64998261071754,127,43.398985279799845,127,52.94823466734836,0
2024-06-04 06:15:45.211246,127,46.75784447424934,127,44.810655375163854,127,57.69357951852079,0
2024-06-04 06:30:45.211246,127,0.0,127,0.0,127,0.0,60
2024-06-04 06:45:45.211246,127,0.0,127,0.0,127,0.0,15
2024-06-04 07:00:45.211246,127,52.91016065416118,127,51.12006016224003,127,55.975536620829445,0
2024-06-04 07:15:45.211246,127,48.3151116793338,127,44.88844248758088,127,52.20033550821169,0
2024-06-04 07:30:45.211246,127,52.02027409135152,127,47.04854237468096,127,48.75459177488257,0
2024-06-04 07:45:45.211246,127,55.26072902743556,127,50.01079228939375,127,52.29199412365327,0
2024-06-04 08:00:45.211246,127,53.7882849298418,127,51.54501860190589,127,49.709340455745505,0
2024-06-04 08:15:45.211246,127,52.627562403574814,127,52.48873811649942,127,45.778724502117,0
2024-06-04 08:30:45.211246,127,51.9205544034612,127,56.64883939489546,127,55.175999821444854,0
2024-06-04 08:45:45.211246,127,0.0,127,0.0,127,0.0,15
2024-06-04 09:00:45.211246,127,48.081205165053504,127,48.44990997365267,127,41.07207696008735,0
2024-06-04 09:15:45.211246,127,0.0,127,0.0,127,0.0,15
2024-06-04 09:30:45.211246,127,0.0,127,0.0,127,0.0,60
2024-06-04 09:45:45.211246,127,48.688367035805086,127,53.62285619982264,127,46.15891625477229,0
2024-06-04 10:00:45.211246,127,44.22610710561213,127,50.53129534188635,127,60.163040102124086,0
2024-06-04 10:15:45.211246,127,56.17849040851105,127,56.664990214557854,127,49.31633769355351,0
2024-06-04 10:30:45.211246,127,47.838491442105976,127,51.70516669702515,127,46.97837391641497,0
2024-06-04 10:45:45.211246,127,53.245604001117535,127,56.96427784445602,127,56.4515133868599,0
2024-06-04 11:00:45.211246,127,48.153436560931006,127,58.27449270011755,127,44.27178152354974,0
2024-06-04 11:15:45.211246,127,46.85676826758243,127,52.97281417000365,127,49.31261307401865,0
2024-06-04 11:30:45.211246,127,0.0,127,0.0,127,0.0,60
2024-06-04 11:45:45.211246,127,52.6496621622539,127,47.88815678701304,127,49.39070365476895,0
2024-06-04 12:00:45.211246,127,52.73430438808652,127,57.05379787017005,127,55.25033939543846,0
2024-06-04 12:15:45.211246,127,46.02117690719259,127,52.447301555915665,127,60.84145383682664,0
2024-06-04 12:30:45.211246,127,47.79190074529129,127,48.84168358025815,127,45.82569495569246,0
2024-06-04 12:45:45.211246,127,0.0,127,0.0,127,0.0,30
2024-06-04 13:00:45.211246,127,48.28171086572373,127,52.02965018617912,127,46.23274639638848,0
2024-06-04 13:15:45.211246,127,54.8814110996816,127,51.496426581848496,127,54.24029524196074,0
2024-06-04 13:30:45.211246,127,47.91508637471915,127,49.18328257709891,127,46.91728753183525,0
2024-06-04 13:45:45.211246,127,0.0,127,0.0,127,0.0,60
2024-06-04 14:00:45.211246,127,52.35958662764805,127,51.65097443827777,127,39.06404059688054,0
2024-06-04 14:15:45.211246,127,0.0,127,0.0,127,0.0,60
2024-06-04 14:30:45.211246,127,53.19274620370807,127,53.91813256364791,127,49.91627080869976,0
2024-06-04 14:45:45.211246,127,50.37111929448405,127,52.621778814273284,127,55.839045373634825,0
2024-06-04 15:00:45.211246,127,54.1726540863721,127,44.26297241343322,127,50.66238526129612,0
2024-06-04 15:15:45.211246,127,59.96975826749676,127,49.43590078197468,127,56.706880049505116,0
2024-06-04 15:30:45.211246,127,0.0,127,0.0,127,0.0,15
2024-06-04 15:45:45.211246,127,0.0,127,0.0,127,0.0,15
2024-06-04 16:00:45.211246,127,0.0,127,0.0,127,0.0,15
2024-06-04 16:15:45.211246,127,42.88858752837166,127,57.14116827569854,127,51.459473560538555,0
2024-06-04 16:30:45.211246,127,43.97310115441516,127,54.788911610721755,127,45.123106554824865,0
2024-06-04 16:45:45.211246,127,58.21472281148401,127,50.11155741551977,127,49.6755757789813,0
2024-06-04 17:00:45.211246,127,51.14077981374053,127,52.26275804728463,127,54.64985580501958,0
2024-06-04 17:15:45.211246,127,0.0,127,0.0,127,0.0,15
2024-06-04 17:30:45.211246,127,56.010511316011325,127,56.00789842233718,127,47.6533707664815,0
2024-06-04 17:45:45.211246,127,52.58938605056872,127,45.256259257005524,127,45.412325510630446,0
2024-06-04 18:00:45.211246,127,54.52433248735582,127,52.5241774229248,127,46.45613894275408,0
2024-06-04 18:15:45.211246,127,45.47811355709884,127,61.94303377408137,127,56.24440379699179,0
2024-06-04 18:30:45.211246,127,51.87451871982965,127,40.96632363914151,127,48.15276768007634,0
2024-06-04 18:45:45.211246,127,0.0,127,0.0,127,0.0,30
2024-06-04 19:00:45.211246,127,50.00781987875895,127,55.252788171041864,127,41.71982392412192,0
2024-06-04 19:15:45.211246,127,55.233909018717554,127,47.20337952509007,127,48.305731335971394,0
2024-06-04 19:30:45.211246,127,44.056921223214324,127,53.63157089619146,127,55.04344257609421,0
2024-06-04 19:45:45.211246,127,55.68299968720381,127,49.26918663871742,127,47.39130772803944,0
2024-06-04 20:00:45.211246,127,50.459829648568544,127,43.503288052171726,127,47.770274502988556,0
2024-06-04 20:15:45.211246,127,0.0,127,0.0,127,0.0,60
2024-06-04 20:30:45.211246,127,0.0,127,0.0,127,0.0,30
2024-06-04 20:45:45.211246,127,47.9717593808829,127,58.19408039356867,127,43.72750766306809,0
2024-06-04 21:00:45.211246,127,58.34028335324644,127,45.99916011528019,127,47.6335948339811,0
2024-06-04 21:15:45.211246,127,55.91625613345514,127,53.23881720649234,127,51.17267279315356,0
2024-06-04 21:30:45.211246,127,49.2297730553982,127,49.97489115801206,127,48.212635401850775,0
2024-06-04 21:45:45.211246,127,49.00494142337868,127,51.5530630468047,127,56.558943532513105,0
2024-06-04 22:00:45.211246,127,55.25599415599526,127,48.932537205174604,127,54.96487535651196,0
2024-06-04 22:15:45.211246,127,46.31563410630732,127,44.99203784990299,127,45.655084321811586,0
2024-06-04 22:30:45.211246,127,40.942591136800246,127,46.86665771521404,127,48.564093758325264,0
2024-06-04 22:45:45.211246,127,51.15069860188197,127,50.51963052329482,127,49.88479900551944,0
2024-06-04 23:00:45.211246,127,0.0,127,0.0,127,0.0,15
2024-06-04 23:15:45.211246,127,46.955599554255436,127,55.89214616229693,127,41.26110609715366,0
2024-06-04 23:30:45.211246,127,39.67303679706074,127,58.104305697090744,127,42.387740860700845,0
2024-06-04 23:45:45.211246,127,52.11400401648997,127,52.43750748941543,127,47.29637126146982,0
2024-06-05 00:00:45.211246,127,47.605102646067515,127,50.643685265750605,127,54.61685020059805,0
2024-06-05 00:15:45.211246,127,57.129227928793924,127,47.75118996795844,127,44.99570551078277,0
2024-06-05 00:30:45.211246,127,0.0,127,0.0,127,0.0,30
2024-06-05 00:45:45.211246,127,56.63729200212437,127,57.03725513392992,127,38.1580569138692,0
2024-06-05 01:00:45.211246,127,50.85895874270755,127,53.98311418510547,127,49.71886759279319,0
2024-06-05 01:15:45.211246,127,43.979046059948544,127,43.08831987109957,127,58.97708485783059,0
2024-06-05 01:30:45.211246,127,49.28346520547346,127,40.778285829403615,127,54.3540672602331,0
2024-06-05 01:45:45.211246,127,48.98915008717879,127,45.792861453838725,127,49.78660146640996,0
2024-06-05 02:00:45.211246,127,53.98915926050293,127,43.78747461372996,127,45.71821420702722,0
2024-06-05 02:15:45.211246,127,53.0118722167734,127,47.08051019935888,127,50.21701573601119,0
2024-06-05 02:30:45.211246,127,64.7852652821575,127,47.89500339804694,127,49.22962350009513,0
2024-06-05 02:45:45.211246,127,54.122146415056605,127,53.21832742190618,127,52.40280555783263,0
2024-06-05 03:00:45.211246,127,47.92375346558707,127,53.17686221228644,127,47.77887954905107,0
2024-06-05 03:15:45.211246,127,53.353177100709544,127,49.47622544019394,127,54.14024716192124,0
2024-06-05 03:30:45.211246,127,0.0,127,0.0,127,0.0,15
2024-06-05 03:45:45.211246,127,54.19548228752386,127,51.985896601742134,127,58.9715748796096,0
2024-06-05 04:00:45.211246,127,54.15245071471508,127,56.372238279051345,127,59.16630341306199,0
2024-06-05 04:15:45.211246,127,40.933928495625864,127,54.908198482757825,127,48.206036026801776,0
2024-06-05 04:30:45.211246,127,41.68975657640455,127,58.100354051608846,127,43.98707368795546,0
2024-06-05 04:45:45.211246,127,51.69437946584214,127,49.229601912271214,127,47.895476763916136,0
2024-06-05 05:00:45.211246,127,42.40664686556156,127,62.594908324262676,127,59.110578529946366,0
2024-06-05 05:15:45.211246,127,42.88916287932107,127,50.95632481001432,127,46.96191172964991,0
2024-06-05 05:30:45.211246,127,51.85338468070344,127,46.53036775249517,127,51.76840952174327,0
2024-06-05 05:45:45.211246,127,58.28832003997596,127,56.348637789321515,127,50.44814735226335,0
2024-06-05 06:00:45.211246,127,43.92069204139046,127,51.10400053387358,127,57.199524281978654,0
2024-06-05 06:15:45.211246,127,48.01440958756067,127,54.09820315473155,127,46.574396430301455,0
2024-06-05 06:30:45.211246,127,0.0,127,0.0,127,0.0,60
2024-06-05 06:45:45.211246,127,46.77911988854754,127,43.88056495745199,127,51.10415282546453,0
2024-06-05 07:00:45.211246,127,53.28714542234794,127,50.622537925825604,127,52.89270797017919,0
2024-06-05 07:15:45.211246,127,57.2063759293925,127,46.99282978121527,127,54.431601415032205,0
2024-06-05 07:30:45.211246,127,53.01834491555137,127,53.902469812432834,127,52.49751769673275,0
2024-06-05 07:45:45.211246,127,54.9269296351558,127,50.53438541737868,127,54.47934345052551,0
2024-06-05 08:00:45.211246,127,44.304295588415215,127,50.22512322449878,127,49.17548823076077,0
2024-06-05 08:15:45.211246,127,36.78182708568261,127,54.210737909917476,127,37.3030520372465,0
2024-06-05 08:30:45.211246,127,49.720559289806474,127,54.660072615479514,127,37.779202287328964,0
2024-06-05 08:45:45.211246,127,48.23435473341289,127,55.27671712105588,127,51.63872134861563,0
2024-06-05 09:00:45.211246,127,0.0,127,0.0,127,0.0,30
2024-06-05 09:15:45.211246,127,54.071006000051284,127,44.06794127629674,127,43.18282358320974,0
2024-06-05 09:30:45.211246,127,52.310527077471065,127,48.91165328524015,127,39.702315117757465,0
2024-06-05 09:45:45.211246,127,42.281323919969765,127,48.807112557990976,127,56.83074220704286,0
2024-06-05 10:00:45.211246,127,51.57052017870524,127,62.54853581139716,127,51.20547356348496,0
2024-06-05 10:15:45.211246,127,48.747932273450736,127,46.78093359381231,127,47.52951557768755,0
2024-06-05 10:30:45.211246,127,45.55783076246853,127,51.00611447356983,127,46.796180049222066,0
2024-06-05 10:45:45.211246,127,0.0,127,0.0,127,0.0,15
2024-06-05 11:00:45.211246,127,47.55124017658972,127,52.19867997573755,127,56.08808052059125,0
2024-06-05 11:15:45.211246,127,0.0,127,0.0,127,0.0,30
2024-06-05 11:30:45.211246,127,0.0,127,0.0,127,0.0,15
2024-06-05 11:45:45.211246,127,58.908310090568804,127,42.92217463917742,127,50.019798703987554,0
2024-06-05 12:00:45.211246,127,51.35874089742456,127,46.415896307424646,127,50.217037704032876,0
2024-06-05 12:15:45.211246,127,52.48642315799725,127,57.401656274276185,127,38.57392727531912,0
2024-06-05 12:30:45.211246,127,57.21724909019835,127,41.59166098247394,127,50.582157256129676,0
2024-06-05 12:45:45.211246,127,42.78788661645599,127,43.78442096578321,127,45.529365443010875,0
2024-06-05 13:00:45.211246,127,44.69278956711803,127,46.66879035891458,127,48.44567220919901,0
2024-06-05 13:15:45.211246,127,49.0883144559648,127,54.95908651451238,127,61.46874003527757,0
2024-06-05 13:30:45.211246,127,50.673452771999074,127,44.29787759480951,127,42.31733853215119,0
2024-06-05 13:45:45.211246,127,52.027242882576,127,48.02639701069169,127,53.44585916221709,0
2024-06-05 14:00:45.211246,127,50.52621644732496,127,42.79604273663351,127,53.06418548659442,0
2024-06-05 14:15:45.211246,127,55.06701556430367,127,50.19582261866646,127,53.39848795438695,0
2024-06-05 14:30:45.211246,127,0.0,127,0.0,127,0.0,60
2024-06-05 14:45:45.211246,127,50.84487875569285,127,51.166623181125814,127,56.81142765758218,0
2024-06-05 15:00:45.211246,127,47.47791854446698,127,49.53200644860019,127,45.544607262832365,0
2024-06-05 15:15:45.211246,127,59.03777251080103,127,42.71089117300468,127,47.544229383570524,0
2024-06-05 15:30:45.211246,127,59.691019779611096,127,48.306426609843086,127,49.35778498898882,0
2024-06-05 15:45:45.211246,127,47.86824684004637,127,47.75641477567889,127,46.8990257567607,0
2024-06-05 16:00:45.211246,127,47.548399815314056,127,50.688883983485006,127,48.30332504735272,0
2024-06-05 16:15:45.211246,127,48.0569400699151,127,46.775585133994085,127,55.529654464692385,0
2024-06-05 16:30:45.211246,127,0.0,127,0.0,127,0.0,15
2024-06-05 16:45:45.211246,127,50.55670246370993,127,51.82122341751984,127,49.451494874102906,0
2024-06-05 17:00:45.211246,127,49.973324778690525,127,44.48915472806408,127,56.30254295149727,0
2024-06-05 17:15:45.211246,127,50.09717697725208,127,53.336437105385414,127,44.465163556366655,0
2024-06-05 17:30:45.211246,127,0.0,127,0.0,127,0.0,60
2024-06-05 17:45:45.211246,127,52.54018811336658,127,50.871045435125765,127,50.44951813342648,0
2024-06-05 18:00:45.211246,127,49.32231165899214,127,51.03403479125795,127,59.17341743818393,0
2024-06-05 18:15:45.211246,127,54.89347389986489,127,50.34743831103471,127,43.04063958230479,0
2024-06-05 18:30:45.211246,127,0.0,127,0.0,127,0.0,60
2024-06-05 18:45:45.211246,127,0.0,127,0.0,127,0.0,15
2024-06-05 19:00:45.211246,127,46.80028097634092,127,55.81504937952495,127,46.49759830346082,0
2024-06-05 19:15:45.211246,127,49.75784337509169,127,58.34801407134957,127,52.889383869835484,0
2024-06-05 19:30:45.211246,127,44.78533229293681,127,49.26646925850585,127,49.42798921495729,0
2024-06-05 19:45:45.211246,127,51.80396652796417,127,47.8978183285978,127,47.45738000274113,0
2024-06-05 20:00:45.211246,127,55.06584560400527,127,56.317725829265456,127,51.63691453213241,0
2024-06-05 20:15:45.211246,127,42.2391667849228,127,50.04765863685539,127,55.8358431643293,0
2024-06-05 20:30:45.211246,127,55.74528440603827,127,45.68272214420767,127,56.54576845408381,0
2024-06-05 20:45:45.211246,127,41.33754148697851,127,52.46877474983055,127,60.00253924209822,0
2024-06-05 21:00:45.211246,127,52.2078064541521,127,46.89290318627657,127,53.761042415291186,0
2024-06-05 21:15:45.211246,127,39.479161021298815,127,49.835251770232425,127,57.22938750829053,0
2024-06-05 21:30:45.211246,127,63.13611638340085,127,65.5780435752262,127,49.67610203174043,0
2024-06-05 21:45:45.211246,127,55.0247269878679,127,42.44674192849725,127,40.5117988893328,0
2024-06-05 22:00:45.211246,127,51.58191681871841,127,50.390781091876406,127,50.32243862835686,0
2024-06-05 22:15:45.211246,127,48.732719080125705,127,47.03132601574968,127,49.07987051017102,0
2024-06-05 22:30:45.211246,127,58.73790682879657,127,49.64409794439067,127,49.90665654103289,0
2024-06-05 22:45:45.211246,127,0.0,127,0.0,127,0.0,60
2024-06-05 23:00:45.211246,127,44.895298346905946,127,53.77275463523316,127,60.59510744812763,0
2024-06-05 23:15:45.211246,127,44.64554126939788,127,45.10437022867685,127,50.74253536610885,0
2024-06-05 23:30:45.211246,127,57.05994301175394,127,40.91027773402082,127,49.09576179627475,0
2024-06-05 23:45:45.211246,127,44.28680943156348,127,56.88399468154268,127,47.960950608249256,0
2024-06-06 00:00:45.211246,127,52.93609872968296,127,59.51311549106964,127,50.81536326658462,0
2024-06-06 00:15:45.211246,127,58.63095466011614,127,52.908918550952855,127,52.18750502434679,0
2024-06-06 00:30:45.211246,127,0.0,127,0.0,127,0.0,15
2024-06-06 00:45:45.211246,127,39.74888136835049,127,41.682834458347784,127,46.94401394659287,0
2024-06-06 01:00:45.211246,127,48.60742645457513,127,45.099498181725316,127,52.185502574280534,0
2024-06-06 01:15:45.211246,127,46.311499991989216,127,60.81427227750351,127,46.56660896734007,0
2024-06-06 01:30:45.211246,127,53.51957155946438,127,49.07125217473788,127,48.321515128250205,0
2024-06-06 01:45:45.211246,127,49.50566328083072,127,52.814842008941355,127,50.13071627012262,0
2024-06-06 02:00:45.211246,127,44.58745589586943,127,56.76666081600464,127,48.20735323550286,0
2024-06-06 02:15:45.211246,127,43.8361522486866,127,44.499061910645295,127,59.46468232630174,0
2024-06-06 02:30:45.211246,127,51.8148286772473,127,48.30279767694719,127,41.30258275147645,0
2024-06-06 02:45:45.211246,127,0.0,127,0.0,127,0.0,60
2024-06-06 03:00:45.211246,127,53.5897568526926,127,53.26711295800968,127,51.97594803126889,0
2024-06-06 03:15:45.211246,127,52.06356530054237,127,47.291508422007404,127,54.547593248991625,0
2024-06-06 03:30:45.211246,127,0.0,127,0.0,127,0.0,60
2024-06-06 03:45:45.211246,127,50.937980806763804,127,47.72394820158997,127,44.83604139367995,0
2024-06-06 04:00:45.211246,127,48.020173289570906,127,55.07059215561887,127,43.35605682544163,0
2024-06-06 04:15:45.211246,127,44.88224448074067,127,50.89864251729692,127,57.56336677374762,0
2024-06-06 04:30:45.211246,127,39.89293427236014,127,55.25225235424167,127,54.660051094926935,0
2024-06-06 04:45:45.211246,127,60.34749100575854,127,50.42362735426157,127,51.40833350250053,0
2024-06-06 05:00:45.211246,127,45.76258089588734,127,43.63190517172492,127,44.79012703237615,0
2024-06-06 05:15:45.211246,127,0.0,127,0.0,127,0.0,15
2024-06-06 05:30:45.211246,127,46.50508334659274,127,54.57329268358578,127,47.570605153261305,0
2024-06-06 05:45:45.211246,127,0.0,127,0.0,127,0.0,60
2024-06-06 06:00:45.211246,127,57.0069385052052,127,49.193018001806315,127,59.69692335199233,0
2024-06-06 06:15:45.211246,127,56.33654984967252,127,49.167260379010905,127,50.67786271388154,0
2024-06-06 06:30:45.211246,127,47.89533580697785,127,47.72228143146383,127,51.237784986950594,0
2024-06-06 06:45:45.211246,127,0.0,127,0.0,127,0.0,30
2024-06-06 07:00:45.211246,127,54.42722103477348,127,46.665095111821685,127,46.82966208718709,0
2024-06-06 07:15:45.211246,127,0.0,127,0.0,127,0.0,30
2024-06-06 07:30:45.211246,127,45.959426569787986,127,46.507612411294,127,47.76155563780977,0
2024-06-06 07:45:45.211246,127,62.25721820586026,127,44.4295376494044,127,51.71518235392029,0
2024-06-06 08:00:45.211246,127,51.02177344449099,127,43.953129618725704,127,53.7684854799696,0
2024-06-06 08:15:45.211246,127,42.9687854172999,127,51.11553234417693,127,45.76116776885837,0
2024-06-06 08:30:45.211246,127,50.87299306713717,127,49.574607654969824,127,48.55148010650845,0
2024-06-06 08:45:45.211246,127,41.66647980995077,127,54.501375700799755,127,53.70948530627916,0
2024-06-06 09:00:45.211246,127,52.83865347501927,127,54.06804684345349,127,43.715624909944744,0
2024-06-06 09:15:45.211246,127,45.12742975086238,127,47.49286331575568,127,45.27533818872105,0
2024-06-06 09:30:45.211246,127,49.661101849852585,127,46.92671401202602,127,50.65840538897342,0
2024-06-06 09:45:45.211246,127,48.35668822939137,127,46.078765396707226,127,45.26287437455598,0
2024-06-06 10:00:45.211246,127,56.94429926811959,127,54.22162151986445,127,44.66935988802749,0
2024-06-06 10:15:45.211246,127,50.88483103390922,127,42.876745370911394,127,49.78959170196863,0
2024-06-06 10:30:45.211246,127,44.35698713309231,127,52.30655936640167,127,52.65659752641205,0
2024-06-06 10:45:45.211246,127,54.78158936252896,127,52.23108007282569,127,44.90450311677181,0
2024-06-06 11:00:45.211246,127,0.0,127,0.0,127,0.0,15
2024-06-06 11:15:45.211246,127,53.60998427504399,127,42.75766992647437,127,54.23346723704157,0
2024-06-06 11:30:45.211246,127,51.44868566308668,127,45.88432411824205,127,46.660727271561896,0
2024-06-06 11:45:45.211246,127,43.092779243772895,127,55.31396574705129,127,48.8038722559682,0
2024-06-06 12:00:45.211246,127,0.0,127,0.0,127,0.0,30
2024-06-06 12:15:45.211246,127,59.07498497075757,127,51.78002770162948,127,49.04887536920831,0
2024-06-06 12:30:45.211246,127,50.1627769272757,127,47.402575617721915,127,49.38453642110133,0
2024-06-06 12:45:45.211246,127,46.859953589018396,127,56.00005818807135,127,48.25423829237651,0
2024-06-06 13:00:45.211246,127,0.0,127,0.0,127,0.0,60
2024-06-06 13:15:45.211246,127,54.06030991290512,127,57.897871560763626,127,50.16888836113072,0
2024-06-06 13:30:45.211246,127,49.21944298367196,127,49.83030127940676,127,49.12853396699882,0
2024-06-06 13:45:45.211246,127,56.62759808564282,127,55.241739670036644,127,46.57569095740401,0
2024-06-06 14:00:45.211246,127,51.37515552485986,127,54.0539841776843,127,51.043967270057955,0
2024-06-06 14:15:45.211246,127,54.02188098896176,127,55.213264147408985,127,46.93907583322884,0
2024-06-06 14:30:45.211246,127,45.254579212814434,127,44.75184156645881,127,52.90746098316143,0
2024-06-06 14:45:45.211246,127,47.630915404751384,127,54.77102251454455,127,56.58454136549287,0
2024-06-06 15:00:45.211246,127,54.48972163816384,127,43.50156664689654,127,49.264431158114114,0
2024-06-06 15:15:45.211246,127,45.394346973512114,127,64.43562709426214,127,50.6899290231939,0
2024-06-06 15:30:45.211246,127,53.36377753735877,127,62.47124430811888,127,51.460923389137534,0
2024-06-06 15:45:45.211246,127,61.2175092535609,127,49.65536823344177,127,53.84323434422329,0
2024-06-06 16:00:45.211246,127,54.73183230133745,127,47.38767726732991,127,55.7632488699562,0
2024-06-06 16:15:45.211246,127,50.68558630884157,127,55.50005519987363,127,53.09149065870877,0
2024-06-06 16:30:45.211246,127,51.37888113779814,127,43.26981135392248,127,41.50767710401347,0
2024-06-06 16:45:45.211246,127,49.66684933787022,127,50.1163081295308,127,41.750685919470314,0
2024-06-06 17:00:45.211246,127,47.40524993025947,127,47.37958064616906,127,52.590908867642625,0
2024-06-06 17:15:45.211246,127,54.82643556790858,127,54.80448817471536,127,47.293322463277455,0
2024-06-06 17:30:45.211246,127,60.059284820958794,127,46.0601554244221,127,48.873304394451004,0
2024-06-06 17:45:45.211246,127,49.33879331412374,127,48.01971177944009,127,45.402152630700215,0
2024-06-06 18:00:45.211246,127,48.77512678112209,127,64.59934460615348,127,51.54666198571998,0
2024-06-06 18:15:45.211246,127,50.46214525572293,127,48.75777626195875,127,52.77203886773065,0
2024-06-06 18:30:45.211246,127,51.21122987947365,127,61.33752596271859,127,57.07825124034154,0
2024-06-06 18:45:45.211246,127,0.0,127,0.0,127,0.0,30
2024-06-06 19:00:45.211246,127,51.74366972402345,127,51.785911431074716,127,54.93172171164351,0
2024-06-06 19:15:45.211246,127,47.254697411720144,127,51.26351442631609,127,57.34412164729434,0
2024-06-06 19:30:45.211246,127,51.86185655483946,127,55.59194263615149,127,51.43731249240824,0
2024-06-06 19:45:45.211246,127,52.76984952621303,127,55.25345660523436,127,47.53181847250343,0
2024-06-06 20:00:45.211246,127,0.0,127,0.0,127,0.0,15
2024-06-06 20:15:45.211246,127,53.900510379984496,127,51.7594277033064,127,47.710726373317065,0
2024-06-06 20:30:45.211246,127,0.0,127,0.0,127,0.0,60
2024-06-06 20:45:45.211246,127,0.0,127,0.0,127,0.0,30
2024-06-06 21:00:45.211246,127,63.09176746041706,127,48.90176192220425,127,52.54867982888207,0
2024-06-06 21:15:45.211246,127,45.353691042861115,127,45.511584400940485,127,50.28099564142449,0
2024-06-06 21:30:45.211246,127,0.0,127,0.0,127,0.0,15
2024-06-06 21:45:45.211246,127,50.54413803828815,127,52.49920806629037,127,59.09851059078768,0
2024-06-06 22:00:45.211246,127,53.5707090415142,127,62.84667547142814,127,45.87053231410918,0
2024-06-06 22:15:45.211246,127,47.49891677441967,127,53.58614954636306,127,54.73250136531706,0
2024-06-06 22:30:45.211246,127,51.41563962026564,127,59.443825267116,127,50.28986695823708,0
2024-06-06 22:45:45.211246,127,55.83621134701156,127,45.61123178161824,127,46.98060567737387,0
2024-06-06 23:00:45.211246,127,51.1971459988845,127,53.63906871400122,127,45.95441117313105,0
2024-06-06 23:15:45.211246,127,40.71077823302119,127,54.193789828795545,127,42.463002401908014,0
2024-06-06 23:30:45.211246,127,53.958842969767126,127,48.25950764882937,127,45.86294062721277,0
2024-06-06 23:45:45.211246,127,43.62522325697513,127,47.67823673651358,127,47.4814735866768,0
2024-06-07 00:00:45.211246,127,55.007352533289705,127,52.757546750711164,127,58.56116824033647,0
2024-06-07 00:15:45.211246,127,42.31053766860384,127,49.07727241961273,127,53.29425464842628,0
2024-06-07 00:30:45.211246,127,54.264999684022996,127,51.134779436375915,127,40.42451802791582,0
2024-06-07 00:45:45.211246,127,46.333429604924284,127,49.680114523737814,127,49.01139649888706,0
2024-06-07 01:00:45.211246,127,47.1839157329293,127,39.04100657042422,127,47.20691499516671,0
2024-06-07 01:15:45.211246,127,52.1559270643643,127,47.74644169219632,127,56.39275329642075,0
2024-06-07 01:30:45.211246,127,0.0,127,0.0,127,0.0,15
2024-06-07 01:45:45.211246,127,46.75716365484992,127,48.054286340485255,127,48.02394824125254,0
2024-06-07 02:00:45.211246,127,49.96482938891808,127,60.95620275879907,127,54.73939687179285,0
2024-06-07 02:15:45.211246,127,48.85277863617168,127,60.070706658073576,127,53.6521893459861,0
2024-06-07 02:30:45.211246,127,48.66822701525925,127,37.86079615288848,127,49.0859108574802,0
2024-06-07 02:45:45.211246,127,44.39564665826062,127,42.891241904143776,127,53.28363587131768,0
2024-06-07 03:00:45.211246,127,44.31242866178062,127,56.833501918244394,127,47.789833053763516,0
2024-06-07 03:15:45.211246,127,60.685590260356605,127,48.66033408307577,127,44.116533943868646,0
2024-06-07 03:30:45.211246,127,52.970769637035076,127,52.929072044226494,127,46.64744362317462,0
2024-06-07 03:45:45.211246,127,47.43938729584162,127,51.48859355001473,127,58.220675369260235,0
2024-06-07 04:00:45.211246,127,54.683897578182496,127,39.247950260934346,127,49.98236600191369,0
2024-06-07 04:15:45.211246,127,48.84516086546694,127,48.438409181069254,127,47.832524312231996,0
2024-06-07 04:30:45.211246,127,38.11424267362963,127,41.119831653649406,127,45.69341397861304,0
2024-06-07 04:45:45.211246,127,45.56653318754674,127,47.53061250501098,127,48.78897273151692,0
2024-06-07 05:00:45.211246,127,50.97675964331581,127,51.10785112734042,127,51.44411438433835,0
2024-06-07 05:15:45.211246,127,38.39801552643517,127,46.95004570484964,127,55.21711341505955,0
2024-06-07 05:30:45.211246,127,53.28661231982845,127,64.15163253934475,127,52.68000277071678,0
2024-06-07 05:45:45.211246,127,52.43170898854035,127,58.16000592988976,127,48.339551346487966,0
2024-06-07 06:00:45.211246,127,50.10013644522226,127,51.058028916197195,127,50.76529481758033,0
2024-06-07 06:15:45.211246,127,57.20975243462849,127,48.08436476872682,127,46.72877969583625,0
2024-06-07 06:30:45.211246,127,49.200149112980895,127,49.10151206283785,127,51.574657964911225,0
2024-06-07 06:45:45.211246,127,0.0,127,0.0,127,0.0,30
2024-06-07 07:00:45.211246,127,42.466163705515314,127,57.374874075014446,127,59.65045895369814,0
2024-06-07 07:15:45.211246,127,59.14799914651699,127,37.14776944994285,127,48.43346225758275,0
2024-06-07 07:30:45.211246,127,42.577781520605214,127,52.594230634489556,127,46.65752618715448,0
2024-06-07 07:45:45.211246,127,48.643902936669,127,47.132915800569734,127,51.414788567017865,0
2024-06-07 08:00:45.211246,127,50.55566065153438,127,53.16541228621349,127,49.03737072129608,0
2024-06-07 08:15:45.211246,127,44.78907011362394,127,47.787769170180994,127,46.918348485527844,0
2024-06-07 08:30:45.211246,127,57.523736508244525,127,46.54447443043681,127,40.67473986819314,0
2024-06-07 08:45:45.211246,127,47.179666222172315,127,51.09073864383303,127,48.07534950025059,0
2024-06-07 09:00:45.211246,127,50.98122448301559,127,63.00189596591872,127,55.415203581878835,0
2024-06-07 09:15:45.211246,127,45.48342933757734,127,54.146946164454754,127,51.75989152042138,0
2024-06-07 09:30:45.211246,127,50.04602265021748,127,48.8713175126704,127,46.79770965431933,0
2024-06-07 09:45:45.211246,127,0.0,127,0.0,127,0.0,15
2024-06-07 10:00:45.211246,127,56.30860068921038,127,46.29280165765048,127,59.21111933729378,0
2024-06-07 10:15:45.211246,127,0.0,127,0.0,127,0.0,60
2024-06-07 10:30:45.211246,127,53.23267717004754,127,51.14708210992783,127,46.91869932015873,0
2024-06-07 10:45:45.211246,127,0.0,127,0.0,127,0.0,15
2024-06-07 11:00:45.211246,127,53.407394130490175,127,54.04289565985359,127,49.29436598337609,0
2024-06-07 11:15:45.211246,127,54.397665769496946,127,45.747989487420405,127,55.21177895440907,0
2024-06-07 11:30:45.211246,127,0.0,127,0.0,127,0.0,15
2024-06-07 11:45:45.211246,127,46.96589654347004,127,50.195550151466826,127,46.240992310705316,0
2024-06-07 12:00:45.211246,127,45.56169983928319,127,60.65575346022873,127,47.84037076171909,0
2024-06-07 12:15:45.211246,127,0.0,127,0.0,127,0.0,60
2024-06-07 12:30:45.211246,127,0.0,127,0.0,127,0.0,60
2024-06-07 12:45:45.211246,127,51.44192583848685,127,48.62443401266676,127,49.23192341447006,0
2024-06-07 13:00:45.211246,127,44.88783279801132,127,46.000993671707114,127,47.15441571960671,0
2024-06-07 13:15:45.211246,127,56.431379300669946,127,48.539497487245846,127,49.23606582460307,0
2024-06-07 13:30:45.211246,127,0.0,127,0.0,127,0.0,30
2024-06-07 13:45:45.211246,127,56.3691925703869,127,46.069709874173206,127,45.94764662130878,0
2024-06-07 14:00:45.211246,127,49.62384841797368,127,48.1905418635681,127,46.9700581337116,0
2024-06-07 14:15:45.211246,127,56.58234385837055,127,50.51124310340797,127,51.3014530069403,0
2024-06-07 14:30:45.211246,127,47.66937755704378,127,51.736449234397185,127,46.729767755256965,0
2024-06-07 14:45:45.211246,127,51.6751020474164,127,43.23967598549214,127,44.20487709830647,0
2024-06-07 15:00:45.211246,127,48.92445602752859,127,49.50376646882228,127,50.854386194845056,0
2024-06-07 15:15:45.211246,127,51.9792064674695,127,53.39067659550727,127,49.60466161233474,0
2024-06-07 15:30:45.211246,127,49.41605983946493,127,53.99805664326656,127,59.54793667101714,0
2024-06-07 15:45:45.211246,127,48.89604464445849,127,43.352158464743084,127,45.653931750103276,0
2024-06-07 16:00:45.211246,127,47.29016125375127,127,53.478744158118374,127,48.93231715759791,0
2024-06-07 16:15:45.211246,127,49.30211620619185,127,44.547088408990305,127,51.24811975133827,0
2024-06-07 16:30:45.211246,127,0.0,127,0.0,127,0.0,30
2024-06-07 16:45:45.211246,127,43.5729001725096,127,47.88373742361516,127,48.57042642884371,0
2024-06-07 17:00:45.211246,127,52.03123231626339,127,48.84453806123772,127,47.87736234256669,0
2024-06-07 17:15:45.211246,127,0.0,127,0.0,127,0.0,15
2024-06-07 17:30:45.211246,127,50.48643948855884,127,51.79081642744042,127,42.86048886924715,0
2024-06-07 17:45:45.211246,127,58.15882857547315,127,53.76638458787275,127,52.885077743867754,0
2024-06-07 18:00:45.211246,127,57.074055923114344,127,49.49582550332852,127,50.46228668272991,0
2024-06-07 18:15:45.211246,127,55.778789696899686,127,49.48395312636966,127,53.90426745842305,0
2024-06-07 18:30:45.211246,127,0.0,127,0.0,127,0.0,15
2024-06-07 18:45:45.211246,127,52.05656892077975,127,51.09357791046028,127,57.950326037212506,0
2024-06-07 19:00:45.211246,127,49.38409018400242,127,39.16248756664133,127,48.73800227368708,0
2024-06-07 19:15:45.211246,127,49.169109880215544,127,51.75571685204946,127,54.689093387502936,0
2024-06-07 19:30:45.211246,127,44.16924334288731,127,42.171624403078525,127,46.081784537801106,0
2024-06-07 19:45:45.211246,127,61.56739669449331,127,56.142444940642996,127,54.04177981811459,0
2024-06-07 20:00:45.211246,127,47.96396926250658,127,54.08863367386293,127,45.72388938913557,0
2024-06-07 20:15:45.211246,127,0.0,127,0.0,127,0.0,60
2024-06-07 20:30:45.211246,127,56.80239388301517,127,59.89799844994993,127,52.27517983395718,0
2024-06-07 20:45:45.211246,127,52.97257127682848,127,49.21225303952387,127,44.08526073758648,0
2024-06-07 21:00:45.211246,127,54.40110673556644,127,52.609629002275085,127,45.13919292485028,0
2024-06-07 21:15:45.211246,127,52.96664631773947,127,54.41510599327515,127,50.908179818526975,0
2024-06-07 21:30:45.211246,127,48.49286777604263,127,42.92694341610322,127,51.78032528930548,0
2024-06-07 21:45:45.211246,127,48.26962108023883,127,46.684597850746954,127,54.43665926372685,0
2024-06-07 22:00:45.211246,127,48.78152337863903,127,44.01944690426522,127,49.2408505145198,0
2024-06-07 22:15:45.211246,127,47.638619675465954,127,49.89081457368945,127,50.36458473811588,0
2024-06-07 22:30:45.211246,127,56.26611120622428,127,53.07379044908171,127,52.688468743932894,0
2024-06-07 22:45:45.211246,127,48.287544845425245,127,44.93428304614798,127,51.212194270994644,0
2024-06-07 23:00:45.211246,127,52.62356940557129,127,44.92398640601911,127,54.495166833068936,0
2024-06-07 23:15:45.211246,127,50.61359429142828,127,59.45920822705101,127,45.760427359683,0
2024-06-07 23:30:45.211246,127,51.8446543217983,127,52.50524492033961,127,48.569257846031576,0
2024-06-07 23:45:45.211246,127,45.2733785577337,127,51.07769080549465,127,45.54450246631569,0
2024-06-08 00:00:45.211246,127,51.29278737197653,127,42.67334455755925,127,49.039832238347806,0
2024-06-08 00:15:45.211246,127,0.0,127,0.0,127,0.0,15
2024-06-08 00:30:45.211246,127,56.58666975371645,127,47.369096241152135,127,40.04670796047742,0
2024-06-08 00:45:45.211246,127,0.0,127,0.0,127,0.0,60
2024-06-08 01:00:45.211246,127,52.12423610388933,127,42.48121174836131,127,50.869518904194365,0
2024-06-08 01:15:45.211246,127,50.920934229679716,127,41.25754102175522,127,46.490866005909155,0
2024-06-08 01:30:45.211246,127,53.00112640838759,127,47.193185584913785,127,56.30325081458612,0
2024-06-08 01:45:45.211246,127,47.3542679094669,127,55.0426004871422,127,43.817694855559026,0
2024-06-08 02:00:45.211246,127,52.973839527657724,127,51.21049361816509,127,55.76741543621453,0
2024-06-08 02:15:45.211246,127,49.97467087811497,127,48.822197463260295,127,43.38049972821517,0
2024-06-08 02:30:45.211246,127,56.05021410591432,127,49.59947069749277,127,52.31257414699411,0
2024-06-08 02:45:45.211246,127,50.47352985505566,127,55.15971887866789,127,47.685522266536836,0
2024-06-08 03:00:45.211246,127,48.99554701182937,127,58.890605115652015,127,45.157505735584095,0
2024-06-08 03:15:45.211246,127,47.557889771407815,127,51.13334584345739,127,52.39322290547466,0
2024-06-08 03:30:45.211246,127,56.19244253765192,127,50.316853902455506,127,51.123679232979036,0
2024-06-08 03:45:45.211246,127,45.39613862004881,127,48.058634574258825,127,48.88392525809054,0
2024-06-08 04:00:45.211246,127,56.564378430695925,127,52.33226871140565,127,42.20037022618432,0
2024-06-08 04:15:45.211246,127,46.44201695770441,127,45.88259187747446,127,39.39786451220597,0
2024-06-08 04:30:45.211246,127,46.512435903131255,127,47.55256637762782,127,61.51907056944076,0
2024-06-08 04:45:45.211246,127,58.876091365337416,127,51.39398707478214,127,60.18184444055747,0
2024-06-08 05:00:45.211246,127,0.0,127,0.0,127,0.0,60
2024-06-08 05:15:45.211246,127,45.40938673991307,127,49.86066863395696,127,48.43031882531518,0
2024-06-08 05:30:45.211246,127,53.04487359423799,127,45.676488364876604,127,40.5817031271137,0
2024-06-08 05:45:45.211246,127,0.0,127,0.0,127,0.0,15
2024-06-08 06:00:45.211246,127,47.56749185585055,127,53.47437821003122,127,48.96499549647304,0
2024-06-08 06:15:45.211246,127,45.94267990151094,127,52.06510120756604,127,50.06760650366951,0
2024-06-08 06:30:45.211246,127,59.13346831282466,127,47.52542180869741,127,49.473547717183024,0
2024-06-08 06:45:45.211246,127,62.71847290914518,127,47.7425941099717,127,48.2258886295289,0
2024-06-08 07:00:45.211246,127,0.0,127,0.0,127,0.0,30
2024-06-08 07:15:45.211246,127,57.077061028856676,127,49.74187946334271,127,51.305305018407516,0
2024-06-08 07:30:45.211246,127,53.68434959713315,127,46.32899058862076,127,54.63912510702686,0
2024-06-08 07:45:45.211246,127,54.55063345290961,127,45.03815967336631,127,56.7241253578845,0
2024-06-08 08:00:45.211246,127,53.901201985701086,127,44.26235447853549,127,51.86213086753739,0
2024-06-08 08:15:45.211246,127,50.671563490039674,127,46.21200364945254,127,53.477099376487075,0
2024-06-08 08:30:45.211246,127,41.97852831040777,127,55.52196386639997,127,46.81735438616008,0
2024-06-08 08:45:45.211246,127,50.91738602561238,127,45.35797898569132,127,44.329012239643696,0
2024-06-08 09:00:45.211246,127,49.499587028755535,127,48.27478498774106,127,50.461632251021946,0
2024-06-08 09:15:45.211246,127,47.885120405391504,127,60.936302879419856,127,48.45566233572134,0
2024-06-08 09:30:45.211246,127,53.3556043563488,127,49.974231391135994,127,50.120390505069714,0
2024-06-08 09:45:45.211246,127,52.416735353821906,127,57.24574250490666,127,44.84998072266049,0
2024-06-08 10:00:45.211246,127,56.8579256133416,127,55.703925401465575,127,54.05948663195589,0
2024-06-08 10:15:45.211246,127,48.14826454193093,127,58.21693699132926,127,44.51882272274689,0
2024-06-08 10:30:45.211246,127,53.9922484813376,127,54.42071420412939,127,48.45454371457936,0
2024-06-08 10:45:45.211246,127,51.12772475663351,127,51.515047570840345,127,47.597513400172886,0
2024-06-08 11:00:45.211246,127,0.0,127,0.0,127,0.0,30
2024-06-08 11:15:45.211246,127,59.5991947255679,127,49.589121196468604,127,50.18577550817564,0
2024-06-08 11:30:45.211246,127,45.453849754060656,127,61.119742543529995,127,58.42672074223536,0
2024-06-08 11:45:45.211246,127,46.788357930251365,127,49.36756294781991,127,51.07227052512626,0
2024-06-08 12:00:45.211246,127,0.0,127,0.0,127,0.0,15
2024-06-08 12:15:45.211246,127,48.14592263201282,127,51.70888402387545,127,49.04252636527174,0
2024-06-08 12:30:45.211246,127,47.723419648963215,127,45.943970726085325,127,50.801236486968456,0
2024-06-08 12:45:45.211246,127,52.54982244308641,127,58.397294938158886,127,52.70826000825265,0
2024-06-08 13:00:45.211246,127,48.9605727986096,127,45.01210812679869,127,44.51428510719648,0
2024-06-08 13:15:45.211246,127,45.44536360693448,127,57.830835600981544,127,55.01637906339515,0
2024-06-08 13:30:45.211246,127,50.76824289554453,127,46.39803697482413,127,50.19336532404438,0
2024-06-08 13:45:45.211246,127,45.12180346282467,127,47.94266980378631,127,52.0454113933614,0
2024-06-08 14:00:45.211246,127,49.28543429483895,127,57.41235204226052,127,43.57654838169941,0
2024-06-08 14:15:45.211246,127,51.63973120904723,127,48.51687595633312,127,48.700576757408506,0
2024-06-08 14:30:45.211246,127,46.06760066294419,127,52.06376485084485,127,54.113770955723815,0
2024-06-08 14:45:45.211246,127,47.69370424202909,127,51.97346208035732,127,46.291814500514604,0
2024-06-08 15:00:45.211246,127,51.97845600749877,127,48.876686487831755,127,50.85415928597103,0
2024-06-08 15:15:45.211246,127,48.87508306834871,127,53.157262934345056,127,45.259450031556824,0
2024-06-08 15:30:45.211246,127,44.24797235542059,127,49.93995889803359,127,40.37964046254373,0
2024-06-08 15:45:45.211246,127,0.0,127,0.0,127,0.0,60
2024-06-08 16:00:45.211246,127,39.93077426279311,127,54.515296001882646,127,46.19739091116679,0
2024-06-08 16:15:45.211246,127,47.10220102426699,127,42.03440658884202,127,57.39871323326752,0
2024-06-08 16:30:45.211246,127,54.924870520168255,127,44.884980232027345,127,47.79779198125522,0
2024-06-08 16:45:45.211246,127,54.06159821397258,127,54.019998661122955,127,50.61340656950291,0
2024-06-08 17:00:45.211246,127,0.0,127,0.0,127,0.0,15
2024-06-08 17:15:45.211246,127,57.39387989020961,127,47.62996895259676,127,61.72689089919117,0
2024-06-08 17:30:45.211246,127,42.80403476240666,127,46.89934225933462,127,52.15657264356479,0
2024-06-08 17:45:45.211246,127,44.1900606482056,127,53.481901047027876,127,48.33937336393779,0
2024-06-08 18:00:45.211246,127,51.22578912616068,127,54.2412956026861,127,43.45097026552938,0
2024-06-08 18:15:45.211246,127,51.714259400492054,127,52.661382140434945,127,57.822556946884845,0
2024-06-08 18:30:45.211246,127,49.731861069205024,127,55.569616992177195,127,55.359969164754425,0
2024-06-08 18:45:45.211246,127,50.502956504207965,127,47.653473404463355,127,50.277975315551146,0
2024-06-08 19:00:45.211246,127,51.91333337982366,127,53.030852036143905,127,59.52494184212111,0
2024-06-08 19:15:45.211246,127,58.98435869942492,127,44.018349043233435,127,44.56488084315489,0
2024-06-08 19:30:45.211246,127,55.00431671384023,127,49.63713971399188,127,51.33337599016868,0
2024-06-08 19:45:45.211246,127,51.631535654475215,127,36.65355141992261,127,53.52120760952789,0
2024-06-08 20:00:45.211246,127,52.019259692266495,127,56.035523665229505,127,40.90125533986097,0
2024-06-08 20:15:45.211246,127,0.0,127,0.0,127,0.0,60
2024-06-08 20:30:45.211246,127,53.17004780386594,127,50.22126667958468,127,52.54476552281421,0
2024-06-08 20:45:45.211246,127,0.0,127,0.0,127,0.0,15
2024-06-08 21:00:45.211246,127,46.12349427770445,127,46.39551126988577,127,52.31627623770833,0
2024-06-08 21:15:45.211246,127,49.56314116875001,127,53.61805582964621,127,49.76408211208475,0
2024-06-08 21:30:45.211246,127,0.0,127,0.0,127,0.0,60
2024-06-08 21:45:45.211246,127,52.47060098395082,127,58.01871220733424,127,48.29286204361439,0
2024-06-08 22:00:45.211246,127,0.0,127,0.0,127,0.0,30
2024-06-08 22:15:45.211246,127,51.11786733151653,127,44.14740415849802,127,41.165877410762505,0
2024-06-08 22:30:45.211246,127,0.0,127,0.0,127,0.0,15
2024-06-08 22:45:45.211246,127,56.03908552354145,127,56.61659847785795,127,47.036958997846384,0
2024-06-08 23:00:45.211246,127,56.49691549397845,127,49.88270610100129,127,50.33452289378981,0
2024-06-08 23:15:45.211246,127,0.0,127,0.0,127,0.0,60
2024-06-08 23:30:45.211246,127,47.02441708991701,127,58.84342644456205,127,51.58358224344482,0
2024-06-08 23:45:45.211246,127,48.63876328000022,127,47.577976121882976,127,48.894030191883544,0
2024-06-09 00:00:45.211246,127,52.0246463961338,127,47.73459293116713,127,54.707470784004386,0
2024-06-09 00:15:45.211246,127,50.89496327928037,127,59.70255268339634,127,58.75946413103249,0
2024-06-09 00:30:45.211246,127,56.96299638809676,127,52.42273533676169,127,54.562765739797456,0
2024-06-09 00:45:45.211246,127,0.0,127,0.0,127,0.0,30
2024-06-09 01:00:45.211246,127,0.0,127,0.0,127,0.0,60
2024-06-09 01:15:45.211246,127,45.98716268265411,127,50.222368452340035,127,35.67493638199499,0
2024-06-09 01:30:45.211246,127,48.626974105077515,127,47.39804337836256,127,48.63970253822146,0
2024-06-09 01:45:45.211246,127,44.53884590872585,127,36.251841096652356,127,51.364018279744705,0
2024-06-09 02:00:45.211246,127,0.0,127,0.0,127,0.0,15
2024-06-09 02:15:45.211246,127,48.029768075567056,127,51.846189502280474,127,49.25745780900657,0
2024-06-09 02:30:45.211246,127,49.15928224193179,127,49.27347064307744,127,50.18923278792132,0
2024-06-09 02:45:45.211246,127,43.449976665453704,127,56.54588816274119,127,49.67801536004326,0
2024-06-09 03:00:45.211246,127,53.423943182874375,127,57.810231905169154,127,51.88027272180427,0
2024-06-09 03:15:45.211246,127,50.29417639027349,127,51.43408542005504,127,51.923879084402444,0
2024-06-09 03:30:45.211246,127,46.965234543898454,127,51.08894113204123,127,52.477499837288015,0
2024-06-09 03:45:45.211246,127,0.0,127,0.0,127,0.0,15
2024-06-09 04:00:45.211246,127,51.16517249351504,127,57.34696649254306,127,51.297652393897934,0
2024-06-09 04:15:45.211246,127,50.004465024870576,127,56.35082533190902,127,47.92947560962904,0
2024-06-09 04:30:45.211246,127,56.301116639316206,127,53.387126529268876,127,39.63877205100373,0
2024-06-09 04:45:45.211246,127,0.0,127,0.0,127,0.0,30
2024-06-09 05:00:45.211246,127,54.60172682198991,127,50.06984249090185,127,48.825427865776135,0
2024-06-09 05:15:45.211246,127,52.174659374671116,127,56.54750853634056,127,51.10261053833528,0
2024-06-09 05:30:45.211246,127,49.47737463426261,127,53.63731916483253,127,52.398572919053095,0
2024-06-09 05:45:45.211246,127,42.41019776616886,127,43.77059199785142,127,45.750873254489534,0
2024-06-09 06:00:45.211246,127,51.02380250780842,127,54.64883439785014,127,48.72840767335165,0
2024-06-09 06:15:45.211246,127,54.1751870253327,127,44.57742869900988,127,39.3834259148132,0
2024-06-09 06:30:45.211246,127,48.386100464639775,127,47.444807964708346,127,53.16948302323828,0
2024-06-09 06:45:45.211246,127,53.85022545620852,127,48.9455654232027,127,43.67390321702361,0
2024-06-09 07:00:45.211246,127,48.911251495314495,127,43.015526203343036,127,52.56288400207044,0
2024-06-09 07:15:45.211246,127,0.0,127,0.0,127,0.0,15
2024-06-09 07:30:45.211246,127,49.39449962441249,127,55.57691161047849,127,53.37172270693257,0
2024-06-09 07:45:45.211246,127,50.7045187117294,127,46.42557450626594,127,49.63070620827069,0
2024-06-09 08:00:45.211246,127,41.75742553265183,127,43.942157361681446,127,57.90949208769845,0
2024-06-09 08:15:45.211246,127,50.64349601973351,127,50.26824378837104,127,50.698192398052996,0
2024-06-09 08:30:45.211246,127,44.67884552683693,127,44.7739764709482,127,42.424540878727825,0
2024-06-09 08:45:45.211246,127,48.41388079716342,127,49.08893210869036,127,48.892389583265526,0
2024-06-09 09:00:45.211246,127,52.22853849048788,127,48.92657326132767,127,49.12239457577764,0
2024-06-09 09:15:45.211246,127,47.32010315793744,127,46.03192379729741,127,55.88004176180398,0
2024-06-09 09:30:45.211246,127,53.286186323033256,127,53.959836172908346,127,48.39731104571459,0
2024-06-09 09:45:45.211246,127,42.88075209713944,127,45.839982144905576,127,45.18027725493769,0
2024-06-09 10:00:45.211246,127,57.81322997830343,127,49.78233595698346,127,57.14221395772718,0
2024-06-09 10:15:45.211246,127,49.127644251188435,127,55.29225748154808,127,47.35693860819352,0
2024-06-09 10:30:45.211246,127,54.96715455793672,127,51.25376718249542,127,55.26847371265139,0
2024-06-09 10:45:45.211246,127,45.12806969260143,127,51.77312626046209,127,53.2403750234355,0
2024-06-09 11:00:45.211246,127,0.0,127,0.0,127,0.0,30
2024-06-09 11:15:45.211246,127,49.723890391841714,127,45.253882417775785,127,46.33462275848038,0
2024-06-09 11:30:45.211246,127,52.90041820438887,127,52.07855188567448,127,49.461356337485476,0
2024-06-09 11:45:45.211246,127,53.33187446776092,127,49.270325775092154,127,61.1846673899354,0
2024-06-09 12:00:45.211246,127,42.27250252774587,127,54.661446650945756,127,44.32564909260982,0
2024-06-09 12:15:45.211246,127,48.35504795657946,127,43.75605935048241,127,56.70978762532499,0
2024-06-09 12:30:45.211246,127,49.92760253508657,127,51.26799232344394,127,56.73012116603277,0
2024-06-09 12:45:45.211246,127,42.37899237931596,127,44.69941708283572,127,50.428002440609994,0
2024-06-09 13:00:45.211246,127,0.0,127,0.0,127,0.0,15
2024-06-09 13:15:45.211246,127,53.293666693621105,127,58.170755886811065,127,49.54758910502572,0
2024-06-09 13:30:45.211246,127,35.37072899570817,127,48.28674546782454,127,49.91186756236588,0
2024-06-09 13:45:45.211246,127,48.22749795160808,127,56.73723867932369,127,43.75342301896905,0
2024-06-09 14:00:45.211246,127,55.70849925296346,127,53.05624137406825,127,53.65016906767554,0
2024-06-09 14:15:45.211246,127,48.80653169680041,127,54.72443908108757,127,41.20743040394922,0
2024-06-09 14:30:45.211246,127,57.198954216488566,127,46.563956302216035,127,48.29523916791407,0
2024-06-09 14:45:45.211246,127,0.0,127,0.0,127,0.0,60
2024-06-09 15:00:45.211246,127,35.96801925834028,127,46.90282198376741,127,41.22927323625821,0
2024-06-09 15:15:45.211246,127,45.17173363184857,127,43.99414781968419,127,53.226985852759114,0
2024-06-09 15:30:45.211246,127,56.813041215841686,127,45.55020840721281,127,55.461663127163675,0
2024-06-09 15:45:45.211246,127,49.17394625939872,127,48.42297381828964,127,57.25484789390956,0
2024-06-09 16:00:45.211246,127,57.69333113729827,127,53.758125220194174,127,44.99955393734653,0
2024-06-09 16:15:45.211246,127,47.463836233683246,127,56.60509698473055,127,55.694366071418834,0
2024-06-09 16:30:45.211246,127,0.0,127,0.0,127,0.0,30
2024-06-09 16:45:45.211246,127,51.812189688889404,127,50.35107013930837,127,46.19893991182694,0
2024-06-09 17:00:45.211246,127,0.0,127,0.0,127,0.0,60
2024-06-09 17:15:45.211246,127,53.17831414674385,127,56.940204407934594,127,52.74792345775887,0
2024-06-09 17:30:45.211246,127,54.08124470199934,127,59.99897027858249,127,45.7501545802744,0
2024-06-09 17:45:45.211246,127,49.6618214963156,127,58.0842247423686,127,53.68601103023048,0
2024-06-09 18:00:45.211246,127,0.0,127,0.0,127,0.0,30
2024-06-09 18:15:45.211246,127,47.91710290401044,127,55.43371497952601,127,48.935109240652174,0
2024-06-09 18:30:45.211246,127,48.51589955793378,127,53.04161346228299,127,50.35403687218901,0
2024-06-09 18:45:45.211246,127,53.95064555510971,127,49.71279446562676,127,42.56501029931965,0
2024-06-09 19:00:45.211246,127,50.35924633339197,127,52.58479826985102,127,52.78508257112671,0
2024-06-09 19:15:45.211246,127,0.0,127,0.0,127,0.0,30
2024-06-09 19:30:45.211246,127,48.09926526607421,127,51.803277872236876,127,50.048676832163615,0
2024-06-09 19:45:45.211246,127,0.0,127,0.0,127,0.0,15
2024-06-09 20:00:45.211246,127,60.66956213311282,127,56.80673676065877,127,45.81876060197454,0
2024-06-09 20:15:45.211246,127,53.62094135789184,127,62.40762282314557,127,49.72451327143611,0
2024-06-09 20:30:45.211246,127,50.943104221747156,127,43.92453385475395,127,46.08476881567379,0
2024-06-09 20:45:45.211246,127,48.56098763971199,127,55.83676049888871,127,44.25114177459563,0
2024-06-09 21:00:45.211246,127,40.66900064112069,127,43.248090795946915,127,45.38691148344019,0
2024-06-09 21:15:45.211246,127,51.4055966792256,127,46.72319616456433,127,49.07572868510548,0
2024-06-09 21:30:45.211246,127,43.66073151890829,127,48.839678999847074,127,50.34421935776554,0
2024-06-09 21:45:45.211246,127,51.762135963028975,127,49.15491206920186,127,53.585004071900556,0
2024-06-09 22:00:45.211246,127,47.78486308538512,127,46.928340919737764,127,51.50950769636738,0
2024-06-09 22:15:45.211246,127,46.3212271922156,127,51.75404357613464,127,54.16538675482178,0
2024-06-09 22:30:45.211246,127,49.29219952641552,127,45.014837903817266,127,55.652981134389236,0
2024-06-09 22:45:45.211246,127,48.72153586117626,127,51.223778970311265,127,56.453209539496505,0
2024-06-09 23:00:45.211246,127,52.15727265803894,127,55.488642873428276,127,52.136526140437326,0
2024-06-09 23:15:45.211246,127,45.42349795582599,127,49.60583029542542,127,56.45536100786566,0
2024-06-09 23:30:45.211246,127,48.53157103404376,127,51.902261557127055,127,44.35440525896479,0
2024-06-09 23:45:45.211246,127,41.98410774633521,127,59.04754735003132,127,47.46327165192531,0
2024-06-10 00:00:45.211246,127,36.88883246469268,127,48.33304822449747,127,45.08662945772704,0
2024-06-10 00:15:45.211246,127,0.0,127,0.0,127,0.0,30
2024-06-10 00:30:45.211246,127,44.97861503520601,127,55.10964304117237,127,61.59461949149902,0
2024-06-10 00:45:45.211246,127,46.8216671837788,127,48.6831113096075,127,42.286196097955276,0
2024-06-10 01:00:45.211246,127,46.95218545333039,127,55.41594843660015,127,58.630516950921425,0
2024-06-10 01:15:45.211246,127,44.04300136835221,127,52.16660137595568,127,50.136830708737534,0
2024-06-10 01:30:45.211246,127,54.516302527495924,127,58.097973531620454,127,52.606488254155785,0
2024-06-10 01:45:45.211246,127,55.48430884985046,127,53.987455470640214,127,50.931921079739126,0
2024-06-10 02:00:45.211246,127,50.704142174549204,127,47.429966928713924,127,46.40987406916362,0
2024-06-10 02:15:45.211246,127,58.11694351551927,127,44.024184240569674,127,39.089488536966286,0
2024-06-10 02:30:45.211246,127,48.0700689450201,127,43.99091064402304,127,54.874803891830226,0
2024-06-10 02:45:45.211246,127,54.735435689086096,127,59.51390879479057,127,60.83622582460794,0
2024-06-10 03:00:45.211246,127,50.69995133874273,127,41.208322444365876,127,55.848403313498736,0
2024-06-10 03:15:45.211246,127,56.23967000449579,127,45.895250093511855,127,47.962220423155216,0
2024-06-10 03:30:45.211246,127,52.3394262072483,127,47.791899687672654,127,49.97398097726444,0
2024-06-10 03:45:45.211246,127,45.027434548101,127,52.090789358139645,127,59.040910458469,0
2024-06-10 04:00:45.211246,127,51.86622596684597,127,48.71756771216783,127,43.669883837227516,0
2024-06-10 04:15:45.211246,127,45.957891336156486,127,52.97815012756067,127,50.281079184081534,0
2024-06-10 04:30:45.211246,127,38.18552381440684,127,51.91174287019913,127,56.620422043114004,0
2024-06-10 04:45:45.211246,127,50.42831676050867,127,48.465785920869074,127,49.34012296756914,0
2024-06-10 05:00:45.211246,127,59.13660400769517,127,53.07511522312758,127,47.90843426112545,0
2024-06-10 05:15:45.211246,127,0.0,127,0.0,127,0.0,15
2024-06-10 05:30:45.211246,127,48.557557123843026,127,53.0510920894307,127,52.590855903760335,0
2024-06-10 05:45:45.211246,127,49.98515235366838,127,43.28815941198921,127,41.26512744494246,0
2024-06-10 06:00:45.211246,127,45.478033021222444,127,46.92499254256178,127,53.368478284844784,0
2024-06-10 06:15:45.211246,127,53.63582889684486,127,46.91661935331013,127,47.07303720561923,0
2024-06-10 06:30:45.211246,127,55.500091051998275,127,51.812580405961754,127,51.13463791304637,0
2024-06-10 06:45:45.211246,127,55.249362603810155,127,52.6632331208546,127,46.526900906131424,0
2024-06-10 07:00:45.211246,127,48.23879906700359,127,49.390479490258585,127,38.84147016463655,0
2024-06-10 07:15:45.211246,127,45.495633726518,127,55.362936278550656,127,51.59478296666585,0
2024-06-10 07:30:45.211246,127,54.70889419666625,127,33.099693201998384,127,59.29531595862434,0
2024-06-10 07:45:45.211246,127,45.35857448356651,127,34.29989557555412,127,54.42580873159183,0
2024-06-10 08:00:45.211246,127,0.0,127,0.0,127,0.0,30
2024-06-10 08:15:45.211246,127,45.00614656502941,127,52.471888485507385,127,49.22736952720183,0
2024-06-10 08:30:45.211246,127,0.0,127,0.0,127,0.0,30
2024-06-10 08:45:45.211246,127,54.235625809484624,127,53.55339691171977,127,52.37617911918612,0
2024-06-10 09:00:45.211246,127,49.93322555421122,127,43.48347333995538,127,53.95228900488588,0
2024-06-10 09:15:45.211246,127,56.33333775249381,127,50.34027907313494,127,55.83093498628122,0
2024-06-10 09:30:45.211246,127,42.83734027162361,127,43.47193840141594,127,46.466108501743214,0
2024-06-10 09:45:45.211246,127,54.54338165464626,127,43.41378108887251,127,53.22221810375513,0
2024-06-10 10:00:45.211246,127,40.5929597422007,127,44.494327792360956,127,60.33207698280422,0
2024-06-10 10:15:45.211246,127,55.19284396791283,127,42.964586735083536,127,39.459825876762125,0
2024-06-10 10:30:45.211246,127,0.0,127,0.0,127,0.0,15
2024-06-10 10:45:45.211246,127,47.957709786107905,127,51.825817331063384,127,49.00198024604499,0
2024-06-10 11:00:45.211246,127,0.0,127,0.0,127,0.0,60
2024-06-10 11:15:45.211246,127,50.458885668252556,127,53.45118248059652,127,50.92479522597907,0
2024-06-10 11:30:45.211246,127,51.75604081545066,127,52.253234021362715,127,57.237619711454904,0
2024-06-10 11:45:45.211246,127,46.348560447689266,127,43.249882559120266,127,55.484015687317644,0
2024-06-10 12:00:45.211246,127,50.08229520489108,127,47.28013832888918,127,54.897619234757904,0
2024-06-10 12:15:45.211246,127,45.34995020851942,127,46.559455390216584,127,36.711566253604346,0
2024-06-10 12:30:45.211246,127,45.62677599267884,127,52.29809503674521,127,47.66094431546352,0
2024-06-10 12:45:45.211246,127,58.271733199519446,127,46.37716464552251,127,55.15756884665703,0
2024-06-10 13:00:45.211246,127,50.76599037969287,127,51.057339737851585,127,45.75181582331733,0
2024-06-10 13:15:45.211246,127,43.754885127009004,127,54.3961433172692,127,56.41682362511416,0
2024-06-10 13:30:45.211246,127,45.31031594082899,127,56.658577228323004,127,50.877085141918634,0
2024-06-10 13:45:45.211246,127,46.44521154799957,127,53.46209089750362,127,40.070908870785544,0
2024-06-10 14:00:45.211246,127,45.9451858037353,127,57.656200794064425,127,48.9092089096946,0
2024-06-10 14:15:45.211246,127,51.08651027160071,127,52.61785618210365,127,42.949378705596644,0
2024-06-10 14:30:45.211246,127,50.97003289281789,127,52.419154120868654,127,57.66480366870655,0
2024-06-10 14:45:45.211246,127,48.02094798639838,127,49.39653406380167,127,48.17041813717197,0
2024-06-10 15:00:45.211246,127,49.918430077693955,127,47.462636152265084,127,52.88012363391481,0
2024-06-10 15:15:45.211246,127,53.972441695358945,127,50.47517265897176,127,52.65640728210355,0
2024-06-10 15:30:45.211246,127,40.09986970338321,127,47.3745123589606,127,56.68410890022712,0
2024-06-10 15:45:45.211246,127,49.102902016651385,127,54.687508876432744,127,53.10060859189279,0
2024-06-10 16:00:45.211246,127,48.18940750936807,127,47.7634136202691,127,50.14836953528523,0
2024-06-10 16:15:45.211246,127,48.62112084297557,127,54.664240215533106,127,43.450632646369634,0
2024-06-10 16:30:45.211246,127,55.16701336876068,127,46.956005341188295,127,45.276881452220834,0
2024-06-10 16:45:45.211246,127,40.42693310041433,127,51.596158165541716,127,51.96635829279789,0
2024-06-10 17:00:45.211246,127,47.68826882446966,127,43.99967937998582,127,45.464046316069926,0
2024-06-10 17:15:45.211246,127,0.0,127,0.0,127,0.0,30
2024-06-10 17:30:45.211246,127,0.0,127,0.0,127,0.0,15
2024-06-10 17:45:45.211246,127,48.23527411346728,127,51.200268923156784,127,41.187532118190944,0
2024-06-10 18:00:45.211246,127,53.07650819990388,127,46.245078930755334,127,52.9693691710601,0
2024-06-10 18:15:45.211246,127,60.38146191224132,127,45.91959038301461,127,55.85996442298552,0
2024-06-10 18:30:45.211246,127,50.72597750549421,127,55.558343232735695,127,48.19393285208583,0
2024-06-10 18:45:45.211246,127,0.0,127,0.0,127,0.0,30
2024-06-10 19:00:45.211246,127,49.575782994264124,127,47.71905027757605,127,58.88679606912321,0
2024-06-10 19:15:45.211246,127,56.24352383378524,127,52.64918463677247,127,51.19725976540644,0
2024-06-10 19:30:45.211246,127,55.489256378062855,127,47.570072887965786,127,54.418909027485846,0
2024-06-10 19:45:45.211246,127,40.107281397531096,127,46.149521461428776,127,52.95079994944381,0
2024-06-10 20:00:45.211246,127,54.88059919476491,127,57.93847774923647,127,50.419936669214685,0
2024-06-10 20:15:45.211246,127,51.271128673575184,127,47.74580096518388,127,49.25292683009521,0
2024-06-10 20:30:45.211246,127,50.693940324553765,127,45.65187733720945,127,49.56383175830308,0
2024-06-10 20:45:45.211246,127,59.91163085298216,127,52.195444064719936,127,47.607031144880004,0
2024-06-10 21:00:45.211246,127,50.52750390867747,127,47.250812805479825,127,49.256551912743504,0
2024-06-10 21:15:45.211246,127,0.0,127,0.0,127,0.0,60
2024-06-10 21:30:45.211246,127,58.44459300037727,127,44.597139665005926,127,49.774909908389574,0
2024-06-10 21:45:45.211246,127,43.998791282713526,127,56.483502478596975,127,56.16146033012305,0
2024-06-10 22:00:45.211246,127,51.443148319256636,127,38.65078194943498,127,48.83659401364695,0
2024-06-10 22:15:45.211246,127,44.44509651971221,127,47.551964719164715,127,53.110484965794456,0
2024-06-10 22:30:45.211246,127,49.74736290972004,127,51.6425587068361,127,45.74658145447557,0
2024-06-10 22:45:45.211246,127,0.0,127,0.0,127,0.0,15
2024-06-10 23:00:45.211246,127,49.61053097727543,127,44.795599931067045,127,50.499572902693316,0
2024-06-10 23:15:45.211246,127,0.0,127,0.0,127,0.0,60
2024-06-10 23:30:45.211246,127,0.0,127,0.0,127,0.0,30
2024-06-10 23:45:45.211246,127,50.706920870253555,127,50.8227273140991,127,55.27637323570744,0
2024-06-11 00:00:45.211246,127,0.0,127,0.0,127,0.0,60
2024-06-11 00:15:45.211246,127,43.80910386608629,127,51.97793500164621,127,47.929101555250085,0
2024-06-11 00:30:45.211246,127,46.15021136236765,127,50.516432502989744,127,49.3396317068798,0
2024-06-11 00:45:45.211246,127,50.17985062548956,127,50.44193507433723,127,50.210895575982825,0
2024-06-11 01:00:45.211246,127,41.32255156881026,127,51.819511728356275,127,42.21543765422658,0
2024-06-11 01:15:45.211246,127,51.54756892939609,127,59.41658562052847,127,53.10858317760126,0
2024-06-11 01:30:45.211246,127,51.111325341402164,127,51.99128118543348,127,54.09123773470627,0
2024-06-11 01:45:45.211246,127,46.675743181947944,127,52.68995339363455,127,49.33116681118436,0
2024-06-11 02:00:45.211246,127,51.93826490501288,127,49.47737421454694,127,53.81870584779984,0
2024-06-11 02:15:45.211246,127,54.965925321901665,127,46.74038045537277,127,51.94435587396721,0
2024-06-11 02:30:45.211246,127,58.502351754884224,127,44.31141592988388,127,47.04806794343394,0
2024-06-11 02:45:45.211246,127,46.33656218707544,127,54.2286727141527,127,44.87332946567807,0
2024-06-11 03:00:45.211246,127,54.39554727963957,127,46.17336604508341,127,41.864146179029575,0
2024-06-11 03:15:45.211246,127,41.05299481485265,127,46.02685917966634,127,51.810743381063205,0
2024-06-11 03:30:45.211246,127,46.7430122205108,127,45.14399802673905,127,58.13475619766696,0
2024-06-11 03:45:45.211246,127,49.22721242468125,127,45.158915152427326,127,57.586285639304684,0
2024-06-11 04:00:45.211246,127,49.47933805236089,127,48.81271311531089,127,42.34537180176851,0
2024-06-11 04:15:45.211246,127,0.0,127,0.0,127,0.0,60
2024-06-11 04:30:45.211246,127,54.801848486647174,127,56.14500205955591,127,57.67493941144906,0
2024-06-11 04:45:45.211246,127,55.51870601404422,127,47.758646091135724,127,44.9930741439346,0
2024-06-11 05:00:45.211246,127,52.13500038261525,127,53.75639530632907,127,51.213530872442284,0
2024-06-11 05:15:45.211246,127,47.45525646175185,127,56.04078565295855,127,55.23231817820262,0
2024-06-11 05:30:45.211246,127,53.45322322101943,127,46.0445268694169,127,58.19360100343366,0
2024-06-11 05:45:45.211246,127,53.920140822767564,127,50.846608125795555,127,53.1111745590553,0
2024-06-11 06:00:45.211246,127,42.14572853314253,127,48.90155540934569,127,48.54417070365489,0
2024-06-11 06:15:45.211246,127,39.1040354305101,127,49.181751106095405,127,58.368275562037745,0
2024-06-11 06:30:45.211246,127,40.75155331241357,127,51.54999238017822,127,53.17944493236116,0
2024-06-11 06:45:45.211246,127,55.1840306479157,127,49.89711057231885,127,50.6759268831749,0
2024-06-11 07:00:45.211246,127,47.95744281413684,127,49.67716491710169,127,47.583368513559,0
2024-06-11 07:15:45.211246,127,57.57960393992538,127,49.02357438988794,127,48.667082124616705,0
2024-06-11 07:30:45.211246,127,50.942862373138304,127,49.35317689344023,127,50.841940613955614,0
2024-06-11 07:45:45.211246,127,45.787446210157626,127,45.300435195454,127,42.34958006881511,0
2024-06-11 08:00:45.211246,127,0.0,127,0.0,127,0.0,60
2024-06-11 08:15:45.211246,127,48.27695031669488,127,47.347453444124355,127,58.6280164817388,0
2024-06-11 08:30:45.211246,127,0.0,127,0.0,127,0.0,15
2024-06-11 08:45:45.211246,127,48.721536946520665,127,58.450240740797014,127,54.91237743455355,0
2024-06-11 09:00:45.211246,127,51.79693066098224,127,48.45153137754629,127,51.25909271838094,0
2024-06-11 09:15:45.211246,127,0.0,127,0.0,127,0.0,15
2024-06-11 09:30:45.211246,127,0.0,127,0.0,127,0.0,15
2024-06-11 09:45:45.211246,127,50.507991524569945,127,49.43491708552543,127,52.28765913951158,0
2024-06-11 10:00:45.211246,127,42.97348129174664,127,43.23394480517462,127,57.64665494255397,0
2024-06-11 10:15:45.211246,127,54.31946332749842,127,50.36803626267999,127,45.912117559743265,0
2024-06-11 10:30:45.211246,127,0.0,127,0.0,127,0.0,15
2024-06-11 10:45:45.211246,127,52.21409380591277,127,46.732139576434754,127,43.04898439061757,0
2024-06-11 11:00:45.211246,127,40.95176657980069,127,52.3281660741244,127,52.99852688937542,0
2024-06-11 11:15:45.211246,127,50.92185803862339,127,60.07593826306222,127,56.899551401863825,0
2024-06-11 11:30:45.211246,127,46.799151896906814,127,51.01714465191455,127,47.85209900353264,0
2024-06-11 11:45:45.211246,127,49.118255892799866,127,38.473179471417694,127,54.70743246022245,0
2024-06-11 12:00:45.211246,127,51.93218910174346,127,53.90313781881769,127,50.01106240543564,0
2024-06-11 12:15:45.211246,127,45.02506217794922,127,50.98748964552957,127,46.47929112500994,0
2024-06-11 12:30:45.211246,127,49.18362894609542,127,41.13479554021677,127,59.41573154173979,0
2024-06-11 12:45:45.211246,127,0.0,127,0.0,127,0.0,30
2024-06-11 13:00:45.211246,127,46.94457356162633,127,46.67722166219036,127,47.533536488509206,0
2024-06-11 13:15:45.211246,127,46.344788529336,127,48.52006470261245,127,51.506496018333124,0
2024-06-11 13:30:45.211246,127,51.764568452353764,127,57.5327957834739,127,46.14541622038821,0
2024-06-11 13:45:45.211246,127,56.83772583633257,127,44.46413018919144,127,48.59928569637293,0
2024-06-11 14:00:45.211246,127,0.0,127,0.0,127,0.0,60
2024-06-11 14:15:45.211246,127,47.16237557349459,127,51.14753471832833,127,52.652773597102815,0
2024-06-11 14:30:45.211246,127,47.68101003594787,127,55.04910524371684,127,49.40415162512052,0
2024-06-11 14:45:45.211246,127,47.379999980857384,127,50.2438994877249,127,43.68158146409658,0
2024-06-11 15:00:45.211246,127,64.03230849729097,127,47.46191546014283,127,49.56919610325523,0
2024-06-11 15:15:45.211246,127,51.55875590783239,127,51.87510386364789,127,52.10211037723542,0
2024-06-11 15:30:45.211246,127,56.37505147293821,127,39.50728924782835,127,44.270699008345495,0
2024-06-11 15:45:45.211246,127,51.69012629304017,127,49.95309368318477,127,48.07517691760394,0
2024-06-11 16:00:45.211246,127,47.43199647791098,127,46.35677470560364,127,51.62688239112007,0
2024-06-11 16:15:45.211246,127,0.0,127,0.0,127,0.0,15
2024-06-11 16:30:45.211246,127,53.62811971695589,127,49.763558959310956,127,54.88209349623348,0
2024-06-11 16:45:45.211246,127,50.332858729615154,127,48.3585194889727,127,56.754502758221264,0
2024-06-11 17:00:45.211246,127,46.490778049472546,127,45.57840773385142,127,47.368558788187244,0
2024-06-11 17:15:45.211246,127,0.0,127,0.0,127,0.0,15
2024-06-11 17:30:45.211246,127,41.85663221291193,127,61.2691887512257,127,53.49337989000117,0
2024-06-11 17:45:45.211246,127,47.16935545961695,127,52.52325592421324,127,53.83576916195822,0
2024-06-11 18:00:45.211246,127,0.0,127,0.0,127,0.0,15
2024-06-11 18:15:45.211246,127,0.0,127,0.0,127,0.0,30
2024-06-11 18:30:45.211246,127,42.652730821281324,127,49.254879920030454,127,45.47557333349851,0
2024-06-11 18:45:45.211246,127,46.46195566003627,127,47.01438791359893,127,43.831841530175225,0
2024-06-11 19:00:45.211246,127,0.0,127,0.0,127,0.0,30
2024-06-11 19:15:45.211246,127,47.64883509480939,127,44.16808529661458,127,48.43882282224251,0
2024-06-11 19:30:45.211246,127,49.85254027750933,127,54.76847130701007,127,45.20843789983487,0
2024-06-11 19:45:45.211246,127,0.0,127,0.0,127,0.0,15
2024-06-11 20:00:45.211246,127,48.41345108810294,127,53.074171747832146,127,42.24859145202263,0
2024-06-11 20:15:45.211246,127,51.098356752723696,127,45.77351920350453,127,47.80534679564854,0
2024-06-11 20:30:45.211246,127,43.86728802413927,127,45.46510663174051,127,48.81290681969178,0
2024-06-11 20:45:45.211246,127,48.0202044963499,127,52.58648377560423,127,48.17873049526031,0
2024-06-11 21:00:45.211246,127,51.49555892931124,127,50.82764822148772,127,46.538116800134176,0
2024-06-11 21:15:45.211246,127,54.04779344910823,127,43.471374852297416,127,55.23209164146901,0
2024-06-11 21:30:45.211246,127,46.863678404300956,127,48.556090990608375,127,55.92293117402232,0
2024-06-11 21:45:45.211246,127,42.95870613966014,127,56.79062869540526,127,44.39108940202536,0
2024-06-11 22:00:45.211246,127,55.88866656463905,127,45.260350335948345,127,54.29192369909488,0
2024-06-11 22:15:45.211246,127,44.91442002495638,127,58.11338046248093,127,54.126363846246235,0
2024-06-11 22:30:45.211246,127,53.03435705053222,127,51.63409781308705,127,48.707276109013286,0
2024-06-11 22:45:45.211246,127,48.49651926421459,127,46.331129158810946,127,50.52490366509239,0
2024-06-11 23:00:45.211246,127,57.528687138226346,127,45.97624479956244,127,39.39824860923949,0
2024-06-11 23:15:45.211246,127,0.0,127,0.0,127,0.0,60
2024-06-11 23:30:45.211246,127,48.59904541166539,127,47.25163388908304,127,50.85374220566252,0
2024-06-11 23:45:45.211246,127,46.34123890990882,127,47.000692861267424,127,44.859479307525945,0
2024-06-12 00:00:45.211246,127,57.379454500488905,127,51.6485652848203,127,50.249472131615946,0
2024-06-12 00:15:45.211246,127,60.78654697150925,127,49.32266515796403,127,55.05035419051473,0
2024-06-12 00:30:45.211246,127,48.93266201259417,127,61.60465048042264,127,51.76274082638686,0
2024-06-12 00:45:45.211246,127,51.332175430240795,127,43.053010980556444,127,45.99165312306107,0
2024-06-12 01:00:45.211246,127,48.861756715459464,127,43.80609362103016,127,46.07270846566345,0
2024-06-12 01:15:45.211246,127,53.19815726747694,127,52.359392817853106,127,44.40195929229924,0
2024-06-12 01:30:45.211246,127,52.745315045699456,127,48.210108969013824,127,50.839897357625254,0
2024-06-12 01:45:45.211246,127,49.297565306034414,127,63.94914362686144,127,46.276618266284096,0
2024-06-12 02:00:45.211246,127,51.14192192645991,127,49.36978401633411,127,45.40006192249003,0
2024-06-12 02:15:45.211246,127,54.34212659284397,127,49.57104065873471,127,43.10982530242833,0
2024-06-12 02:30:45.211246,127,48.2353593825592,127,46.305308990266624,127,56.0125530810913,0
2024-06-12 02:45:45.211246,127,52.009016370160644,127,47.71732843826578,127,50.844605448816516,0
2024-06-12 03:00:45.211246,127,50.43151347195278,127,44.501999676852265,127,50.46786801865523,0
2024-06-12 03:15:45.211246,127,55.46743025078139,127,47.12397359518969,127,49.91325791701123,0
2024-06-12 03:30:45.211246,127,45.984825348963355,127,58.15943408164695,127,49.33817562910277,0
2024-06-12 03:45:45.211246,127,51.31880862605395,127,54.33911624140686,127,51.506873288662725,0
2024-06-12 04:00:45.211246,127,45.912172613738726,127,51.68354510783656,127,51.89203565229595,0
2024-06-12 04:15:45.211246,127,49.142263138149474,127,50.44944122496312,127,45.42531813817091,0
2024-06-12 04:30:45.211246,127,44.459116818170834,127,42.58015171413493,127,46.463776998784475,0
2024-06-12 04:45:45.211246,127,51.088031549405116,127,53.10525264406779,127,50.78862811479931,0
2024-06-12 05:00:45.211246,127,46.53198082237087,127,45.71505773875142,127,47.36482683359716,0
2024-06-12 05:15:45.211246,127,50.379417800930334,127,48.51504787133791,127,54.84696540809835,0
2024-06-12 05:30:45.211246,127,44.054200977586866,127,42.758375602125184,127,41.690095383740484,0
2024-06-12 05:45:45.211246,127,49.65410628552665,127,52.48773726045081,127,50.96570972357628,0
2024-06-12 06:00:45.211246,127,43.72958980120216,127,46.71939513000797,127,49.29950229250404,0
2024-06-12 06:15:45.211246,127,55.595328854827144,127,52.42589868735112,127,41.88931561694136,0
2024-06-12 06:30:45.211246,127,46.43722525606874,127,47.332938833113644,127,43.8823592012346,0
2024-06-12 06:45:45.211246,127,52.660169504987415,127,47.687712448492526,127,49.11460706021052,0
2024-06-12 07:00:45.211246,127,53.72370356679901,127,48.4640412465794,127,58.41886122671609,0
2024-06-12 07:15:45.211246,127,48.372157026717716,127,52.4714158938043,127,52.64838064455427,0
2024-06-12 07:30:45.211246,127,57.59026507264841,127,47.054508143287,127,56.63654938033943,0
2024-06-12 07:45:45.211246,127,54.836260943571965,127,51.20520216781426,127,66.66026848865553,0
2024-06-12 08:00:45.211246,127,46.198306056818005,127,66.19559068817665,127,61.20007690959386,0
2024-06-12 08:15:45.211246,127,54.775955924125384,127,52.6208569098607,127,50.6207765529087,0
2024-06-12 08:30:45.211246,127,49.31912959618653,127,58.5181854772518,127,43.014424884558544,0
2024-06-12 08:45:45.211246,127,50.91576904900701,127,55.40445900898735,127,51.39828457981918,0
2024-06-12 09:00:45.211246,127,50.25611480370829,127,49.01772790157154,127,48.506185186777024,0
2024-06-12 09:15:45.211246,127,46.414214961370824,127,39.82414776845499,127,48.99369665293396,0
2024-06-12 09:30:45.211246,127,54.363772409397015,127,59.06354889347464,127,52.90749412434041,0
2024-06-12 09:45:45.211246,127,50.553905016780845,127,63.23791134312336,127,44.70888109308791,0
2024-06-12 10:00:45.211246,127,0.0,127,0.0,127,0.0,60
2024-06-12 10:15:45.211246,127,59.19795966208305,127,50.37773051751538,127,48.25621978892,0
2024-06-12 10:30:45.211246,127,54.457674984068404,127,49.08652170892171,127,57.458694741068484,0
2024-06-12 10:45:45.211246,127,58.45784777554615,127,47.33336664646588,127,43.19582066485518,0
2024-06-12 11:00:45.211246,127,44.91113106833242,127,43.54560328225523,127,45.9773494138707,0
2024-06-12 11:15:45.211246,127,54.11889896709186,127,49.371694483295244,127,43.64950866649732,0
2024-06-12 11:30:45.211246,127,48.836629542427964,127,52.24855657458731,127,47.816636877528964,0
2024-06-12 11:45:45.211246,127,45.00137872469533,127,50.58776244050524,127,55.240058133816994,0
2024-06-12 12:00:45.211246,127,47.54417615097007,127,53.852171081422725,127,55.48018671657809,0
2024-06-12 12:15:45.211246,127,0.0,127,0.0,127,0.0,30
2024-06-12 12:30:45.211246,127,45.547519731685476,127,51.36306757600524,127,53.17937166603053,0
2024-06-12 12:45:45.211246,127,51.93981085760688,127,49.7432112487729,127,45.56706118372204,0
2024-06-12 13:00:45.211246,127,50.84633542759807,127,52.628267760210186,127,51.810909817590236,0
2024-06-12 13:15:45.211246,127,47.87157362059873,127,55.43816645459852,127,51.019106940277204,0
2024-06-12 13:30:45.211246,127,54.62423150850621,127,41.5372306510187,127,41.60185421482886,0
2024-06-12 13:45:45.211246,127,56.32825487864851,127,49.58092920210507,127,50.700810373580254,0
2024-06-12 14:00:45.211246,127,54.631483606792195,127,44.070148704249476,127,44.80103589171135,0
2024-06-12 14:15:45.211246,127,56.39631677655044,127,56.55494381934283,127,57.43002384990235,0
2024-06-12 14:30:45.211246,127,0.0,127,0.0,127,0.0,60
2024-06-12 14:45:45.211246,127,0.0,127,0.0,127,0.0,30
2024-06-12 15:00:45.211246,127,49.26601166967947,127,42.68672210502548,127,53.20866590101596,0
2024-06-12 15:15:45.211246,127,53.61414959542854,127,50.821739222802776,127,53.408704235845484,0
2024-06-12 15:30:45.211246,127,0.0,127,0.0,127,0.0,15
2024-06-12 15:45:45.211246,127,51.564354275506076,127,51.531203158616606,127,52.75309333026617,0
2024-06-12 16:00:45.211246,127,0.0,127,0.0,127,0.0,15
2024-06-12 16:15:45.211246,127,57.93114408972679,127,60.403395644941085,127,45.99095971716955,0
2024-06-12 16:30:45.211246,127,0.0,127,0.0,127,0.0,15
2024-06-12 16:45:45.211246,127,57.79987234517665,127,50.414274835299615,127,45.63514331214878,0
2024-06-12 17:00:45.211246,127,49.250418919327686,127,48.89201935775819,127,54.1492457801423,0
2024-06-12 17:15:45.211246,127,52.70732196880954,127,62.575493167850965,127,54.86185502117455,0
2024-06-12 17:30:45.211246,127,50.39577096662059,127,51.46418452377972,127,49.311010155927335,0
2024-06-12 17:45:45.211246,127,45.758232125228496,127,48.76614849776479,127,44.60853892882143,0
2024-06-12 18:00:45.211246,127,53.34619141054685,127,55.57060265435035,127,46.93527150305217,0
2024-06-12 18:15:45.211246,127,47.49238360866499,127,44.396168537626586,127,49.17012102944612,0
2024-06-12 18:30:45.211246,127,54.93966230310343,127,55.457294321058484,127,44.402171823416765,0
2024-06-12 18:45:45.211246,127,0.0,127,0.0,127,0.0,15
2024-06-12 19:00:45.211246,127,48.0966727738077,127,47.066681735719214,127,39.230151046908645,0
2024-06-12 19:15:45.211246,127,46.35586481395012,127,56.1405206043735,127,57.13071477024429,0
2024-06-12 19:30:45.211246,127,45.82484402364127,127,43.740551948150916,127,53.92323666099418,0
2024-06-12 19:45:45.211246,127,53.29658620458859,127,48.41449534685501,127,51.773636554628105,0
2024-06-12 20:00:45.211246,127,51.91886224029136,127,52.567860164569765,127,48.614343175300654,0
2024-06-12 20:15:45.211246,127,48.24474343647249,127,51.792580447488106,127,52.027233421056586,0
2024-06-12 20:30:45.211246,127,49.70049655686254,127,56.09217320002637,127,49.66397163030528,0
2024-06-12 20:45:45.211246,127,44.79449109937335,127,44.575376780453624,127,48.30119660723334,0
2024-06-12 21:00:45.211246,127,0.0,127,0.0,127,0.0,60
2024-06-12 21:15:45.211246,127,58.1076581203132,127,49.78639321097871,127,51.526398068456594,0
2024-06-12 21:30:45.211246,127,47.33396348275651,127,52.871545788090216,127,50.1113565815992,0
2024-06-12 21:45:45.211246,127,50.375000447961035,127,48.042528488108886,127,54.028085107142786,0
2024-06-12 22:00:45.211246,127,49.67956552636863,127,49.49290128179247,127,53.22262356973737,0
2024-06-12 22:15:45.211246,127,43.02770338442295,127,62.640511583272854,127,59.98058318796001,0
2024-06-12 22:30:45.211246,127,53.536920415696834,127,57.602612775321084,127,46.882021208202666,0
2024-06-12 22:45:45.211246,127,0.0,127,0.0,127,0.0,30
2024-06-12 23:00:45.211246,127,49.21439903184321,127,53.593359607075065,127,47.91332620564706,0
2024-06-12 23:15:45.211246,127,57.866249229626135,127,47.332940169551605,127,57.28830424701265,0
2024-06-12 23:30:45.211246,127,43.09868404565835,127,49.77394373492835,127,51.02573179918236,0
2024-06-12 23:45:45.211246,127,48.52315604891206,127,43.16828026605716,127,43.288162720103784,0
2024-06-13 00:00:45.211246,127,48.419030271132215,127,50.58685115618745,127,57.752177236562915,0
2024-06-13 00:15:45.211246,127,54.547694424028066,127,56.109114902976145,127,48.34895006104467,0
2024-06-13 00:30:45.211246,127,55.32749612472391,127,51.63464815916156,127,51.13059624400728,0
2024-06-13 00:45:45.211246,127,54.558306467356154,127,54.87145734559529,127,55.574947403001495,0
2024-06-13 01:00:45.211246,127,48.22674403467887,127,54.320391315731406,127,44.18894050778377,0
2024-06-13 01:15:45.211246,127,53.33077966372645,127,49.77912454753313,127,43.92580390495343,0
2024-06-13 01:30:45.211246,127,53.98240734722838,127,50.57454913214737,127,50.097265813529226,0
2024-06-13 01:45:45.211246,127,65.75255311785722,127,49.00725825562062,127,49.34302929387221,0
2024-06-13 02:00:45.211246,127,45.599524585817214,127,51.326691684833875,127,50.13061273982989,0
2024-06-13 02:15:45.211246,127,41.69806613297138,127,50.964424482499254,127,48.4316524701867,0
2024-06-13 02:30:45.211246,127,47.135564037521185,127,50.56062038941824,127,46.378305982596885,0
2024-06-13 02:45:45.211246,127,48.11729705145906,127,47.76104763141511,127,53.06680095636193,0
2024-06-13 03:00:45.211246,127,58.033922554879744,127,48.1938212630767,127,45.30065568490347,0
2024-06-13 03:15:45.211246,127,0.0,127,0.0,127,0.0,30
2024-06-13 03:30:45.211246,127,49.600244578108814,127,53.87293089581096,127,51.32898393842297,0
2024-06-13 03:45:45.211246,127,49.08938739973281,127,50.68412931202684,127,46.22634672353182,0
2024-06-13 04:00:45.211246,127,47.398662596423165,127,53.45079500360477,127,48.14807393143128,0
2024-06-13 04:15:45.211246,127,55.03876055335449,127,56.5214469759523,127,54.661287668675335,0
2024-06-13 04:30:45.211246,127,54.85043939080173,127,53.225703732420136,127,63.004165653542024,0
2024-06-13 04:45:45.211246,127,45.38832160561721,127,46.11128237673342,127,47.35441292419865,0
2024-06-13 05:00:45.211246,127,55.05917235480028,127,47.576712384280995,127,54.412440304209,0
2024-06-13 05:15:45.211246,127,52.73650532165917,127,45.497978752709045,127,44.99123947482858,0
2024-06-13 05:30:45.211246,127,58.82850189298098,127,48.146339954595405,127,51.12185492753813,0
2024-06-13 05:45:45.211246,127,53.76542322377406,127,47.89532441822845,127,49.68357371818842,0
2024-06-13 06:00:45.211246,127,53.21123185225745,127,62.560937724707955,127,49.42973251304538,0
2024-06-13 06:15:45.211246,127,46.1711541294275,127,52.92231674321258,127,56.10482697712679,0
2024-06-13 06:30:45.211246,127,43.78773896694777,127,53.44169034325999,127,42.66837166142613,0
2024-06-13 06:45:45.211246,127,46.57381991007773,127,48.40795182603106,127,42.713872591326435,0
2024-06-13 07:00:45.211246,127,41.37829876213133,127,46.06652470534313,127,58.83123881927783,0
2024-06-13 07:15:45.211246,127,48.27888082725721,127,51.32706309088482,127,44.783117297081105,0
2024-06-13 07:30:45.211246,127,45.85776204123481,127,51.32636495801159,127,55.366991546030626,0
2024-06-13 07:45:45.211246,127,43.16485176837992,127,49.29943804879364,127,55.08147663110008,0
2024-06-13 08:00:45.211246,127,52.298893648465004,127,50.32676953458552,127,47.25188959580657,0
2024-06-13 08:15:45.211246,127,52.04710152071938,127,48.68822820490848,127,46.31316335207824,0
2024-06-13 08:30:45.211246,127,54.59797983742498,127,51.26981476800666,127,41.9865015033669,0
2024-06-13 08:45:45.211246,127,55.86550006499802,127,55.071383020930995,127,48.391139285149094,0
2024-06-13 09:00:45.211246,127,51.440915484888194,127,53.85848352075093,127,54.72564454156623,0
2024-06-13 09:15:45.211246,127,51.49950538833385,127,52.13054938258053,127,54.69809610103069,0
2024-06-13 09:30:45.211246,127,50.94391502947213,127,55.52105352856978,127,50.35166911517088,0
2024-06-13 09:45:45.211246,127,0.0,127,0.0,127,0.0,30
2024-06-13 10:00:45.211246,127,0.0,127,0.0,127,0.0,15
2024-06-13 10:15:45.211246,127,54.04518767157798,127,48.373367583265555,127,45.35921897755807,0
2024-06-13 10:30:45.211246,127,46.41641270507509,127,55.83940559725065,127,46.595416367026324,0
2024-06-13 10:45:45.211246,127,0.0,127,0.0,127,0.0,60
2024-06-13 11:00:45.211246,127,50.07955346032243,127,55.138370402040664,127,41.87922741452449,0
2024-06-13 11:15:45.211246,127,0.0,127,0.0,127,0.0,30
2024-06-13 11:30:45.211246,127,0.0,127,0.0,127,0.0,15
2024-06-13 11:45:45.211246,127,54.893519800331845,127,43.41351989853718,127,58.89076637587163,0
2024-06-13 12:00:45.211246,127,50.74688758944084,127,54.9297491213612,127,48.173428591358864,0
2024-06-13 12:15:45.211246,127,51.373847991301375,127,55.91267145041489,127,53.30953605994429,0
2024-06-13 12:30:45.211246,127,53.14339909139338,127,56.71868872848832,127,51.92029239833876,0
2024-06-13 12:45:45.211246,127,46.484885171943965,127,46.430726980381515,127,44.01182767801433,0
2024-06-13 13:00:45.211246,127,50.13187331114339,127,49.455122452380486,127,43.30179134386402,0
2024-06-13 13:15:45.211246,127,60.540721724802104,127,45.479525130540786,127,53.241188753195246,0
2024-06-13 13:30:45.211246,127,48.93575073117322,127,53.84885469181101,127,49.50459646597683,0
2024-06-13 13:45:45.211246,127,52.192701916628614,127,48.89370557197304,127,45.323372835004925,0
2024-06-13 14:00:45.211246,127,58.34835921983675,127,51.063069178596045,127,51.900138507527274,0
2024-06-13 14:15:45.211246,127,49.09849610756283,127,47.3814106577129,127,52.03275454050081,0
2024-06-13 14:30:45.211246,127,49.113378609049384,127,41.47945067769347,127,52.77548928355343,0
2024-06-13 14:45:45.211246,127,43.71441825684281,127,56.33762721883969,127,46.608809774923216,0
2024-06-13 15:00:45.211246,127,51.38110620472465,127,49.02510025066773,127,43.49962729757799,0
2024-06-13 15:15:45.211246,127,56.443150396275115,127,47.25808899747414,127,58.57886930849302,0
2024-06-13 15:30:45.211246,127,52.82980278735565,127,58.696792017535046,127,49.466408948032054,0
2024-06-13 15:45:45.211246,127,52.24013262844218,127,52.336022259484686,127,50.60528386985466,0
2024-06-13 16:00:45.211246,127,47.49803449155102,127,50.278388176226095,127,50.022480316012214,0
2024-06-13 16:15:45.211246,127,48.89290194915246,127,48.03180275853158,127,47.84246201191514,0
2024-06-13 16:30:45.211246,127,43.71565223568008,127,44.25333891019356,127,56.01776306694851,0
2024-06-13 16:45:45.211246,127,55.52174670279041,127,43.520118277952825,127,54.39481367139119,0
2024-06-13 17:00:45.211246,127,0.0,127,0.0,127,0.0,15
2024-06-13 17:15:45.211246,127,49.46958321312291,127,46.86208470822335,127,48.83157217951494,0
2024-06-13 17:30:45.211246,127,44.24517319386117,127,49.790119726945555,127,54.402099818688086,0
2024-06-13 17:45:45.211246,127,56.219830837766956,127,55.2220572637452,127,45.482811371387996,0
2024-06-13 18:00:45.211246,127,43.98662547219791,127,49.71933570531123,127,55.39670154846196,0
2024-06-13 18:15:45.211246,127,55.493608671676036,127,55.40034412364408,127,47.970213697423915,0
2024-06-13 18:30:45.211246,127,54.318498396210956,127,54.011374930373684,127,49.746574837131064,0
2024-06-13 18:45:45.211246,127,42.42321616400733,127,48.67743649113764,127,52.28679476537697,0
2024-06-13 19:00:45.211246,127,57.07771479816745,127,51.15276134536029,127,57.623315499297725,0
2024-06-13 19:15:45.211246,127,48.42110232263277,127,41.890718700172755,127,52.686212153337515,0
2024-06-13 19:30:45.211246,127,45.471787955248615,127,49.24261123750952,127,52.21315136265816,0
2024-06-13 19:45:45.211246,127,42.7323191255067,127,56.99454514858165,127,52.601125279238154,0
2024-06-13 20:00:45.211246,127,41.3018034266824,127,46.33953847572686,127,46.56255313107912,0
2024-06-13 20:15:45.211246,127,53.768168984349266,127,57.384750263606634,127,61.920063483463686,0
2024-06-13 20:30:45.211246,127,34.77308092437158,127,41.93048333565498,127,44.14217875845276,0
2024-06-13 20:45:45.211246,127,51.032045272853985,127,50.7963270951371,127,52.860143466733334,0
2024-06-13 21:00:45.211246,127,50.78518359325095,127,47.9411852616096,127,46.515491264048464,0
2024-06-13 21:15:45.211246,127,46.643412509099996,127,51.84308137533749,127,61.17335554556507,0
2024-06-13 21:30:45.211246,127,52.99526673507327,127,46.12395023945515,127,55.793052124677125,0
2024-06-13 21:45:45.211246,127,55.915811403438376,127,47.69200518970998,127,53.064292086824935,0
2024-06-13 22:00:45.211246,127,50.41216542742905,127,53.3309236608101,127,50.40151020695925,0
2024-06-13 22:15:45.211246,127,54.27644854029301,127,50.34900886916316,127,50.540337424873066,0
2024-06-13 22:30:45.211246,127,41.37851689049731,127,50.00416292361083,127,54.09003403024634,0
2024-06-13 22:45:45.211246,127,0.0,127,0.0,127,0.0,30
2024-06-13 23:00:45.211246,127,53.92078231901655,127,49.79323900442026,127,48.366305436704664,0
2024-06-13 23:15:45.211246,127,61.04102669144286,127,53.53588451434697,127,56.69887296495394,0
2024-06-13 23:30:45.211246,127,50.72077645054057,127,53.23920505673956,127,54.33698953040134,0
2024-06-13 23:45:45.211246,127,49.251223191138706,127,43.689630998653755,127,46.08352775819029,0
2024-06-14 00:00:45.211246,127,52.604905530132534,127,47.84623032612221,127,47.533254811711856,0
2024-06-14 00:15:45.211246,127,46.937922028973496,127,54.552522050603436,127,47.834883092478776,0
2024-06-14 00:30:45.211246,127,52.84172879680444,127,38.47350351848647,127,41.94426830646993,0
2024-06-14 00:45:45.211246,127,54.25090765648027,127,46.34432093626429,127,48.81528376366756,0
2024-06-14 01:00:45.211246,127,54.64977839320398,127,50.171131890476815,127,51.958803669297396,0
2024-06-14 01:15:45.211246,127,0.0,127,0.0,127,0.0,30
2024-06-14 01:30:45.211246,127,44.31498281993575,127,50.9277644032667,127,43.962650773821245,0
2024-06-14 01:45:45.211246,127,49.31760581977973,127,48.253871587757935,127,60.41217878320424,0
2024-06-14 02:00:45.211246,127,51.30600689342244,127,46.27977342545696,127,44.11269432174007,0
2024-06-14 02:15:45.211246,127,42.39486489873495,127,51.07217102893493,127,46.13527844803208,0
2024-06-14 02:30:45.211246,127,50.951909013824285,127,52.59778015582852,127,49.226501076218554,0
2024-06-14 02:45:45.211246,127,50.662359136898054,127,54.119454044947744,127,59.45140772555604,0
2024-06-14 03:00:45.211246,127,47.48808186567788,127,43.17098707722963,127,47.84788118296049,0
2024-06-14 03:15:45.211246,127,52.818489415393906,127,58.626076681683415,127,50.90134810265466,0
2024-06-14 03:30:45.211246,127,43.90846412058477,127,45.502306659925004,127,50.2863024684653,0
2024-06-14 03:45:45.211246,127,51.07590008395861,127,46.295601956239956,127,49.772752909972326,0
2024-06-14 04:00:45.211246,127,0.0,127,0.0,127,0.0,30
2024-06-14 04:15:45.211246,127,48.72174518032287,127,49.945262321534045,127,48.254447157221875,0
2024-06-14 04:30:45.211246,127,53.62718765043633,127,52.960000279622385,127,46.2261592936519,0
2024-06-14 04:45:45.211246,127,47.534137940922044,127,54.72389605385514,127,49.87728338889141,0
2024-06-14 05:00:45.211246,127,0.0,127,0.0,127,0.0,30
2024-06-14 05:15:45.211246,127,49.835267845957986,127,45.154850452407054,127,43.792581877310006,0
2024-06-14 05:30:45.211246,127,48.36990555195404,127,50.33987164409927,127,52.47261229067657,0
2024-06-14 05:45:45.211246,127,46.75550397047548,127,56.1582054312086,127,66.08214340172643,0
2024-06-14 06:00:45.211246,127,56.280998349911414,127,62.94322204781398,127,45.060765240103,0
2024-06-14 06:15:45.211246,127,55.4390632053512,127,49.39581976365224,127,47.98740435062176,0
2024-06-14 06:30:45.211246,127,49.69759005151968,127,46.5831037703872,127,47.397182741184665,0
2024-06-14 06:45:45.211246,127,44.370986852165004,127,61.85356847384404,127,37.833882243430295,0
2024-06-14 07:00:45.211246,127,51.80759376192453,127,51.127604883013944,127,56.054038168771314,0
2024-06-14 07:15:45.211246,127,50.410531624886126,127,52.895969161258535,127,46.260119642435384,0
2024-06-14 07:30:45.211246,127,0.0,127,0.0,127,0.0,60
2024-06-14 07:45:45.211246,127,60.88691698693002,127,54.80419124890922,127,38.38244678077448,0
2024-06-14 08:00:45.211246,127,0.0,127,0.0,127,0.0,30
2024-06-14 08:15:45.211246,127,51.07951362217827,127,39.24435403516961,127,57.310200184176615,0
2024-06-14 08:30:45.211246,127,50.64978115152961,127,53.17331212588581,127,46.572780420087696,0
2024-06-14 08:45:45.211246,127,49.77863780331579,127,59.13839813498297,127,46.38789630412478,0
2024-06-14 09:00:45.211246,127,51.9117298457071,127,53.62478144772984,127,46.768681183833394,0
2024-06-14 09:15:45.211246,127,53.56877169281022,127,43.47111478489258,127,51.139539912454964,0
2024-06-14 09:30:45.211246,127,0.0,127,0.0,127,0.0,30
2024-06-14 09:45:45.211246,127,50.938456031230395,127,50.401974870355815,127,51.859362834563704,0
2024-06-14 10:00:45.211246,127,59.31189170889802,127,49.55711451794893,127,53.43288262961086,0
2024-06-14 10:15:45.211246,127,0.0,127,0.0,127,0.0,15
2024-06-14 10:30:45.211246,127,48.19429341844595,127,54.70750056313283,127,51.139059865942826,0
2024-06-14 10:45:45.211246,127,0.0,127,0.0,127,0.0,15
2024-06-14 11:00:45.211246,127,42.688359952465376,127,52.33657755299847,127,44.30603551191269,0
2024-06-14 11:15:45.211246,127,55.86814739460656,127,52.91094029836672,127,49.16667196617918,0
2024-06-14 11:30:45.211246,127,53.54841257887407,127,53.658881531835206,127,47.10237733932212,0
2024-06-14 11:45:45.211246,127,53.48967406764088,127,43.168218171004256,127,47.268503953671676,0
2024-06-14 12:00:45.211246,127,49.42593794699995,127,47.253966824912496,127,52.413666702188856,0
2024-06-14 12:15:45.211246,127,44.95939785052778,127,49.17399198582857,127,43.23110199497375,0
2024-06-14 12:30:45.211246,127,50.07468134123065,127,54.63924698009972,127,52.23334904775332,0
2024-06-14 12:45:45.211246,127,53.918335619720786,127,46.31179522147266,127,45.74140347478232,0
2024-06-14 13:00:45.211246,127,45.237135323215284,127,43.03621609122536,127,42.28069260236282,0
2024-06-14 13:15:45.211246,127,49.37142019932974,127,45.25938014587687,127,55.414438630335965,0
2024-06-14 13:30:45.211246,127,48.06207213149486,127,44.37877640117488,127,45.957640861488464,0
2024-06-14 13:45:45.211246,127,47.83404890900644,127,51.52016833676231,127,54.508282160369255,0
2024-06-14 14:00:45.211246,127,43.78662553545708,127,57.115450952108226,127,51.09047907419336,0
2024-06-14 14:15:45.211246,127,53.12603345440235,127,47.52138492180537,127,42.6510454948983,0
2024-06-14 14:30:45.211246,127,53.10739805963903,127,60.64083195188122,127,49.41847025215138,0
2024-06-14 14:45:45.211246,127,41.27632129544381,127,50.74323718994242,127,61.24624765217119,0
2024-06-14 15:00:45.211246,127,0.0,127,0.0,127,0.0,15
2024-06-14 15:15:45.211246,127,50.50997393966589,127,38.26843380845589,127,62.280993793705086,0
2024-06-14 15:30:45.211246,127,54.66167879279243,127,51.99013810550107,127,51.737909708823366,0
2024-06-14 15:45:45.211246,127,50.00658287936835,127,43.233958722759986,127,39.34645985806199,0
2024-06-14 16:00:45.211246,127,45.3468292789291,127,56.78247019814876,127,51.75737618633362,0
2024-06-14 16:15:45.211246,127,43.45514985263512,127,47.25763890558744,127,52.30159284185702,0
2024-06-14 16:30:45.211246,127,53.78381770340607,127,54.70976150738337,127,47.924876253448744,0
2024-06-14 16:45:45.211246,127,51.84920562143341,127,54.239909901786675,127,40.48377721397803,0
2024-06-14 17:00:45.211246,127,49.29409637316068,127,54.504302105501544,127,49.45434866001988,0
2024-06-14 17:15:45.211246,127,50.13631815110813,127,55.51968440173662,127,61.88094989819889,0
2024-06-14 17:30:45.211246,127,54.3874656745177,127,48.22495757890142,127,56.67853180630566,0
2024-06-14 17:45:45.211246,127,0.0,127,0.0,127,0.0,60
2024-06-14 18:00:45.211246,127,43.28103322086894,127,56.58834162307715,127,52.127480669318686,0
2024-06-14 18:15:45.211246,127,57.26870495711143,127,61.09941412971495,127,50.801318712697395,0
2024-06-14 18:30:45.211246,127,59.374550685197676,127,54.49036062858357,127,45.15231629448276,0
2024-06-14 18:45:45.211246,127,47.0636278731982,127,37.66771367657092,127,42.81575260679271,0
2024-06-14 19:00:45.211246,127,54.790618933939584,127,48.849692984179676,127,50.17330499772446,0
2024-06-14 19:15:45.211246,127,52.67224658648316,127,60.992244638309415,127,47.75905274188045,0
2024-06-14 19:30:45.211246,127,0.0,127,0.0,127,0.0,15
2024-06-14 19:45:45.211246,127,51.9503611316954,127,53.681415125891604,127,51.62866815251007,0
2024-06-14 20:00:45.211246,127,44.02127236227413,127,49.63865606687534,127,49.21393520367334,0
2024-06-14 20:15:45.211246,127,50.16522968656969,127,49.71341664183931,127,52.7843777860978,0
2024-06-14 20:30:45.211246,127,43.534572390029986,127,44.62828904645174,127,54.48823668844325,0
2024-06-14 20:45:45.211246,127,0.0,127,0.0,127,0.0,60
2024-06-14 21:00:45.211246,127,50.671555530923825,127,38.77611344380927,127,49.372202531047485,0
2024-06-14 21:15:45.211246,127,55.53729413617081,127,49.973587587625396,127,37.91270688927435,0
2024-06-14 21:30:45.211246,127,0.0,127,0.0,127,0.0,15
2024-06-14 21:45:45.211246,127,0.0,127,0.0,127,0.0,60
2024-06-14 22:00:45.211246,127,52.49199495977453,127,42.35137601964075,127,42.514533632826165,0
2024-06-14 22:15:45.211246,127,51.63532696933189,127,50.670521019207165,127,47.41186108587826,0
2024-06-14 22:30:45.211246,127,53.0562866538274,127,53.36985800757862,127,56.232303284516945,0
2024-06-14 22:45:45.211246,127,46.51978220164547,127,61.18096219405523,127,49.029659959812506,0
2024-06-14 23:00:45.211246,127,0.0,127,0.0,127,0.0,60
2024-06-14 23:15:45.211246,127,49.3425207546879,127,59.073695126419295,127,42.30872466557618,0
2024-06-14 23:30:45.211246,127,47.54248041747438,127,51.8116272113987,127,55.799706273515255,0
2024-06-14 23:45:45.211246,127,50.05850352300492,127,46.45309499513378,127,49.85215740529705,0
2024-06-15 00:00:45.211246,127,62.84902172992872,127,49.48157896387393,127,48.37170337819362,0
2024-06-15 00:15:45.211246,127,48.71029826006988,127,47.71452095525239,127,53.250301968897645,0
2024-06-15 00:30:45.211246,127,49.96127705307563,127,54.33137168183666,127,52.348100511061155,0
2024-06-15 00:45:45.211246,127,44.59848881042791,127,46.20294455090655,127,53.547150897367544,0
2024-06-15 01:00:45.211246,127,0.0,127,0.0,127,0.0,60
2024-06-15 01:15:45.211246,127,37.86370562193906,127,51.382186232747806,127,58.22926617106459,0
2024-06-15 01:30:45.211246,127,53.60021829287826,127,55.301835526828924,127,43.89724479790819,0
2024-06-15 01:45:45.211246,127,55.02223476471818,127,50.06579898367991,127,47.6770187126002,0
2024-06-15 02:00:45.211246,127,42.490114703219454,127,51.604427662312,127,47.76108082427416,0
2024-06-15 02:15:45.211246,127,52.864727385219034,127,46.426193400719846,127,49.76572591880266,0
2024-06-15 02:30:45.211246,127,62.58508992597707,127,41.03847099361061,127,50.86609208331917,0
2024-06-15 02:45:45.211246,127,40.12666224331531,127,52.892880820008756,127,47.419559830666536,0
2024-06-15 03:00:45.211246,127,0.0,127,0.0,127,0.0,60
2024-06-15 03:15:45.211246,127,49.2134495162487,127,45.20685892834004,127,51.226123666470386,0
2024-06-15 03:30:45.211246,127,47.12748384587818,127,48.60932648711721,127,44.56157217405991,0
2024-06-15 03:45:45.211246,127,42.18409914270311,127,61.791643613743865,127,51.608198063560955,0
2024-06-15 04:00:45.211246,127,50.268196902244426,127,48.946261310089774,127,49.34014910060799,0
2024-06-15 04:15:45.211246,127,49.31789759458968,127,60.52653024065169,127,41.271093425502244,0
2024-06-15 04:30:45.211246,127,51.35787960490108,127,46.207465946078536,127,59.083473240308926,0
2024-06-15 04:45:45.211246,127,46.530140033881125,127,54.80546568290704,127,47.848749884706095,0
2024-06-15 05:00:45.211246,127,50.591787346644914,127,41.528032295945394,127,42.6129727921411,0
2024-06-15 05:15:45.211246,127,53.29687294730235,127,52.678488855438665,127,42.736917597325345,0
2024-06-15 05:30:45.211246,127,45.515387086251216,127,47.43883100715702,127,48.028933753826784,0
2024-06-15 05:45:45.211246,127,52.59921820451117,127,48.46241992342282,127,58.26241435259445,0
2024-06-15 06:00:45.211246,127,48.14837071656954,127,57.880147450419386,127,40.497090208211155,0
2024-06-15 06:15:45.211246,127,50.99366997973746,127,42.95213279775701,127,44.02141485691931,0
2024-06-15 06:30:45.211246,127,47.49889869066419,127,41.590998432460985,127,51.22961129270158,0
2024-06-15 06:45:45.211246,127,0.0,127,0.0,127,0.0,30
2024-06-15 07:00:45.211246,127,49.32656304755783,127,60.76584767128368,127,52.0892470617603,0
2024-06-15 07:15:45.211246,127,44.698106463708335,127,41.794340433478396,127,48.661002537903634,0
2024-06-15 07:30:45.211246,127,41.82532250619117,127,51.71064686923268,127,49.903157533391315,0
2024-06-15 07:45:45.211246,127,52.418119035450516,127,45.02395996930174,127,51.7157992889554,0
2024-06-15 08:00:45.211246,127,49.33626890146855,127,49.22749374731528,127,40.875447713822176,0
2024-06-15 08:15:45.211246,127,41.397041959588286,127,54.20195487823819,127,43.94898122934747,0
2024-06-15 08:30:45.211246,127,49.038890726720126,127,50.8875636079251,127,51.48998082005787,0
2024-06-15 08:45:45.211246,127,48.212135025052824,127,52.880199022102786,127,45.85259488524671,0
2024-06-15 09:00:45.211246,127,35.08045651086646,127,51.29146791039219,127,41.479771671125434,0
2024-06-15 09:15:45.211246,127,57.65198045485373,127,48.57167010584776,127,42.22707431164833,0
2024-06-15 09:30:45.211246,127,49.059698990837646,127,51.01381421531632,127,47.50762213002267,0
2024-06-15 09:45:45.211246,127,50.36214784536137,127,51.77214749745606,127,45.301421151418005,0
2024-06-15 10:00:45.211246,127,59.22553328853271,127,51.349743119812466,127,57.427175262549255,0
2024-06-15 10:15:45.211246,127,0.0,127,0.0,127,0.0,15
2024-06-15 10:30:45.211246,127,46.62464677328087,127,44.76874491457596,127,43.188325701460485,0
2024-06-15 10:45:45.211246,127,52.06273771134275,127,58.221759752975736,127,60.98237748816806,0
2024-06-15 11:00:45.211246,127,50.18198634564155,127,44.27217404647828,127,55.8181166093175,0
2024-06-15 11:15:45.211246,127,39.74927930190552,127,45.87631026405057,127,50.706189501645824,0
2024-06-15 11:30:45.211246,127,48.637782216045316,127,39.956899435401965,127,45.035632995146834,0
2024-06-15 11:45:45.211246,127,0.0,127,0.0,127,0.0,30
2024-06-15 12:00:45.211246,127,54.89467424423164,127,55.62692906259004,127,59.127290358933024,0
2024-06-15 12:15:45.211246,127,50.77840300882121,127,53.500848273225195,127,42.3365523069128,0
2024-06-15 12:30:45.211246,127,49.014488230719124,127,57.3924591471891,127,47.78266320808802,0
2024-06-15 12:45:45.211246,127,43.16278652773566,127,35.21041539620676,127,56.711811672088025,0
2024-06-15 13:00:45.211246,127,49.45068117904786,127,45.90677751530185,127,45.05181133327142,0
2024-06-15 13:15:45.211246,127,48.498933172253736,127,44.347762189520054,127,54.95654476840744,0
2024-06-15 13:30:45.211246,127,45.008876018163974,127,45.94840916462505,127,40.43948950783434,0
2024-06-15 13:45:45.211246,127,0.0,127,0.0,127,0.0,60
2024-06-15 14:00:45.211246,127,42.81636103341395,127,61.25152841967629,127,39.516103540430166,0
2024-06-15 14:15:45.211246,127,58.002896564077815,127,42.65907658058669,127,54.253304122324245,0
2024-06-15 14:30:45.211246,127,46.785049760540105,127,45.720280678159355,127,58.61401873415794,0
2024-06-15 14:45:45.211246,127,54.781077275636825,127,47.412017720363956,127,47.981218738021305,0
2024-06-15 15:00:45.211246,127,50.82609192878148,127,50.21949616439917,127,51.314497935926,0
2024-06-15 15:15:45.211246,127,60.29808182456334,127,43.97854266558171,127,51.64574723839724,0
2024-06-15 15:30:45.211246,127,52.80523408646477,127,44.81172320210738,127,51.477355341306136,0
2024-06-15 15:45:45.211246,127,53.62015029106002,127,50.994810305083845,127,48.31660760763743,0
2024-06-15 16:00:45.211246,127,60.01679384914819,127,42.06074133681837,127,51.749137137675774,0
2024-06-15 16:15:45.211246,127,59.40402413273467,127,47.271511949651035,127,54.61204876404769,0
2024-06-15 16:30:45.211246,127,54.58202708817902,127,52.049872644043106,127,50.641587796534125,0
2024-06-15 16:45:45.211246,127,55.388281771919736,127,52.07475901041272,127,49.68939294936791,0
2024-06-15 17:00:45.211246,127,56.54168965780405,127,53.9693178516934,127,44.44962882223728,0
2024-06-15 17:15:45.211246,127,44.760431869630885,127,42.66209455775951,127,49.959563077449936,0
2024-06-15 17:30:45.211246,127,51.146590295384655,127,55.74361164891495,127,56.20798013005471,0
2024-06-15 17:45:45.211246,127,49.7356757358091,127,60.33380028526071,127,53.811075229338385,0
2024-06-15 18:00:45.211246,127,53.84547000776199,127,56.03322610127029,127,57.342703462640934,0
2024-06-15 18:15:45.211246,127,50.39007476354202,127,59.129413639025856,127,53.06495889157453,0
2024-06-15 18:30:45.211246,127,0.0,127,0.0,127,0.0,60
2024-06-15 18:45:45.211246,127,41.47453787917735,127,51.23334104612502,127,50.71266672601229,0
2024-06-15 19:00:45.211246,127,50.39982155111596,127,58.2961249989668,127,52.75432091187702,0
2024-06-15 19:15:45.211246,127,0.0,127,0.0,127,0.0,30
2024-06-15 19:30:45.211246,127,52.960298069829356,127,48.50268279687834,127,51.734027474800456,0
2024-06-15 19:45:45.211246,127,47.05012154177161,127,51.151532766529215,127,48.09593914404146,0
2024-06-15 20:00:45.211246,127,0.0,127,0.0,127,0.0,15
2024-06-15 20:15:45.211246,127,54.496614061726916,127,46.33256852264713,127,48.30191559909024,0
2024-06-15 20:30:45.211246,127,48.76690184369656,127,43.84274301087165,127,45.459329078169716,0
2024-06-15 20:45:45.211246,127,43.821995630552586,127,42.723090172806934,127,43.94954497441621,0
2024-06-15 21:00:45.211246,127,0.0,127,0.0,127,0.0,15
2024-06-15 21:15:45.211246,127,53.92198113637004,127,49.27089016305699,127,47.08979823811458,0
2024-06-15 21:30:45.211246,127,52.70040439073722,127,44.169056300982945,127,48.963793047420424,0
2024-06-15 21:45:45.211246,127,47.19448397294372,127,50.4508575351997,127,47.63965767875777,0
2024-06-15 22:00:45.211246,127,49.1188438782041,127,47.52934059383755,127,62.920359995432655,0
2024-06-15 22:15:45.211246,127,57.127625698317296,127,52.759078654405464,127,58.26636095357938,0
2024-06-15 22:30:45.211246,127,52.87631019190752,127,49.91083735126856,127,42.719135743862935,0
2024-06-15 22:45:45.211246,127,48.25547052469026,127,50.32565665344003,127,51.07778084645743,0
2024-06-15 23:00:45.211246,127,40.067225298882775,127,51.38907857356696,127,50.11538013121461,0
2024-06-15 23:15:45.211246,127,0.0,127,0.0,127,0.0,15
2024-06-15 23:30:45.211246,127,38.8119915107294,127,51.61433741722073,127,50.13784567536696,0
2024-06-15 23:45:45.211246,127,44.921701081375964,127,54.19405384110864,127,54.97192568473273,0
2024-06-16 00:00:45.211246,127,54.536478710161845,127,51.417054610551915,127,45.076808413915174,0
2024-06-16 00:15:45.211246,127,49.07358694038716,127,48.7458614374139,127,40.06179507201332,0
2024-06-16 00:30:45.211246,127,54.88789117330244,127,51.32274642289842,127,46.463397545917374,0
2024-06-16 00:45:45.211246,127,48.023049663320066,127,56.14153290556568,127,43.09828314034573,0
2024-06-16 01:00:45.211246,127,0.0,127,0.0,127,0.0,30
2024-06-16 01:15:45.211246,127,48.43798904344033,127,49.747124641871686,127,49.98497909851382,0
2024-06-16 01:30:45.211246,127,46.39776175102554,127,53.525178062132305,127,45.665688815095336,0
2024-06-16 01:45:45.211246,127,47.174046169078466,127,55.71970798552106,127,56.43432327767213,0
2024-06-16 02:00:45.211246,127,46.6957329509027,127,49.02557622768359,127,48.1161836604109,0
2024-06-16 02:15:45.211246,127,50.51574291115352,127,49.34066719940789,127,50.286991421710745,0
2024-06-16 02:30:45.211246,127,0.0,127,0.0,127,0.0,60
2024-06-16 02:45:45.211246,127,47.043255977827876,127,47.09688165582611,127,48.11328328663425,0
2024-06-16 03:00:45.211246,127,42.24304791429957,127,45.53046247869852,127,48.306405685095356,0
2024-06-16 03:15:45.211246,127,45.75615965597974,127,50.797373997487895,127,56.2490583242254,0
2024-06-16 03:30:45.211246,127,52.873347713497175,127,54.371340725665505,127,48.80708873537699,0
2024-06-16 03:45:45.211246,127,0.0,127,0.0,127,0.0,60
2024-06-16 04:00:45.211246,127,49.00904171289526,127,49.29750079210287,127,46.62656141239935,0
2024-06-16 04:15:45.211246,127,52.023295865195905,127,49.349474099631784,127,41.07659005807112,0
2024-06-16 04:30:45.211246,127,47.31857362321454,127,53.75082274259596,127,39.812927782920475,0
2024-06-16 04:45:45.211246,127,48.97099105813534,127,45.387903049424054,127,52.55070048101248,0
2024-06-16 05:00:45.211246,127,0.0,127,0.0,127,0.0,30
2024-06-16 05:15:45.211246,127,48.87644019950539,127,49.991073191448336,127,53.603424537083356,0
2024-06-16 05:30:45.211246,127,53.54093133590063,127,45.76193023792676,127,42.68423501240337,0
2024-06-16 05:45:45.211246,127,0.0,127,0.0,127,0.0,60
2024-06-16 06:00:45.211246,127,53.48277289968363,127,50.094512026129514,127,49.904867932796805,0
2024-06-16 06:15:45.211246,127,47.31945966603776,127,54.273496859720936,127,47.517728591183605,0
2024-06-16 06:30:45.211246,127,45.13856672909645,127,55.683586017212406,127,41.41069531656659,0
2024-06-16 06:45:45.211246,127,53.0863094734141,127,49.635012318497026,127,51.48795733854902,0
2024-06-16 07:00:45.211246,127,0.0,127,0.0,127,0.0,60
2024-06-16 07:15:45.211246,127,0.0,127,0.0,127,0.0,15
2024-06-16 07:30:45.211246,127,52.304936436801796,127,46.52937920456267,127,47.21175290970445,0
2024-06-16 07:45:45.211246,127,0.0,127,0.0,127,0.0,30
2024-06-16 08:00:45.211246,127,51.91832772492899,127,51.217769299623264,127,49.94359946930792,0
2024-06-16 08:15:45.211246,127,45.970421246040786,127,49.525087115818074,127,53.07751710690847,0
2024-06-16 08:30:45.211246,127,43.58305441813214,127,45.69549853011496,127,55.741649864406185,0
2024-06-16 08:45:45.211246,127,44.40996698704495,127,42.52239850085143,127,52.32321624886325,0
2024-06-16 09:00:45.211246,127,0.0,127,0.0,127,0.0,30
2024-06-16 09:15:45.211246,127,0.0,127,0.0,127,0.0,15
2024-06-16 09:30:45.211246,127,48.67529750889213,127,47.95566248826233,127,50.132767415887606,0
2024-06-16 09:45:45.211246,127,54.74716412332601,127,51.28785565757687,127,47.34693082721453,0
2024-06-16 10:00:45.211246,127,54.71177921409596,127,47.97756027988116,127,48.60618165427086,0
2024-06-16 10:15:45.211246,127,55.416433948466405,127,49.39002098752027,127,57.35478605432992,0
2024-06-16 10:30:45.211246,127,49.731462237455204,127,52.39146127442524,127,49.77212203146776,0
2024-06-16 10:45:45.211246,127,0.0,127,0.0,127,0.0,15
2024-06-16 11:00:45.211246,127,55.034357862686655,127,46.02910582859764,127,53.55643787697128,0
2024-06-16 11:15:45.211246,127,0.0,127,0.0,127,0.0,15
2024-06-16 11:30:45.211246,127,54.73740505410729,127,51.74467432563097,127,49.36972599954032,0
2024-06-16 11:45:45.211246,127,55.378065866088576,127,49.497866087023745,127,53.70717739856349,0
2024-06-16 12:00:45.211246,127,44.26134534739794,127,48.50040158340027,127,47.32637172247791,0
2024-06-16 12:15:45.211246,127,47.20732320865033,127,46.522596038280916,127,39.00664666609574,0
2024-06-16 12:30:45.211246,127,39.94052224202463,127,46.16825218936635,127,61.069617922868204,0
2024-06-16 12:45:45.211246,127,51.59682310862642,127,47.137774164625576,127,50.870780823253284,0
2024-06-16 13:00:45.211246,127,53.13138481512935,127,55.58768505006466,127,47.74232456232881,0
2024-06-16 13:15:45.211246,127,56.79303589366202,127,52.09783288525117,127,63.64885128602293,0
2024-06-16 13:30:45.211246,127,0.0,127,0.0,127,0.0,30
2024-06-16 13:45:45.211246,127,57.19049850368637,127,47.63134073339335,127,56.32383291210042,0
2024-06-16 14:00:45.211246,127,48.208570172545606,127,41.364096890376736,127,47.40562973652629,0
2024-06-16 14:15:45.211246,127,52.84696864098704,127,59.092435741480585,127,57.44188489073108,0
2024-06-16 14:30:45.211246,127,51.415972402948434,127,58.075497981875,127,49.59768257167757,0
2024-06-16 14:45:45.211246,127,42.46090378304546,127,42.56603309472559,127,45.56222360701427,0
2024-06-16 15:00:45.211246,127,0.0,127,0.0,127,0.0,15
2024-06-16 15:15:45.211246,127,51.676217050818295,127,45.76496848205526,127,50.12819057418848,0
2024-06-16 15:30:45.211246,127,42.371405919720395,127,56.371590789693585,127,50.5127633736904,0
2024-06-16 15:45:45.211246,127,37.395247931989246,127,48.82247112657145,127,53.76537853457733,0
2024-06-16 16:00:45.211246,127,0.0,127,0.0,127,0.0,60
2024-06-16 16:15:45.211246,127,48.392882048401695,127,57.46079698982947,127,49.01248439910541,0
2024-06-16 16:30:45.211246,127,56.40737900433819,127,48.35127103466764,127,48.67063349157416,0
2024-06-16 16:45:45.211246,127,52.87182076711582,127,45.08962457369846,127,48.359673825553166,0
2024-06-16 17:00:45.211246,127,47.405264974141716,127,45.29030748209258,127,54.99858783261828,0
2024-06-16 17:15:45.211246,127,48.60905480191952,127,44.77590224166806,127,46.64866648921029,0
2024-06-16 17:30:45.211246,127,52.626095362311936,127,50.00973054264026,127,44.89099964648082,0
2024-06-16 17:45:45.211246,127,56.68595559209435,127,47.783194310765275,127,50.66446106723384,0
2024-06-16 18:00:45.211246,127,47.97950930907832,127,48.61219117825451,127,58.44634936466812,0
2024-06-16 18:15:45.211246,127,52.491244969285226,127,49.29504694379745,127,45.46863152576961,0
2024-06-16 18:30:45.211246,127,0.0,127,0.0,127,0.0,15
2024-06-16 18:45:45.211246,127,43.24687379566667,127,50.618811311733296,127,53.832922382757644,0
2024-06-16 19:00:45.211246,127,44.71866973733828,127,46.12934192564278,127,47.577730541183854,0
2024-06-16 19:15:45.211246,127,50.217859514745385,127,57.26247251576381,127,51.70021410076055,0
2024-06-16 19:30:45.211246,127,50.76579142726364,127,47.43106578757838,127,46.49579257700548,0
2024-06-16 19:45:45.211246,127,0.0,127,0.0,127,0.0,30
2024-06-16 20:00:45.211246,127,0.0,127,0.0,127,0.0,60
2024-06-16 20:15:45.211246,127,50.41389931864537,127,51.58654429458184,127,54.42849223537025,0
2024-06-16 20:30:45.211246,127,0.0,127,0.0,127,0.0,15
2024-06-16 20:45:45.211246,127,44.84570953515487,127,45.679822970829534,127,49.52162927215024,0
2024-06-16 21:00:45.211246,127,52.801119536570546,127,50.327370782299134,127,50.43344002489651,0
2024-06-16 21:15:45.211246,127,43.958311384444556,127,52.09938408997695,127,45.06491258730888,0
2024-06-16 21:30:45.211246,127,56.61759493228772,127,52.60360322531295,127,51.975543463886304,0
2024-06-16 21:45:45.211246,127,49.9027357805366,127,58.1451570538885,127,54.4541555374489,0
2024-06-16 22:00:45.211246,127,56.20451940720986,127,58.99377175004898,127,48.678564955833366,0
2024-06-16 22:15:45.211246,127,58.619526919149,127,51.277641817613336,127,56.30953817867529,0
2024-06-16 22:30:45.211246,127,45.60887292026934,127,51.177804830299294,127,53.94535984247726,0
2024-06-16 22:45:45.211246,127,56.62974090679137,127,52.20488218083916,127,51.67174293334543,0
2024-06-16 23:00:45.211246,127,44.171178987017925,127,52.27036169976395,127,52.41845184567897,0
2024-06-16 23:15:45.211246,127,56.10947803258871,127,49.08950528305216,127,47.868291671437724,0
2024-06-16 23:30:45.211246,127,48.11025448232732,127,54.961992648788865,127,50.40891671720631,0
2024-06-16 23:45:45.211246,127,0.0,127,0.0,127,0.0,60
2024-06-17 00:00:45.211246,127,50.59702611241847,127,47.32486837532477,127,52.56197111830462,0
2024-06-17 00:15:45.211246,127,50.38480153062782,127,46.234693913836615,127,53.08251807832945,0
2024-06-17 00:30:45.211246,127,51.89424106911738,127,56.15958378334321,127,44.79563603653548,0
2024-06-17 00:45:45.211246,127,44.30796742897094,127,51.04836920714881,127,52.15506430380512,0
2024-06-17 01:00:45.211246,127,0.0,127,0.0,127,0.0,30
2024-06-17 01:15:45.211246,127,49.207254164188726,127,47.16803663492533,127,47.919812653289824,0
2024-06-17 01:30:45.211246,127,0.0,127,0.0,127,0.0,30
2024-06-17 01:45:45.211246,127,47.82668577676381,127,51.096642922694464,127,44.3048608912019,0
2024-06-17 02:00:45.211246,127,43.228829741234506,127,51.003341773891314,127,47.58907921058751,0
2024-06-17 02:15:45.211246,127,48.35963827871071,127,56.21654069893694,127,62.014131572427104,0
2024-06-17 02:30:45.211246,127,52.69187967324416,127,43.97589075394681,127,47.40638840902496,0
2024-06-17 02:45:45.211246,127,41.876771215256525,127,53.417518305211935,127,61.413296889799106,0
2024-06-17 03:00:45.211246,127,51.669713099188996,127,48.95411529498445,127,50.35986349265908,0
2024-06-17 03:15:45.211246,127,51.59098838431805,127,46.474632356148945,127,48.32565187428071,0
2024-06-17 03:30:45.211246,127,0.0,127,0.0,127,0.0,30
2024-06-17 03:45:45.211246,127,46.03853007940518,127,52.09357927249636,127,50.47966234891353,0
2024-06-17 04:00:45.211246,127,55.24768496007103,127,50.54065992735601,127,46.721134759880165,0
2024-06-17 04:15:45.211246,127,51.389936801601266,127,44.09718644592707,127,39.992865064987,0
2024-06-17 04:30:45.211246,127,49.23554331971145,127,37.61560914469683,127,52.52506999886774,0
2024-06-17 04:45:45.211246,127,58.83806625028838,127,49.991871000237076,127,51.11056752146607,0
2024-06-17 05:00:45.211246,127,54.98072329333796,127,54.80965155280427,127,42.90658952968425,0
2024-06-17 05:15:45.211246,127,50.5813551324742,127,51.45241556084677,127,45.56792868325339,0
2024-06-17 05:30:45.211246,127,50.75918357569363,127,59.347098178433754,127,52.508544361170465,0
2024-06-17 05:45:45.211246,127,55.692588869909414,127,46.267194118996414,127,50.50431921441199,0
2024-06-17 06:00:45.211246,127,55.12293082479485,127,45.445853273156644,127,50.85892526533267,0
2024-06-17 06:15:45.211246,127,43.95553257683174,127,56.01519283894818,127,47.67750411622456,0
2024-06-17 06:30:45.211246,127,47.76705547573308,127,56.45247567487987,127,46.34522695461924,0
2024-06-17 06:45:45.211246,127,0.0,127,0.0,127,0.0,30
2024-06-17 07:00:45.211246,127,50.633585777503775,127,56.51882787733552,127,45.293396115380915,0
2024-06-17 07:15:45.211246,127,47.56131521692331,127,51.22948422644769,127,49.49855307904754,0
2024-06-17 07:30:45.211246,127,47.8558158072457,127,50.87971211626074,127,41.69829746920326,0
2024-06-17 07:45:45.211246,127,50.593730525812205,127,52.32457269962076,127,48.28187834647725,0
2024-06-17 08:00:45.211246,127,0.0,127,0.0,127,0.0,60
2024-06-17 08:15:45.211246,127,50.19955453080578,127,49.52490572499092,127,57.76384123746645,0
2024-06-17 08:30:45.211246,127,46.407027951659586,127,46.347029024334184,127,57.562883504338295,0
2024-06-17 08:45:45.211246,127,45.7231261671257,127,49.56392278695167,127,58.30796885080037,0
2024-06-17 09:00:45.211246,127,48.05558238813849,127,51.63881928991097,127,56.29722366131883,0
2024-06-17 09:15:45.211246,127,50.376577607697016,127,59.522253401388916,127,48.447077964775275,0
2024-06-17 09:30:45.211246,127,55.47118695973927,127,49.65114166544635,127,41.52794848657172,0
2024-06-17 09:45:45.211246,127,48.237866415620616,127,46.2991071726384,127,51.341778427511905,0
2024-06-17 10:00:45.211246,127,46.3010219630299,127,45.94682083806825,127,47.746334993430025,0
2024-06-17 10:15:45.211246,127,56.09443332672154,127,47.742939598497,127,51.40950666554095,0
2024-06-17 10:30:45.211246,127,44.0286834429712,127,61.66211769080097,127,46.234943069560856,0
2024-06-17 10:45:45.211246,127,50.412467647879545,127,61.622549038820026,127,39.03046406903161,0
2024-06-17 11:00:45.211246,127,0.0,127,0.0,127,0.0,30
2024-06-17 11:15:45.211246,127,45.78409067218237,127,54.79501896216417,127,46.97286074062139,0
2024-06-17 11:30:45.211246,127,0.0,127,0.0,127,0.0,30
2024-06-17 11:45:45.211246,127,47.893632731838125,127,52.920852796177726,127,48.63807661320238,0
2024-06-17 12:00:45.211246,127,46.95633903220884,127,53.308160885239474,127,60.61198312164046,0
2024-06-17 12:15:45.211246,127,60.51626939078018,127,47.90066835132344,127,49.6895830941628,0
2024-06-17 12:30:45.211246,127,0.0,127,0.0,127,0.0,60
2024-06-17 12:45:45.211246,127,0.0,127,0.0,127,0.0,60
2024-06-17 13:00:45.211246,127,0.0,127,0.0,127,0.0,60
2024-06-17 13:15:45.211246,127,38.464734179227044,127,47.37675181188604,127,49.15086852301138,0
2024-06-17 13:30:45.211246,127,52.69702875607646,127,58.848422596766085,127,46.133017594677824,0
2024-06-17 13:45:45.211246,127,51.56763544578388,127,58.718981420586076,127,42.446171104117695,0
2024-06-17 14:00:45.211246,127,57.06188497935988,127,54.12122124100495,127,59.44253349677688,0
2024-06-17 14:15:45.211246,127,48.08919311874733,127,47.37080926849736,127,54.07009761447182,0
2024-06-17 14:30:45.211246,127,46.95292930069193,127,55.11645549518514,127,51.17765619611694,0
2024-06-17 14:45:45.211246,127,51.38258197853018,127,57.58867046822746,127,45.64835646318724,0
2024-06-17 15:00:45.211246,127,46.604357944440196,127,48.585393012948856,127,47.599237036682304,0
2024-06-17 15:15:45.211246,127,45.53422788856257,127,37.32378874628094,127,54.443508995088266,0
2024-06-17 15:30:45.211246,127,45.98893029041521,127,46.76571972250622,127,47.018648623281464,0
2024-06-17 15:45:45.211246,127,50.90409148448848,127,54.48361661401853,127,55.850654612766405,0
2024-06-17 16:00:45.211246,127,52.233947929392585,127,53.444383544824746,127,46.07109269170279,0
2024-06-17 16:15:45.211246,127,48.07921052526342,127,55.108890431950385,127,51.2908026428727,0
2024-06-17 16:30:45.211246,127,52.547883982986114,127,57.18593237116629,127,55.947141332403746,0
2024-06-17 16:45:45.211246,127,56.54756853955258,127,49.937900671842094,127,52.4149831258938,0
2024-06-17 17:00:45.211246,127,55.82942489626583,127,44.77997438116432,127,51.21354944081881,0
2024-06-17 17:15:45.211246,127,37.65084354427358,127,51.78811619730034,127,37.43096457918757,0
2024-06-17 17:30:45.211246,127,48.85155945773561,127,50.7035357610125,127,54.237352943418955,0
2024-06-17 17:45:45.211246,127,0.0,127,0.0,127,0.0,15
2024-06-17 18:00:45.211246,127,63.08934531910673,127,53.141482382727816,127,53.22775791099506,0
2024-06-17 18:15:45.211246,127,49.026151610442895,127,52.671540595553545,127,54.173518149972594,0
2024-06-17 18:30:45.211246,127,0.0,127,0.0,127,0.0,30
2024-06-17 18:45:45.211246,127,54.37967436232139,127,52.29129313780641,127,56.38559225630233,0
2024-06-17 19:00:45.211246,127,0.0,127,0.0,127,0.0,30
2024-06-17 19:15:45.211246,127,45.07478715532436,127,55.74003472293929,127,46.15532525344099,0
2024-06-17 19:30:45.211246,127,45.354089429842595,127,43.23567719904226,127,54.585218382632775,0
2024-06-17 19:45:45.211246,127,45.06724855458805,127,56.51131967685319,127,49.60466855750867,0
2024-06-17 20:00:45.211246,127,49.16177044535581,127,64.70528132555272,127,47.250292644366695,0
2024-06-17 20:15:45.211246,127,46.69202968104977,127,56.54458964760347,127,53.773888919926755,0
2024-06-17 20:30:45.211246,127,53.9118789944116,127,57.17181908341251,127,51.17169523024575,0
2024-06-17 20:45:45.211246,127,0.0,127,0.0,127,0.0,60
2024-06-17 21:00:45.211246,127,48.767732536935135,127,60.31933063923273,127,48.856993863510596,0
2024-06-17 21:15:45.211246,127,50.00623923505534,127,48.048458378288515,127,35.857198244197875,0
2024-06-17 21:30:45.211246,127,43.57467850904245,127,52.831376584055775,127,46.003197142303726,0
2024-06-17 21:45:45.211246,127,39.063269240782205,127,52.903935218401,127,48.14698636326385,0
2024-06-17 22:00:45.211246,127,0.0,127,0.0,127,0.0,15
2024-06-17 22:15:45.211246,127,48.15062284297792,127,48.89268377653678,127,52.22171713172171,0
2024-06-17 22:30:45.211246,127,45.41991772934186,127,52.473671325908015,127,59.41158691131039,0
2024-06-17 22:45:45.211246,127,44.59124737446672,127,54.5318467632236,127,57.057719515523054,0
2024-06-17 23:00:45.211246,127,45.27738686099576,127,54.44870162062288,127,46.04749333875093,0
2024-06-17 23:15:45.211246,127,44.96040518691005,127,43.82525809221782,127,56.07814916606284,0
2024-06-17 23:30:45.211246,127,41.39313056272194,127,47.8794415805123,127,39.25479576236419,0
2024-06-17 23:45:45.211246,127,51.1029404870568,127,46.39015676692177,127,53.36547287333518,0
2024-06-18 00:00:45.211246,127,46.538961382675105,127,47.37386776462311,127,47.014503361633366,0
2024-06-18 00:15:45.211246,127,48.453556518546534,127,51.937577557834715,127,51.72683520422196,0
2024-06-18 00:30:45.211246,127,57.734204964660755,127,47.45020172588753,127,41.43040744409004,0
2024-06-18 00:45:45.211246,127,55.489810172891396,127,49.190731138895735,127,59.36336389841811,0
2024-06-18 01:00:45.211246,127,49.09952041216671,127,46.09124815130812,127,47.60912695070861,0
2024-06-18 01:15:45.211246,127,51.439857980415944,127,50.63139273527723,127,57.68596299705239,0
2024-06-18 01:30:45.211246,127,49.99349836092315,127,50.010730282600136,127,47.40181989198987,0
2024-06-18 01:45:45.211246,127,46.575388953477656,127,50.67777857850842,127,47.45690530227943,0
2024-06-18 02:00:45.211246,127,46.652749061515316,127,50.51688086780825,127,55.13837178050419,0
2024-06-18 02:15:45.211246,127,52.351691956292456,127,54.18157209643271,127,49.156249099942016,0
2024-06-18 02:30:45.211246,127,0.0,127,0.0,127,0.0,30
2024-06-18 02:45:45.211246,127,53.26707100258047,127,53.16906991083472,127,47.78541348728431,0
2024-06-18 03:00:45.211246,127,54.4146066552751,127,57.64137484304815,127,51.7906072976702,0
2024-06-18 03:15:45.211246,127,48.87136980939491,127,46.08168360040299,127,47.95496707316724,0
2024-06-18 03:30:45.211246,127,48.12370483788418,127,57.041700690533816,127,50.554898917018875,0
2024-06-18 03:45:45.211246,127,48.99708343061957,127,59.638530464890174,127,46.67933429217426,0
2024-06-18 04:00:45.211246,127,55.44079359270526,127,56.04199671296088,127,40.93384786030209,0
2024-06-18 04:15:45.211246,127,51.42098851600232,127,47.88541815525608,127,59.779417275925226,0
2024-06-18 04:30:45.211246,127,36.10461443459093,127,42.549580347390894,127,54.97395076322952,0
2024-06-18 04:45:45.211246,127,55.57824276644399,127,48.28762003793961,127,42.42841697469643,0
2024-06-18 05:00:45.211246,127,50.045819414003084,127,51.41633749910814,127,52.179318928595706,0
2024-06-18 05:15:45.211246,127,44.86900758347609,127,55.99755537868408,127,48.32543255092907,0
2024-06-18 05:30:45.211246,127,49.99080333437582,127,48.885099893049556,127,51.09742261621472,0
2024-06-18 05:45:45.211246,127,44.99574828812301,127,48.49474190198443,127,52.05764436791824,0
2024-06-18 06:00:45.211246,127,44.82801981659317,127,52.500939321719336,127,50.045372173906784,0
2024-06-18 06:15:45.211246,127,58.37140649022831,127,41.5326965369531,127,36.29692628427426,0
2024-06-18 06:30:45.211246,127,56.979315112623965,127,48.28101293498593,127,52.51437047637287,0
2024-06-18 06:45:45.211246,127,60.63310260334638,127,42.69790653153032,127,54.877028327193955,0
2024-06-18 07:00:45.211246,127,54.371854118121675,127,56.4448337424253,127,49.02185770552328,0
2024-06-18 07:15:45.211246,127,55.35759053078223,127,56.66381136846378,127,54.1752145492472,0
2024-06-18 07:30:45.211246,127,54.178251198884446,127,44.99385655776568,127,55.43684949697699,0
2024-06-18 07:45:45.211246,127,52.37267435247717,127,47.70378667735321,127,49.01894178012592,0
2024-06-18 08:00:45.211246,127,41.04636823977425,127,43.44114210477007,127,53.91174469434986,0
2024-06-18 08:15:45.211246,127,43.62127343300872,127,47.63322878776965,127,52.942953850355565,0
2024-06-18 08:30:45.211246,127,47.926335223456405,127,48.920379967795554,127,57.56861858446173,0
2024-06-18 08:45:45.211246,127,48.77953983107954,127,46.032023480739475,127,51.51778082075695,0
2024-06-18 09:00:45.211246,127,38.311270056876474,127,47.29154815140108,127,45.3774816002591,0
2024-06-18 09:15:45.211246,127,50.80726912745342,127,53.08607563656444,127,45.630900119598884,0
2024-06-18 09:30:45.211246,127,60.34487848718503,127,51.78593391134048,127,50.81940122472391,0
2024-06-18 09:45:45.211246,127,57.655128296503165,127,49.25745212006568,127,53.126385255423415,0
2024-06-18 10:00:45.211246,127,43.11180897020453,127,46.07671872340694,127,46.602411614521294,0
2024-06-18 10:15:45.211246,127,54.16547479817565,127,42.65697707272202,127,50.13181364214359,0
2024-06-18 10:30:45.211246,127,49.34686593643626,127,44.4334914243661,127,53.46106355704288,0
2024-06-18 10:45:45.211246,127,56.864933043892535,127,42.012283482341594,127,47.43549581341796,0
2024-06-18 11:00:45.211246,127,54.02337256147143,127,55.7468635366197,127,48.51312043327756,0
2024-06-18 11:15:45.211246,127,49.46856038597153,127,46.985708330079376,127,53.236181080315944,0
2024-06-18 11:30:45.211246,127,47.584997240039776,127,51.885588111544756,127,50.14721540522789,0
2024-06-18 11:45:45.211246,127,55.720270611269406,127,54.65560572986528,127,47.989015547405,0
2024-06-18 12:00:45.211246,127,47.27052442175799,127,48.34727116204042,127,48.04832977852409,0
2024-06-18 12:15:45.211246,127,47.3322937904424,127,56.1492503815017,127,45.12513091490669,0
2024-06-18 12:30:45.211246,127,49.532655207833116,127,46.797977148991464,127,57.37592974938777,0
2024-06-18 12:45:45.211246,127,52.48048084116596,127,54.586651608069076,127,46.43537746689507,0
2024-06-18 13:00:45.211246,127,51.719912255812694,127,49.31572428704645,127,52.661676048519816,0
2024-06-18 13:15:45.211246,127,0.0,127,0.0,127,0.0,15
2024-06-18 13:30:45.211246,127,45.43390765400648,127,54.28058566943301,127,49.9450255188658,0
2024-06-18 13:45:45.211246,127,58.63759727123207,127,48.121562020545376,127,47.36265148921819,0
2024-06-18 14:00:45.211246,127,49.981313072554535,127,50.097466156626204,127,52.158080745428954,0
2024-06-18 14:15:45.211246,127,58.54852553452089,127,44.00938094454027,127,39.629889178805236,0
2024-06-18 14:30:45.211246,127,46.89428163099814,127,48.6656472957759,127,49.73959388276861,0
2024-06-18 14:45:45.211246,127,36.787496503117254,127,50.502838621509426,127,40.47231245225066,0
2024-06-18 15:00:45.211246,127,0.0,127,0.0,127,0.0,60
2024-06-18 15:15:45.211246,127,51.94668054862595,127,44.63258640574887,127,48.44037595459551,0
2024-06-18 15:30:45.211246,127,46.231171471857664,127,55.28589199127283,127,47.407893063933265,0
2024-06-18 15:45:45.211246,127,50.6365335510289,127,45.23997219353985,127,43.33780280596339,0
2024-06-18 16:00:45.211246,127,0.0,127,0.0,127,0.0,60
2024-06-18 16:15:45.211246,127,53.21942500477784,127,60.04334343529672,127,46.850447132662666,0
2024-06-18 16:30:45.211246,127,0.0,127,0.0,127,0.0,30
2024-06-18 16:45:45.211246,127,49.59464391901286,127,56.11407541318204,127,52.99184456228868,0
2024-06-18 17:00:45.211246,127,50.59707056656634,127,45.694574807633884,127,43.67625694202389,0
2024-06-18 17:15:45.211246,127,36.11643203123901,127,57.77863813107671,127,47.499142853011435,0
2024-06-18 17:30:45.211246,127,56.33610294037449,127,47.850113462630645,127,45.02376911094409,0
2024-06-18 17:45:45.211246,127,47.630740812667284,127,56.880428233301245,127,48.49718426806265,0
2024-06-18 18:00:45.211246,127,0.0,127,0.0,127,0.0,60
2024-06-18 18:15:45.211246,127,51.84370038097051,127,53.782397187008414,127,57.789722300374244,0
2024-06-18 18:30:45.211246,127,54.26464472956975,127,56.49810825503351,127,47.474255973637895,0
2024-06-18 18:45:45.211246,127,41.27238377448753,127,50.589137348276566,127,47.10865051059021,0
2024-06-18 19:00:45.211246,127,50.18993055873718,127,49.32844890528415,127,54.05715715078899,0
2024-06-18 19:15:45.211246,127,54.031346735822815,127,40.59123918808267,127,45.937149980355045,0
2024-06-18 19:30:45.211246,127,54.11195880804637,127,51.117009323053544,127,51.121494784085066,0
2024-06-18 19:45:45.211246,127,47.98788795578413,127,42.44124615025587,127,45.478958708693376,0
2024-06-18 20:00:45.211246,127,0.0,127,0.0,127,0.0,60
2024-06-18 20:15:45.211246,127,42.943442783414554,127,50.24190328180011,127,50.28965420206252,0
2024-06-18 20:30:45.211246,127,45.7231989588014,127,39.00321227892775,127,48.810622623359215,0
2024-06-18 20:45:45.211246,127,51.51934448119238,127,48.790139459464555,127,52.71824900183728,0
2024-06-18 21:00:45.211246,127,51.917826150692555,127,42.15591970080088,127,48.03114459474708,0
2024-06-18 21:15:45.211246,127,46.35783769622068,127,58.90321260674874,127,49.50762466630724,0
2024-06-18 21:30:45.211246,127,0.0,127,0.0,127,0.0,60
2024-06-18 21:45:45.211246,127,0.0,127,0.0,127,0.0,15
2024-06-18 22:00:45.211246,127,51.80534743676964,127,54.299438366547264,127,55.79710421193826,0
2024-06-18 22:15:45.211246,127,42.85718343403726,127,46.626466934479424,127,43.72252767083842,0
2024-06-18 22:30:45.211246,127,0.0,127,0.0,127,0.0,60
2024-06-18 22:45:45.211246,127,54.53796696405217,127,46.86026494230298,127,59.59535128983909,0
2024-06-18 23:00:45.211246,127,57.21828037649499,127,50.21652512608334,127,50.28650913404033,0
2024-06-18 23:15:45.211246,127,54.10359491497257,127,52.347451270695025,127,53.67653804027405,0
2024-06-18 23:30:45.211246,127,61.22026022331449,127,61.00387719356384,127,50.09523794718267,0
2024-06-18 23:45:45.211246,127,51.25033736363828,127,48.82906771185097,127,58.01922667900745,0
2024-06-19 00:00:45.211246,127,52.70434617045177,127,50.670886662663705,127,45.751088110662735,0
2024-06-19 00:15:45.211246,127,46.92003240439732,127,51.431232923038216,127,46.26175462337605,0
2024-06-19 00:30:45.211246,127,41.32869789676879,127,49.91530973115118,127,57.08835050845291,0
2024-06-19 00:45:45.211246,127,51.70871544731784,127,53.40520639898794,127,59.089970380204484,0
2024-06-19 01:00:45.211246,127,49.16767671661232,127,52.4246580852071,127,44.088892435088425,0
2024-06-19 01:15:45.211246,127,0.0,127,0.0,127,0.0,15
2024-06-19 01:30:45.211246,127,0.0,127,0.0,127,0.0,60
2024-06-19 01:45:45.211246,127,0.0,127,0.0,127,0.0,60
2024-06-19 02:00:45.211246,127,55.16760579077534,127,48.80175929261033,127,49.993592370334056,0
2024-06-19 02:15:45.211246,127,35.830175507292566,127,51.750666195811434,127,45.78553225688906,0
2024-06-19 02:30:45.211246,127,0.0,127,0.0,127,0.0,30
2024-06-19 02:45:45.211246,127,46.99737340314872,127,48.63150718948405,127,52.28744939328304,0
2024-06-19 03:00:45.211246,127,50.66150968061912,127,48.44906396104275,127,47.39799414412914,0
2024-06-19 03:15:45.211246,127,45.88223307021043,127,52.05809975268394,127,53.31556468349439,0
2024-06-19 03:30:45.211246,127,48.094439249823445,127,53.103641283448376,127,48.472068798948904,0
2024-06-19 03:45:45.211246,127,55.85394677465976,127,53.460477478451224,127,52.189297654272345,0
2024-06-19 04:00:45.211246,127,48.856240799244816,127,51.20934957572092,127,50.42194395334615,0
2024-06-19 04:15:45.211246,127,53.9497076600234,127,48.39740675020384,127,45.99863228728651,0
2024-06-19 04:30:45.211246,127,49.84791932896953,127,49.331010386610075,127,48.17432138213898,0
2024-06-19 04:45:45.211246,127,57.54635254725688,127,49.42352156127391,127,50.69279439785774,0
2024-06-19 05:00:45.211246,127,0.0,127,0.0,127,0.0,15
2024-06-19 05:15:45.211246,127,45.3327570687737,127,47.27439396507763,127,47.789278267335426,0
2024-06-19 05:30:45.211246,127,47.858365989136104,127,48.22141285325875,127,52.75397068409933,0
2024-06-19 05:45:45.211246,127,0.0,127,0.0,127,0.0,30
2024-06-19 06:00:45.211246,127,58.45196751060433,127,51.47510872169007,127,47.949162106074525,0
2024-06-19 06:15:45.211246,127,58.46549255807493,127,45.4650068286869,127,63.361184650840066,0
2024-06-19 06:30:45.211246,127,49.17611053071183,127,52.99304270902348,127,48.19544330368318,0
2024-06-19 06:45:45.211246,127,0.0,127,0.0,127,0.0,30
2024-06-19 07:00:45.211246,127,0.0,127,0.0,127,0.0,60
2024-06-19 07:15:45.211246,127,54.02883210833784,127,50.051722646213165,127,41.04042415173498,0
2024-06-19 07:30:45.211246,127,52.566648420925674,127,55.40911532448859,127,44.318481427161174,0
2024-06-19 07:45:45.211246,127,48.19513966137305,127,48.772152921273204,127,51.827026567325824,0
2024-06-19 08:00:45.211246,127,65.17343868854816,127,47.83676621932978,127,55.51419154521959,0
2024-06-19 08:15:45.211246,127,55.39544392495577,127,45.38322419777969,127,56.06271515464218,0
2024-06-19 08:30:45.211246,127,46.92470076833719,127,54.354485594016964,127,50.47808763476419,0
2024-06-19 08:45:45.211246,127,54.10327874171405,127,51.34711474092293,127,48.36821167722899,0
2024-06-19 09:00:45.211246,127,47.59484456918538,127,44.39992686734915,127,43.79098825651012,0
2024-06-19 09:15:45.211246,127,43.85366337453573,127,50.34260314560481,127,56.660724954120546,0
2024-06-19 09:30:45.211246,127,49.72315562078032,127,42.559078233661396,127,49.48010874018662,0
2024-06-19 09:45:45.211246,127,58.961957270705355,127,49.715401790356026,127,48.74011035366067,0
2024-06-19 10:00:45.211246,127,0.0,127,0.0,127,0.0,30
2024-06-19 10:15:45.211246,127,0.0,127,0.0,127,0.0,30
2024-06-19 10:30:45.211246,127,50.49884304439687,127,47.9196801636256,127,43.80881640174351,0
2024-06-19 10:45:45.211246,127,0.0,127,0.0,127,0.0,60
2024-06-19 11:00:45.211246,127,46.21109533507345,127,61.82271131978617,127,55.322581818170384,0
2024-06-19 11:15:45.211246,127,47.99304350066018,127,45.834730167224485,127,44.10427240344025,0
2024-06-19 11:30:45.211246,127,51.05489581527431,127,50.12196012866901,127,52.952036160280535,0
2024-06-19 11:45:45.211246,127,42.4358923030037,127,55.65077655508291,127,51.61980784918818,0
2024-06-19 12:00:45.211246,127,46.91923456338567,127,54.170742517706955,127,52.37041563807841,0
2024-06-19 12:15:45.211246,127,42.673753209910444,127,54.030277763830824,127,40.814274736405906,0
2024-06-19 12:30:45.211246,127,48.59789230727781,127,53.91064112343317,127,50.73229363213813,0
2024-06-19 12:45:45.211246,127,48.26231953571929,127,48.47136560872389,127,48.398527253712516,0
2024-06-19 13:00:45.211246,127,49.732967345615826,127,44.20250393124284,127,48.58643839833174,0
2024-06-19 13:15:45.211246,127,46.577602290869066,127,51.56204548319408,127,50.754674639550174,0
2024-06-19 13:30:45.211246,127,42.158922682327585,127,54.238439700854734,127,47.10029390578353,0
2024-06-19 13:45:45.211246,127,42.86347242147354,127,47.265060657758994,127,50.05973328864524,0
2024-06-19 14:00:45.211246,127,44.806004749396415,127,45.62976914018805,127,49.88288160402776,0
2024-06-19 14:15:45.211246,127,44.7878524233808,127,46.82319470374453,127,47.34198962611545,0
2024-06-19 14:30:45.211246,127,66.61685091142343,127,54.79459993508955,127,44.49190748733393,0
2024-06-19 14:45:45.211246,127,0.0,127,0.0,127,0.0,30
2024-06-19 15:00:45.211246,127,58.40497777661224,127,43.279296189175845,127,49.017718127390076,0
2024-06-19 15:15:45.211246,127,46.13053858324713,127,55.063471587737986,127,54.39925770550553,0
2024-06-19 15:30:45.211246,127,0.0,127,0.0,127,0.0,60
2024-06-19 15:45:45.211246,127,53.13528724879219,127,51.81098176829183,127,53.27998630078783,0
2024-06-19 16:00:45.211246,127,0.0,127,0.0,127,0.0,15
2024-06-19 16:15:45.211246,127,47.61422948506632,127,59.92279579811006,127,49.40778438259628,0
2024-06-19 16:30:45.211246,127,54.28406672172116,127,40.131472560723665,127,48.451984092835126,0
2024-06-19 16:45:45.211246,127,49.54563153808097,127,50.9657477788583,127,49.31810566389412,0
2024-06-19 17:00:45.211246,127,50.21442757878471,127,52.40624780235018,127,58.25480811314505,0
2024-06-19 17:15:45.211246,127,51.091915350040715,127,57.98436503963194,127,45.708167368120975,0
2024-06-19 17:30:45.211246,127,54.880359070901875,127,57.13446695209825,127,42.713052878153334,0
2024-06-19 17:45:45.211246,127,44.770973988857165,127,52.8452999256087,127,42.585613019505836,0
2024-06-19 18:00:45.211246,127,0.0,127,0.0,127,0.0,30
2024-06-19 18:15:45.211246,127,49.04988659835952,127,43.88875925629099,127,49.58538260400867,0
2024-06-19 18:30:45.211246,127,48.2221401579134,127,43.56304129752455,127,55.65559196035579,0
2024-06-19 18:45:45.211246,127,0.0,127,0.0,127,0.0,60
2024-06-19 19:00:45.211246,127,44.49955551574757,127,37.582249625959065,127,55.40430184001942,0
2024-06-19 19:15:45.211246,127,51.23179970599254,127,53.19090785372667,127,47.18769792339622,0
2024-06-19 19:30:45.211246,127,59.592199581216995,127,56.325556218886945,127,48.3236624416688,0
2024-06-19 19:45:45.211246,127,49.309221034057494,127,53.792211548354835,127,39.92320256117499,0
2024-06-19 20:00:45.211246,127,56.21780896273278,127,59.9067708858869,127,53.41528109313903,0
2024-06-19 20:15:45.211246,127,51.045985086877586,127,42.841581699258185,127,52.67150487392145,0
2024-06-19 20:30:45.211246,127,0.0,127,0.0,127,0.0,15
2024-06-19 20:45:45.211246,127,45.14596168055016,127,50.87686184477712,127,49.774065817228674,0
2024-06-19 21:00:45.211246,127,55.99722733139464,127,48.025372366750254,127,51.10953171779117,0
2024-06-19 21:15:45.211246,127,51.55574993078307,127,45.68945396946428,127,56.69602980498411,0
2024-06-19 21:30:45.211246,127,50.59024523325994,127,56.98266665513591,127,49.725988329540506,0
2024-06-19 21:45:45.211246,127,40.64714901735849,127,42.89935546969912,127,54.652383652530716,0
2024-06-19 22:00:45.211246,127,52.61763012255262,127,51.31516829489641,127,47.4826758882756,0
2024-06-19 22:15:45.211246,127,47.28420440195722,127,36.594294706657955,127,49.17333930021056,0
2024-06-19 22:30:45.211246,127,50.50385748846214,127,42.761289040070835,127,55.740650359591505,0
2024-06-19 22:45:45.211246,127,53.29278202312402,127,50.11254653681993,127,52.22982656715033,0
2024-06-19 23:00:45.211246,127,46.600645098065755,127,51.6171830957159,127,58.25397661427199,0
2024-06-19 23:15:45.211246,127,51.496658289131055,127,54.86635290703709,127,52.241780711993506,0
2024-06-19 23:30:45.211246,127,40.895277651600566,127,53.72391618152654,127,55.4469292890023,0
2024-06-19 23:45:45.211246,127,47.654031051246804,127,60.48288321395081,127,45.71317910651439,0
2024-06-20 00:00:45.211246,127,42.888441216779405,127,43.550370985746184,127,48.68142504545066,0
2024-06-20 00:15:45.211246,127,52.41915051228779,127,48.94121265836468,127,54.70125667115469,0
2024-06-20 00:30:45.211246,127,47.315892384189176,127,53.411782587710036,127,44.52102919761142,0
2024-06-20 00:45:45.211246,127,43.246836351988534,127,48.18718022870903,127,49.37870928664356,0
2024-06-20 01:00:45.211246,127,47.14637927355873,127,62.62182079130045,127,55.32048442933932,0
2024-06-20 01:15:45.211246,127,43.862157247650316,127,60.25078140752902,127,43.58854481633245,0
2024-06-20 01:30:45.211246,127,52.36252707946718,127,52.01129599488113,127,47.16537391942324,0
2024-06-20 01:45:45.211246,127,0.0,127,0.0,127,0.0,60
2024-06-20 02:00:45.211246,127,46.55421041214602,127,55.753537428701726,127,51.195196500130756,0
2024-06-20 02:15:45.211246,127,56.38877700496574,127,50.78825583787211,127,46.23054910685211,0
2024-06-20 02:30:45.211246,127,51.028411385418,127,41.92857716209876,127,47.39195823849162,0
2024-06-20 02:45:45.211246,127,56.96986791120077,127,51.53266100005983,127,49.66586586605698,0
2024-06-20 03:00:45.211246,127,51.746901097586964,127,49.72804569466464,127,46.79746551925152,0
2024-06-20 03:15:45.211246,127,0.0,127,0.0,127,0.0,15
2024-06-20 03:30:45.211246,127,47.68396553232292,127,53.552222557715794,127,52.61441694221628,0
2024-06-20 03:45:45.211246,127,42.577140994834444,127,40.58063855879462,127,47.0173019393211,0
2024-06-20 04:00:45.211246,127,45.866489943076814,127,49.54241885770915,127,52.04112421700656,0
2024-06-20 04:15:45.211246,127,49.20685824150211,127,59.22001257642214,127,42.83835690552837,0
2024-06-20 04:30:45.211246,127,55.49978838327142,127,54.72089750855621,127,56.293363194052084,0
2024-06-20 04:45:45.211246,127,53.76853619804369,127,56.18966398035173,127,49.38837652318459,0
2024-06-20 05:00:45.211246,127,52.941454652681834,127,47.55118265639573,127,45.158741851039,0
2024-06-20 05:15:45.211246,127,52.47110913781624,127,53.497084449813634,127,51.52946480238597,0
2024-06-20 05:30:45.211246,127,55.18035548015178,127,51.080060201114286,127,53.93237867405715,0
2024-06-20 05:45:45.211246,127,44.198517224369674,127,52.87014551779138,127,49.4315058349562,0
2024-06-20 06:00:45.211246,127,44.36034335366142,127,48.856232951283296,127,43.27102483463933,0
2024-06-20 06:15:45.211246,127,0.0,127,0.0,127,0.0,15
2024-06-20 06:30:45.211246,127,53.11467727511425,127,49.905331842824225,127,43.65029654820149,0
2024-06-20 06:45:45.211246,127,57.32909793818453,127,52.11270851497363,127,53.586910032790115,0
2024-06-20 07:00:45.211246,127,57.240050311730634,127,47.883560412150025,127,45.39457601408762,0
2024-06-20 07:15:45.211246,127,44.98749531938051,127,43.77744386758898,127,48.88940546921224,0
2024-06-20 07:30:45.211246,127,54.894750798689124,127,47.83222889225251,127,46.589274150932596,0
2024-06-20 07:45:45.211246,127,42.953057237572196,127,54.9095100046022,127,55.41837726363481,0
2024-06-20 08:00:45.211246,127,47.748311608706935,127,43.61126616134643,127,66.50030390331429,0
2024-06-20 08:15:45.211246,127,50.14004326608439,127,55.76633356064266,127,46.95878996103669,0
2024-06-20 08:30:45.211246,127,0.0,127,0.0,127,0.0,60
2024-06-20 08:45:45.211246,127,43.93483611510528,127,44.52281431553228,127,58.86142411503301,0
2024-06-20 09:00:45.211246,127,46.93223223445678,127,48.77764415273432,127,52.979674451733544,0
2024-06-20 09:15:45.211246,127,64.7874227437323,127,49.52444283007909,127,45.70864151020138,0
2024-06-20 09:30:45.211246,127,0.0,127,0.0,127,0.0,60
2024-06-20 09:45:45.211246,127,54.79549864746125,127,53.1986717875241,127,46.612059638694,0
2024-06-20 10:00:45.211246,127,57.71833906101037,127,54.622189975785396,127,56.52836206149021,0
2024-06-20 10:15:45.211246,127,50.809237357118825,127,54.86251477093943,127,55.37310137526025,0
2024-06-20 10:30:45.211246,127,42.875239807693504,127,52.04383449562435,127,56.46393733148813,0
2024-06-20 10:45:45.211246,127,55.12333920463291,127,53.99287784805342,127,54.4719461590004,0
2024-06-20 11:00:45.211246,127,47.316566884971074,127,50.30780503076979,127,49.29329359612737,0
2024-06-20 11:15:45.211246,127,48.70253827593585,127,44.86800972186833,127,53.335888690916455,0
2024-06-20 11:30:45.211246,127,51.00423878949976,127,49.777498526137045,127,47.576704014330105,0
2024-06-20 11:45:45.211246,127,0.0,127,0.0,127,0.0,60
2024-06-20 12:00:45.211246,127,0.0,127,0.0,127,0.0,60
2024-06-20 12:15:45.211246,127,46.66121941342192,127,47.4366376951889,127,52.479297558430076,0
2024-06-20 12:30:45.211246,127,0.0,127,0.0,127,0.0,60
2024-06-20 12:45:45.211246,127,0.0,127,0.0,127,0.0,30
2024-06-20 13:00:45.211246,127,0.0,127,0.0,127,0.0,15
2024-06-20 13:15:45.211246,127,61.44527397445121,127,47.863083212348826,127,56.4623316342849,0
2024-06-20 13:30:45.211246,127,59.215990885089184,127,48.20042231416529,127,48.83428841344986,0
2024-06-20 13:45:45.211246,127,0.0,127,0.0,127,0.0,60
2024-06-20 14:00:45.211246,127,0.0,127,0.0,127,0.0,15
2024-06-20 14:15:45.211246,127,48.55913342524982,127,49.37827442251883,127,47.35351357081878,0
2024-06-20 14:30:45.211246,127,52.14181086953871,127,49.775691255143215,127,39.9287609103688,0
2024-06-20 14:45:45.211246,127,52.88324191299319,127,55.33997699939922,127,47.71370741791534,0
2024-06-20 15:00:45.211246,127,0.0,127,0.0,127,0.0,30
2024-06-20 15:15:45.211246,127,0.0,127,0.0,127,0.0,30
2024-06-20 15:30:45.211246,127,55.82111567931913,127,56.167224524260384,127,54.17895101221636,0
2024-06-20 15:45:45.211246,127,0.0,127,0.0,127,0.0,60
2024-06-20 16:00:45.211246,127,0.0,127,0.0,127,0.0,15
2024-06-20 16:15:45.211246,127,53.73997790755246,127,57.015746486440975,127,46.336499894319815,0
2024-06-20 16:30:45.211246,127,54.278793105935094,127,53.94513847560516,127,56.846315346699505,0
2024-06-20 16:45:45.211246,127,57.41800036422072,127,40.81135612067574,127,58.71046165316988,0
2024-06-20 17:00:45.211246,127,0.0,127,0.0,127,0.0,15
2024-06-20 17:15:45.211246,127,53.89339228034905,127,46.045946596166424,127,47.65988493315584,0
2024-06-20 17:30:45.211246,127,50.8623445573482,127,52.5771833430993,127,57.98420914008505,0
2024-06-20 17:45:45.211246,127,52.02579986446864,127,52.71868261463413,127,47.860912708509574,0
2024-06-20 18:00:45.211246,127,54.07062827363417,127,45.05262065368792,127,42.05534610298825,0
2024-06-20 18:15:45.211246,127,0.0,127,0.0,127,0.0,60
2024-06-20 18:30:45.211246,127,46.02737154402562,127,49.447665319337965,127,62.503185761095715,0
2024-06-20 18:45:45.211246,127,51.58519473738862,127,53.52576831595576,127,55.714580783219866,0
2024-06-20 19:00:45.211246,127,0.0,127,0.0,127,0.0,15
2024-06-20 19:15:45.211246,127,39.19992633216397,127,50.86391440007434,127,48.568550509498465,0
2024-06-20 19:30:45.211246,127,53.07681733135078,127,54.1234333819798,127,58.29594430578612,0
2024-06-20 19:45:45.211246,127,53.43036250472146,127,51.4184277172754,127,47.77696174163279,0
2024-06-20 20:00:45.211246,127,0.0,127,0.0,127,0.0,30
2024-06-20 20:15:45.211246,127,48.11296405895125,127,38.21229839257657,127,54.10849748533554,0
2024-06-20 20:30:45.211246,127,47.3127546888565,127,55.95008661811919,127,43.68412755537334,0
2024-06-20 20:45:45.211246,127,55.40116688448648,127,50.91088649056499,127,56.77175273269186,0
2024-06-20 21:00:45.211246,127,51.764854063432914,127,43.14198416735768,127,50.697263843213506,0
2024-06-20 21:15:45.211246,127,46.372970805291985,127,49.48183451792178,127,41.249100514805775,0
2024-06-20 21:30:45.211246,127,0.0,127,0.0,127,0.0,15
2024-06-20 21:45:45.211246,127,46.08100779347547,127,44.845606346835,127,53.366990531792176,0
2024-06-20 22:00:45.211246,127,50.94805811073879,127,58.13248852854366,127,40.46832582256569,0
2024-06-20 22:15:45.211246,127,44.32277544920071,127,50.17555037733139,127,45.27606272175964,0
2024-06-20 22:30:45.211246,127,47.83149537881642,127,50.12579140453736,127,54.400207585962335,0
2024-06-20 22:45:45.211246,127,51.60259232539009,127,49.02609484704897,127,57.73471552759937,0
2024-06-20 23:00:45.211246,127,44.21736519433287,127,52.88455587770956,127,48.8110915431806,0
2024-06-20 23:15:45.211246,127,0.0,127,0.0,127,0.0,30
2024-06-20 23:30:45.211246,127,44.842033001780905,127,45.69867993829887,127,49.50976099501044,0
2024-06-20 23:45:45.211246,127,43.53344870033096,127,44.59275218813094,127,48.96387795515502,0
2024-06-21 00:00:45.211246,127,43.62245329900172,127,50.06313030048996,127,43.617833132922954,0
2024-06-21 00:15:45.211246,127,49.69943611033649,127,47.857271431186994,127,46.08194103280658,0
2024-06-21 00:30:45.211246,127,56.62554546576692,127,57.40568141697264,127,56.482900476883835,0
2024-06-21 00:45:45.211246,127,55.401041902508716,127,54.030114694778554,127,46.47084190062816,0
2024-06-21 01:00:45.211246,127,56.867719580037935,127,53.91930405769993,127,59.19274488076572,0
2024-06-21 01:15:45.211246,127,51.24202943197442,127,54.10888138691006,127,42.96122816321222,0
2024-06-21 01:30:45.211246,127,53.97240744535762,127,48.74729774288982,127,55.031483078296105,0
2024-06-21 01:45:45.211246,127,0.0,127,0.0,127,0.0,15
2024-06-21 02:00:45.211246,127,54.02782484307948,127,48.081742983902444,127,53.00051879342337,0
2024-06-21 02:15:45.211246,127,51.010951838495586,127,59.14946046631375,127,50.73575054979598,0
2024-06-21 02:30:45.211246,127,43.15077966566126,127,51.37936960499796,127,51.45748479639368,0
2024-06-21 02:45:45.211246,127,53.59898936931252,127,46.351774485860766,127,46.82316080225202,0
2024-06-21 03:00:45.211246,127,49.74622726183615,127,48.26176482156521,127,48.41334260344105,0
2024-06-21 03:15:45.211246,127,50.99960511374204,127,42.95406654405197,127,52.39777729828721,0
2024-06-21 03:30:45.211246,127,50.37199835322196,127,59.199787055564954,127,54.02886595481177,0
2024-06-21 03:45:45.211246,127,0.0,127,0.0,127,0.0,15
2024-06-21 04:00:45.211246,127,50.74810325636953,127,45.02982321413349,127,44.01627447382184,0
2024-06-21 04:15:45.211246,127,50.76314079368036,127,40.005762152256565,127,49.37061348244115,0
2024-06-21 04:30:45.211246,127,47.91886217096375,127,51.86869210140496,127,42.94818518742324,0
2024-06-21 04:45:45.211246,127,54.68667379844936,127,45.94994352381214,127,49.09158820016724,0
2024-06-21 05:00:45.211246,127,50.50551808964111,127,44.96375216713245,127,54.80591289825184,0
2024-06-21 05:15:45.211246,127,55.34283218161346,127,57.18298068380729,127,42.20260519221483,0
2024-06-21 05:30:45.211246,127,0.0,127,0.0,127,0.0,60
2024-06-21 05:45:45.211246,127,54.23931597509798,127,55.16527728050802,127,50.06995097174502,0
2024-06-21 06:00:45.211246,127,47.20807177136378,127,42.197643906166,127,48.016928847441434,0
2024-06-21 06:15:45.211246,127,53.241305592204796,127,51.09533768429175,127,46.79666080581008,0
2024-06-21 06:30:45.211246,127,53.6895241449438,127,52.41360234719383,127,51.26037513118961,0
2024-06-21 06:45:45.211246,127,0.0,127,0.0,127,0.0,60
2024-06-21 07:00:45.211246,127,0.0,127,0.0,127,0.0,15
2024-06-21 07:15:45.211246,127,44.60568669087507,127,60.583036120335365,127,47.0258112021044,0
2024-06-21 07:30:45.211246,127,55.07016260101889,127,48.77786627459534,127,49.672219724822874,0
2024-06-21 07:45:45.211246,127,0.0,127,0.0,127,0.0,15
2024-06-21 08:00:45.211246,127,0.0,127,0.0,127,0.0,30
2024-06-21 08:15:45.211246,127,52.853835212900684,127,50.88021305614131,127,50.786333117924606,0
2024-06-21 08:30:45.211246,127,53.13374287002054,127,57.932125928334855,127,47.597075185993404,0
2024-06-21 08:45:45.211246,127,56.00966634985531,127,50.59394230748102,127,51.92598610022824,0
2024-06-21 09:00:45.211246,127,45.84574187634754,127,45.95399463629803,127,57.13375521829661,0
2024-06-21 09:15:45.211246,127,53.23913892772718,127,43.71299847793704,127,44.43142308729218,0
2024-06-21 09:30:45.211246,127,47.449174580449935,127,50.488049753034865,127,48.75196840586277,0
2024-06-21 09:45:45.211246,127,0.0,127,0.0,127,0.0,60
2024-06-21 10:00:45.211246,127,50.09957034040793,127,44.761424955929115,127,50.11969889953245,0
2024-06-21 10:15:45.211246,127,57.84324790650368,127,45.50546363122934,127,38.162330230282805,0
2024-06-21 10:30:45.211246,127,48.36242566510659,127,46.587575174236584,127,53.41278295099845,0
2024-06-21 10:45:45.211246,127,48.28015347312839,127,47.47625185348031,127,41.76037377286052,0
2024-06-21 11:00:45.211246,127,50.88905128050574,127,52.2487863101598,127,56.85491629760787,0
2024-06-21 11:15:45.211246,127,43.862962317087366,127,43.34116834622149,127,39.816384579233926,0
2024-06-21 11:30:45.211246,127,45.416263997813445,127,52.077881073428635,127,40.21921408481987,0
2024-06-21 11:45:45.211246,127,0.0,127,0.0,127,0.0,60
2024-06-21 12:00:45.211246,127,50.951541767852554,127,50.63965514528534,127,50.93331068518583,0
2024-06-21 12:15:45.211246,127,0.0,127,0.0,127,0.0,60
2024-06-21 12:30:45.211246,127,35.92534706355684,127,51.79447086235184,127,49.36971200144943,0
2024-06-21 12:45:45.211246,127,49.63389397188632,127,44.99463430673094,127,51.01108402110517,0
2024-06-21 13:00:45.211246,127,47.29523542233078,127,39.8278464789681,127,50.299815567437854,0
2024-06-21 13:15:45.211246,127,47.83045741495283,127,45.954585321837875,127,46.04753626930947,0
2024-06-21 13:30:45.211246,127,42.453226358945,127,51.95896840500644,127,55.93503243227105,0
2024-06-21 13:45:45.211246,127,48.085431081384876,127,46.67123049448656,127,54.89459871416907,0
2024-06-21 14:00:45.211246,127,60.438556633988405,127,53.36284244531769,127,56.51325667833331,0
2024-06-21 14:15:45.211246,127,48.07677947192205,127,52.74608487279614,127,58.31944000607836,0
2024-06-21 14:30:45.211246,127,48.230074421167025,127,53.26864606873887,127,51.75194725271175,0
2024-06-21 14:45:45.211246,127,46.506014769236145,127,45.13336731582542,127,58.09086381434278,0
2024-06-21 15:00:45.211246,127,56.325777030908824,127,51.66708053183027,127,48.805900182644876,0
2024-06-21 15:15:45.211246,127,40.77925669174681,127,53.362608822568866,127,43.88265594651718,0
2024-06-21 15:30:45.211246,127,45.246246829163155,127,47.53391187785177,127,50.910628944644216,0
2024-06-21 15:45:45.211246,127,53.93456875835036,127,54.9220589380235,127,48.18135880192234,0
2024-06-21 16:00:45.211246,127,0.0,127,0.0,127,0.0,60
2024-06-21 16:15:45.211246,127,48.97779947606767,127,53.86285409562967,127,57.55963225320844,0
2024-06-21 16:30:45.211246,127,46.9469473956631,127,43.02966986103382,127,54.23594396065705,0
2024-06-21 16:45:45.211246,127,52.718261241954615,127,51.60172846993251,127,42.42858144724755,0
2024-06-21 17:00:45.211246,127,47.847401570120226,127,49.98359625214471,127,54.53232056067118,0
2024-06-21 17:15:45.211246,127,42.55292134590821,127,54.6071449801812,127,45.706172519453176,0
2024-06-21 17:30:45.211246,127,55.859582753102906,127,50.968578759905306,127,57.52161779922927,0
2024-06-21 17:45:45.211246,127,0.0,127,0.0,127,0.0,30
2024-06-21 18:00:45.211246,127,51.41879559486961,127,57.396337394928665,127,51.66206601912153,0
2024-06-21 18:15:45.211246,127,53.4411730051361,127,51.32799338050953,127,53.71660731294694,0
2024-06-21 18:30:45.211246,127,47.49589891463813,127,46.39394423431113,127,54.78892587509162,0
2024-06-21 18:45:45.211246,127,0.0,127,0.0,127,0.0,15
2024-06-21 19:00:45.211246,127,30.628410160404638,127,51.35351006913765,127,51.37971985098582,0
2024-06-21 19:15:45.211246,127,51.614672316097625,127,45.54148391669247,127,49.152060813184946,0
2024-06-21 19:30:45.211246,127,0.0,127,0.0,127,0.0,15
2024-06-21 19:45:45.211246,127,40.837585041866916,127,50.285464446727204,127,52.2403563744958,0
2024-06-21 20:00:45.211246,127,54.72397820488456,127,47.12069048716516,127,47.277677054648066,0
2024-06-21 20:15:45.211246,127,53.93539315748376,127,50.818457517016945,127,57.36937776043032,0
2024-06-21 20:30:45.211246,127,0.0,127,0.0,127,0.0,60
2024-06-21 20:45:45.211246,127,47.451499070714505,127,51.568861727249775,127,56.33745711796557,0
2024-06-21 21:00:45.211246,127,45.86747540481962,127,52.03644675066167,127,49.20726568084516,0
2024-06-21 21:15:45.211246,127,0.0,127,0.0,127,0.0,60
2024-06-21 21:30:45.211246,127,52.27063782494687,127,46.420928669214284,127,60.94376498560122,0
2024-06-21 21:45:45.211246,127,49.853442886338186,127,49.094275822793335,127,51.635640556528394,0
2024-06-21 22:00:45.211246,127,46.22132690508702,127,54.87301311877056,127,48.09319697122544,0
2024-06-21 22:15:45.211246,127,52.676422101077584,127,43.99036913704011,127,56.23673446773153,0
2024-06-21 22:30:45.211246,127,54.190803352314354,127,50.13267355778713,127,48.968767136166115,0
2024-06-21 22:45:45.211246,127,45.94133849961048,127,55.621332391527396,127,49.99038946098282,0
2024-06-21 23:00:45.211246,127,53.29020304038757,127,56.537583436134526,127,51.365884855518615,0
2024-06-21 23:15:45.211246,127,44.72959179999809,127,50.01184728667404,127,49.51045717710126,0
2024-06-21 23:30:45.211246,127,41.350589502204045,127,50.914714955352196,127,51.8106302207049,0
2024-06-21 23:45:45.211246,127,52.97249817294848,127,54.849263213623544,127,50.19549866271068,0
2024-06-22 00:00:45.211246,127,47.420137031312294,127,45.74409421121712,127,53.33850924111133,0
2024-06-22 00:15:45.211246,127,42.61976072747677,127,42.031712813211065,127,43.25936656373539,0
2024-06-22 00:30:45.211246,127,60.94592116758003,127,56.57647660203339,127,56.023648943145425,0
2024-06-22 00:45:45.211246,127,54.76461055462954,127,42.36166920562777,127,46.834435869098115,0
2024-06-22 01:00:45.211246,127,51.01732495723204,127,45.828480947251755,127,50.54017044347671,0
2024-06-22 01:15:45.211246,127,54.28774829846683,127,32.862881908764045,127,44.66989510173833,0
2024-06-22 01:30:45.211246,127,47.42761247267305,127,51.99841433567965,127,49.27084965898013,0
2024-06-22 01:45:45.211246,127,49.876463056412184,127,50.55719111418434,127,53.32583284918994,0
2024-06-22 02:00:45.211246,127,46.3972080408776,127,46.875634185355096,127,41.538706600020085,0
2024-06-22 02:15:45.211246,127,0.0,127,0.0,127,0.0,30
2024-06-22 02:30:45.211246,127,52.078854686343874,127,44.81211032454604,127,50.88904309651749,0
2024-06-22 02:45:45.211246,127,40.41681207706007,127,54.98056234923464,127,48.440528922043605,0
2024-06-22 03:00:45.211246,127,58.30826944896579,127,59.74089096834382,127,58.61681923015423,0
2024-06-22 03:15:45.211246,127,59.00863702391288,127,50.952163460948825,127,45.50506932144571,0
2024-06-22 03:30:45.211246,127,52.23453810516322,127,44.23881019591205,127,55.894496643989555,0
2024-06-22 03:45:45.211246,127,54.09550255978892,127,53.06410958778947,127,47.68217946713713,0
2024-06-22 04:00:45.211246,127,57.34356933714306,127,54.02305379902325,127,56.03403161289647,0
2024-06-22 04:15:45.211246,127,50.63599770884991,127,50.408434149952086,127,39.96365370970454,0
2024-06-22 04:30:45.211246,127,0.0,127,0.0,127,0.0,15
2024-06-22 04:45:45.211246,127,0.0,127,0.0,127,0.0,30
2024-06-22 05:00:45.211246,127,56.52533138754195,127,52.66499011931251,127,38.32854797278441,0
2024-06-22 05:15:45.211246,127,53.09505369297858,127,52.21095977384202,127,53.360572461076174,0
2024-06-22 05:30:45.211246,127,0.0,127,0.0,127,0.0,30
2024-06-22 05:45:45.211246,127,47.185638902649735,127,48.55335889159288,127,54.46282357306791,0
2024-06-22 06:00:45.211246,127,49.87542272003696,127,45.977375451370854,127,56.3522416747644,0
2024-06-22 06:15:45.211246,127,39.38533212535326,127,43.1647258014864,127,54.703911590713886,0
2024-06-22 06:30:45.211246,127,51.54806532533949,127,49.804617478772236,127,51.52829937141666,0
2024-06-22 06:45:45.211246,127,51.327849853379234,127,57.80820819965394,127,50.232181229616714,0
2024-06-22 07:00:45.211246,127,46.17956434500623,127,44.63144388504738,127,49.39046063220848,0
2024-06-22 07:15:45.211246,127,0.0,127,0.0,127,0.0,30
2024-06-22 07:30:45.211246,127,50.16425517642559,127,41.027590600598394,127,54.66123995323487,0
2024-06-22 07:45:45.211246,127,53.439680445593055,127,44.05394009533951,127,39.24942984421895,0
2024-06-22 08:00:45.211246,127,43.69547544889185,127,53.70166894269211,127,45.03564229839306,0
2024-06-22 08:15:45.211246,127,52.978887239150005,127,45.54587370050039,127,54.94885343301722,0
2024-06-22 08:30:45.211246,127,0.0,127,0.0,127,0.0,30
2024-06-22 08:45:45.211246,127,51.2007616667062,127,46.68592537192478,127,54.46713159507578,0
2024-06-22 09:00:45.211246,127,45.091725513999585,127,49.0490103994716,127,49.302229579092064,0
2024-06-22 09:15:45.211246,127,47.95614171991361,127,51.13421173387758,127,39.62840378856323,0
2024-06-22 09:30:45.211246,127,0.0,127,0.0,127,0.0,30
2024-06-22 09:45:45.211246,127,59.47693825502113,127,39.942130048858296,127,52.301995502238626,0
2024-06-22 10:00:45.211246,127,0.0,127,0.0,127,0.0,60
2024-06-22 10:15:45.211246,127,0.0,127,0.0,127,0.0,15
2024-06-22 10:30:45.211246,127,49.83700867379291,127,48.82618151786807,127,47.35039498704223,0
2024-06-22 10:45:45.211246,127,56.28252188567558,127,46.37431913574745,127,41.78851016945798,0
2024-06-22 11:00:45.211246,127,42.40275905735098,127,47.98797429464237,127,42.81756301933275,0
2024-06-22 11:15:45.211246,127,44.65908881315958,127,39.40084264838466,127,47.11418112478778,0
2024-06-22 11:30:45.211246,127,0.0,127,0.0,127,0.0,30
2024-06-22 11:45:45.211246,127,41.96336121604546,127,50.9986969329222,127,54.23482361253482,0
2024-06-22 12:00:45.211246,127,0.0,127,0.0,127,0.0,60
2024-06-22 12:15:45.211246,127,49.002777680617875,127,45.25715072832658,127,55.2916650507931,0
2024-06-22 12:30:45.211246,127,56.920225478497656,127,52.83290626426694,127,48.36975381151046,0
2024-06-22 12:45:45.211246,127,0.0,127,0.0,127,0.0,30
2024-06-22 13:00:45.211246,127,57.62474813000392,127,43.961445945069165,127,52.545793048173664,0
2024-06-22 13:15:45.211246,127,44.21647043137122,127,56.35351627859662,127,56.20330280270599,0
2024-06-22 13:30:45.211246,127,0.0,127,0.0,127,0.0,15
2024-06-22 13:45:45.211246,127,46.457737206876274,127,53.701970163074265,127,45.75007840277999,0
2024-06-22 14:00:45.211246,127,50.810935919207,127,56.951330454998725,127,58.69138458852289,0
2024-06-22 14:15:45.211246,127,44.08591021752089,127,57.3966069731831,127,46.38982042312526,0
2024-06-22 14:30:45.211246,127,52.26854052496206,127,47.190507711399256,127,55.47669399368165,0
2024-06-22 14:45:45.211246,127,52.87465564711548,127,46.541381966276745,127,58.91875552762816,0
2024-06-22 15:00:45.211246,127,53.255683575063614,127,47.426333688757055,127,50.4899673813677,0
2024-06-22 15:15:45.211246,127,43.46438958045551,127,48.64043904057405,127,44.87666407547886,0
2024-06-22 15:30:45.211246,127,49.932711733691576,127,52.7877861836006,127,56.73141399900666,0
2024-06-22 15:45:45.211246,127,43.62635933080123,127,49.67835420374611,127,44.94741976001935,0
2024-06-22 16:00:45.211246,127,49.62962431575422,127,44.13322724528937,127,49.55031315512972,0
2024-06-22 16:15:45.211246,127,47.14548572390456,127,56.11110177582621,127,55.61924026200549,0
2024-06-22 16:30:45.211246,127,51.694878091958884,127,55.831829204223034,127,52.685515674318026,0
2024-06-22 16:45:45.211246,127,48.29632956438169,127,48.30769959652315,127,46.43503698047235,0
2024-06-22 17:00:45.211246,127,52.28888386793446,127,52.06516915247505,127,61.10713253673521,0
2024-06-22 17:15:45.211246,127,54.89317725242809,127,49.89184703070496,127,45.84727345300231,0
2024-06-22 17:30:45.211246,127,45.049869903692816,127,50.874096219324784,127,53.424281098174276,0
2024-06-22 17:45:45.211246,127,46.938142631422195,127,52.74878273036119,127,45.42649163543094,0
2024-06-22 18:00:45.211246,127,50.126385988522,127,46.7056276529652,127,45.87534710343521,0
2024-06-22 18:15:45.211246,127,53.49280688024184,127,54.43662258429621,127,44.55202744284833,0
2024-06-22 18:30:45.211246,127,48.868098559422776,127,46.422603077572354,127,40.84990519114963,0
2024-06-22 18:45:45.211246,127,52.242395448306254,127,51.436761537052575,127,58.25378694762283,0
2024-06-22 19:00:45.211246,127,51.178833212350945,127,50.59344655566287,127,49.96138346578938,0
2024-06-22 19:15:45.211246,127,58.29585303667199,127,46.59456465030894,127,46.40556139810175,0
2024-06-22 19:30:45.211246,127,54.759738877476735,127,38.25798776137625,127,53.87015980837587,0
2024-06-22 19:45:45.211246,127,54.76125048437966,127,49.976089585296656,127,43.49228802044709,0
2024-06-22 20:00:45.211246,127,0.0,127,0.0,127,0.0,60
2024-06-22 20:15:45.211246,127,0.0,127,0.0,127,0.0,30
2024-06-22 20:30:45.211246,127,55.573853082371784,127,48.228614046487465,127,53.668417958861106,0
2024-06-22 20:45:45.211246,127,55.075995504711685,127,52.47056453923801,127,48.50583881639374,0
2024-06-22 21:00:45.211246,127,49.870253874703224,127,49.96518815971642,127,50.60103245325612,0
2024-06-22 21:15:45.211246,127,52.259614496496155,127,53.257795243947236,127,46.23933176354353,0
2024-06-22 21:30:45.211246,127,41.292416696966995,127,40.83613439237548,127,53.29343124675732,0
2024-06-22 21:45:45.211246,127,50.53349483903335,127,50.48249537325511,127,47.03569498338806,0
2024-06-22 22:00:45.211246,127,44.6135209214715,127,48.87092066644417,127,56.33470714597265,0
2024-06-22 22:15:45.211246,127,0.0,127,0.0,127,0.0,60
2024-06-22 22:30:45.211246,127,56.00486738707292,127,51.14409255217263,127,42.27294296088224,0
2024-06-22 22:45:45.211246,127,49.68729549564982,127,48.74893796056871,127,53.51692478356235,0
2024-06-22 23:00:45.211246,127,49.31483996597457,127,47.26995100832511,127,49.14626901599066,0
2024-06-22 23:15:45.211246,127,50.92815760380368,127,52.21213405379684,127,52.10314736328805,0
2024-06-22 23:30:45.211246,127,46.02435264469392,127,40.2060321241101,127,47.863344275564685,0
2024-06-22 23:45:45.211246,127,0.0,127,0.0,127,0.0,15
2024-06-23 00:00:45.211246,127,0.0,127,0.0,127,0.0,60
2024-06-23 00:15:45.211246,127,51.86754110061086,127,48.66586724092346,127,52.783359878935215,0
2024-06-23 00:30:45.211246,127,45.59037230591265,127,49.81651188001296,127,42.059908150181826,0
2024-06-23 00:45:45.211246,127,51.11024663067985,127,58.5495517313545,127,41.11957219876641,0
2024-06-23 01:00:45.211246,127,53.36437029748067,127,53.05176950094508,127,47.8406980893637,0
2024-06-23 01:15:45.211246,127,44.432039904472234,127,41.127736009909206,127,51.113914167937935,0
2024-06-23 01:30:45.211246,127,51.02568576341115,127,48.85966276184919,127,49.547454131697485,0
2024-06-23 01:45:45.211246,127,50.06878905037401,127,53.251226161725846,127,54.78340513476702,0
2024-06-23 02:00:45.211246,127,54.53397822481504,127,44.50473820602431,127,47.66237276446546,0
2024-06-23 02:15:45.211246,127,48.6095463327127,127,48.19162525794682,127,47.68303472540717,0
2024-06-23 02:30:45.211246,127,43.11705825420324,127,56.12380138245363,127,49.411052835851116,0
2024-06-23 02:45:45.211246,127,65.79115238137469,127,47.94995505508152,127,48.47150801466347,0
2024-06-23 03:00:45.211246,127,50.42905443821207,127,53.319097852744605,127,37.30639787063094,0
2024-06-23 03:15:45.211246,127,45.62108424423083,127,42.13238295503533,127,52.9561857999665,0
2024-06-23 03:30:45.211246,127,46.63073243668447,127,47.1959713327928,127,52.59724015790245,0
2024-06-23 03:45:45.211246,127,52.02401219792499,127,47.069142498249384,127,49.398998163561096,0
2024-06-23 04:00:45.211246,127,40.34746078705265,127,44.91225444678793,127,61.144800224444076,0
2024-06-23 04:15:45.211246,127,40.326926372029625,127,45.37658324035509,127,42.5700978842239,0
2024-06-23 04:30:45.211246,127,56.8558789153077,127,38.65879723374006,127,44.40825711355668,0
2024-06-23 04:45:45.211246,127,0.0,127,0.0,127,0.0,15
2024-06-23 05:00:45.211246,127,52.52664430008487,127,48.2477587851931,127,44.814401938031764,0
2024-06-23 05:15:45.211246,127,0.0,127,0.0,127,0.0,15
2024-06-23 05:30:45.211246,127,47.62756340871679,127,46.57507644154857,127,49.767641442624175,0
2024-06-23 05:45:45.211246,127,48.628966694896086,127,41.81200318125104,127,48.74514459604271,0
2024-06-23 06:00:45.211246,127,57.51866451794373,127,44.84782637164005,127,50.23526189006743,0
2024-06-23 06:15:45.211246,127,51.22919150158926,127,47.447067088743054,127,52.93948551343154,0
2024-06-23 06:30:45.211246,127,44.15176906723724,127,50.80522502009232,127,37.440697231947055,0
2024-06-23 06:45:45.211246,127,52.265069610008105,127,45.60544481966871,127,55.62640162112351,0
2024-06-23 07:00:45.211246,127,49.43361097918274,127,43.782888192755856,127,48.18356982376155,0
2024-06-23 07:15:45.211246,127,48.86031239532598,127,49.75825036868828,127,42.42280323185831,0
2024-06-23 07:30:45.211246,127,47.048253246208205,127,52.71684717906025,127,56.27902785909839,0
2024-06-23 07:45:45.211246,127,43.16928464662879,127,57.037295261501534,127,53.36374667320757,0
2024-06-23 08:00:45.211246,127,54.795636650414146,127,53.95456765193592,127,45.25738175102936,0
2024-06-23 08:15:45.211246,127,49.5734521993976,127,44.64329238196799,127,58.7142270557326,0
2024-06-23 08:30:45.211246,127,48.74714507303975,127,47.3625928043819,127,46.751775531802,0
2024-06-23 08:45:45.211246,127,44.1057303524931,127,58.60205837954225,127,46.63871894580104,0
2024-06-23 09:00:45.211246,127,56.39921800914755,127,55.816682849638724,127,42.28728261825092,0
2024-06-23 09:15:45.211246,127,54.15395009206287,127,43.07702234564947,127,46.95067497381638,0
2024-06-23 09:30:45.211246,127,0.0,127,0.0,127,0.0,30
2024-06-23 09:45:45.211246,127,0.0,127,0.0,127,0.0,60
2024-06-23 10:00:45.211246,127,55.024053687251154,127,48.26778455225222,127,47.45228559340358,0
2024-06-23 10:15:45.211246,127,50.293965423874056,127,41.95547921155302,127,48.73081991753443,0
2024-06-23 10:30:45.211246,127,50.04405729156867,127,56.53308600972844,127,49.87409806620616,0
2024-06-23 10:45:45.211246,127,44.29723269239541,127,55.15713569197104,127,50.605558665177846,0
2024-06-23 11:00:45.211246,127,37.14504031952829,127,50.24902337037684,127,51.70381290451359,0
2024-06-23 11:15:45.211246,127,57.809173198414285,127,58.93266905771874,127,50.1520427827499,0
2024-06-23 11:30:45.211246,127,45.641770460342215,127,45.36235821187066,127,41.42906878830833,0
2024-06-23 11:45:45.211246,127,58.54639507564073,127,49.04221663186698,127,50.09933733912247,0
2024-06-23 12:00:45.211246,127,0.0,127,0.0,127,0.0,60
2024-06-23 12:15:45.211246,127,48.5003680960568,127,48.380515556427135,127,44.019070032014405,0
2024-06-23 12:30:45.211246,127,46.23320806040247,127,54.13942257591792,127,49.525888823243704,0
2024-06-23 12:45:45.211246,127,0.0,127,0.0,127,0.0,60
2024-06-23 13:00:45.211246,127,44.20186678773216,127,39.55921758066913,127,44.23718037359321,0
2024-06-23 13:15:45.211246,127,48.547708728495785,127,55.22115205870092,127,53.251813330472594,0
2024-06-23 13:30:45.211246,127,0.0,127,0.0,127,0.0,60
2024-06-23 13:45:45.211246,127,44.035685362555355,127,50.378568585317396,127,57.66410410603437,0
2024-06-23 14:00:45.211246,127,52.07467521274898,127,40.870381317515225,127,48.933289710147825,0
2024-06-23 14:15:45.211246,127,50.113640405799366,127,55.2732546303103,127,53.284239392179984,0
2024-06-23 14:30:45.211246,127,47.91083936100124,127,42.8866908472414,127,53.88367182419452,0
2024-06-23 14:45:45.211246,127,53.64182529544975,127,43.64518258554241,127,53.10644804739791,0
2024-06-23 15:00:45.211246,127,44.587099092264616,127,53.35331652736708,127,48.64396444316776,0
2024-06-23 15:15:45.211246,127,48.98836804624459,127,40.791347386873255,127,48.27487512609503,0
2024-06-23 15:30:45.211246,127,48.87550613323834,127,52.31182036164852,127,51.22966733406116,0
2024-06-23 15:45:45.211246,127,44.022525778061045,127,49.01374431614847,127,62.92867602438743,0
2024-06-23 16:00:45.211246,127,55.37929936458736,127,51.00361163386448,127,43.412099945730056,0
2024-06-23 16:15:45.211246,127,45.45892588708059,127,54.97778469279589,127,50.0105519046085,0
2024-06-23 16:30:45.211246,127,43.77280888420991,127,45.98243611523223,127,55.54453303992055,0
2024-06-23 16:45:45.211246,127,54.41232427301947,127,52.6905096498912,127,51.89221571671899,0
2024-06-23 17:00:45.211246,127,54.0262440065309,127,52.39432180267836,127,41.60144774687983,0
2024-06-23 17:15:45.211246,127,42.74368302409637,127,46.72905029486032,127,54.03427391047632,0
2024-06-23 17:30:45.211246,127,48.16154366584696,127,51.286419996477505,127,49.98932438585538,0
2024-06-23 17:45:45.211246,127,47.20188718368689,127,46.5228054106326,127,47.216446313157846,0
2024-06-23 18:00:45.211246,127,45.35097229288836,127,52.20850722056801,127,56.579233765407054,0
2024-06-23 18:15:45.211246,127,58.98963654604764,127,48.82131267814031,127,48.4425422832548,0
2024-06-23 18:30:45.211246,127,53.87815288003623,127,51.26912369925628,127,51.5886973992193,0
2024-06-23 18:45:45.211246,127,57.11280067144269,127,57.27706982712267,127,48.77728461088858,0
2024-06-23 19:00:45.211246,127,53.72233101839946,127,41.342924348138816,127,46.6289720897027,0
2024-06-23 19:15:45.211246,127,45.07988428878279,127,52.113470506265344,127,55.60326820458265,0
2024-06-23 19:30:45.211246,127,49.897577226639655,127,48.55614509308301,127,44.865308941686244,0
2024-06-23 19:45:45.211246,127,44.18906821439255,127,57.92415942553612,127,46.574277180226595,0
2024-06-23 20:00:45.211246,127,52.155627045897766,127,53.56097833715759,127,43.55267935597732,0
2024-06-23 20:15:45.211246,127,49.703613031609486,127,55.27506065948279,127,48.989801420642245,0
2024-06-23 20:30:45.211246,127,49.16672049664935,127,53.773321899381386,127,51.39855431211339,0
2024-06-23 20:45:45.211246,127,57.93110736527478,127,42.57332739679634,127,48.22220838518491,0
2024-06-23 21:00:45.211246,127,50.640247061905846,127,46.24874938059162,127,51.82788843815589,0
2024-06-23 21:15:45.211246,127,56.98673212780159,127,51.129903196157755,127,37.3394901880976,0
2024-06-23 21:30:45.211246,127,49.79213299573295,127,47.28584934196821,127,52.78961515518846,0
2024-06-23 21:45:45.211246,127,57.552903318351945,127,44.7803449607959,127,53.694646072736454,0
2024-06-23 22:00:45.211246,127,0.0,127,0.0,127,0.0,15
2024-06-23 22:15:45.211246,127,48.79378905176559,127,53.143880566816144,127,56.32443745506141,0
2024-06-23 22:30:45.211246,127,60.061486878215185,127,50.65910583411217,127,50.26611826016467,0
2024-06-23 22:45:45.211246,127,0.0,127,0.0,127,0.0,60
2024-06-23 23:00:45.211246,127,49.21459619283749,127,44.91102100336437,127,48.75141234438961,0
2024-06-23 23:15:45.211246,127,48.22238308513498,127,49.23202468200045,127,43.56283639655767,0
2024-06-23 23:30:45.211246,127,40.39265280459351,127,40.3592640331365,127,61.13789764451042,0
2024-06-23 23:45:45.211246,127,44.067742758201945,127,47.11888356299724,127,48.51917715286782,0
2024-06-24 00:00:45.211246,127,44.82321692401722,127,55.74653480956111,127,59.58733006528331,0
2024-06-24 00:15:45.211246,127,49.50790806209396,127,56.564246811419274,127,45.857443962076346,0
2024-06-24 00:30:45.211246,127,52.4272286222169,127,55.8068578900229,127,48.87090693135352,0
2024-06-24 00:45:45.211246,127,56.89608659435688,127,46.217240047834935,127,53.13488904758999,0
2024-06-24 01:00:45.211246,127,51.21259623785704,127,50.808328274074775,127,50.093068663468856,0
2024-06-24 01:15:45.211246,127,52.29653482722336,127,47.88344245278172,127,51.98400466862716,0
2024-06-24 01:30:45.211246,127,50.14775636893202,127,49.52543441462738,127,56.33081151166277,0
2024-06-24 01:45:45.211246,127,55.20250822182446,127,55.34787674281233,127,56.915946498428895,0
2024-06-24 02:00:45.211246,127,43.6365422686879,127,61.309513051453095,127,47.74441784675597,0
2024-06-24 02:15:45.211246,127,53.308830776611934,127,51.44962958960987,127,42.170417747020835,0
2024-06-24 02:30:45.211246,127,60.47791791469632,127,51.59533339738878,127,47.694976565318036,0
2024-06-24 02:45:45.211246,127,48.83742558130549,127,41.72401078759583,127,42.50892439296804,0
2024-06-24 03:00:45.211246,127,44.961851096911396,127,47.61599919162996,127,41.009755979504426,0
2024-06-24 03:15:45.211246,127,52.1673942883892,127,52.26037171155771,127,43.785496641360794,0
2024-06-24 03:30:45.211246,127,44.375437928704926,127,51.59056338339527,127,46.49486975516451,0
2024-06-24 03:45:45.211246,127,53.91534465713392,127,42.307406181453764,127,52.58019564249646,0
2024-06-24 04:00:45.211246,127,57.30770756683747,127,44.318052318233505,127,46.06163008500961,0
2024-06-24 04:15:45.211246,127,0.0,127,0.0,127,0.0,60
2024-06-24 04:30:45.211246,127,45.593409518745126,127,52.897349222951426,127,55.8349604649738,0
2024-06-24 04:45:45.211246,127,51.7594369484917,127,48.8654931640073,127,52.894712609572785,0
2024-06-24 05:00:45.211246,127,50.9959063705247,127,51.66016184441302,127,41.53429178370688,0
2024-06-24 05:15:45.211246,127,50.93578156075171,127,50.66491761131462,127,47.323416158889685,0
2024-06-24 05:30:45.211246,127,44.36069988088916,127,59.038325789120904,127,55.92120662402073,0
2024-06-24 05:45:45.211246,127,45.664120650210705,127,54.9451895995675,127,45.654977285821396,0
2024-06-24 06:00:45.211246,127,46.39832856159546,127,53.266071530039355,127,60.66276780796191,0
2024-06-24 06:15:45.211246,127,51.61084389004426,127,45.027362509668244,127,48.084290947349395,0
2024-06-24 06:30:45.211246,127,48.21632339770158,127,51.61651813751137,127,42.82758463099074,0
2024-06-24 06:45:45.211246,127,49.61590505486673,127,49.58346360642181,127,53.814924995405775,0
2024-06-24 07:00:45.211246,127,55.7865860773555,127,51.076502024299685,127,57.02146537970369,0
2024-06-24 07:15:45.211246,127,50.557363084522834,127,54.84293878734837,127,51.653901768606644,0
2024-06-24 07:30:45.211246,127,52.92850305453372,127,51.469519148006704,127,54.42651139602417,0
2024-06-24 07:45:45.211246,127,0.0,127,0.0,127,0.0,15
2024-06-24 08:00:45.211246,127,52.12240152907368,127,51.19400012993311,127,48.75866299344954,0
2024-06-24 08:15:45.211246,127,47.2701825403028,127,55.82719901951031,127,57.42078623435662,0
2024-06-24 08:30:45.211246,127,45.27836340502209,127,57.30426649928999,127,49.225026674016625,0
2024-06-24 08:45:45.211246,127,51.34297781388159,127,57.66902386286513,127,53.98220955750119,0
2024-06-24 09:00:45.211246,127,41.56424627997754,127,45.643517229913684,127,42.79078104093027,0
2024-06-24 09:15:45.211246,127,49.22391621630805,127,55.12036384766258,127,48.54457433116248,0
2024-06-24 09:30:45.211246,127,49.09152007960874,127,45.4702924728324,127,50.09910812788363,0
2024-06-24 09:45:45.211246,127,51.44443152235294,127,47.32400511106802,127,56.076635815109704,0
2024-06-24 10:00:45.211246,127,42.57943875276034,127,47.05138786563806,127,60.38768840083382,0
2024-06-24 10:15:45.211246,127,52.804775832688954,127,54.10813792634569,127,48.25424901123301,0
2024-06-24 10:30:45.211246,127,55.34424735795363,127,55.93821042791281,127,49.957813225385024,0
2024-06-24 10:45:45.211246,127,50.47934136159218,127,39.63380434068476,127,47.09985155784187,0
2024-06-24 11:00:45.211246,127,47.5860151139521,127,50.179319692807006,127,50.36529362602497,0
2024-06-24 11:15:45.211246,127,44.78310146422872,127,45.53675374282515,127,49.33555040582115,0
2024-06-24 11:30:45.211246,127,51.945218400653985,127,43.58599124633032,127,45.82898905952355,0
2024-06-24 11:45:45.211246,127,56.72729744868845,127,51.93814710874721,127,54.09817321392808,0
2024-06-24 12:00:45.211246,127,0.0,127,0.0,127,0.0,60
2024-06-24 12:15:45.211246,127,53.234924074302604,127,41.004754267520035,127,45.76687978698916,0
2024-06-24 12:30:45.211246,127,45.64705846262513,127,51.90133619838994,127,49.50248925768338,0
2024-06-24 12:45:45.211246,127,0.0,127,0.0,127,0.0,30
2024-06-24 13:00:45.211246,127,53.83165006058715,127,51.834474193516584,127,52.50454645517393,0
2024-06-24 13:15:45.211246,127,47.21147343234591,127,54.93110358109824,127,43.73501988267692,0
2024-06-24 13:30:45.211246,127,0.0,127,0.0,127,0.0,30
2024-06-24 13:45:45.211246,127,56.077416062367725,127,49.128964802607015,127,55.83122507499536,0
2024-06-24 14:00:45.211246,127,52.59554923174656,127,53.328194235690304,127,46.33296103766296,0
2024-06-24 14:15:45.211246,127,49.97251736894901,127,55.94228420272397,127,47.95379873868926,0
2024-06-24 14:30:45.211246,127,55.525714368398084,127,54.63879287707407,127,63.770863525636635,0
2024-06-24 14:45:45.211246,127,40.655077946881576,127,49.885709187910756,127,50.12263079706443,0
2024-06-24 15:00:45.211246,127,49.353532673206004,127,52.735677638826886,127,52.613788930707535,0
2024-06-24 15:15:45.211246,127,50.4730815188754,127,49.16956637253225,127,43.50187820559333,0
2024-06-24 15:30:45.211246,127,53.799790914903326,127,47.625669114281195,127,53.37415764366616,0
2024-06-24 15:45:45.211246,127,0.0,127,0.0,127,0.0,60
2024-06-24 16:00:45.211246,127,50.71271468809196,127,39.48382668031499,127,50.23220944922217,0
2024-06-24 16:15:45.211246,127,57.224311172666646,127,47.06156045904532,127,49.04186432371374,0
2024-06-24 16:30:45.211246,127,43.95599186094583,127,52.94217996841592,127,49.081761985042306,0
2024-06-24 16:45:45.211246,127,48.24946235655522,127,49.059453958819724,127,46.2604297438905,0
2024-06-24 17:00:45.211246,127,53.57916121898041,127,54.3746454779975,127,56.635355927224865,0
2024-06-24 17:15:45.211246,127,52.005280962693256,127,54.7011488319158,127,45.11727545483309,0
2024-06-24 17:30:45.211246,127,47.60659640184351,127,55.54530766895334,127,49.37550578530876,0
2024-06-24 17:45:45.211246,127,48.932500017157835,127,48.04034877026476,127,49.070348290955295,0
2024-06-24 18:00:45.211246,127,46.6162773033748,127,50.784549854624814,127,49.12786329666143,0
2024-06-24 18:15:45.211246,127,52.955576639915066,127,44.11058103955377,127,44.8868898582663,0
2024-06-24 18:30:45.211246,127,39.244250306347226,127,51.194427598215334,127,54.10592182002354,0
2024-06-24 18:45:45.211246,127,0.0,127,0.0,127,0.0,15
2024-06-24 19:00:45.211246,127,57.62791657872995,127,51.669247290261715,127,54.65003506809158,0
2024-06-24 19:15:45.211246,127,43.8954862305783,127,56.22989445629031,127,55.943026916612254,0
2024-06-24 19:30:45.211246,127,51.20898391887387,127,54.07501284292597,127,42.305433545117594,0
2024-06-24 19:45:45.211246,127,57.09961583735732,127,49.92396054639145,127,43.734328224980615,0
2024-06-24 20:00:45.211246,127,39.537704206889934,127,45.19371918214176,127,56.9032549167423,0
2024-06-24 20:15:45.211246,127,57.07830773522943,127,47.03106397859241,127,49.4041994777259,0
2024-06-24 20:30:45.211246,127,43.12252689314192,127,54.63369266340246,127,50.26374518362781,0
2024-06-24 20:45:45.211246,127,0.0,127,0.0,127,0.0,30
2024-06-24 21:00:45.211246,127,48.41114388195035,127,43.60244105871442,127,59.22200819031732,0
2024-06-24 21:15:45.211246,127,52.32446334348166,127,50.26100726877133,127,45.24133758719823,0
2024-06-24 21:30:45.211246,127,0.0,127,0.0,127,0.0,15
2024-06-24 21:45:45.211246,127,0.0,127,0.0,127,0.0,60
2024-06-24 22:00:45.211246,127,62.58717117715467,127,54.26050671901011,127,51.24051462163835,0
2024-06-24 22:15:45.211246,127,50.01021535853951,127,50.3354434870601,127,50.42579504747951,0
2024-06-24 22:30:45.211246,127,45.56281220086462,127,49.08791092694157,127,52.66416363629768,0
2024-06-24 22:45:45.211246,127,44.95839363835637,127,42.18727498616461,127,47.851394715783826,0
2024-06-24 23:00:45.211246,127,61.31898771520718,127,56.36750494465645,127,43.24275949698617,0
2024-06-24 23:15:45.211246,127,46.98596436781255,127,47.68844075454824,127,47.3275908300159,0
2024-06-24 23:30:45.211246,127,49.8269307161199,127,47.309090595601496,127,42.33004091052087,0
2024-06-24 23:45:45.211246,127,53.73451377428286,127,65.17703725264158,127,55.30519169401502,0
2024-06-25 00:00:45.211246,127,0.0,127,0.0,127,0.0,15
2024-06-25 00:15:45.211246,127,50.6089975995695,127,45.35834430331628,127,51.385007752994724,0
2024-06-25 00:30:45.211246,127,44.87331227344666,127,48.36327214343628,127,52.40691259160365,0
2024-06-25 00:45:45.211246,127,56.13766017772315,127,42.00583267225599,127,49.661971863926546,0
2024-06-25 01:00:45.211246,127,51.15076376297603,127,52.25061666646829,127,35.07927216432422,0
2024-06-25 01:15:45.211246,127,39.615405586788604,127,50.13284251653972,127,50.019304429948264,0
2024-06-25 01:30:45.211246,127,0.0,127,0.0,127,0.0,30
2024-06-25 01:45:45.211246,127,43.792842820689025,127,41.159953916988265,127,43.20144442160245,0
2024-06-25 02:00:45.211246,127,44.87628444180246,127,41.95597772483663,127,44.96322157423097,0
2024-06-25 02:15:45.211246,127,46.23066122062801,127,47.996125218691816,127,38.33018581014068,0
2024-06-25 02:30:45.211246,127,47.22953879376178,127,46.49485517204944,127,42.73244605964935,0
2024-06-25 02:45:45.211246,127,0.0,127,0.0,127,0.0,15
2024-06-25 03:00:45.211246,127,64.38076144581676,127,50.23343976703186,127,49.48361038161412,0
2024-06-25 03:15:45.211246,127,42.2370572101074,127,48.696959858308446,127,48.98078006629988,0
2024-06-25 03:30:45.211246,127,48.28864908496747,127,49.25240015018608,127,50.992660164424386,0
2024-06-25 03:45:45.211246,127,0.0,127,0.0,127,0.0,60
2024-06-25 04:00:45.211246,127,48.33875659713829,127,46.70277682941121,127,42.22368935194746,0
2024-06-25 04:15:45.211246,127,51.73500460096228,127,50.75922235827788,127,45.62467971703739,0
2024-06-25 04:30:45.211246,127,54.06919376960688,127,53.40462698685995,127,43.27437278982451,0
2024-06-25 04:45:45.211246,127,51.056897679752886,127,47.09315942712233,127,58.743037607777,0
2024-06-25 05:00:45.211246,127,0.0,127,0.0,127,0.0,30
2024-06-25 05:15:45.211246,127,0.0,127,0.0,127,0.0,15
2024-06-25 05:30:45.211246,127,57.00349099964265,127,54.530449108320276,127,39.29590337999812,0
2024-06-25 05:45:45.211246,127,48.93080998334702,127,53.127580593591816,127,40.76988680374427,0
2024-06-25 06:00:45.211246,127,50.20113048805274,127,47.26136306902225,127,54.63788425565544,0
2024-06-25 06:15:45.211246,127,42.164310822990394,127,50.954250776555014,127,42.24691762044134,0
2024-06-25 06:30:45.211246,127,53.17937472600784,127,53.277511367429746,127,55.516446660547004,0
2024-06-25 06:45:45.211246,127,0.0,127,0.0,127,0.0,30
2024-06-25 07:00:45.211246,127,51.609118322229826,127,55.87243659780588,127,45.75260848892078,0
2024-06-25 07:15:45.211246,127,43.42781236226072,127,40.894079571172426,127,51.27414687148734,0
2024-06-25 07:30:45.211246,127,37.197255597054564,127,48.33754510781432,127,55.51015659796273,0
2024-06-25 07:45:45.211246,127,49.64920656703195,127,44.433053560991546,127,55.347137594063966,0
2024-06-25 08:00:45.211246,127,0.0,127,0.0,127,0.0,30
2024-06-25 08:15:45.211246,127,52.6370570767355,127,55.879757432624906,127,43.04687229603151,0
2024-06-25 08:30:45.211246,127,55.826209373200754,127,57.18040249746834,127,51.01924514162919,0
2024-06-25 08:45:45.211246,127,46.88021161871316,127,49.399031393941456,127,58.12824305289754,0
2024-06-25 09:00:45.211246,127,46.179031500778905,127,48.85257998205356,127,53.22328085812743,0
2024-06-25 09:15:45.211246,127,44.84797657331199,127,45.5095427241182,127,48.84153230809631,0
2024-06-25 09:30:45.211246,127,0.0,127,0.0,127,0.0,15
2024-06-25 09:45:45.211246,127,37.75603111599242,127,55.11024657176499,127,51.167984048739804,0
2024-06-25 10:00:45.211246,127,54.222961557232935,127,51.61397780787574,127,49.696366957889545,0
2024-06-25 10:15:45.211246,127,50.50885966962443,127,50.32106034933596,127,47.27786404911388,0
2024-06-25 10:30:45.211246,127,49.59033431427743,127,49.555718814305116,127,51.35003318383231,0
2024-06-25 10:45:45.211246,127,48.02277123956817,127,50.07536772584838,127,50.51990101748326,0
2024-06-25 11:00:45.211246,127,50.75754847423716,127,46.12052313346904,127,44.558461149049876,0
2024-06-25 11:15:45.211246,127,51.9249282796934,127,53.77510655347838,127,46.42604377994127,0
2024-06-25 11:30:45.211246,127,49.8956827153565,127,49.967099657815155,127,48.84965271668529,0
2024-06-25 11:45:45.211246,127,49.44544211698783,127,48.32571263060666,127,45.5791242460517,0
2024-06-25 12:00:45.211246,127,47.805822936159295,127,51.11495806558809,127,42.42368240334616,0
2024-06-25 12:15:45.211246,127,50.767663745970076,127,43.927855585629615,127,50.087607629436754,0
2024-06-25 12:30:45.211246,127,48.7666927182354,127,52.519997964302775,127,46.799540836069134,0
2024-06-25 12:45:45.211246,127,54.053414339777746,127,58.80202985740342,127,49.69721745751037,0
2024-06-25 13:00:45.211246,127,47.27626840547865,127,51.36187554198738,127,53.78165474758994,0
2024-06-25 13:15:45.211246,127,56.858484329872,127,59.495359703380515,127,43.18475511672291,0
2024-06-25 13:30:45.211246,127,53.089188425615006,127,49.31156990149382,127,49.32466094148136,0
2024-06-25 13:45:45.211246,127,50.87381783668286,127,45.09469287914404,127,43.33776426670466,0
2024-06-25 14:00:45.211246,127,50.253925324186405,127,54.16405836341685,127,41.109138588078935,0
2024-06-25 14:15:45.211246,127,52.89383523759774,127,49.24617846139454,127,41.19900822925046,0
2024-06-25 14:30:45.211246,127,50.6873484952909,127,48.573204192038624,127,52.146322309359256,0
2024-06-25 14:45:45.211246,127,57.334897077611,127,58.01881669241898,127,51.90630085518129,0
2024-06-25 15:00:45.211246,127,47.534761224772275,127,51.47915086118431,127,50.2843255191334,0
2024-06-25 15:15:45.211246,127,45.68984265046478,127,51.997663840855786,127,45.490814978646995,0
2024-06-25 15:30:45.211246,127,48.300477645351336,127,53.215003122235196,127,55.36380291260365,0
2024-06-25 15:45:45.211246,127,48.129153381053605,127,49.425494139181346,127,45.015879544232256,0
2024-06-25 16:00:45.211246,127,46.16117076752319,127,52.82331118195835,127,53.68560919606425,0
2024-06-25 16:15:45.211246,127,56.010643405754166,127,50.034377256690725,127,60.36478294552382,0
2024-06-25 16:30:45.211246,127,47.96732469287303,127,52.92598384223762,127,52.26563202363216,0
2024-06-25 16:45:45.211246,127,47.158544447117826,127,55.19562117564188,127,63.959393282806744,0
2024-06-25 17:00:45.211246,127,46.86326696614706,127,50.03815491292951,127,45.95827990922303,0
2024-06-25 17:15:45.211246,127,0.0,127,0.0,127,0.0,60
2024-06-25 17:30:45.211246,127,51.303040929517884,127,43.59218075591858,127,51.493786428200686,0
2024-06-25 17:45:45.211246,127,55.66244120624753,127,52.50798601848112,127,53.378824659980616,0
2024-06-25 18:00:45.211246,127,0.0,127,0.0,127,0.0,60
2024-06-25 18:15:45.211246,127,0.0,127,0.0,127,0.0,30
2024-06-25 18:30:45.211246,127,50.29152933554285,127,48.929223816082896,127,51.39999800647065,0
2024-06-25 18:45:45.211246,127,62.89292909643633,127,57.11626600633112,127,45.28904909670674,0
2024-06-25 19:00:45.211246,127,47.791404952396384,127,51.72885612940354,127,49.024694451431266,0
2024-06-25 19:15:45.211246,127,54.41177362942087,127,54.7282805516007,127,51.90001867300919,0
2024-06-25 19:30:45.211246,127,0.0,127,0.0,127,0.0,30
2024-06-25 19:45:45.211246,127,55.87383882726803,127,53.574776546211,127,45.30901147935408,0
2024-06-25 20:00:45.211246,127,51.50905317824071,127,50.158597847722135,127,47.64717945200128,0
2024-06-25 20:15:45.211246,127,0.0,127,0.0,127,0.0,30
2024-06-25 20:30:45.211246,127,56.593858233421614,127,57.57357240609241,127,57.94472025300142,0
2024-06-25 20:45:45.211246,127,52.36379533469034,127,50.40531097978845,127,51.75664930987614,0
2024-06-25 21:00:45.211246,127,0.0,127,0.0,127,0.0,60
2024-06-25 21:15:45.211246,127,48.84502294877281,127,51.573719896783786,127,51.67118628996773,0
2024-06-25 21:30:45.211246,127,0.0,127,0.0,127,0.0,60
2024-06-25 21:45:45.211246,127,50.84279059421604,127,49.86602725249414,127,51.71729454806377,0
2024-06-25 22:00:45.211246,127,51.19696469153533,127,55.37698850095736,127,51.431607470866155,0
2024-06-25 22:15:45.211246,127,54.77823168415792,127,47.765523361942364,127,47.07820860875348,0
2024-06-25 22:30:45.211246,127,54.0218440787322,127,47.539269363671096,127,41.54032174894019,0
2024-06-25 22:45:45.211246,127,54.96514474556674,127,50.72425928054119,127,49.36502753104362,0
2024-06-25 23:00:45.211246,127,50.6945757499466,127,54.21146553165543,127,43.59164563765106,0
2024-06-25 23:15:45.211246,127,41.87632516376627,127,54.53462695966232,127,50.30981552021674,0
2024-06-25 23:30:45.211246,127,46.02798026211796,127,50.73113501334842,127,49.30412303587644,0
2024-06-25 23:45:45.211246,127,50.72741179089717,127,42.50133860226018,127,49.531600453474006,0
2024-06-26 00:00:45.211246,127,54.616909160369964,127,47.66871329647353,127,45.68545214816606,0
2024-06-26 00:15:45.211246,127,48.33863866895768,127,43.25515884060867,127,50.07176767311033,0
2024-06-26 00:30:45.211246,127,53.00341646254488,127,47.95405954950612,127,45.126939249503366,0
2024-06-26 00:45:45.211246,127,42.716527371590445,127,43.66583838025139,127,44.31807730768255,0
2024-06-26 01:00:45.211246,127,51.759810259798144,127,57.72501478191433,127,51.92890465578016,0
2024-06-26 01:15:45.211246,127,53.65612512289524,127,54.45557529942795,127,61.976402034363225,0
2024-06-26 01:30:45.211246,127,0.0,127,0.0,127,0.0,15
2024-06-26 01:45:45.211246,127,52.66773107089077,127,55.368184222847646,127,46.476154668555445,0
2024-06-26 02:00:45.211246,127,48.527064421071756,127,48.56357346918807,127,56.440804499798496,0
2024-06-26 02:15:45.211246,127,49.77411551433961,127,52.229434222417616,127,48.22130883631525,0
2024-06-26 02:30:45.211246,127,46.32499280695663,127,50.242349525764006,127,46.86271886109869,0
2024-06-26 02:45:45.211246,127,52.26083023776687,127,42.54145859270067,127,48.96106561167101,0
2024-06-26 03:00:45.211246,127,51.54175446504333,127,49.41759185479015,127,51.281373093560866,0
2024-06-26 03:15:45.211246,127,0.0,127,0.0,127,0.0,30
2024-06-26 03:30:45.211246,127,52.73807755491711,127,36.78346317133018,127,52.4565737357216,0
2024-06-26 03:45:45.211246,127,43.769689475655476,127,51.365792210187976,127,48.682025502454735,0
2024-06-26 04:00:45.211246,127,44.94052865559565,127,48.329950314998605,127,50.92340120552726,0
2024-06-26 04:15:45.211246,127,43.245162377361495,127,45.548874025941444,127,50.66806759932022,0
2024-06-26 04:30:45.211246,127,52.19715504505936,127,54.44771550745472,127,45.76528879340628,0
2024-06-26 04:45:45.211246,127,57.44782149581227,127,44.77728686722379,127,48.54524939609135,0
2024-06-26 05:00:45.211246,127,52.847018817118325,127,50.00817914735267,127,47.98668859146539,0
2024-06-26 05:15:45.211246,127,52.6201466187185,127,48.7614002734576,127,49.84227083556527,0
2024-06-26 05:30:45.211246,127,53.58968666357544,127,46.86627511542071,127,53.63304420061151,0
2024-06-26 05:45:45.211246,127,50.672723777160094,127,52.02665721781282,127,54.68848715050363,0
2024-06-26 06:00:45.211246,127,52.75969637209604,127,43.30531854136324,127,53.20086433393722,0
2024-06-26 06:15:45.211246,127,58.3659219887234,127,51.23804183182347,127,61.216754591258855,0
2024-06-26 06:30:45.211246,127,56.89469781198184,127,47.22590589809933,127,46.57915739640468,0
2024-06-26 06:45:45.211246,127,52.21659643611556,127,53.809580315697026,127,54.967573974928044,0
2024-06-26 07:00:45.211246,127,49.786588107479886,127,53.002319203589224,127,50.32322742908079,0
2024-06-26 07:15:45.211246,127,53.52404439153185,127,62.964528430111635,127,49.69953817305253,0
2024-06-26 07:30:45.211246,127,43.27268884237885,127,55.62431180946655,127,48.475391891342134,0
2024-06-26 07:45:45.211246,127,46.53664980664512,127,44.01510938088946,127,53.807851994461316,0
2024-06-26 08:00:45.211246,127,41.04005941308346,127,44.73852910384666,127,50.755796197793636,0
2024-06-26 08:15:45.211246,127,50.668323902550505,127,43.50449612131643,127,50.43909044916164,0
2024-06-26 08:30:45.211246,127,47.46351039848982,127,50.425427505674705,127,55.02143562148919,0
2024-06-26 08:45:45.211246,127,49.857533375156535,127,46.512346931941906,127,45.76701102661583,0
2024-06-26 09:00:45.211246,127,43.82171733200842,127,49.3928464019967,127,62.176801668476536,0
2024-06-26 09:15:45.211246,127,0.0,127,0.0,127,0.0,30
2024-06-26 09:30:45.211246,127,52.742545507815635,127,54.888065615385614,127,47.86758897682959,0
2024-06-26 09:45:45.211246,127,0.0,127,0.0,127,0.0,15
2024-06-26 10:00:45.211246,127,54.500266221623306,127,49.007835827498276,127,43.695903791407076,0
2024-06-26 10:15:45.211246,127,0.0,127,0.0,127,0.0,30
2024-06-26 10:30:45.211246,127,46.05348698329783,127,55.213830306691214,127,57.199256053265906,0
2024-06-26 10:45:45.211246,127,52.86233225102784,127,44.155340470550954,127,46.20859749310212,0
2024-06-26 11:00:45.211246,127,47.64624733161565,127,56.5622788677247,127,39.640168203429184,0
2024-06-26 11:15:45.211246,127,52.13468377014686,127,54.562222638195266,127,45.17193441500186,0
2024-06-26 11:30:45.211246,127,47.936602575337936,127,51.811346289407155,127,49.497016554077476,0
2024-06-26 11:45:45.211246,127,49.26009902874229,127,50.68911945731962,127,51.12550788738574,0
2024-06-26 12:00:45.211246,127,48.66798524854805,127,44.774788352084535,127,56.291650660262476,0
2024-06-26 12:15:45.211246,127,0.0,127,0.0,127,0.0,15
2024-06-26 12:30:45.211246,127,53.31205451780531,127,44.198662612914596,127,54.460430750757716,0
2024-06-26 12:45:45.211246,127,51.371621061165044,127,48.2464462752515,127,43.23145539694709,0
2024-06-26 13:00:45.211246,127,50.76480752224495,127,45.3506186375686,127,58.320741862347006,0
2024-06-26 13:15:45.211246,127,48.12208353202956,127,41.88193356160342,127,50.70159876882268,0
2024-06-26 13:30:45.211246,127,49.66636138904798,127,47.97713167829884,127,51.731871236693415,0
2024-06-26 13:45:45.211246,127,42.5949497087941,127,47.676542151537994,127,50.265111397290596,0
2024-06-26 14:00:45.211246,127,45.07542921726254,127,51.89447946113863,127,50.504664337827776,0
2024-06-26 14:15:45.211246,127,50.02504572960914,127,52.03873253567944,127,52.88333247615722,0
2024-06-26 14:30:45.211246,127,52.50880475257995,127,44.791658678328126,127,50.79871387690076,0
2024-06-26 14:45:45.211246,127,47.4849194863866,127,53.964815083634626,127,55.033035422360065,0
2024-06-26 15:00:45.211246,127,51.53703891209128,127,49.002295747694085,127,44.252397950914464,0
2024-06-26 15:15:45.211246,127,0.0,127,0.0,127,0.0,30
2024-06-26 15:30:45.211246,127,46.14527771218026,127,55.736738179511235,127,59.80171090100113,0
2024-06-26 15:45:45.211246,127,49.6827771306625,127,56.30820371096941,127,51.585491642696596,0
2024-06-26 16:00:45.211246,127,51.66669305714113,127,51.293735778495694,127,51.001600644258744,0
2024-06-26 16:15:45.211246,127,53.92501540240717,127,57.116232083938314,127,50.19685130237876,0
2024-06-26 16:30:45.211246,127,0.0,127,0.0,127,0.0,30
2024-06-26 16:45:45.211246,127,51.90542914693943,127,58.3733750692346,127,50.74420470682631,0
2024-06-26 17:00:45.211246,127,46.083393413143355,127,54.090969238467395,127,37.34307004463506,0
2024-06-26 17:15:45.211246,127,49.333955243663155,127,48.11024156540892,127,62.57388673857984,0
2024-06-26 17:30:45.211246,127,50.19956781581179,127,50.78893134803826,127,44.78847883480596,0
2024-06-26 17:45:45.211246,127,57.235440486107365,127,49.76069241271041,127,59.48448766074782,0
2024-06-26 18:00:45.211246,127,53.65890976389506,127,52.23481141988945,127,47.60565882997489,0
2024-06-26 18:15:45.211246,127,41.32519850778675,127,54.461436160033564,127,62.16996650933298,0
2024-06-26 18:30:45.211246,127,54.76908492642167,127,47.63035105462523,127,44.56547783935402,0
2024-06-26 18:45:45.211246,127,53.82437188379616,127,53.66320828430753,127,41.382925409660345,0
2024-06-26 19:00:45.211246,127,51.702023278375805,127,50.79600034425831,127,45.96694224868554,0
2024-06-26 19:15:45.211246,127,53.78687575820699,127,45.4934377571879,127,50.46948782357631,0
2024-06-26 19:30:45.211246,127,53.98484335708565,127,43.65369729679681,127,56.03565485256538,0
2024-06-26 19:45:45.211246,127,57.03739247592952,127,42.7144869518242,127,49.540847870537206,0
2024-06-26 20:00:45.211246,127,52.43271763160023,127,49.295648041757424,127,44.13234892899578,0
2024-06-26 20:15:45.211246,127,0.0,127,0.0,127,0.0,15
2024-06-26 20:30:45.211246,127,55.06357162282254,127,58.19290357694635,127,44.78358021023287,0
2024-06-26 20:45:45.211246,127,53.922569163694575,127,51.41546054361218,127,58.947793192651766,0
2024-06-26 21:00:45.211246,127,51.317710237944794,127,37.48229086346429,127,44.69593892797708,0
2024-06-26 21:15:45.211246,127,38.95128189953371,127,47.45642717620228,127,55.16913560651126,0
2024-06-26 21:30:45.211246,127,42.555611609727855,127,53.80638712730812,127,40.10889973756646,0
2024-06-26 21:45:45.211246,127,47.14938554137051,127,48.76045039082029,127,48.71908484077444,0
2024-06-26 22:00:45.211246,127,0.0,127,0.0,127,0.0,30
2024-06-26 22:15:45.211246,127,53.91504586506012,127,50.12562952729534,127,55.09865596509691,0
2024-06-26 22:30:45.211246,127,47.81809156806792,127,45.27323509575179,127,46.62134950799804,0
2024-06-26 22:45:45.211246,127,54.33272204076878,127,52.098949817496184,127,49.95431362457955,0
2024-06-26 23:00:45.211246,127,54.23011975432844,127,46.56720522839241,127,47.1327682935561,0
2024-06-26 23:15:45.211246,127,48.43211257518887,127,53.10738415013849,127,50.57023817368451,0
2024-06-26 23:30:45.211246,127,54.67984508971462,127,47.7515870991387,127,45.791273734466195,0
2024-06-26 23:45:45.211246,127,47.57531046765475,127,33.00645463080892,127,45.79529047288392,0
2024-06-27 00:00:45.211246,127,54.610240789257794,127,51.86549572486536,127,56.12675483924735,0
2024-06-27 00:15:45.211246,127,54.61147468034929,127,45.49858708701569,127,53.57894769914091,0
2024-06-27 00:30:45.211246,127,53.09766731110794,127,46.92242959974258,127,53.510704411183085,0
2024-06-27 00:45:45.211246,127,56.99952232450534,127,49.520986917246695,127,53.052851841917885,0
2024-06-27 01:00:45.211246,127,49.179839356510364,127,45.63123397727097,127,47.83103447850229,0
2024-06-27 01:15:45.211246,127,43.51204823427117,127,45.89138474464269,127,43.53235813430974,0
2024-06-27 01:30:45.211246,127,0.0,127,0.0,127,0.0,60
2024-06-27 01:45:45.211246,127,52.16930415539343,127,51.76158592687243,127,39.68676145840345,0
2024-06-27 02:00:45.211246,127,0.0,127,0.0,127,0.0,30
2024-06-27 02:15:45.211246,127,43.36250111919315,127,63.0940995095759,127,52.878123281113396,0
2024-06-27 02:30:45.211246,127,51.35359907492645,127,49.651728919760465,127,43.8709532624722,0
2024-06-27 02:45:45.211246,127,41.1707785433694,127,54.761838185375396,127,39.22420760751556,0
2024-06-27 03:00:45.211246,127,50.159605678019744,127,52.51660055686817,127,47.67947702583068,0
2024-06-27 03:15:45.211246,127,0.0,127,0.0,127,0.0,15
2024-06-27 03:30:45.211246,127,57.254473215697395,127,48.5199507543688,127,50.22170468598577,0
2024-06-27 03:45:45.211246,127,49.87436754173132,127,48.901055982708066,127,43.39620242297096,0
2024-06-27 04:00:45.211246,127,49.60148438069199,127,50.762073474583424,127,49.27461337942959,0
2024-06-27 04:15:45.211246,127,40.748007271947856,127,51.48646727334056,127,46.23285244403065,0
2024-06-27 04:30:45.211246,127,48.53677814031066,127,48.60059008397767,127,55.07929825978347,0
2024-06-27 04:45:45.211246,127,0.0,127,0.0,127,0.0,15
2024-06-27 05:00:45.211246,127,53.86779870873174,127,42.944023012695034,127,57.29561948579708,0
2024-06-27 05:15:45.211246,127,48.936422743729864,127,52.49172124735282,127,47.031559786950936,0
2024-06-27 05:30:45.211246,127,45.413417427753316,127,50.12742199105657,127,52.29172872883962,0
2024-06-27 05:45:45.211246,127,43.037991617039104,127,47.93671198429862,127,48.61091305702424,0
2024-06-27 06:00:45.211246,127,48.13684038697365,127,53.66423207138415,127,62.46632274143675,0
2024-06-27 06:15:45.211246,127,0.0,127,0.0,127,0.0,60
2024-06-27 06:30:45.211246,127,48.776519528047764,127,56.50480673757373,127,50.83136180274366,0
2024-06-27 06:45:45.211246,127,52.56259585781544,127,52.56193670179006,127,62.01454400165117,0
2024-06-27 07:00:45.211246,127,42.74624570134233,127,48.23090966038321,127,53.20763219946808,0
2024-06-27 07:15:45.211246,127,39.556704004989655,127,46.54668720679893,127,46.98452707605651,0
2024-06-27 07:30:45.211246,127,56.40666646470559,127,43.43776544424789,127,46.19997220617912,0
2024-06-27 07:45:45.211246,127,50.46627445107998,127,43.03570486426911,127,49.88234127250408,0
2024-06-27 08:00:45.211246,127,51.14580119996355,127,54.98737983067522,127,42.53385150453353,0
2024-06-27 08:15:45.211246,127,42.81824612432633,127,51.53192537412597,127,51.174579673323244,0
2024-06-27 08:30:45.211246,127,58.923397947401824,127,44.477206764687736,127,50.54956959478818,0
2024-06-27 08:45:45.211246,127,42.393133037271156,127,47.24762783754996,127,62.477266040902755,0
2024-06-27 09:00:45.211246,127,0.0,127,0.0,127,0.0,15
2024-06-27 09:15:45.211246,127,53.51558119888741,127,54.143327765853904,127,57.75994476252558,0
2024-06-27 09:30:45.211246,127,0.0,127,0.0,127,0.0,15
2024-06-27 09:45:45.211246,127,0.0,127,0.0,127,0.0,30
2024-06-27 10:00:45.211246,127,52.826372715109024,127,46.75730239652719,127,51.70317519923015,0
2024-06-27 10:15:45.211246,127,58.51702962306517,127,57.456813856413696,127,43.971755722342515,0
2024-06-27 10:30:45.211246,127,53.71730603710757,127,43.14731140308878,127,44.7365398463026,0
2024-06-27 10:45:45.211246,127,54.62631697265263,127,45.54117484820509,127,64.7351688936219,0
2024-06-27 11:00:45.211246,127,45.57528463575593,127,46.50790278932861,127,52.791813996875035,0
2024-06-27 11:15:45.211246,127,54.561576244968734,127,45.17230640840934,127,52.62037784699639,0
2024-06-27 11:30:45.211246,127,46.390089508565545,127,44.34023363648653,127,55.50509983633661,0
2024-06-27 11:45:45.211246,127,0.0,127,0.0,127,0.0,60
2024-06-27 12:00:45.211246,127,53.2346716062021,127,52.261301317340745,127,52.2410578657444,0
2024-06-27 12:15:45.211246,127,51.31205893936156,127,49.950561363962045,127,47.263698280932914,0
2024-06-27 12:30:45.211246,127,47.1490140931306,127,52.274923962548485,127,43.74242672196018,0
2024-06-27 12:45:45.211246,127,0.0,127,0.0,127,0.0,60
2024-06-27 13:00:45.211246,127,48.67334365856368,127,57.09789564593878,127,53.018532071792066,0
2024-06-27 13:15:45.211246,127,49.19685746036881,127,45.51270841457407,127,52.68167653723725,0
2024-06-27 13:30:45.211246,127,50.91876611161162,127,52.00200284390483,127,50.18646199326106,0
2024-06-27 13:45:45.211246,127,55.998195782098676,127,43.69435668936224,127,38.00574840834099,0
2024-06-27 14:00:45.211246,127,54.19365316121979,127,51.97724856487457,127,57.19393453099855,0
2024-06-27 14:15:45.211246,127,53.47988481219537,127,52.328596738720215,127,52.58307240930257,0
2024-06-27 14:30:45.211246,127,51.914878103093706,127,51.8391127863579,127,47.22557126463111,0
2024-06-27 14:45:45.211246,127,54.85107885470028,127,56.10531265165075,127,44.13973682607074,0
2024-06-27 15:00:45.211246,127,52.84394395395483,127,52.46716611135506,127,46.18989751058122,0
2024-06-27 15:15:45.211246,127,46.10960837465888,127,48.546459961419636,127,55.78097663817402,0
2024-06-27 15:30:45.211246,127,46.34093434223702,127,53.06648605288391,127,47.11979741813421,0
2024-06-27 15:45:45.211246,127,0.0,127,0.0,127,0.0,30
2024-06-27 16:00:45.211246,127,47.74031490334431,127,39.08860718416835,127,47.77723999413733,0
2024-06-27 16:15:45.211246,127,53.917301938841895,127,57.95414348590013,127,58.670799039253325,0
2024-06-27 16:30:45.211246,127,53.209873319597776,127,51.44085869170193,127,45.3317034946748,0
2024-06-27 16:45:45.211246,127,0.0,127,0.0,127,0.0,30
2024-06-27 17:00:45.211246,127,50.67072297849666,127,48.26432618345557,127,51.91640833531119,0
2024-06-27 17:15:45.211246,127,45.49003192780171,127,51.081232876051736,127,50.32566509821513,0
2024-06-27 17:30:45.211246,127,0.0,127,0.0,127,0.0,30
2024-06-27 17:45:45.211246,127,0.0,127,0.0,127,0.0,60
2024-06-27 18:00:45.211246,127,49.48625781615069,127,46.453897385442914,127,54.03192714311231,0
2024-06-27 18:15:45.211246,127,0.0,127,0.0,127,0.0,30
2024-06-27 18:30:45.211246,127,48.803206827123645,127,44.94672767870224,127,48.978588386425514,0
2024-06-27 18:45:45.211246,127,47.30062011926591,127,47.424570048598035,127,51.263109286632044,0
2024-06-27 19:00:45.211246,127,51.072851345125756,127,55.53360846917454,127,59.95168463154732,0
2024-06-27 19:15:45.211246,127,53.805205507096446,127,40.64743679297438,127,53.87676431105773,0
2024-06-27 19:30:45.211246,127,0.0,127,0.0,127,0.0,30
2024-06-27 19:45:45.211246,127,0.0,127,0.0,127,0.0,15
2024-06-27 20:00:45.211246,127,0.0,127,0.0,127,0.0,30
2024-06-27 20:15:45.211246,127,41.9860317453961,127,54.52627763682639,127,54.82273511280776,0
2024-06-27 20:30:45.211246,127,43.772388153125775,127,46.32329049644281,127,50.04163572034132,0
2024-06-27 20:45:45.211246,127,49.61132498650376,127,56.084058828507665,127,57.80694176343491,0
2024-06-27 21:00:45.211246,127,54.62203957762331,127,53.50456773156915,127,51.331590022731156,0
2024-06-27 21:15:45.211246,127,49.833918896314024,127,59.74386655199126,127,57.81992783901372,0
2024-06-27 21:30:45.211246,127,49.699789169399956,127,54.13798418612642,127,52.74941262542765,0
2024-06-27 21:45:45.211246,127,43.528425795375306,127,55.337275890053995,127,53.60867655362247,0
2024-06-27 22:00:45.211246,127,46.94432156273215,127,53.80183851262048,127,49.26110343426494,0
2024-06-27 22:15:45.211246,127,0.0,127,0.0,127,0.0,60
2024-06-27 22:30:45.211246,127,53.79028869932482,127,55.86183189731388,127,56.534477313269,0
2024-06-27 22:45:45.211246,127,58.18128157310557,127,49.469203544091584,127,48.811153870735964,0
2024-06-27 23:00:45.211246,127,49.08408933551364,127,44.680441234899575,127,42.95803353371335,0
2024-06-27 23:15:45.211246,127,43.172354211523555,127,48.16559764935834,127,49.07315162287238,0
2024-06-27 23:30:45.211246,127,0.0,127,0.0,127,0.0,15
2024-06-27 23:45:45.211246,127,55.979786835437565,127,50.36601404390705,127,47.832620392756496,0
2024-06-28 00:00:45.211246,127,50.44979333960598,127,45.85797350881151,127,50.439319634898254,0
2024-06-28 00:15:45.211246,127,55.19413778966013,127,52.63058182883114,127,51.37984454926498,0
2024-06-28 00:30:45.211246,127,46.28484179667495,127,47.42313770208195,127,50.065170700531425,0
2024-06-28 00:45:45.211246,127,46.61508111338015,127,46.48840996165752,127,50.34623741360184,0
2024-06-28 01:00:45.211246,127,43.22398362581007,127,49.12209639431839,127,46.33925700817006,0
2024-06-28 01:15:45.211246,127,52.67000229564146,127,54.325816610755766,127,45.23947976762671,0
2024-06-28 01:30:45.211246,127,56.669387492259276,127,48.57003693361925,127,57.99438774670884,0
2024-06-28 01:45:45.211246,127,61.35431992472182,127,54.70505071221162,127,49.709608802564844,0
2024-06-28 02:00:45.211246,127,52.01838248183313,127,55.672534889912086,127,44.99197007723724,0
2024-06-28 02:15:45.211246,127,49.36296839163803,127,56.07419810693469,127,52.38202824652471,0
2024-06-28 02:30:45.211246,127,0.0,127,0.0,127,0.0,60
2024-06-28 02:45:45.211246,127,51.545594827685626,127,50.20867540412096,127,47.33061907113317,0
2024-06-28 03:00:45.211246,127,52.32481753615767,127,48.763235025986035,127,45.18950855574863,0
2024-06-28 03:15:45.211246,127,0.0,127,0.0,127,0.0,60
2024-06-28 03:30:45.211246,127,51.24522385535086,127,54.54997267781611,127,47.392292041802875,0
2024-06-28 03:45:45.211246,127,47.76063132527673,127,54.21132256731266,127,50.259151953559495,0
2024-06-28 04:00:45.211246,127,47.87986736239474,127,51.58828291400204,127,51.34701097399699,0
2024-06-28 04:15:45.211246,127,48.87118280549714,127,57.460155834597906,127,47.56649465995703,0
2024-06-28 04:30:45.211246,127,50.50114784767759,127,49.69248090048926,127,60.73810477780497,0
2024-06-28 04:45:45.211246,127,50.45399179941918,127,46.74906651842804,127,48.263481790920125,0
2024-06-28 05:00:45.211246,127,45.01990310705288,127,52.98227145687315,127,44.745478477013734,0
2024-06-28 05:15:45.211246,127,48.61069778265582,127,56.98737200054512,127,49.19306484451408,0
2024-06-28 05:30:45.211246,127,46.449466438770266,127,60.632728085870625,127,44.00796418692069,0
2024-06-28 05:45:45.211246,127,48.25938209740127,127,47.57400973287899,127,42.91508253243167,0
2024-06-28 06:00:45.211246,127,49.686098490681,127,45.936011388722406,127,45.692461151516525,0
2024-06-28 06:15:45.211246,127,53.658949384274315,127,47.06635957441394,127,37.92119394360564,0
2024-06-28 06:30:45.211246,127,45.34042327087632,127,44.822844376699635,127,41.00260152946432,0
2024-06-28 06:45:45.211246,127,50.41391848325813,127,48.95059266358462,127,48.32927733973239,0
2024-06-28 07:00:45.211246,127,0.0,127,0.0,127,0.0,15
2024-06-28 07:15:45.211246,127,46.09322139794806,127,46.23794683126919,127,53.673066454398054,0
2024-06-28 07:30:45.211246,127,47.67124895802564,127,43.11198938612124,127,45.2969261676326,0
2024-06-28 07:45:45.211246,127,53.49457795926791,127,53.068670954106246,127,52.86934643640171,0
2024-06-28 08:00:45.211246,127,51.62244469896182,127,54.87383905672537,127,51.46493240987159,0
2024-06-28 08:15:45.211246,127,48.3102640368699,127,52.71442099064593,127,47.38856498301051,0
2024-06-28 08:30:45.211246,127,0.0,127,0.0,127,0.0,15
2024-06-28 08:45:45.211246,127,0.0,127,0.0,127,0.0,60
2024-06-28 09:00:45.211246,127,0.0,127,0.0,127,0.0,15
2024-06-28 09:15:45.211246,127,45.34031378090829,127,47.719101996069604,127,50.46239588654065,0
2024-06-28 09:30:45.211246,127,43.22456307221649,127,52.47146051857878,127,43.23020858153813,0
2024-06-28 09:45:45.211246,127,49.357805340625355,127,53.41433439443969,127,44.29416212343264,0
2024-06-28 10:00:45.211246,127,50.228461366064465,127,52.459724034753236,127,44.58392574041678,0
2024-06-28 10:15:45.211246,127,50.5113398782324,127,46.40916270394533,127,47.3630928330311,0
2024-06-28 10:30:45.211246,127,56.08766052866485,127,52.731461767633355,127,45.37340288428939,0
2024-06-28 10:45:45.211246,127,51.09293919291823,127,53.13023375425354,127,41.55223925269202,0
2024-06-28 11:00:45.211246,127,50.348065972576634,127,61.19244502947595,127,48.2160671918142,0
2024-06-28 11:15:45.211246,127,55.73097040007788,127,53.93168136296689,127,42.67225004528091,0
2024-06-28 11:30:45.211246,127,43.50899599795958,127,48.868038072168396,127,55.266249269206554,0
2024-06-28 11:45:45.211246,127,55.19430049186404,127,54.62736557301074,127,50.45807224272157,0
2024-06-28 12:00:45.211246,127,54.27074482942728,127,51.560981657984186,127,47.00035483783349,0
2024-06-28 12:15:45.211246,127,53.13118932894772,127,51.31493077033284,127,49.011296970388884,0
2024-06-28 12:30:45.211246,127,51.30387575807755,127,43.61170326658345,127,55.01013365429185,0
2024-06-28 12:45:45.211246,127,45.95105934434472,127,53.76143267336203,127,51.184522646814784,0
2024-06-28 13:00:45.211246,127,47.38563178740364,127,55.24213888515345,127,46.04255667737847,0
2024-06-28 13:15:45.211246,127,54.79291076111577,127,60.371037601319806,127,50.28937724013087,0
2024-06-28 13:30:45.211246,127,45.373220818234714,127,52.296399654624736,127,45.43884207672852,0
2024-06-28 13:45:45.211246,127,0.0,127,0.0,127,0.0,60
2024-06-28 14:00:45.211246,127,58.49728580613041,127,58.383975966198776,127,45.63708953528117,0
2024-06-28 14:15:45.211246,127,42.495389857392645,127,47.67204553646576,127,46.242322561603075,0
2024-06-28 14:30:45.211246,127,58.38142735191615,127,50.214690141870285,127,47.37096479993797,0
2024-06-28 14:45:45.211246,127,51.421157728006435,127,46.8681154468476,127,39.221467636552774,0
2024-06-28 15:00:45.211246,127,0.0,127,0.0,127,0.0,15
2024-06-28 15:15:45.211246,127,58.67429154191359,127,52.823403432511526,127,47.75117961915598,0
2024-06-28 15:30:45.211246,127,50.07215899379243,127,43.45591817194372,127,50.896440546585204,0
2024-06-28 15:45:45.211246,127,55.316526991163194,127,36.01881537125445,127,44.49797789462244,0
2024-06-28 16:00:45.211246,127,53.81160068837043,127,56.73717005547276,127,42.91609899523867,0
2024-06-28 16:15:45.211246,127,54.71418399147397,127,48.53577237224286,127,41.75725227981875,0
2024-06-28 16:30:45.211246,127,55.60149816690095,127,55.94654158648398,127,51.85507725598625,0
2024-06-28 16:45:45.211246,127,54.75628959008442,127,49.098830328342146,127,45.832409077172976,0
2024-06-28 17:00:45.211246,127,47.457709944013644,127,48.07708380560045,127,49.97463831124598,0
2024-06-28 17:15:45.211246,127,44.423454862495184,127,53.480360361379674,127,47.07984334909269,0
2024-06-28 17:30:45.211246,127,47.86292788072806,127,58.054890451442745,127,46.55506720344214,0
2024-06-28 17:45:45.211246,127,53.86713809969255,127,58.64573019542004,127,52.13600481714369,0
2024-06-28 18:00:45.211246,127,57.080395113965174,127,57.85747635732638,127,55.55927179999025,0
2024-06-28 18:15:45.211246,127,41.335033659029264,127,46.052138821712205,127,43.517003041017446,0
2024-06-28 18:30:45.211246,127,0.0,127,0.0,127,0.0,30
2024-06-28 18:45:45.211246,127,50.657164228457205,127,48.32770412027277,127,57.743340362712736,0
2024-06-28 19:00:45.211246,127,48.84990269840465,127,57.36817738474322,127,44.13133775844099,0
2024-06-28 19:15:45.211246,127,47.943900768978395,127,56.04793616885824,127,43.1779113348071,0
2024-06-28 19:30:45.211246,127,48.821767620812714,127,33.69828687498131,127,39.21801061207593,0
2024-06-28 19:45:45.211246,127,0.0,127,0.0,127,0.0,15
2024-06-28 20:00:45.211246,127,49.31297316256036,127,46.032112021311036,127,49.9240724734595,0
2024-06-28 20:15:45.211246,127,46.60165851452537,127,57.39942861065658,127,50.98799819216602,0
2024-06-28 20:30:45.211246,127,48.18743125952163,127,48.65882145371606,127,54.96779213890551,0
2024-06-28 20:45:45.211246,127,50.97098824702497,127,53.0726078360192,127,46.910570954604694,0
2024-06-28 21:00:45.211246,127,41.18837815311676,127,60.45396478801376,127,47.55396369506526,0
2024-06-28 21:15:45.211246,127,0.0,127,0.0,127,0.0,15
2024-06-28 21:30:45.211246,127,51.60922746354393,127,55.451617537963656,127,37.082485208433155,0
2024-06-28 21:45:45.211246,127,54.684546189442806,127,43.520458127381644,127,53.704934493703426,0
2024-06-28 22:00:45.211246,127,58.308892772972015,127,56.86718926463136,127,46.36958050747087,0
2024-06-28 22:15:45.211246,127,49.578676979590185,127,47.962095034246616,127,51.63617881612067,0
2024-06-28 22:30:45.211246,127,50.15542444440366,127,46.905523049642106,127,50.93701521123761,0
2024-06-28 22:45:45.211246,127,61.412028295639104,127,50.10063558407598,127,42.129534213828045,0
2024-06-28 23:00:45.211246,127,49.476098798355714,127,58.282307086361556,127,48.91999942481802,0
2024-06-28 23:15:45.211246,127,50.59947243565709,127,53.729623675155395,127,52.10926661066495,0
2024-06-28 23:30:45.211246,127,47.49243327069813,127,52.4470620375823,127,43.703861052275556,0
2024-06-28 23:45:45.211246,127,42.52016072098131,127,53.813739600455065,127,57.475110159984986,0
2024-06-29 00:00:45.211246,127,54.15693522998103,127,51.63621344844767,127,51.45705681107441,0
2024-06-29 00:15:45.211246,127,52.00418801205541,127,49.762213108143946,127,43.459198491187585,0
2024-06-29 00:30:45.211246,127,50.71857080533878,127,48.89727122271411,127,56.33316925824717,0
2024-06-29 00:45:45.211246,127,48.49512276168837,127,49.448864626116816,127,40.15471835845873,0
2024-06-29 01:00:45.211246,127,0.0,127,0.0,127,0.0,30
2024-06-29 01:15:45.211246,127,47.324239307110375,127,47.266464622391354,127,56.72649983590138,0
2024-06-29 01:30:45.211246,127,0.0,127,0.0,127,0.0,30
2024-06-29 01:45:45.211246,127,48.74524208360215,127,44.51804824080921,127,40.88675739205069,0
2024-06-29 02:00:45.211246,127,52.52169046511556,127,45.67906027137341,127,53.366257939114206,0
2024-06-29 02:15:45.211246,127,51.375077685406275,127,43.48234936291365,127,52.80816084905727,0
2024-06-29 02:30:45.211246,127,0.0,127,0.0,127,0.0,30
2024-06-29 02:45:45.211246,127,54.008967093847744,127,55.77532863845451,127,49.445854565710846,0
2024-06-29 03:00:45.211246,127,34.86168358134752,127,51.43576788566261,127,51.73897682807668,0
2024-06-29 03:15:45.211246,127,52.59098966185824,127,51.37975495208132,127,55.08212814683349,0
2024-06-29 03:30:45.211246,127,58.69259897258229,127,44.44152374210691,127,45.556256649200655,0
2024-06-29 03:45:45.211246,127,42.21242859904252,127,45.123053376260074,127,49.38832338874704,0
2024-06-29 04:00:45.211246,127,0.0,127,0.0,127,0.0,15
2024-06-29 04:15:45.211246,127,42.639171977133884,127,50.845840775113594,127,52.00706789108579,0
2024-06-29 04:30:45.211246,127,59.86160133451659,127,57.58843371918529,127,46.29447119972502,0
2024-06-29 04:45:45.211246,127,51.02928365516983,127,46.00237905844274,127,39.85844283151637,0
2024-06-29 05:00:45.211246,127,56.1382554851485,127,49.84658102816378,127,37.40350911039895,0
2024-06-29 05:15:45.211246,127,43.83775389852215,127,47.78159039248499,127,51.58301729428496,0
2024-06-29 05:30:45.211246,127,0.0,127,0.0,127,0.0,15
2024-06-29 05:45:45.211246,127,50.35080980439782,127,50.12869746243301,127,47.37317714544028,0
2024-06-29 06:00:45.211246,127,49.775214597802346,127,49.75568031801569,127,54.02857333355972,0
2024-06-29 06:15:45.211246,127,55.595475162469135,127,56.46573654176941,127,51.82631511701336,0
2024-06-29 06:30:45.211246,127,54.23315388211734,127,42.08608879409027,127,44.70513364544348,0
2024-06-29 06:45:45.211246,127,46.13862746921283,127,46.33728045495189,127,49.01779415411428,0
2024-06-29 07:00:45.211246,127,47.31392634466006,127,51.996314666503004,127,53.69189059042729,0
2024-06-29 07:15:45.211246,127,44.78906075468784,127,53.94512032460772,127,47.04767794752503,0
2024-06-29 07:30:45.211246,127,57.51664505687587,127,41.72901777233959,127,47.67639540593504,0
2024-06-29 07:45:45.211246,127,46.71514216585399,127,44.779946373466935,127,54.97903774171571,0
2024-06-29 08:00:45.211246,127,58.758339136561005,127,47.88880289313448,127,47.52859016382717,0
2024-06-29 08:15:45.211246,127,53.859411736855655,127,52.60504269236326,127,45.47131382732452,0
2024-06-29 08:30:45.211246,127,53.43279447423861,127,46.59250640567697,127,48.72553146988146,0
2024-06-29 08:45:45.211246,127,45.719433533484334,127,46.651424383850284,127,43.28867339978962,0
2024-06-29 09:00:45.211246,127,45.866918962270645,127,47.10764065399344,127,48.376603467920376,0
2024-06-29 09:15:45.211246,127,52.728600949786426,127,47.12584859353967,127,47.68378247565025,0
2024-06-29 09:30:45.211246,127,48.1279182052454,127,50.00650354260901,127,53.37693550449027,0
2024-06-29 09:45:45.211246,127,47.20908803699452,127,50.038138890648796,127,49.16084548836251,0
2024-06-29 10:00:45.211246,127,47.96669562090832,127,53.17342631659416,127,56.06525508955165,0
2024-06-29 10:15:45.211246,127,51.04873531659245,127,51.94223488986289,127,54.141748788479596,0
2024-06-29 10:30:45.211246,127,49.34654179988498,127,53.204610983358336,127,44.771360476666246,0
2024-06-29 10:45:45.211246,127,53.350796328989325,127,50.30658042592269,127,40.75355875394827,0
2024-06-29 11:00:45.211246,127,46.583595846645316,127,56.96299912839489,127,47.0662940419841,0
2024-06-29 11:15:45.211246,127,55.96322399454993,127,49.431872085515295,127,48.31947040544313,0
2024-06-29 11:30:45.211246,127,54.742717350023526,127,39.97438488660282,127,45.28024303921485,0
2024-06-29 11:45:45.211246,127,51.016852936950535,127,58.85648632557204,127,51.61514962954575,0
2024-06-29 12:00:45.211246,127,48.382869638168785,127,58.83914482577073,127,44.32103022864162,0
2024-06-29 12:15:45.211246,127,51.02557955878731,127,47.0259148616448,127,44.781260664894795,0
2024-06-29 12:30:45.211246,127,63.49032925470917,127,49.27382852016002,127,56.22332756586372,0
2024-06-29 12:45:45.211246,127,54.005022735161866,127,50.56291027078427,127,41.33226993221035,0
2024-06-29 13:00:45.211246,127,60.590398325189554,127,53.34715224448786,127,51.69556553534686,0
2024-06-29 13:15:45.211246,127,52.57656944320473,127,42.961305095348955,127,46.243663631845514,0
2024-06-29 13:30:45.211246,127,52.009463799608,127,55.0256803903676,127,58.18096850311589,0
2024-06-29 13:45:45.211246,127,0.0,127,0.0,127,0.0,30
2024-06-29 14:00:45.211246,127,54.14865647231183,127,52.98516501457777,127,52.14400967557193,0
2024-06-29 14:15:45.211246,127,40.950283606371954,127,53.36171547273254,127,51.009422515623164,0
2024-06-29 14:30:45.211246,127,53.077796142695234,127,44.12359384309208,127,54.47361764999915,0
2024-06-29 14:45:45.211246,127,56.227369944962945,127,39.518935656532946,127,41.156961333286404,0
2024-06-29 15:00:45.211246,127,51.266594877238624,127,55.19490398822404,127,40.62160298837793,0
2024-06-29 15:15:45.211246,127,54.40425994323091,127,49.77717837247821,127,56.98463503026443,0
2024-06-29 15:30:45.211246,127,51.697425903393075,127,51.52066331712578,127,50.302264786807044,0
2024-06-29 15:45:45.211246,127,51.5340999095044,127,61.956316822652866,127,45.00594516042471,0
2024-06-29 16:00:45.211246,127,43.98799997690858,127,51.14639281745423,127,40.234923481043516,0
2024-06-29 16:15:45.211246,127,47.68120636768372,127,48.29393435153076,127,46.974198997110044,0
2024-06-29 16:30:45.211246,127,44.3482629723227,127,47.40472780183916,127,45.71779711402836,0
2024-06-29 16:45:45.211246,127,41.3308519860276,127,47.01220923618339,127,34.21996858389386,0
2024-06-29 17:00:45.211246,127,55.38796033845478,127,55.88943116379835,127,44.58529878142111,0
2024-06-29 17:15:45.211246,127,0.0,127,0.0,127,0.0,30
2024-06-29 17:30:45.211246,127,47.43614060839679,127,47.21350615347837,127,60.04170174918104,0
2024-06-29 17:45:45.211246,127,42.799310460449426,127,46.55084633883471,127,45.17597936386144,0
2024-06-29 18:00:45.211246,127,45.00030356292613,127,51.089248043329505,127,52.817330582748596,0
2024-06-29 18:15:45.211246,127,0.0,127,0.0,127,0.0,15
2024-06-29 18:30:45.211246,127,41.77634924978216,127,56.04139122144807,127,44.788721330214614,0
2024-06-29 18:45:45.211246,127,50.8027286782007,127,50.207618229280364,127,49.68158397308601,0
2024-06-29 19:00:45.211246,127,58.71277603823764,127,59.59795828599907,127,49.766381664089,0
2024-06-29 19:15:45.211246,127,42.18823587226205,127,48.917730119998424,127,50.92686428080428,0
2024-06-29 19:30:45.211246,127,51.43588846704493,127,48.52394190424849,127,49.38198961610356,0
2024-06-29 19:45:45.211246,127,49.383975556377,127,48.0738009675553,127,44.73741419321536,0
2024-06-29 20:00:45.211246,127,50.37535270687252,127,55.038102058132225,127,45.86400108439037,0
2024-06-29 20:15:45.211246,127,53.189335241324954,127,43.80038102605935,127,47.04709372004876,0
2024-06-29 20:30:45.211246,127,51.16983619007809,127,58.04095528332593,127,50.25111850768455,0
2024-06-29 20:45:45.211246,127,56.22365427053428,127,51.83026672915728,127,50.10057450392435,0
2024-06-29 21:00:45.211246,127,39.10325295243713,127,54.65705334331513,127,48.74257920387768,0
2024-06-29 21:15:45.211246,127,52.285736858219686,127,49.25499759369927,127,55.17575834412461,0
2024-06-29 21:30:45.211246,127,45.13764876736856,127,47.976299528015524,127,50.94481884249364,0
2024-06-29 21:45:45.211246,127,0.0,127,0.0,127,0.0,60
2024-06-29 22:00:45.211246,127,42.20452099813639,127,45.29063274654957,127,56.09465496000414,0
2024-06-29 22:15:45.211246,127,56.60996602497252,127,46.45403943298137,127,51.479617279735876,0
2024-06-29 22:30:45.211246,127,59.18723732240697,127,60.81980126773928,127,47.6984896592332,0
2024-06-29 22:45:45.211246,127,42.21027375146349,127,47.67187505046701,127,45.8753271336063,0
2024-06-29 23:00:45.211246,127,50.204535489021815,127,53.32008474253204,127,51.14659783556498,0
2024-06-29 23:15:45.211246,127,0.0,127,0.0,127,0.0,30
2024-06-29 23:30:45.211246,127,45.19745698213552,127,51.69877029698802,127,51.87047587140135,0
2024-06-29 23:45:45.211246,127,55.19584308404922,127,51.98398894863689,127,49.96867526117982,0
2024-06-30 00:00:45.211246,127,0.0,127,0.0,127,0.0,60
2024-06-30 00:15:45.211246,127,0.0,127,0.0,127,0.0,15
2024-06-30 00:30:45.211246,127,57.49382604365752,127,44.75645550109631,127,52.756202986144054,0
2024-06-30 00:45:45.211246,127,55.64195490989404,127,48.5597348134768,127,50.54158966307741,0
2024-06-30 01:00:45.211246,127,49.31403313095919,127,58.10915716808064,127,42.65513328225448,0
2024-06-30 01:15:45.211246,127,0.0,127,0.0,127,0.0,15
2024-06-30 01:30:45.211246,127,48.94925065519822,127,51.81307271660426,127,44.43097146241248,0
2024-06-30 01:45:45.211246,127,53.43439568285273,127,54.38058418934587,127,56.17446694171177,0
2024-06-30 02:00:45.211246,127,50.18941170459154,127,50.38959611106795,127,58.1423303698292,0
2024-06-30 02:15:45.211246,127,0.0,127,0.0,127,0.0,30
2024-06-30 02:30:45.211246,127,51.792418333381924,127,49.26683295313925,127,55.39917020554623,0
2024-06-30 02:45:45.211246,127,56.378939066034434,127,59.37311905220759,127,46.69156981154306,0
2024-06-30 03:00:45.211246,127,49.606174439306,127,55.71521502523814,127,50.2585482504656,0
2024-06-30 03:15:45.211246,127,50.88219129369528,127,54.591835948787505,127,55.362059783735994,0
2024-06-30 03:30:45.211246,127,54.043261931415365,127,44.124015542843544,127,57.91193287423395,0
2024-06-30 03:45:45.211246,127,50.63470483266001,127,51.06134119527653,127,55.517239130964455,0
2024-06-30 04:00:45.211246,127,49.34407113634098,127,57.2187833631881,127,51.53380039700804,0
2024-06-30 04:15:45.211246,127,47.925410110315006,127,47.10360207924858,127,49.30031599851774,0
2024-06-30 04:30:45.211246,127,55.73623391005985,127,49.96860561974212,127,54.82340425890066,0
2024-06-30 04:45:45.211246,127,52.1603565890844,127,43.95873677533696,127,49.49375613852787,0
2024-06-30 05:00:45.211246,127,47.49742679922485,127,52.14559776664515,127,56.14030884403472,0
2024-06-30 05:15:45.211246,127,45.47317886565798,127,56.51754286749499,127,48.35655247260829,0
2024-06-30 05:30:45.211246,127,48.21471530174526,127,47.1821389227576,127,57.23655780395897,0
2024-06-30 05:45:45.211246,127,49.20584857037016,127,49.134522808025885,127,52.57370727485595,0
2024-06-30 06:00:45.211246,127,45.726498536889345,127,43.82238383814723,127,56.63477568945062,0
2024-06-30 06:15:45.211246,127,45.875473764955785,127,51.61617955987434,127,51.0434937629237,0
2024-06-30 06:30:45.211246,127,47.734783823749616,127,50.57469608384832,127,46.17294654066233,0
2024-06-30 06:45:45.211246,127,48.72030387138522,127,47.37659709420144,127,50.1714634137208,0
2024-06-30 07:00:45.211246,127,52.768121044308614,127,56.439354491943604,127,43.87296864216228,0
2024-06-30 07:15:45.211246,127,46.36764765543726,127,42.424818120889285,127,63.15221947660054,0
2024-06-30 07:30:45.211246,127,52.03086692879162,127,43.701647687885945,127,48.05274528336906,0
2024-06-30 07:45:45.211246,127,0.0,127,0.0,127,0.0,30
2024-06-30 08:00:45.211246,127,50.332693822675374,127,47.19612795612291,127,52.61807436315628,0
2024-06-30 08:15:45.211246,127,42.3625902282458,127,46.54298863016377,127,45.69585943234049,0
2024-06-30 08:30:45.211246,127,0.0,127,0.0,127,0.0,60
2024-06-30 08:45:45.211246,127,54.682232450065776,127,53.2983624896131,127,46.96816903152733,0
2024-06-30 09:00:45.211246,127,0.0,127,0.0,127,0.0,60
2024-06-30 09:15:45.211246,127,44.67728676487779,127,55.07559502782982,127,42.51927296232056,0
2024-06-30 09:30:45.211246,127,48.89984213673244,127,53.95157704884094,127,42.86831359064337,0
2024-06-30 09:45:45.211246,127,47.81995918110994,127,45.83042095505746,127,52.66859707317475,0
2024-06-30 10:00:45.211246,127,43.089190930552405,127,51.230134643834205,127,50.68264535610654,0
2024-06-30 10:15:45.211246,127,52.64531203571955,127,50.50896089222886,127,53.10913902313756,0
2024-06-30 10:30:45.211246,127,50.438116540417774,127,50.30628385052671,127,39.91985249339204,0
2024-06-30 10:45:45.211246,127,51.76053620325463,127,53.39683370341938,127,50.79795046868875,0
2024-06-30 11:00:45.211246,127,51.904910562713674,127,53.962376517456825,127,56.318588714998874,0
2024-06-30 11:15:45.211246,127,49.09523452455747,127,54.57040230247904,127,48.39611395066865,0
2024-06-30 11:30:45.211246,127,53.547929849494416,127,47.83512575901853,127,47.74480130686545,0
2024-06-30 11:45:45.211246,127,60.77881426323278,127,53.482051380405125,127,43.82981241126713,0
2024-06-30 12:00:45.211246,127,55.32211520635814,127,45.24509398748724,127,50.01303717570936,0
2024-06-30 12:15:45.211246,127,52.34189536535647,127,61.473147364709554,127,56.262319379575416,0
2024-06-30 12:30:45.211246,127,52.24378662716822,127,42.7157849291731,127,50.83227254420507,0
2024-06-30 12:45:45.211246,127,44.978765762976145,127,54.76798670005841,127,47.43399556100532,0
2024-06-30 13:00:45.211246,127,52.26919827349649,127,47.14900032750147,127,49.490667031906675,0
2024-06-30 13:15:45.211246,127,40.28062879501629,127,48.493556496836696,127,50.186237948678496,0
2024-06-30 13:30:45.211246,127,0.0,127,0.0,127,0.0,60
2024-06-30 13:45:45.211246,127,0.0,127,0.0,127,0.0,15
2024-06-30 14:00:45.211246,127,45.988204895030066,127,46.56074407137273,127,50.203858459047694,0
2024-06-30 14:15:45.211246,127,45.7502584609344,127,47.13065129406867,127,43.80359812972254,0
2024-06-30 14:30:45.211246,127,49.81785110231444,127,61.097885372546244,127,45.779777735795626,0
2024-06-30 14:45:45.211246,127,46.89556391952945,127,55.25976311830376,127,45.41916885290964,0
2024-06-30 15:00:45.211246,127,0.0,127,0.0,127,0.0,60
2024-06-30 15:15:45.211246,127,51.699181290321256,127,51.56241184265239,127,48.10356181986631,0
2024-06-30 15:30:45.211246,127,45.3782275768278,127,50.78180759315543,127,52.24569589318696,0
2024-06-30 15:45:45.211246,127,52.99394998154167,127,57.282018357899574,127,48.522155912437654,0
2024-06-30 16:00:45.211246,127,40.94291161126939,127,57.953192930328036,127,50.42459512852554,0
2024-06-30 16:15:45.211246,127,48.533549940325074,127,62.02183519471431,127,51.76853996286869,0
2024-06-30 16:30:45.211246,127,55.09836838391878,127,40.043530115198394,127,48.32089189889512,0
2024-06-30 16:45:45.211246,127,48.4574718651468,127,48.69552051781047,127,47.69156776955163,0
2024-06-30 17:00:45.211246,127,47.343418914073695,127,44.98437679573045,127,45.89610455973669,0
2024-06-30 17:15:45.211246,127,55.90571966293976,127,47.8317526116475,127,49.962242020538696,0
2024-06-30 17:30:45.211246,127,47.75785925715107,127,45.04374065075402,127,45.286650838842874,0
2024-06-30 17:45:45.211246,127,0.0,127,0.0,127,0.0,15
2024-06-30 18:00:45.211246,127,50.02598874414862,127,43.02617590836005,127,42.95335985882988,0
2024-06-30 18:15:45.211246,127,47.168034139617426,127,53.169566305173525,127,52.18877800531004,0
2024-06-30 18:30:45.211246,127,54.87308148539358,127,53.62538897460167,127,49.47022170140337,0
2024-06-30 18:45:45.211246,127,0.0,127,0.0,127,0.0,60
2024-06-30 19:00:45.211246,127,48.24289606259236,127,36.115643163608006,127,33.38207314224263,0
2024-06-30 19:15:45.211246,127,53.11314529100287,127,41.274320987293365,127,52.071093403313014,0
2024-06-30 19:30:45.211246,127,59.027606257855304,127,46.2254583510065,127,47.4604566637047,0
2024-06-30 19:45:45.211246,127,49.45206955048353,127,45.315742501599374,127,48.04898814847709,0
2024-06-30 20:00:45.211246,127,50.4940593054494,127,44.2304565570918,127,44.52688821882312,0
2024-06-30 20:15:45.211246,127,54.02164776844269,127,47.41641012711878,127,60.37126839048379,0
2024-06-30 20:30:45.211246,127,53.032662579987864,127,47.17345216111049,127,51.32042861828858,0
2024-06-30 20:45:45.211246,127,47.49117222873347,127,38.67462150302047,127,50.4065897324561,0
2024-06-30 21:00:45.211246,127,52.58007223626569,127,53.014614133303205,127,50.83822468560537,0
2024-06-30 21:15:45.211246,127,42.51085111729888,127,53.34190313999966,127,49.610683327022656,0
2024-06-30 21:30:45.211246,127,48.487614113808824,127,44.686468531877345,127,57.67336274567931,0
2024-06-30 21:45:45.211246,127,46.54547429574582,127,46.1330911495811,127,52.423441258797446,0
2024-06-30 22:00:45.211246,127,51.52318890227012,127,52.85755794814096,127,53.380039471872536,0
2024-06-30 22:15:45.211246,127,47.33985240053064,127,49.71112357116459,127,50.639267825551634,0
2024-06-30 22:30:45.211246,127,47.32682238112575,127,58.32572291458085,127,43.210210281245836,0
2024-06-30 22:45:45.211246,127,0.0,127,0.0,127,0.0,30
2024-06-30 23:00:45.211246,127,52.82613248748723,127,46.0710421629287,127,47.951899267551845,0
2024-06-30 23:15:45.211246,127,46.80246130364955,127,48.179150590561946,127,52.74806153554641,0
2024-06-30 23:30:45.211246,127,0.0,127,0.0,127,0.0,15
2024-06-30 23:45:45.211246,127,51.75727084738369,127,46.129207810588156,127,49.27158240328936,0
2024-07-01 00:00:45.211246,127,0.0,127,0.0,127,0.0,15
2024-07-01 00:15:45.211246,127,47.06206106936468,127,38.78040896563043,127,49.54532399352535,0
2024-07-01 00:30:45.211246,127,47.31373151505178,127,54.47995448830516,127,57.66676613218479,0
2024-07-01 00:45:45.211246,127,51.00322298892504,127,48.16354873526056,127,45.07437993567792,0
2024-07-01 01:00:45.211246,127,46.48461967942772,127,56.70845010963122,127,50.80763885491281,0
2024-07-01 01:15:45.211246,127,45.65348269107257,127,50.95226550298002,127,48.503505366931456,0
2024-07-01 01:30:45.211246,127,54.719177085764294,127,50.68768847664841,127,47.06203050749605,0
2024-07-01 01:45:45.211246,127,54.69735771127536,127,54.81482725625555,127,46.14503762428835,0
2024-07-01 02:00:45.211246,127,45.78071909072214,127,54.42102152865808,127,57.7459548699487,0
2024-07-01 02:15:45.211246,127,49.74391972999066,127,48.96267597611873,127,48.10625059054634,0
2024-07-01 02:30:45.211246,127,53.18864635229911,127,43.99086110590636,127,45.359677331017444,0
2024-07-01 02:45:45.211246,127,44.13904492678108,127,53.5269323881088,127,54.09967454698313,0
2024-07-01 03:00:45.211246,127,0.0,127,0.0,127,0.0,60
2024-07-01 03:15:45.211246,127,51.98925028403404,127,61.67708372769676,127,46.31840583118688,0
2024-07-01 03:30:45.211246,127,56.82940649545953,127,52.65860640058849,127,53.3232313820801,0
2024-07-01 03:45:45.211246,127,0.0,127,0.0,127,0.0,60
2024-07-01 04:00:45.211246,127,52.44936163884874,127,50.554030791786786,127,51.685212376856136,0
2024-07-01 04:15:45.211246,127,47.94633014477652,127,42.09684544245097,127,49.67324729500374,0
2024-07-01 04:30:45.211246,127,0.0,127,0.0,127,0.0,15
2024-07-01 04:45:45.211246,127,43.724320204920424,127,43.70083615636062,127,54.852615464284916,0
2024-07-01 05:00:45.211246,127,0.0,127,0.0,127,0.0,30
2024-07-01 05:15:45.211246,127,56.06589163348945,127,50.04761183768645,127,46.613838848653444,0
2024-07-01 05:30:45.211246,127,53.145634427632686,127,45.101036492531165,127,55.81289421091542,0
2024-07-01 05:45:45.211246,127,53.568696133144925,127,45.009197241060406,127,59.02509207052191,0
2024-07-01 06:00:45.211246,127,52.89412019754177,127,46.16084792832156,127,45.42893614344232,0
2024-07-01 06:15:45.211246,127,47.244289135694345,127,51.648273872475215,127,48.66825001677013,0
2024-07-01 06:30:45.211246,127,48.72567126548338,127,35.708918240149714,127,53.11428709405928,0
2024-07-01 06:45:45.211246,127,42.01908662713918,127,54.52670779331403,127,62.130277410919795,0
2024-07-01 07:00:45.211246,127,50.231635128968584,127,45.31379525345439,127,52.75015769921025,0
2024-07-01 07:15:45.211246,127,56.95653374479812,127,42.84640951662886,127,44.97891780009621,0
2024-07-01 07:30:45.211246,127,0.0,127,0.0,127,0.0,15
2024-07-01 07:45:45.211246,127,43.14588917936652,127,46.67992759843978,127,44.952911620637416,0
2024-07-01 08:00:45.211246,127,50.63880345442523,127,53.004634648743284,127,42.02398886241597,0
2024-07-01 08:15:45.211246,127,48.35033060738394,127,51.14082384302046,127,53.33244631371198,0
2024-07-01 08:30:45.211246,127,42.482297902560546,127,52.507574183391114,127,46.358452426697795,0
2024-07-01 08:45:45.211246,127,40.745790029793866,127,41.902097848055554,127,52.91370092148156,0
2024-07-01 09:00:45.211246,127,43.659974765383396,127,39.829716001773406,127,48.231878324871666,0
2024-07-01 09:15:45.211246,127,46.71656446466102,127,51.17851796018784,127,55.50144291383114,0
2024-07-01 09:30:45.211246,127,0.0,127,0.0,127,0.0,15
2024-07-01 09:45:45.211246,127,50.30337303807502,127,39.80183061849692,127,48.01298392685783,0
2024-07-01 10:00:45.211246,127,45.14108988680442,127,45.284167544980626,127,45.49891066084325,0
2024-07-01 10:15:45.211246,127,0.0,127,0.0,127,0.0,15
2024-07-01 10:30:45.211246,127,0.0,127,0.0,127,0.0,15
2024-07-01 10:45:45.211246,127,45.60010272125277,127,55.581403006816196,127,47.9819572120486,0
2024-07-01 11:00:45.211246,127,53.91323574166622,127,46.55518885075264,127,54.41922022461823,0
2024-07-01 11:15:45.211246,127,47.851072801757795,127,51.55408955524708,127,53.825561751929136,0
2024-07-01 11:30:45.211246,127,52.91727896468947,127,53.44550847256951,127,41.58081595290306,0
2024-07-01 11:45:45.211246,127,55.867135268391415,127,51.920887522150515,127,46.367941446696626,0
2024-07-01 12:00:45.211246,127,53.239146804959255,127,46.93161244679188,127,48.1036796075435,0
2024-07-01 12:15:45.211246,127,41.47295716718759,127,57.502834456142246,127,52.71434624910341,0
2024-07-01 12:30:45.211246,127,0.0,127,0.0,127,0.0,15
2024-07-01 12:45:45.211246,127,0.0,127,0.0,127,0.0,30
2024-07-01 13:00:45.211246,127,46.278305641075754,127,50.521523939614745,127,52.54522742780218,0
2024-07-01 13:15:45.211246,127,52.71725642681994,127,57.16905964818323,127,44.72830789910217,0
2024-07-01 13:30:45.211246,127,40.8622713221699,127,44.73674770593085,127,58.985374605471534,0
2024-07-01 13:45:45.211246,127,50.36075287108492,127,56.332209341201576,127,59.26934075940967,0
2024-07-01 14:00:45.211246,127,50.031223439022895,127,52.70211233199548,127,42.9340214595867,0
2024-07-01 14:15:45.211246,127,45.67870560072576,127,44.44705505687254,127,51.0186664808915,0
2024-07-01 14:30:45.211246,127,37.94349729175265,127,62.11731866100518,127,48.883864521085926,0
2024-07-01 14:45:45.211246,127,53.495965112376744,127,55.55171866591605,127,51.419074705653124,0
2024-07-01 15:00:45.211246,127,39.64396886610864,127,40.10711102042881,127,47.022999158103275,0
2024-07-01 15:15:45.211246,127,53.77922775701042,127,58.75455806525325,127,60.07819178315863,0
2024-07-01 15:30:45.211246,127,50.42272540865639,127,52.38654875279173,127,52.285670670290024,0
2024-07-01 15:45:45.211246,127,47.26089031088404,127,53.872152970542714,127,40.15117295041886,0
2024-07-01 16:00:45.211246,127,50.53990564754045,127,57.813614128795045,127,42.967069911817156,0
2024-07-01 16:15:45.211246,127,0.0,127,0.0,127,0.0,60
2024-07-01 16:30:45.211246,127,56.684347399807905,127,45.81616059309831,127,48.49084037914329,0
2024-07-01 16:45:45.211246,127,44.804192774265644,127,46.32244829722823,127,42.26579826804998,0
2024-07-01 17:00:45.211246,127,0.0,127,0.0,127,0.0,15
2024-07-01 17:15:45.211246,127,60.07742829759907,127,54.88335981482664,127,54.455300909181226,0
2024-07-01 17:30:45.211246,127,0.0,127,0.0,127,0.0,15
2024-07-01 17:45:45.211246,127,49.94947883271711,127,47.7809476837806,127,52.340712578779396,0
2024-07-01 18:00:45.211246,127,43.037362990830516,127,56.88980931945257,127,49.10166775315113,0
2024-07-01 18:15:45.211246,127,0.0,127,0.0,127,0.0,15
2024-07-01 18:30:45.211246,127,0.0,127,0.0,127,0.0,15
2024-07-01 18:45:45.211246,127,0.0,127,0.0,127,0.0,60
2024-07-01 19:00:45.211246,127,0.0,127,0.0,127,0.0,15
2024-07-01 19:15:45.211246,127,0.0,127,0.0,127,0.0,15
2024-07-01 19:30:45.211246,127,47.949913303392954,127,51.13112411989169,127,49.17424423306422,0
2024-07-01 19:45:45.211246,127,48.863754361516705,127,48.13456291292838,127,51.83783955741233,0
2024-07-01 20:00:45.211246,127,0.0,127,0.0,127,0.0,60
2024-07-01 20:15:45.211246,127,48.62422557708252,127,50.34802535422351,127,47.052145211027984,0
2024-07-01 20:30:45.211246,127,49.652014702664694,127,53.528451598632905,127,47.83625421085357,0
2024-07-01 20:45:45.211246,127,52.00604545263182,127,47.95299455403132,127,58.318165559296546,0
2024-07-01 21:00:45.211246,127,52.12188523280314,127,56.851019467975796,127,60.353261702194736,0
2024-07-01 21:15:45.211246,127,0.0,127,0.0,127,0.0,15
2024-07-01 21:30:45.211246,127,50.185678729764994,127,45.52960439509228,127,60.547526211021534,0
2024-07-01 21:45:45.211246,127,53.80276083959144,127,53.24872791725908,127,51.15888184554622,0
2024-07-01 22:00:45.211246,127,0.0,127,0.0,127,0.0,60
2024-07-01 22:15:45.211246,127,42.8643095240112,127,46.65146374560791,127,47.46529299878433,0
2024-07-01 22:30:45.211246,127,52.712054430102086,127,57.57822143036549,127,48.180168399723236,0
2024-07-01 22:45:45.211246,127,49.11639903925365,127,39.16973301497676,127,55.67520561381275,0
2024-07-01 23:00:45.211246,127,49.29206381668067,127,57.46553080857526,127,51.32046517821545,0
2024-07-01 23:15:45.211246,127,55.01896168470109,127,54.47778921467587,127,52.668883342319134,0
2024-07-01 23:30:45.211246,127,50.43867875981812,127,49.36531141231259,127,47.09171879678568,0
2024-07-01 23:45:45.211246,127,51.169807873934424,127,50.00955375163386,127,48.8521425619107,0
2024-07-02 00:00:45.211246,127,48.2232948785814,127,50.30184153805041,127,54.92873989910175,0
2024-07-02 00:15:45.211246,127,50.66637307545947,127,53.89120403259691,127,62.58172592910694,0
2024-07-02 00:30:45.211246,127,57.550383481471194,127,49.8450884425021,127,47.74061971318729,0
2024-07-02 00:45:45.211246,127,45.29060106285907,127,52.09659670965966,127,48.73896681845644,0
2024-07-02 01:00:45.211246,127,54.8996836838813,127,52.151958411408025,127,46.99711409618882,0
2024-07-02 01:15:45.211246,127,52.1927072539264,127,51.726965516540915,127,47.82990980170254,0
2024-07-02 01:30:45.211246,127,45.34642104275527,127,52.7527761972175,127,50.73307022751882,0
2024-07-02 01:45:45.211246,127,50.78242059117539,127,48.64288882344552,127,54.41505973515962,0
2024-07-02 02:00:45.211246,127,52.35799588489669,127,47.50781371418444,127,47.412129467681865,0
2024-07-02 02:15:45.211246,127,49.819426960538884,127,40.93842975402392,127,42.12775166524623,0
2024-07-02 02:30:45.211246,127,0.0,127,0.0,127,0.0,15
2024-07-02 02:45:45.211246,127,51.090780452034416,127,56.900197522053496,127,48.04923389146829,0
2024-07-02 03:00:45.211246,127,57.38935214508239,127,44.680585768649635,127,55.52277703793867,0
2024-07-02 03:15:45.211246,127,61.48476782859587,127,54.33097091252184,127,47.22370812198267,0
2024-07-02 03:30:45.211246,127,42.35059012126784,127,52.85743744427347,127,48.24668275527073,0
2024-07-02 03:45:45.211246,127,51.95686084363968,127,48.85363382125884,127,55.57776007900133,0
2024-07-02 04:00:45.211246,127,46.653548967791394,127,49.03509774823822,127,49.51511144261163,0
2024-07-02 04:15:45.211246,127,44.62048220221461,127,45.58491177924968,127,53.30938130304996,0
2024-07-02 04:30:45.211246,127,52.21358037913328,127,50.77821838659854,127,50.730246372516724,0
2024-07-02 04:45:45.211246,127,64.22969815351715,127,38.80222025140125,127,45.9027431806522,0
2024-07-02 05:00:45.211246,127,0.0,127,0.0,127,0.0,30
2024-07-02 05:15:45.211246,127,53.52766580194767,127,49.47084732880661,127,52.669895189260316,0
2024-07-02 05:30:45.211246,127,47.042113522614216,127,58.058457225520556,127,53.62983932297145,0
2024-07-02 05:45:45.211246,127,61.511276309956834,127,50.80433413687868,127,42.10525287898346,0
2024-07-02 06:00:45.211246,127,46.18959111934546,127,48.20718339949839,127,55.50762724329113,0
2024-07-02 06:15:45.211246,127,51.83581289724023,127,50.414829900488364,127,51.553903083435145,0
2024-07-02 06:30:45.211246,127,42.75156478813848,127,51.27236427334999,127,46.68535521746765,0
2024-07-02 06:45:45.211246,127,49.59886830320235,127,51.855637020283154,127,58.40529085864181,0
2024-07-02 07:00:45.211246,127,42.180248268247674,127,49.64721656330749,127,44.5996588981552,0
2024-07-02 07:15:45.211246,127,0.0,127,0.0,127,0.0,15
2024-07-02 07:30:45.211246,127,60.70181934751286,127,42.7929985447736,127,55.66131599511033,0
2024-07-02 07:45:45.211246,127,47.60293393544868,127,40.394405156631414,127,54.08129861306548,0
2024-07-02 08:00:45.211246,127,48.36377190368102,127,46.199800624925345,127,56.85459326311378,0
2024-07-02 08:15:45.211246,127,0.0,127,0.0,127,0.0,60
2024-07-02 08:30:45.211246,127,47.581302183479316,127,47.84594820665353,127,51.552742164636236,0
2024-07-02 08:45:45.211246,127,55.48081815488804,127,50.39062510998336,127,49.499953830512446,0
2024-07-02 09:00:45.211246,127,44.272252216097606,127,44.11642170084328,127,48.72953902952818,0
2024-07-02 09:15:45.211246,127,44.929016654852,127,48.14440927294721,127,46.25702918446917,0
2024-07-02 09:30:45.211246,127,51.20395891818446,127,50.015076951831034,127,43.632013669263394,0
2024-07-02 09:45:45.211246,127,42.27656335803597,127,49.376772310997744,127,55.26144951067638,0
2024-07-02 10:00:45.211246,127,46.72930223273869,127,53.97419181062211,127,54.68852268240512,0
2024-07-02 10:15:45.211246,127,45.02165475994518,127,49.82352273533331,127,49.6943288993255,0
2024-07-02 10:30:45.211246,127,53.04947130268424,127,49.48808920340841,127,46.228766482774226,0
2024-07-02 10:45:45.211246,127,49.22588320809658,127,48.49090197461579,127,57.00211274757521,0
2024-07-02 11:00:45.211246,127,44.94827176722591,127,48.96690326309322,127,46.75624527503723,0
2024-07-02 11:15:45.211246,127,54.955483017057674,127,47.380166795597965,127,45.29399567071187,0
2024-07-02 11:30:45.211246,127,48.668340964508744,127,52.912206070710674,127,48.23547369141542,0
2024-07-02 11:45:45.211246,127,41.55280607512583,127,61.90471565759533,127,44.351410037824294,0
2024-07-02 12:00:45.211246,127,48.24364856102633,127,52.54071309903228,127,49.4032395789194,0
2024-07-02 12:15:45.211246,127,0.0,127,0.0,127,0.0,15
2024-07-02 12:30:45.211246,127,46.66038202808526,127,54.04852224095261,127,57.18679903880056,0
2024-07-02 12:45:45.211246,127,0.0,127,0.0,127,0.0,15
2024-07-02 13:00:45.211246,127,53.93815480619111,127,40.37840573219172,127,50.398263792464746,0
2024-07-02 13:15:45.211246,127,0.0,127,0.0,127,0.0,15
2024-07-02 13:30:45.211246,127,46.689656916909506,127,49.404006055333106,127,47.89399184201846,0
2024-07-02 13:45:45.211246,127,0.0,127,0.0,127,0.0,60
2024-07-02 14:00:45.211246,127,49.51948114811596,127,50.38553581250539,127,52.83258240578189,0
2024-07-02 14:15:45.211246,127,45.22927808878914,127,54.6222189896547,127,52.08693898175269,0
2024-07-02 14:30:45.211246,127,48.61845183157036,127,45.64886753921432,127,53.223654179138286,0
2024-07-02 14:45:45.211246,127,60.33910919362958,127,58.49223901311578,127,55.516067222543164,0
2024-07-02 15:00:45.211246,127,52.56234013735477,127,50.69841176150599,127,41.73472345485358,0
2024-07-02 15:15:45.211246,127,54.11625274131625,127,49.13237658909854,127,53.04377309922293,0
2024-07-02 15:30:45.211246,127,50.873536671135135,127,49.19010309216263,127,52.784527601859935,0
2024-07-02 15:45:45.211246,127,54.301345854802314,127,51.50329024565768,127,48.39000741722889,0
2024-07-02 16:00:45.211246,127,51.651233304750605,127,52.653428158521024,127,44.16184334315374,0
2024-07-02 16:15:45.211246,127,0.0,127,0.0,127,0.0,15
2024-07-02 16:30:45.211246,127,42.08923533989351,127,57.7383188863072,127,56.29613097190283,0
2024-07-02 16:45:45.211246,127,52.39957469322511,127,41.79070853347491,127,42.01916578191919,0
2024-07-02 17:00:45.211246,127,49.626699802685366,127,54.19997354111494,127,49.98405034465,0
2024-07-02 17:15:45.211246,127,0.0,127,0.0,127,0.0,15
2024-07-02 17:30:45.211246,127,0.0,127,0.0,127,0.0,15
2024-07-02 17:45:45.211246,127,0.0,127,0.0,127,0.0,60
2024-07-02 18:00:45.211246,127,54.00726163771091,127,54.577076989599504,127,43.9026654021149,0
2024-07-02 18:15:45.211246,127,47.6716996353845,127,50.05224290177409,127,51.198159575789255,0
2024-07-02 18:30:45.211246,127,48.6417738324085,127,54.42903784945107,127,48.46849094508619,0
2024-07-02 18:45:45.211246,127,41.20986408625771,127,45.309292990195026,127,57.115257776447514,0
2024-07-02 19:00:45.211246,127,51.429285593048746,127,50.26869692873786,127,49.84129767700121,0
2024-07-02 19:15:45.211246,127,50.69821198208716,127,44.25394302018453,127,48.87342426608695,0
2024-07-02 19:30:45.211246,127,0.0,127,0.0,127,0.0,30
2024-07-02 19:45:45.211246,127,46.7573571307492,127,59.182912524297315,127,47.038692483194026,0
2024-07-02 20:00:45.211246,127,46.955943612400624,127,51.00658795344151,127,47.577130755417386,0
2024-07-02 20:15:45.211246,127,0.0,127,0.0,127,0.0,15
2024-07-02 20:30:45.211246,127,47.32900841453077,127,56.382861426851484,127,44.85308316819581,0
2024-07-02 20:45:45.211246,127,52.99426950585154,127,46.95526955028875,127,60.783004011539184,0
2024-07-02 21:00:45.211246,127,48.602799036572456,127,45.988220082714435,127,47.84391570798597,0
2024-07-02 21:15:45.211246,127,50.75347192702994,127,46.22727647371273,127,44.775820625713244,0
2024-07-02 21:30:45.211246,127,0.0,127,0.0,127,0.0,30
2024-07-02 21:45:45.211246,127,52.319654725334004,127,53.64492410941251,127,46.50337624863729,0
2024-07-02 22:00:45.211246,127,51.12872397509796,127,50.14162896924102,127,37.99403809329888,0
2024-07-02 22:15:45.211246,127,48.26558153490019,127,38.294851218560375,127,53.39013801333329,0
2024-07-02 22:30:45.211246,127,38.8307278734011,127,45.06772411698756,127,53.717431848653526,0
2024-07-02 22:45:45.211246,127,51.3128740151133,127,54.06248542716747,127,44.632879535784454,0
2024-07-02 23:00:45.211246,127,48.94475861993698,127,54.04187220197183,127,55.38347798998999,0
2024-07-02 23:15:45.211246,127,54.031304078965334,127,43.63712158947926,127,52.482625548639554,0
2024-07-02 23:30:45.211246,127,45.338384804228156,127,51.14049323101698,127,40.34770017588009,0
2024-07-02 23:45:45.211246,127,48.38973899145654,127,46.471951935409216,127,52.00822949788524,0
2024-07-03 00:00:45.211246,127,56.14246761253571,127,46.63495500114152,127,47.78345679379605,0
2024-07-03 00:15:45.211246,127,50.969260714367216,127,49.32252446391274,127,52.99811502793276,0
2024-07-03 00:30:45.211246,127,48.02068562254174,127,48.68936718851236,127,54.936340011903624,0
2024-07-03 00:45:45.211246,127,41.5142587229927,127,52.86765515807578,127,48.92171773798874,0
2024-07-03 01:00:45.211246,127,53.03541018133936,127,47.8487120367402,127,50.82325570326863,0
2024-07-03 01:15:45.211246,127,56.831695409850454,127,56.88219243821368,127,53.98195614435731,0
2024-07-03 01:30:45.211246,127,48.354197526790756,127,48.336643925626234,127,40.67825154352733,0
2024-07-03 01:45:45.211246,127,56.80925399704795,127,49.6429511373358,127,55.52090382985303,0
2024-07-03 02:00:45.211246,127,0.0,127,0.0,127,0.0,30
2024-07-03 02:15:45.211246,127,49.32893136340819,127,57.06679307688547,127,54.7590671759503,0
2024-07-03 02:30:45.211246,127,59.366289013816,127,51.71728204749431,127,49.128105315798685,0
2024-07-03 02:45:45.211246,127,51.413965780129224,127,51.282518220419554,127,49.09560836334894,0
2024-07-03 03:00:45.211246,127,52.73864922003445,127,49.073131221555535,127,48.46798473609002,0
2024-07-03 03:15:45.211246,127,48.76194295738889,127,60.73661662008995,127,47.75535110540626,0
2024-07-03 03:30:45.211246,127,56.9324188931559,127,52.56761113945872,127,48.50750623297433,0
2024-07-03 03:45:45.211246,127,55.953711179293975,127,48.38091902867858,127,52.300652050914515,0
2024-07-03 04:00:45.211246,127,52.82958925451159,127,45.78284326672767,127,46.13917706682308,0
2024-07-03 04:15:45.211246,127,40.81767114274932,127,49.66878817743358,127,42.947909196588014,0
2024-07-03 04:30:45.211246,127,48.47038393912008,127,41.356287881075644,127,48.94595336880439,0
2024-07-03 04:45:45.211246,127,0.0,127,0.0,127,0.0,60
2024-07-03 05:00:45.211246,127,50.89496795311771,127,40.70553899743979,127,51.11817647695348,0
2024-07-03 05:15:45.211246,127,0.0,127,0.0,127,0.0,30
2024-07-03 05:30:45.211246,127,55.434255549477804,127,57.37581264101236,127,50.486667729692385,0
2024-07-03 05:45:45.211246,127,46.30869085160123,127,41.30644525560422,127,44.63372824971589,0
2024-07-03 06:00:45.211246,127,0.0,127,0.0,127,0.0,30
2024-07-03 06:15:45.211246,127,48.23487069302986,127,37.29646407998134,127,43.41566642254189,0
2024-07-03 06:30:45.211246,127,53.90388910195397,127,51.55400833265268,127,45.91165759633112,0
2024-07-03 06:45:45.211246,127,46.41851313256249,127,56.5966230758296,127,56.45161673030346,0
2024-07-03 07:00:45.211246,127,55.87440483378574,127,49.06774750954146,127,49.599831613037196,0
2024-07-03 07:15:45.211246,127,0.0,127,0.0,127,0.0,60
2024-07-03 07:30:45.211246,127,0.0,127,0.0,127,0.0,15
2024-07-03 07:45:45.211246,127,56.344184091925385,127,46.50982600926469,127,51.82462863511894,0
2024-07-03 08:00:45.211246,127,56.35079263854809,127,45.381637971002796,127,45.66855219563561,0
2024-07-03 08:15:45.211246,127,48.184464749163766,127,40.91230272438048,127,47.71918015432968,0
2024-07-03 08:30:45.211246,127,51.239623677894535,127,48.46153314278292,127,49.41106108777211,0
2024-07-03 08:45:45.211246,127,42.615197790916916,127,47.73273015384605,127,52.46027368706298,0
2024-07-03 09:00:45.211246,127,0.0,127,0.0,127,0.0,60
2024-07-03 09:15:45.211246,127,0.0,127,0.0,127,0.0,15
2024-07-03 09:30:45.211246,127,0.0,127,0.0,127,0.0,60
2024-07-03 09:45:45.211246,127,53.555114382806146,127,59.810727810029256,127,55.49970319042554,0
2024-07-03 10:00:45.211246,127,52.77228030400452,127,54.96683955279186,127,49.354360098612,0
2024-07-03 10:15:45.211246,127,44.0658633287179,127,45.32573904911643,127,63.51677843658402,0
2024-07-03 10:30:45.211246,127,0.0,127,0.0,127,0.0,30
2024-07-03 10:45:45.211246,127,49.28142225585904,127,56.67646707257599,127,42.14875866702984,0
2024-07-03 11:00:45.211246,127,0.0,127,0.0,127,0.0,60
2024-07-03 11:15:45.211246,127,0.0,127,0.0,127,0.0,30
2024-07-03 11:30:45.211246,127,44.970066750662966,127,46.15966081117271,127,47.73950520928268,0
2024-07-03 11:45:45.211246,127,54.89249497745037,127,61.3802247147524,127,47.2411111482807,0
2024-07-03 12:00:45.211246,127,53.79987014604119,127,52.79892705032666,127,49.20676439747509,0
2024-07-03 12:15:45.211246,127,44.53912197352383,127,56.46539869276883,127,51.99485933865007,0
2024-07-03 12:30:45.211246,127,53.3249241470982,127,40.366901896071234,127,56.35236056830613,0
2024-07-03 12:45:45.211246,127,56.26637477316839,127,57.213574351657265,127,55.04838386916017,0
2024-07-03 13:00:45.211246,127,43.62226281537615,127,54.02893141088811,127,49.06754176057896,0
2024-07-03 13:15:45.211246,127,50.07628517597115,127,58.205725569714616,127,60.01123683879223,0
2024-07-03 13:30:45.211246,127,55.805862526848415,127,54.52260569425629,127,60.83016637096844,0
2024-07-03 13:45:45.211246,127,54.34962692741933,127,48.56931480939166,127,51.71640943879055,0
2024-07-03 14:00:45.211246,127,45.73944388222718,127,56.99509530115243,127,46.09487311964855,0
2024-07-03 14:15:45.211246,127,47.939886224212586,127,48.48944416026933,127,52.7446227515913,0
2024-07-03 14:30:45.211246,127,54.63731563920202,127,50.18448819277069,127,54.625154386139606,0
2024-07-03 14:45:45.211246,127,45.75934009417753,127,55.15118580716178,127,50.62035493029413,0
2024-07-03 15:00:45.211246,127,43.75844841116262,127,56.371639236987306,127,50.606218848056336,0
2024-07-03 15:15:45.211246,127,52.768581696515966,127,49.92606775331084,127,47.008194063318726,0
2024-07-03 15:30:45.211246,127,58.86486757168862,127,42.048846450094516,127,53.0983039618894,0
2024-07-03 15:45:45.211246,127,53.1572612364278,127,49.32243005421145,127,54.874254028528526,0
2024-07-03 16:00:45.211246,127,0.0,127,0.0,127,0.0,15
2024-07-03 16:15:45.211246,127,40.17531672608776,127,52.9505688613891,127,52.71129519664446,0
2024-07-03 16:30:45.211246,127,47.39406795355706,127,53.579175389937916,127,49.638991644873016,0
2024-07-03 16:45:45.211246,127,46.82262910080613,127,45.76340484867766,127,51.50988299276015,0
2024-07-03 17:00:45.211246,127,53.55062641092376,127,49.36277592465246,127,49.217697991417126,0
2024-07-03 17:15:45.211246,127,59.55870190719652,127,48.111481728745,127,59.09830880698884,0
2024-07-03 17:30:45.211246,127,54.84627110641503,127,45.59433318673563,127,51.57506361316411,0
2024-07-03 17:45:45.211246,127,0.0,127,0.0,127,0.0,30
2024-07-03 18:00:45.211246,127,0.0,127,0.0,127,0.0,30
2024-07-03 18:15:45.211246,127,0.0,127,0.0,127,0.0,60
2024-07-03 18:30:45.211246,127,50.4795689474383,127,54.90559093278419,127,50.63891797389836,0
2024-07-03 18:45:45.211246,127,45.85499311089743,127,48.47862994282783,127,57.4950007400794,0
2024-07-03 19:00:45.211246,127,41.40092397962451,127,50.368776616307194,127,43.80128655759964,0
2024-07-03 19:15:45.211246,127,49.48670319149157,127,47.5478869234933,127,48.953411910984265,0
2024-07-03 19:30:45.211246,127,50.6984085173674,127,52.5363427918519,127,55.646921447458915,0
2024-07-03 19:45:45.211246,127,47.98874063404127,127,46.76579437884798,127,51.45134785535918,0
2024-07-03 20:00:45.211246,127,54.64598304675029,127,49.20559577898901,127,45.419499680342106,0
2024-07-03 20:15:45.211246,127,46.11938672343331,127,49.26235371700869,127,49.205679882510374,0
2024-07-03 20:30:45.211246,127,62.44917627588624,127,50.599025684367376,127,52.14011752150807,0
2024-07-03 20:45:45.211246,127,0.0,127,0.0,127,0.0,60
2024-07-03 21:00:45.211246,127,0.0,127,0.0,127,0.0,15
2024-07-03 21:15:45.211246,127,44.29246942901925,127,56.62995191704756,127,60.37641642985382,0
2024-07-03 21:30:45.211246,127,47.57588289512625,127,52.93109589010606,127,44.299450527101186,0
2024-07-03 21:45:45.211246,127,53.30434282646267,127,51.576592768572354,127,46.95366470847149,0
2024-07-03 22:00:45.211246,127,45.81063207778049,127,49.20810289392288,127,51.42317575809641,0
2024-07-03 22:15:45.211246,127,46.52864708614672,127,53.705538968385056,127,48.3446266494429,0
2024-07-03 22:30:45.211246,127,45.968729963839195,127,48.21041245694423,127,48.419503890334326,0
2024-07-03 22:45:45.211246,127,0.0,127,0.0,127,0.0,30
2024-07-03 23:00:45.211246,127,0.0,127,0.0,127,0.0,15
2024-07-03 23:15:45.211246,127,0.0,127,0.0,127,0.0,30
2024-07-03 23:30:45.211246,127,61.18398908891521,127,54.2527687183811,127,44.40604331537199,0
2024-07-03 23:45:45.211246,127,0.0,127,0.0,127,0.0,30
2024-07-04 00:00:45.211246,127,56.40516790494884,127,57.62220677268963,127,48.027443926340084,0
2024-07-04 00:15:45.211246,127,46.540201850756105,127,52.843646176225235,127,52.45658404694002,0
2024-07-04 00:30:45.211246,127,36.59153709475592,127,40.714913566296204,127,44.22382269513943,0
2024-07-04 00:45:45.211246,127,54.61029761354623,127,42.88585085626297,127,52.73964939873521,0
2024-07-04 01:00:45.211246,127,57.48635972425206,127,43.148007940783714,127,48.6450972203351,0
2024-07-04 01:15:45.211246,127,46.1920248399903,127,41.532072968108224,127,56.74189526298245,0
2024-07-04 01:30:45.211246,127,52.272823231281315,127,39.75696445821493,127,57.44991631534975,0
2024-07-04 01:45:45.211246,127,0.0,127,0.0,127,0.0,60
2024-07-04 02:00:45.211246,127,53.0802224088372,127,58.29595342229294,127,49.018527844081206,0
2024-07-04 02:15:45.211246,127,49.89598394731832,127,42.76666917411505,127,46.883538971728406,0
2024-07-04 02:30:45.211246,127,51.56184067508695,127,52.08814813729863,127,40.34768733960362,0
2024-07-04 02:45:45.211246,127,0.0,127,0.0,127,0.0,15
2024-07-04 03:00:45.211246,127,46.970326149151006,127,48.65390021114359,127,40.462371861096756,0
2024-07-04 03:15:45.211246,127,42.76201615510678,127,42.15164310949451,127,46.493073768058316,0
2024-07-04 03:30:45.211246,127,52.11892941551085,127,49.64417178153864,127,52.22567425512064,0
2024-07-04 03:45:45.211246,127,52.79767109897827,127,51.81509900587329,127,57.26952673918889,0
2024-07-04 04:00:45.211246,127,44.31635636012238,127,43.59855124607677,127,48.6047588272927,0
2024-07-04 04:15:45.211246,127,60.235769106961015,127,52.84495973388512,127,49.51747157713958,0
2024-07-04 04:30:45.211246,127,52.71231474743917,127,53.088569772583,127,57.386565170527426,0
2024-07-04 04:45:45.211246,127,55.023332174199965,127,51.50538461395914,127,49.54238198025562,0
2024-07-04 05:00:45.211246,127,54.14092717420867,127,49.74083139439035,127,50.01096714258728,0
2024-07-04 05:15:45.211246,127,54.95788536639611,127,48.821987757066005,127,51.81353280161515,0
2024-07-04 05:30:45.211246,127,44.15012755209522,127,46.47078266268165,127,48.74471930920885,0
2024-07-04 05:45:45.211246,127,39.017571826672686,127,54.856063165315646,127,50.09869648965713,0
2024-07-04 06:00:45.211246,127,54.30402125576855,127,51.276057038104135,127,56.06039459028325,0
2024-07-04 06:15:45.211246,127,54.92912578526787,127,53.62707521597071,127,54.84010907241524,0
2024-07-04 06:30:45.211246,127,0.0,127,0.0,127,0.0,60
2024-07-04 06:45:45.211246,127,48.77174188664282,127,51.50120953142979,127,59.88008192721316,0
2024-07-04 07:00:45.211246,127,0.0,127,0.0,127,0.0,15
2024-07-04 07:15:45.211246,127,54.41472571603616,127,47.69184039868495,127,50.53943006112352,0
2024-07-04 07:30:45.211246,127,47.71194782083388,127,53.67913667786864,127,47.69264351129246,0
2024-07-04 07:45:45.211246,127,55.99761569898046,127,53.38321022371103,127,42.01483365406008,0
2024-07-04 08:00:45.211246,127,52.98088252037218,127,47.70706824219421,127,56.33846221067551,0
2024-07-04 08:15:45.211246,127,42.396041821390334,127,59.071475166015546,127,57.153079192227985,0
2024-07-04 08:30:45.211246,127,46.56870636035356,127,63.253293412785574,127,58.89719386587742,0
2024-07-04 08:45:45.211246,127,50.86549756094653,127,48.73114147865893,127,58.17363026151672,0
2024-07-04 09:00:45.211246,127,50.01642077841955,127,54.95099815182657,127,53.614956517896914,0
2024-07-04 09:15:45.211246,127,46.19587073583912,127,53.51890101756454,127,47.840619722318806,0
2024-07-04 09:30:45.211246,127,51.30948186266169,127,53.873167838137434,127,49.32157533501908,0
2024-07-04 09:45:45.211246,127,50.61805363848629,127,51.47836559978305,127,59.86946487234112,0
2024-07-04 10:00:45.211246,127,60.34329925234174,127,46.68424235825012,127,44.65982981199252,0
2024-07-04 10:15:45.211246,127,46.221278885569525,127,51.434575570165045,127,49.255528915287684,0
2024-07-04 10:30:45.211246,127,52.44817890844176,127,49.474050750152685,127,36.88920494312659,0
2024-07-04 10:45:45.211246,127,53.53960553418421,127,54.776738478937965,127,37.84724136677483,0
2024-07-04 11:00:45.211246,127,0.0,127,0.0,127,0.0,15
2024-07-04 11:15:45.211246,127,0.0,127,0.0,127,0.0,60
2024-07-04 11:30:45.211246,127,46.02910512792683,127,55.59499906751374,127,43.63174845544243,0
2024-07-04 11:45:45.211246,127,43.057182675247276,127,52.58942510221914,127,51.6621192834086,0
2024-07-04 12:00:45.211246,127,50.307617279502864,127,53.216112342829646,127,45.001500546525094,0
2024-07-04 12:15:45.211246,127,50.295478152027684,127,45.84139449671352,127,54.44149141718411,0
2024-07-04 12:30:45.211246,127,43.287450168572434,127,52.17080666881309,127,53.50621764740579,0
2024-07-04 12:45:45.211246,127,43.46094731244359,127,59.431675952229014,127,49.40108241108004,0
2024-07-04 13:00:45.211246,127,51.667746210983786,127,51.802268441341035,127,49.93210890986849,0
2024-07-04 13:15:45.211246,127,44.40698691348688,127,49.53116809902591,127,49.970166673320435,0
2024-07-04 13:30:45.211246,127,47.7522338343295,127,48.45657515335951,127,50.08771447779809,0
2024-07-04 13:45:45.211246,127,60.22124393083221,127,45.953041135490274,127,51.35186053095334,0
2024-07-04 14:00:45.211246,127,48.93228411909847,127,50.11857993367138,127,54.63211511863245,0
2024-07-04 14:15:45.211246,127,51.58148555277292,127,50.254642381221295,127,49.50823550200864,0
2024-07-04 14:30:45.211246,127,48.11605387467884,127,56.43758177981581,127,50.03153009339795,0
2024-07-04 14:45:45.211246,127,0.0,127,0.0,127,0.0,15
2024-07-04 15:00:45.211246,127,54.47999274485267,127,55.1857453370714,127,52.57058959938953,0
2024-07-04 15:15:45.211246,127,42.99323602861202,127,51.126010302877866,127,50.3406796710283,0
2024-07-04 15:30:45.211246,127,55.075182747276926,127,53.83028449364527,127,51.00528309376637,0
2024-07-04 15:45:45.211246,127,51.874260161849676,127,49.45354011931639,127,53.71844052200144,0
2024-07-04 16:00:45.211246,127,57.29326638815413,127,47.764067766787406,127,60.00599744064289,0
2024-07-04 16:15:45.211246,127,42.60423353020778,127,45.619422605455085,127,52.35587122030006,0
2024-07-04 16:30:45.211246,127,45.70332807792324,127,49.01628824982365,127,51.712857637489634,0
2024-07-04 16:45:45.211246,127,52.72304905247455,127,47.316299324351604,127,50.4243188289874,0
2024-07-04 17:00:45.211246,127,48.22799030396142,127,50.29956873503325,127,56.90117898561156,0
2024-07-04 17:15:45.211246,127,53.20484832277602,127,47.627312800492106,127,49.486180876023816,0
2024-07-04 17:30:45.211246,127,58.84221065779473,127,47.97686505016245,127,52.01295204015697,0
2024-07-04 17:45:45.211246,127,0.0,127,0.0,127,0.0,60
2024-07-04 18:00:45.211246,127,0.0,127,0.0,127,0.0,15
2024-07-04 18:15:45.211246,127,46.71905776449932,127,53.0036748186493,127,51.10474766995259,0
2024-07-04 18:30:45.211246,127,54.56251621109601,127,54.729129527566464,127,53.91883070434688,0
2024-07-04 18:45:45.211246,127,52.383299261742586,127,40.92331821392888,127,58.81767171243758,0
2024-07-04 19:00:45.211246,127,50.59725935873848,127,53.518991704819754,127,46.671106063978954,0
2024-07-04 19:15:45.211246,127,57.594131174219434,127,36.68047745342065,127,47.63606335111514,0
2024-07-04 19:30:45.211246,127,46.41369522513732,127,56.71870410272604,127,51.66312497391738,0
2024-07-04 19:45:45.211246,127,49.463734049997846,127,48.61115967991772,127,43.20929955859778,0
2024-07-04 20:00:45.211246,127,55.724109203419616,127,51.863609707881224,127,45.143589614804895,0
2024-07-04 20:15:45.211246,127,0.0,127,0.0,127,0.0,30
2024-07-04 20:30:45.211246,127,50.10849976524381,127,51.836646770374294,127,52.34464436832612,0
2024-07-04 20:45:45.211246,127,51.27805544255219,127,57.26653670073674,127,55.97560037015109,0
2024-07-04 21:00:45.211246,127,0.0,127,0.0,127,0.0,60
2024-07-04 21:15:45.211246,127,48.9276646348509,127,43.563891390270655,127,35.63248351199667,0
2024-07-04 21:30:45.211246,127,0.0,127,0.0,127,0.0,30
2024-07-04 21:45:45.211246,127,0.0,127,0.0,127,0.0,30
2024-07-04 22:00:45.211246,127,0.0,127,0.0,127,0.0,30
2024-07-04 22:15:45.211246,127,52.77996205724206,127,52.54640970809367,127,43.90709056365102,0
2024-07-04 22:30:45.211246,127,45.37909855158385,127,52.98452215941105,127,44.77142826043256,0
2024-07-04 22:45:45.211246,127,0.0,127,0.0,127,0.0,15
2024-07-04 23:00:45.211246,127,43.04664049716378,127,52.50397617568373,127,46.14937237224162,0
2024-07-04 23:15:45.211246,127,55.095824813897224,127,49.51784195815361,127,47.742859816723055,0
2024-07-04 23:30:45.211246,127,50.22928043542112,127,49.50969306743157,127,49.821834338423194,0
2024-07-04 23:45:45.211246,127,58.6568621190431,127,57.85554947996092,127,40.358254050832116,0
2024-07-05 00:00:45.211246,127,46.9852543946909,127,50.08885601420955,127,52.736599816140156,0
2024-07-05 00:15:45.211246,127,64.16371514837148,127,52.81228360991498,127,53.3287998876906,0
2024-07-05 00:30:45.211246,127,42.079213504907756,127,50.20394448963226,127,50.94508517540157,0
2024-07-05 00:45:45.211246,127,53.934507927121004,127,55.428380255211,127,52.12253039625417,0
2024-07-05 01:00:45.211246,127,52.24582662890899,127,59.03487913793013,127,52.72609684740415,0
2024-07-05 01:15:45.211246,127,48.86367602041283,127,53.31859577884766,127,49.59357054996483,0
2024-07-05 01:30:45.211246,127,0.0,127,0.0,127,0.0,60
2024-07-05 01:45:45.211246,127,48.713776379805466,127,48.841495446437655,127,50.37504185571924,0
2024-07-05 02:00:45.211246,127,0.0,127,0.0,127,0.0,30
2024-07-05 02:15:45.211246,127,39.88336494743873,127,49.343570976948236,127,50.41952267911747,0
2024-07-05 02:30:45.211246,127,52.95740904270785,127,59.803166854567905,127,53.67216609514701,0
2024-07-05 02:45:45.211246,127,47.922931515333154,127,44.378775115704755,127,43.26138966012176,0
2024-07-05 03:00:45.211246,127,58.16949000473019,127,48.89008902448351,127,55.744738655462896,0
2024-07-05 03:15:45.211246,127,54.481675341036144,127,52.56831553599611,127,43.56594058745117,0
2024-07-05 03:30:45.211246,127,62.505558804445705,127,55.378400167391476,127,46.670723156098276,0
2024-07-05 03:45:45.211246,127,53.91217846134239,127,40.34600601238084,127,54.3566342235426,0
2024-07-05 04:00:45.211246,127,50.483926539204745,127,48.83948953695376,127,55.37957179425585,0
2024-07-05 04:15:45.211246,127,52.50946889830157,127,47.00661808486852,127,50.426607904646474,0
2024-07-05 04:30:45.211246,127,48.983039481316844,127,50.83737042141578,127,55.784662894863125,0
2024-07-05 04:45:45.211246,127,0.0,127,0.0,127,0.0,30
2024-07-05 05:00:45.211246,127,53.17503181540218,127,46.96366776832852,127,56.43442888621452,0
2024-07-05 05:15:45.211246,127,49.827831668517696,127,46.67608766501644,127,53.34461054550689,0
2024-07-05 05:30:45.211246,127,48.46139482495026,127,44.91554819060679,127,54.8844279230989,0
2024-07-05 05:45:45.211246,127,0.0,127,0.0,127,0.0,15
2024-07-05 06:00:45.211246,127,43.96579951253903,127,53.06576268022462,127,49.262159957162275,0
2024-07-05 06:15:45.211246,127,54.03935379580689,127,59.59406450856232,127,49.00859814432265,0
2024-07-05 06:30:45.211246,127,46.64696090958053,127,47.552015729379875,127,43.57560093251017,0
2024-07-05 06:45:45.211246,127,51.55144591480452,127,52.8936675550191,127,48.664523136511534,0
2024-07-05 07:00:45.211246,127,56.5915269609012,127,53.16033819084614,127,45.37715640663095,0
2024-07-05 07:15:45.211246,127,45.677550446780366,127,54.60177982919714,127,49.080159085127356,0
2024-07-05 07:30:45.211246,127,46.09268740525198,127,49.77416582959127,127,57.37494963909603,0
2024-07-05 07:45:45.211246,127,41.9627937781387,127,50.841563580035526,127,42.659394870848445,0
2024-07-05 08:00:45.211246,127,58.921574372445974,127,43.239685849378844,127,53.62274084566713,0
2024-07-05 08:15:45.211246,127,52.45602339547807,127,48.58953344743385,127,44.77394396651561,0
2024-07-05 08:30:45.211246,127,44.72049081869799,127,51.56138964931639,127,40.71148519610946,0
2024-07-05 08:45:45.211246,127,50.22934563109399,127,53.04130915972408,127,49.86007006831968,0
2024-07-05 09:00:45.211246,127,44.0821761131577,127,46.89699322958165,127,41.784924763789036,0
2024-07-05 09:15:45.211246,127,58.836419568514614,127,44.252314690863855,127,36.65663990562178,0
2024-07-05 09:30:45.211246,127,0.0,127,0.0,127,0.0,30
2024-07-05 09:45:45.211246,127,52.64498183848542,127,47.6352096166349,127,51.67228719345044,0
2024-07-05 10:00:45.211246,127,56.63150896838274,127,52.78374562635944,127,53.313868005307825,0
2024-07-05 10:15:45.211246,127,51.78709989681479,127,47.81392089328834,127,53.200303421439266,0
2024-07-05 10:30:45.211246,127,44.49239388321096,127,42.55327670384281,127,53.928988313894116,0
2024-07-05 10:45:45.211246,127,54.34979677367854,127,39.03942833291029,127,54.16393924425654,0
2024-07-05 11:00:45.211246,127,45.97999420318682,127,46.112150128860605,127,44.19912691725246,0
2024-07-05 11:15:45.211246,127,53.41202963031331,127,61.3883795375195,127,43.99378097759062,0
2024-07-05 11:30:45.211246,127,47.1814579286411,127,56.843415689240686,127,45.871905464655896,0
2024-07-05 11:45:45.211246,127,50.479159826203876,127,49.35154663788767,127,58.3490957541016,0
2024-07-05 12:00:45.211246,127,46.639733609732474,127,42.952546639287554,127,53.618631378378765,0
2024-07-05 12:15:45.211246,127,48.309524977007214,127,49.69108194247817,127,48.9168743425027,0
2024-07-05 12:30:45.211246,127,57.08910330684338,127,48.22066134709785,127,42.01270699761994,0
2024-07-05 12:45:45.211246,127,56.14733961252959,127,42.177006107597855,127,59.00612950839316,0
2024-07-05 13:00:45.211246,127,49.046172216999295,127,50.73108157215368,127,53.45826649499308,0
2024-07-05 13:15:45.211246,127,55.85656365469126,127,48.924292690405686,127,37.15731736492042,0
2024-07-05 13:30:45.211246,127,0.0,127,0.0,127,0.0,60
2024-07-05 13:45:45.211246,127,53.7642119415263,127,49.39115659914793,127,43.811531168983,0
2024-07-05 14:00:45.211246,127,61.04229149007343,127,49.02323588709836,127,36.86422772865039,0
2024-07-05 14:15:45.211246,127,53.71927668436396,127,55.42640277793187,127,51.18652461478975,0
2024-07-05 14:30:45.211246,127,54.032416398981475,127,49.41607230524422,127,52.24313315534744,0
2024-07-05 14:45:45.211246,127,0.0,127,0.0,127,0.0,30
2024-07-05 15:00:45.211246,127,52.17397173377263,127,55.16380709430884,127,48.889322062290475,0
2024-07-05 15:15:45.211246,127,44.97011708453941,127,56.72918641905797,127,50.76532000563544,0
2024-07-05 15:30:45.211246,127,47.93782629908944,127,51.341778537095024,127,51.055772585222314,0
2024-07-05 15:45:45.211246,127,59.43812861261701,127,47.34605022735478,127,47.862682887454895,0
2024-07-05 16:00:45.211246,127,52.21091046541168,127,58.4870704149417,127,40.2744317302593,0
2024-07-05 16:15:45.211246,127,45.12844575438121,127,52.6988281806287,127,53.488601151784074,0
2024-07-05 16:30:45.211246,127,54.98339884969841,127,53.341005736368196,127,50.238968936747646,0
2024-07-05 16:45:45.211246,127,0.0,127,0.0,127,0.0,60
2024-07-05 17:00:45.211246,127,51.70340135407339,127,48.16230038137733,127,51.38437225352971,0
2024-07-05 17:15:45.211246,127,0.0,127,0.0,127,0.0,30
2024-07-05 17:30:45.211246,127,0.0,127,0.0,127,0.0,15
2024-07-05 17:45:45.211246,127,53.835652456563196,127,51.867169346505285,127,51.962714246490805,0
2024-07-05 18:00:45.211246,127,49.44882416577754,127,49.18609254162622,127,53.22584979448899,0
2024-07-05 18:15:45.211246,127,0.0,127,0.0,127,0.0,15
2024-07-05 18:30:45.211246,127,52.299195692033905,127,42.447849045371406,127,56.239934522138206,0
2024-07-05 18:45:45.211246,127,0.0,127,0.0,127,0.0,60
2024-07-05 19:00:45.211246,127,44.33362946015921,127,48.83612776784557,127,53.8210870142754,0
2024-07-05 19:15:45.211246,127,50.366301361011466,127,43.11890211404156,127,51.55245347068513,0
2024-07-05 19:30:45.211246,127,48.69908723611189,127,51.22646473592112,127,49.91105880411416,0
2024-07-05 19:45:45.211246,127,50.36352583305013,127,50.2169430607548,127,45.9011402071535,0
2024-07-05 20:00:45.211246,127,62.46653621185354,127,38.130043563855665,127,51.41453730675901,0
2024-07-05 20:15:45.211246,127,49.302380196687444,127,48.93103962531731,127,55.44773947072207,0
2024-07-05 20:30:45.211246,127,44.71313115194947,127,51.7954485273886,127,45.13571215093047,0
2024-07-05 20:45:45.211246,127,50.50073001590791,127,55.04887218164502,127,44.63290810151484,0
2024-07-05 21:00:45.211246,127,55.29213902383485,127,55.77550148859454,127,50.2874328245607,0
2024-07-05 21:15:45.211246,127,50.1162657037761,127,52.55036461990501,127,50.3052280080832,0
2024-07-05 21:30:45.211246,127,52.50117435420571,127,48.598510919222036,127,47.8087295366597,0
2024-07-05 21:45:45.211246,127,54.86068917220486,127,49.3981825964303,127,45.87766161970679,0
2024-07-05 22:00:45.211246,127,50.50001496862988,127,52.949117801037076,127,49.898554989869915,0
2024-07-05 22:15:45.211246,127,38.577059908606806,127,51.680745526401004,127,53.660451264038336,0
2024-07-05 22:30:45.211246,127,0.0,127,0.0,127,0.0,30
2024-07-05 22:45:45.211246,127,52.44692851404667,127,35.21270434158093,127,50.17760291350244,0
2024-07-05 23:00:45.211246,127,37.279401897830525,127,55.53717305346918,127,49.94999621718802,0
2024-07-05 23:15:45.211246,127,48.29302410216494,127,58.055519046701036,127,50.05039066638481,0
2024-07-05 23:30:45.211246,127,43.55598341160003,127,50.300731028139765,127,46.85175713322191,0
2024-07-05 23:45:45.211246,127,47.39302839638692,127,56.794583575767746,127,54.00307790571315,0
2024-07-06 00:00:45.211246,127,44.24964248715276,127,51.11741298210347,127,55.2733916556109,0
2024-07-06 00:15:45.211246,127,49.9553021976617,127,51.43780191933075,127,45.75818776798507,0
2024-07-06 00:30:45.211246,127,57.85159305016473,127,56.09077788295474,127,49.23197696259753,0
2024-07-06 00:45:45.211246,127,0.0,127,0.0,127,0.0,60
2024-07-06 01:00:45.211246,127,55.006472793580826,127,52.739634299959405,127,47.44763743251621,0
2024-07-06 01:15:45.211246,127,46.54680437686826,127,55.66703745561768,127,48.03674263620892,0
2024-07-06 01:30:45.211246,127,45.037472382309126,127,54.56098819926228,127,52.395358584351264,0
2024-07-06 01:45:45.211246,127,59.25550799142337,127,45.959422925434225,127,54.11901327382149,0
2024-07-06 02:00:45.211246,127,44.03814819127866,127,48.83710938527738,127,49.06814639397845,0
2024-07-06 02:15:45.211246,127,50.61732654663868,127,55.092899418424786,127,54.34375628841465,0
2024-07-06 02:30:45.211246,127,45.23630263973197,127,47.69331662121632,127,46.126320435398696,0
2024-07-06 02:45:45.211246,127,0.0,127,0.0,127,0.0,60
2024-07-06 03:00:45.211246,127,58.45489706779431,127,50.09957204584722,127,50.515853131901075,0
2024-07-06 03:15:45.211246,127,48.482856871127105,127,46.92615202224625,127,47.933007220500734,0
2024-07-06 03:30:45.211246,127,40.41933767549926,127,51.39873391000656,127,54.83086351453082,0
2024-07-06 03:45:45.211246,127,50.42487750547881,127,47.43463213894896,127,50.733885398247914,0
2024-07-06 04:00:45.211246,127,51.8291911372779,127,59.47430620323199,127,49.229571998785474,0
2024-07-06 04:15:45.211246,127,47.66484027717334,127,48.59645651372078,127,57.23416062840382,0
2024-07-06 04:30:45.211246,127,55.04759111526361,127,56.368704512753105,127,48.49558555867884,0
2024-07-06 04:45:45.211246,127,48.023040276194195,127,45.45455903321976,127,43.05073943575297,0
2024-07-06 05:00:45.211246,127,51.862913757670476,127,51.89180053459624,127,55.216975860358296,0
2024-07-06 05:15:45.211246,127,53.934016403994534,127,49.627823770154464,127,53.09143472667205,0
2024-07-06 05:30:45.211246,127,61.1238754725268,127,49.33308819174934,127,47.5250915160133,0
2024-07-06 05:45:45.211246,127,0.0,127,0.0,127,0.0,30
2024-07-06 06:00:45.211246,127,48.7871051652003,127,57.9643549878285,127,50.04486196156103,0
2024-07-06 06:15:45.211246,127,47.78439867484169,127,56.38050326152409,127,41.53674000350904,0
2024-07-06 06:30:45.211246,127,55.936469261987824,127,46.06017090149965,127,54.221347924514546,0
2024-07-06 06:45:45.211246,127,51.56166175847608,127,49.50397120110397,127,48.592192839725804,0
2024-07-06 07:00:45.211246,127,49.83773275502652,127,56.814522319175865,127,46.64893803458236,0
2024-07-06 07:15:45.211246,127,46.38144574871967,127,45.39320775817949,127,52.9414979715584,0
2024-07-06 07:30:45.211246,127,46.013730233128854,127,49.16237391054122,127,51.09716847612247,0
2024-07-06 07:45:45.211246,127,52.518304691592085,127,47.95078953555442,127,51.32210681282498,0
2024-07-06 08:00:45.211246,127,54.14039857822456,127,46.009347195003784,127,50.016784076860276,0
2024-07-06 08:15:45.211246,127,51.18161883435433,127,34.1321765918311,127,58.75726964261828,0
2024-07-06 08:30:45.211246,127,54.50229192791136,127,46.45191731033993,127,50.854795126083175,0
2024-07-06 08:45:45.211246,127,54.42927448635648,127,55.65380020783254,127,48.564718458843004,0
2024-07-06 09:00:45.211246,127,51.0573806910774,127,49.18309985574653,127,45.185633444402384,0
2024-07-06 09:15:45.211246,127,54.80406964351009,127,44.46121615844126,127,50.07584611412503,0
2024-07-06 09:30:45.211246,127,0.0,127,0.0,127,0.0,60
2024-07-06 09:45:45.211246,127,47.81714041122229,127,58.4144344166482,127,54.62852745847499,0
2024-07-06 10:00:45.211246,127,51.4898184579135,127,46.56968774080415,127,57.08867777693005,0
2024-07-06 10:15:45.211246,127,48.18009841861837,127,54.934267676509144,127,43.54807873294284,0
2024-07-06 10:30:45.211246,127,0.0,127,0.0,127,0.0,15
2024-07-06 10:45:45.211246,127,56.095884087534834,127,55.551323850313246,127,46.27450367723964,0
2024-07-06 11:00:45.211246,127,39.039054059703034,127,50.018046055448835,127,54.392934353076726,0
2024-07-06 11:15:45.211246,127,46.21204546050213,127,55.70079772838601,127,53.66850690819282,0
2024-07-06 11:30:45.211246,127,50.37364870142405,127,56.8725189932479,127,42.60850331319792,0
2024-07-06 11:45:45.211246,127,44.04041908662912,127,41.45758635445029,127,57.134696440108975,0
2024-07-06 12:00:45.211246,127,56.109305167242084,127,51.805123212735545,127,55.293198091281354,0
2024-07-06 12:15:45.211246,127,48.86498655730832,127,50.945053496600195,127,58.02142145843824,0
2024-07-06 12:30:45.211246,127,50.45747873694952,127,51.91808261537845,127,52.060907189536955,0
2024-07-06 12:45:45.211246,127,46.641218289030185,127,36.66061718735911,127,47.08557546273737,0
2024-07-06 13:00:45.211246,127,50.527831981627685,127,51.976721938659075,127,56.38487472281589,0
2024-07-06 13:15:45.211246,127,42.50210289329794,127,48.89880726424325,127,50.677019522213506,0
2024-07-06 13:30:45.211246,127,52.981069071740706,127,41.2239012117057,127,39.93680339246825,0
2024-07-06 13:45:45.211246,127,54.640468461395365,127,51.33998495210983,127,50.41132789214647,0
2024-07-06 14:00:45.211246,127,0.0,127,0.0,127,0.0,15
2024-07-06 14:15:45.211246,127,55.755178753797814,127,49.86747159080278,127,38.08273346806103,0
2024-07-06 14:30:45.211246,127,0.0,127,0.0,127,0.0,60
2024-07-06 14:45:45.211246,127,52.85118437574741,127,54.65808900700177,127,53.21134394968724,0
2024-07-06 15:00:45.211246,127,0.0,127,0.0,127,0.0,15
2024-07-06 15:15:45.211246,127,52.11198546711966,127,50.21696919559791,127,54.49404118383241,0
2024-07-06 15:30:45.211246,127,56.90100841420981,127,55.84974814391168,127,52.609799778513235,0
2024-07-06 15:45:45.211246,127,42.141495451235585,127,44.012711427932544,127,47.08123669512877,0
2024-07-06 16:00:45.211246,127,42.43252881418401,127,52.36745180961014,127,64.15440135497947,0
2024-07-06 16:15:45.211246,127,49.20110417668911,127,53.46122679992558,127,47.650599887413975,0
2024-07-06 16:30:45.211246,127,0.0,127,0.0,127,0.0,60
2024-07-06 16:45:45.211246,127,50.591019053286544,127,41.8378146917111,127,43.88125367369426,0
2024-07-06 17:00:45.211246,127,56.26292893117808,127,46.72183718314589,127,61.39782923586744,0
2024-07-06 17:15:45.211246,127,46.58804351256038,127,51.58070847953351,127,48.78041055584842,0
2024-07-06 17:30:45.211246,127,46.58507105382316,127,49.1879049709059,127,50.194022180551855,0
2024-07-06 17:45:45.211246,127,48.318384179714144,127,46.39683898905854,127,51.12221592038346,0
2024-07-06 18:00:45.211246,127,48.90009775111599,127,45.30615754349817,127,50.565108830213816,0
2024-07-06 18:15:45.211246,127,53.51125516965032,127,56.16158792001932,127,49.248914188698514,0
2024-07-06 18:30:45.211246,127,0.0,127,0.0,127,0.0,30
2024-07-06 18:45:45.211246,127,46.97745912348649,127,45.73535591371394,127,48.199439702613,0
2024-07-06 19:00:45.211246,127,0.0,127,0.0,127,0.0,15
2024-07-06 19:15:45.211246,127,51.80313613980442,127,60.61902357545476,127,51.27346863347276,0
2024-07-06 19:30:45.211246,127,53.58265227780476,127,54.53634490192612,127,44.642192523151564,0
2024-07-06 19:45:45.211246,127,39.67237021637646,127,57.49739641720701,127,50.9644190221455,0
2024-07-06 20:00:45.211246,127,49.940737114528076,127,50.12676923714283,127,49.546935465495515,0
2024-07-06 20:15:45.211246,127,55.426434734035496,127,40.67639317172198,127,43.90519147241986,0
2024-07-06 20:30:45.211246,127,50.900360291927036,127,40.668739266232095,127,51.34873013826434,0
2024-07-06 20:45:45.211246,127,52.441218041949355,127,47.25538002249656,127,52.83403649915901,0
2024-07-06 21:00:45.211246,127,50.23847260992723,127,42.29802394143244,127,47.57089078189169,0
2024-07-06 21:15:45.211246,127,50.83501824005964,127,45.572254367790634,127,53.10920597062767,0
2024-07-06 21:30:45.211246,127,49.22656449622412,127,53.543252203619275,127,50.05319131824243,0
2024-07-06 21:45:45.211246,127,0.0,127,0.0,127,0.0,15
2024-07-06 22:00:45.211246,127,0.0,127,0.0,127,0.0,60
2024-07-06 22:15:45.211246,127,0.0,127,0.0,127,0.0,30
2024-07-06 22:30:45.211246,127,57.74773356461372,127,57.81381925156537,127,52.12074753567275,0
2024-07-06 22:45:45.211246,127,57.70025842737186,127,51.04773459108708,127,47.04700818969394,0
2024-07-06 23:00:45.211246,127,54.17607082805925,127,52.562506788666056,127,54.119199353296246,0
2024-07-06 23:15:45.211246,127,0.0,127,0.0,127,0.0,30
2024-07-06 23:30:45.211246,127,55.1381816321913,127,44.12466293043517,127,49.31812934861989,0
2024-07-06 23:45:45.211246,127,42.77616576128652,127,59.19393300236736,127,49.662865967592644,0
2024-07-07 00:00:45.211246,127,46.43890504060662,127,47.30159793822237,127,52.75405658374631,0
2024-07-07 00:15:45.211246,127,53.532797764665425,127,46.581039508682835,127,45.76463925196941,0
2024-07-07 00:30:45.211246,127,38.86071767248123,127,43.017677625005355,127,55.705567243438836,0
2024-07-07 00:45:45.211246,127,50.17130681280773,127,46.61517431597987,127,45.853926520324,0
2024-07-07 01:00:45.211246,127,49.80244014510226,127,49.776216310233586,127,55.0633742148137,0
2024-07-07 01:15:45.211246,127,46.20709608764163,127,54.61121967820925,127,53.276581470006,0
2024-07-07 01:30:45.211246,127,45.54038013988526,127,60.381844572211946,127,49.99666296210383,0
2024-07-07 01:45:45.211246,127,45.50634280287349,127,50.34252369583739,127,52.31522332997702,0
2024-07-07 02:00:45.211246,127,48.3214748097397,127,52.46078827817084,127,44.05787725270246,0
2024-07-07 02:15:45.211246,127,0.0,127,0.0,127,0.0,15
2024-07-07 02:30:45.211246,127,58.578850344649545,127,50.70571906961321,127,66.74780127433286,0
2024-07-07 02:45:45.211246,127,49.38409618824699,127,51.58508764053307,127,52.32750544710788,0
2024-07-07 03:00:45.211246,127,52.70179172939744,127,51.053418899270085,127,50.026230102028656,0
2024-07-07 03:15:45.211246,127,52.592598553709834,127,60.053418310428185,127,44.60876371922699,0
2024-07-07 03:30:45.211246,127,51.03817902675661,127,43.98553650390019,127,45.546029120812,0
2024-07-07 03:45:45.211246,127,49.24841427559087,127,48.60172300101896,127,46.38916676506709,0
2024-07-07 04:00:45.211246,127,49.336971437093936,127,52.126046413677216,127,52.536444897414896,0
2024-07-07 04:15:45.211246,127,52.58158248257452,127,42.73055729767144,127,51.571535207782304,0
2024-07-07 04:30:45.211246,127,47.48377581728681,127,49.102566739261675,127,52.276368421098645,0
2024-07-07 04:45:45.211246,127,56.455598910046746,127,54.68013145430278,127,56.240311912218395,0
2024-07-07 05:00:45.211246,127,46.51310254150091,127,55.17727188317859,127,47.054349465175925,0
2024-07-07 05:15:45.211246,127,46.47761595739141,127,45.876930042616394,127,49.270601016830824,0
2024-07-07 05:30:45.211246,127,39.34318522130846,127,42.94429617837549,127,48.281727284516734,0
2024-07-07 05:45:45.211246,127,47.22658929925584,127,57.89720391937791,127,50.42722999144929,0
2024-07-07 06:00:45.211246,127,47.20190395432789,127,55.38791151761248,127,62.75937875246757,0
2024-07-07 06:15:45.211246,127,54.04659766282671,127,39.389063563594306,127,50.84244934344108,0
2024-07-07 06:30:45.211246,127,51.23909180090041,127,58.38447154150563,127,44.59620843511719,0
2024-07-07 06:45:45.211246,127,39.04088992940653,127,50.551668154426224,127,47.3022893338985,0
2024-07-07 07:00:45.211246,127,0.0,127,0.0,127,0.0,30
2024-07-07 07:15:45.211246,127,57.760151825663804,127,47.247775070653134,127,42.58356924107283,0
2024-07-07 07:30:45.211246,127,45.71483445656089,127,48.445154167044706,127,52.853863576044894,0
2024-07-07 07:45:45.211246,127,55.131375280139004,127,44.85953750232107,127,52.797989609668015,0
2024-07-07 08:00:45.211246,127,45.8838223915114,127,40.44675109231934,127,50.58605184654248,0
2024-07-07 08:15:45.211246,127,53.0240498428488,127,55.71656572527094,127,50.3987366500845,0
2024-07-07 08:30:45.211246,127,51.23844889125733,127,49.65146804184403,127,47.35693116896401,0
2024-07-07 08:45:45.211246,127,0.0,127,0.0,127,0.0,30
2024-07-07 09:00:45.211246,127,49.737201399973,127,43.46531328785141,127,49.088921122251556,0
2024-07-07 09:15:45.211246,127,0.0,127,0.0,127,0.0,15
2024-07-07 09:30:45.211246,127,43.69960669221786,127,48.850375487532,127,50.728123297283915,0
2024-07-07 09:45:45.211246,127,0.0,127,0.0,127,0.0,15
2024-07-07 10:00:45.211246,127,42.23911069967291,127,51.488377961625275,127,54.762374925168174,0
2024-07-07 10:15:45.211246,127,52.74815341668424,127,53.63692914518278,127,39.57351368255424,0
2024-07-07 10:30:45.211246,127,40.89293273900206,127,52.69486551611326,127,47.47354310967876,0
2024-07-07 10:45:45.211246,127,51.545046596562955,127,52.19931692662109,127,52.2891453195976,0
2024-07-07 11:00:45.211246,127,42.680337356700655,127,42.553070477582125,127,50.21696767608101,0
2024-07-07 11:15:45.211246,127,61.83279098211665,127,51.583527057197955,127,43.29623469527614,0
2024-07-07 11:30:45.211246,127,51.0175889300281,127,53.9702166696492,127,49.0141754285829,0
2024-07-07 11:45:45.211246,127,54.78975532670517,127,43.37236129555961,127,60.57046327870055,0
2024-07-07 12:00:45.211246,127,43.27916246963269,127,52.81643453272293,127,42.30298564814006,0
2024-07-07 12:15:45.211246,127,0.0,127,0.0,127,0.0,30
2024-07-07 12:30:45.211246,127,43.69111166240362,127,53.99816270007866,127,50.37542173728889,0
2024-07-07 12:45:45.211246,127,0.0,127,0.0,127,0.0,60
2024-07-07 13:00:45.211246,127,47.71546756893189,127,44.935555572051825,127,42.89824193296835,0
2024-07-07 13:15:45.211246,127,0.0,127,0.0,127,0.0,15
2024-07-07 13:30:45.211246,127,0.0,127,0.0,127,0.0,15
2024-07-07 13:45:45.211246,127,56.13389976354481,127,46.754198271432074,127,56.72130905274558,0
2024-07-07 14:00:45.211246,127,51.24950437765702,127,52.245062494772924,127,49.02447781868329,0
2024-07-07 14:15:45.211246,127,43.50051946655673,127,45.55681090844926,127,49.41181289249589,0
2024-07-07 14:30:45.211246,127,51.672245910020145,127,52.16555816577893,127,51.73062906282671,0
2024-07-07 14:45:45.211246,127,50.34336770027403,127,53.63092004442512,127,46.16525782441487,0
2024-07-07 15:00:45.211246,127,46.35193413271589,127,50.550146352144814,127,45.80131444630978,0
2024-07-07 15:15:45.211246,127,48.12057394437681,127,55.076525871472455,127,52.55191270838659,0
2024-07-07 15:30:45.211246,127,43.837362916836156,127,48.08253223731139,127,40.8184949513675,0
2024-07-07 15:45:45.211246,127,43.08429653754577,127,50.060816117661865,127,60.95851844901988,0
2024-07-07 16:00:45.211246,127,0.0,127,0.0,127,0.0,30
2024-07-07 16:15:45.211246,127,50.94154831932239,127,42.94705081878407,127,57.4689356259689,0
2024-07-07 16:30:45.211246,127,59.92631243052796,127,48.83027738962142,127,44.063752240480675,0
2024-07-07 16:45:45.211246,127,46.75472253399531,127,46.50715104521307,127,58.49720281471613,0
2024-07-07 17:00:45.211246,127,0.0,127,0.0,127,0.0,15
2024-07-07 17:15:45.211246,127,48.682438225675504,127,47.87604281248514,127,57.77590503390727,0
2024-07-07 17:30:45.211246,127,48.14039051342647,127,52.78321489839609,127,44.50231218562744,0
2024-07-07 17:45:45.211246,127,50.25826150035658,127,45.91952033087383,127,49.379424825372126,0
2024-07-07 18:00:45.211246,127,46.81573175178361,127,56.1302152121507,127,52.10187027794517,0
2024-07-07 18:15:45.211246,127,50.80392430830253,127,50.034364504498285,127,46.82300732007205,0
2024-07-07 18:30:45.211246,127,57.48530580850767,127,50.42027742092387,127,47.31756281502596,0
2024-07-07 18:45:45.211246,127,44.30220798609645,127,42.02240665627463,127,55.730862291714615,0
2024-07-07 19:00:45.211246,127,52.56860450056179,127,48.818919785110815,127,47.3324751076311,0
2024-07-07 19:15:45.211246,127,46.4952119461666,127,64.69726664289958,127,49.38321070279938,0
2024-07-07 19:30:45.211246,127,48.416515652516246,127,55.219570085412634,127,43.535339109354325,0
2024-07-07 19:45:45.211246,127,55.3842307369759,127,45.26203796789643,127,50.207805111602795,0
2024-07-07 20:00:45.211246,127,48.035799312890816,127,51.20010054253083,127,51.233310506421915,0
2024-07-07 20:15:45.211246,127,0.0,127,0.0,127,0.0,30
2024-07-07 20:30:45.211246,127,50.10176577549595,127,53.21518645231507,127,51.24701512817597,0
2024-07-07 20:45:45.211246,127,49.59030932554498,127,44.667071497884336,127,48.95306965205773,0
2024-07-07 21:00:45.211246,127,47.233715875468484,127,50.82028290557351,127,44.05542298034744,0
2024-07-07 21:15:45.211246,127,57.17594071777134,127,50.131268255585745,127,47.55993398954144,0
2024-07-07 21:30:45.211246,127,0.0,127,0.0,127,0.0,15
2024-07-07 21:45:45.211246,127,47.59967322924995,127,51.39020020347134,127,50.79710263081308,0
2024-07-07 22:00:45.211246,127,46.928764117819064,127,46.28238718229331,127,52.62398972860376,0
2024-07-07 22:15:45.211246,127,52.94281237580643,127,63.494443285070496,127,56.23731604869314,0
2024-07-07 22:30:45.211246,127,49.20626260406412,127,49.21669383286661,127,46.85618724454088,0
2024-07-07 22:45:45.211246,127,48.12900879258483,127,46.72942778290647,127,48.734953168387094,0
2024-07-07 23:00:45.211246,127,48.30975304944747,127,43.924531207080484,127,49.908651117323835,0
2024-07-07 23:15:45.211246,127,0.0,127,0.0,127,0.0,30
2024-07-07 23:30:45.211246,127,0.0,127,0.0,127,0.0,30
2024-07-07 23:45:45.211246,127,59.81149915149422,127,45.18642357204305,127,53.085211829136426,0
2024-07-08 00:00:45.211246,127,44.33593767605628,127,48.18731421330281,127,56.42876732783903,0
2024-07-08 00:15:45.211246,127,54.33681334197847,127,53.9572546663166,127,54.151982467280355,0
2024-07-08 00:30:45.211246,127,49.38952742170643,127,44.70660507116031,127,56.14858248531639,0
2024-07-08 00:45:45.211246,127,50.73206255541105,127,52.970183479178424,127,45.91931878895463,0
2024-07-08 01:00:45.211246,127,48.455236008449376,127,39.46751162054749,127,44.82546026433852,0
2024-07-08 01:15:45.211246,127,44.10035187126883,127,49.40523756051964,127,42.4250010112205,0
2024-07-08 01:30:45.211246,127,53.442051588594424,127,52.04984486612832,127,57.0067454803393,0
2024-07-08 01:45:45.211246,127,0.0,127,0.0,127,0.0,30
2024-07-08 02:00:45.211246,127,50.5736421982746,127,50.39494213959486,127,51.037891080020955,0
2024-07-08 02:15:45.211246,127,51.17162790008856,127,52.03855976033447,127,47.25016636765373,0
2024-07-08 02:30:45.211246,127,54.23776968496595,127,44.75085980200872,127,54.61818454091727,0
2024-07-08 02:45:45.211246,127,51.94931284332209,127,45.95597054634224,127,51.83951317089471,0
2024-07-08 03:00:45.211246,127,54.499188886679605,127,50.397357899014395,127,49.41459834521596,0
2024-07-08 03:15:45.211246,127,47.687766622258316,127,50.351484310339714,127,58.10661893215383,0
2024-07-08 03:30:45.211246,127,47.291473868717354,127,45.663355955535046,127,51.546849569819926,0
2024-07-08 03:45:45.211246,127,54.10941925050067,127,54.06195202748612,127,59.63454601451275,0
2024-07-08 04:00:45.211246,127,50.910395316245136,127,46.02268436102963,127,53.78158743110922,0
2024-07-08 04:15:45.211246,127,0.0,127,0.0,127,0.0,15
2024-07-08 04:30:45.211246,127,51.57904514050649,127,57.573627039196936,127,48.39702921392603,0
2024-07-08 04:45:45.211246,127,49.20663705566184,127,44.959514752362544,127,52.09865283742559,0
2024-07-08 05:00:45.211246,127,52.092450761340345,127,51.913037299371695,127,60.1389889198139,0
2024-07-08 05:15:45.211246,127,49.3962829976566,127,46.537486399694146,127,54.59628274212563,0
2024-07-08 05:30:45.211246,127,55.593601127950215,127,60.39166323942533,127,44.107934921811676,0
2024-07-08 05:45:45.211246,127,47.28723596845946,127,50.00295047783045,127,52.02044807676154,0
2024-07-08 06:00:45.211246,127,0.0,127,0.0,127,0.0,60
2024-07-08 06:15:45.211246,127,51.985424697005335,127,44.898007482205266,127,54.510461055602555,0
2024-07-08 06:30:45.211246,127,59.95157163242595,127,55.92310725710874,127,46.917559519631084,0
2024-07-08 06:45:45.211246,127,51.48397804365193,127,46.4870842044683,127,44.512594544216796,0
2024-07-08 07:00:45.211246,127,0.0,127,0.0,127,0.0,15
2024-07-08 07:15:45.211246,127,49.08945922526961,127,48.266776720023394,127,44.36314643132842,0
2024-07-08 07:30:45.211246,127,48.52969081952089,127,47.86893418058888,127,52.1237704396337,0
2024-07-08 07:45:45.211246,127,44.696535576194414,127,50.73383429890269,127,53.9917091241951,0
2024-07-08 08:00:45.211246,127,47.95313882238587,127,51.76650310858927,127,43.06995557500167,0
2024-07-08 08:15:45.211246,127,57.502089579976484,127,58.6957776469188,127,49.82971943057271,0
2024-07-08 08:30:45.211246,127,57.1035006047341,127,45.82818523561773,127,53.60942956620602,0
2024-07-08 08:45:45.211246,127,45.59497805915363,127,54.2228570308715,127,48.36655084688588,0
2024-07-08 09:00:45.211246,127,0.0,127,0.0,127,0.0,15
2024-07-08 09:15:45.211246,127,47.194214804942796,127,46.03541079905612,127,51.35924536169987,0
2024-07-08 09:30:45.211246,127,43.768008661725574,127,49.71784994055546,127,46.49810109379535,0
2024-07-08 09:45:45.211246,127,0.0,127,0.0,127,0.0,15
2024-07-08 10:00:45.211246,127,0.0,127,0.0,127,0.0,60
2024-07-08 10:15:45.211246,127,51.18819013267865,127,48.29842575141658,127,51.57322841903503,0
2024-07-08 10:30:45.211246,127,49.60451938362861,127,48.78931776990129,127,49.54376590532385,0
2024-07-08 10:45:45.211246,127,52.498181727455865,127,47.1490232042059,127,52.21753063448879,0
2024-07-08 11:00:45.211246,127,53.51717283812852,127,52.315630436213695,127,48.649529174812635,0
2024-07-08 11:15:45.211246,127,48.51947249365684,127,49.31940702301511,127,46.36771491749981,0
2024-07-08 11:30:45.211246,127,53.67456951474246,127,57.05250317826872,127,58.23561828601404,0
2024-07-08 11:45:45.211246,127,0.0,127,0.0,127,0.0,15
2024-07-08 12:00:45.211246,127,0.0,127,0.0,127,0.0,30
2024-07-08 12:15:45.211246,127,46.043883988451675,127,54.80853013183337,127,51.856970274371534,0
2024-07-08 12:30:45.211246,127,50.06246260805302,127,51.82887849600056,127,51.820082512953554,0
2024-07-08 12:45:45.211246,127,50.08819212139113,127,44.133994387005266,127,50.7589670943583,0
2024-07-08 13:00:45.211246,127,52.86244325219667,127,48.38372854547208,127,52.28081149647401,0
2024-07-08 13:15:45.211246,127,46.22545277411496,127,50.01632957824406,127,51.75578918384333,0
2024-07-08 13:30:45.211246,127,0.0,127,0.0,127,0.0,30
2024-07-08 13:45:45.211246,127,47.691307185695486,127,46.183795183529426,127,43.577160682158166,0
2024-07-08 14:00:45.211246,127,61.112636846436686,127,47.74867685226895,127,42.93565049408412,0
2024-07-08 14:15:45.211246,127,40.86954610275641,127,48.357434358411524,127,45.88829571932482,0
2024-07-08 14:30:45.211246,127,53.60583090040162,127,53.46292689470204,127,42.950787208212674,0
2024-07-08 14:45:45.211246,127,47.83120448149845,127,50.93917211655489,127,52.15149537254617,0
2024-07-08 15:00:45.211246,127,57.64904810889838,127,48.79679923736853,127,46.054918315361014,0
2024-07-08 15:15:45.211246,127,52.24573778911662,127,57.64623351450675,127,51.77854960766431,0
2024-07-08 15:30:45.211246,127,50.75371593622864,127,59.606085955666245,127,55.350382307001226,0
2024-07-08 15:45:45.211246,127,43.08100870099358,127,52.00122479092372,127,47.61545711894248,0
2024-07-08 16:00:45.211246,127,48.34560296930359,127,58.01327201346018,127,43.69508564903199,0
2024-07-08 16:15:45.211246,127,47.576289386031874,127,50.91245560832866,127,49.63246797350928,0
2024-07-08 16:30:45.211246,127,54.35096171883413,127,48.96419722298393,127,49.73132472907509,0
2024-07-08 16:45:45.211246,127,38.403231650761896,127,42.88413761053134,127,50.20454296077016,0
2024-07-08 17:00:45.211246,127,58.932925085044026,127,57.01451143842415,127,50.935189910675426,0
2024-07-08 17:15:45.211246,127,49.399347368743136,127,40.42752991939467,127,49.95052136420778,0
2024-07-08 17:30:45.211246,127,53.814599158779195,127,53.814256019001576,127,41.821294226394855,0
2024-07-08 17:45:45.211246,127,47.73381378311436,127,52.10787889401635,127,59.85522675241375,0
2024-07-08 18:00:45.211246,127,54.93858329962218,127,43.096002455643365,127,51.69983832006886,0
2024-07-08 18:15:45.211246,127,0.0,127,0.0,127,0.0,60
2024-07-08 18:30:45.211246,127,44.21561669696998,127,48.26137923204536,127,52.77429394432867,0
2024-07-08 18:45:45.211246,127,48.10906844920384,127,51.69315338503222,127,42.45817945447949,0
2024-07-08 19:00:45.211246,127,58.583470602701354,127,50.739572429084,127,44.61603398010464,0
2024-07-08 19:15:45.211246,127,61.08735773721127,127,44.06151898369892,127,43.38781522264503,0
2024-07-08 19:30:45.211246,127,35.63781473136207,127,46.28914057030166,127,50.15880462707612,0
2024-07-08 19:45:45.211246,127,47.487288163014114,127,46.08065807321755,127,60.46633270263922,0
2024-07-08 20:00:45.211246,127,49.55489801151277,127,56.100598381129984,127,53.58527291479691,0
2024-07-08 20:15:45.211246,127,0.0,127,0.0,127,0.0,30
2024-07-08 20:30:45.211246,127,0.0,127,0.0,127,0.0,30
2024-07-08 20:45:45.211246,127,55.59096568797008,127,58.39251170830565,127,53.876281930017484,0
2024-07-08 21:00:45.211246,127,44.86326732020058,127,38.472565759504405,127,44.22655713823744,0
2024-07-08 21:15:45.211246,127,0.0,127,0.0,127,0.0,15
2024-07-08 21:30:45.211246,127,43.58238160096863,127,47.407418973781624,127,46.39723925926913,0
2024-07-08 21:45:45.211246,127,55.791664775229954,127,48.74977311151606,127,53.5271486930368,0
2024-07-08 22:00:45.211246,127,0.0,127,0.0,127,0.0,15
2024-07-08 22:15:45.211246,127,45.424350814348855,127,52.41092591743323,127,42.52816849636006,0
2024-07-08 22:30:45.211246,127,50.191253908176236,127,43.075103750824454,127,49.478119112338014,0
2024-07-08 22:45:45.211246,127,55.28603165701868,127,55.48294893720131,127,50.207083507459735,0
2024-07-08 23:00:45.211246,127,0.0,127,0.0,127,0.0,15
2024-07-08 23:15:45.211246,127,55.265819047636235,127,49.037288244413055,127,44.1116660505355,0
2024-07-08 23:30:45.211246,127,55.75323674601485,127,53.93921316557177,127,53.469482107349386,0
2024-07-08 23:45:45.211246,127,0.0,127,0.0,127,0.0,15
2024-07-09 00:00:45.211246,127,58.70504078675751,127,43.6173281205095,127,54.25458370598372,0
2024-07-09 00:15:45.211246,127,47.20108601239937,127,56.11934349232592,127,53.944075215393696,0
2024-07-09 00:30:45.211246,127,50.01973436529698,127,58.66078181536136,127,48.35792987382676,0
2024-07-09 00:45:45.211246,127,47.87859137190671,127,50.2993448565066,127,52.3129859565721,0
2024-07-09 01:00:45.211246,127,50.04256276935174,127,41.12995513144136,127,52.26748423244197,0
2024-07-09 01:15:45.211246,127,45.140806067126775,127,46.68958617930265,127,40.11429560544323,0
2024-07-09 01:30:45.211246,127,47.56348109019003,127,46.07182599780653,127,46.7624551171664,0
2024-07-09 01:45:45.211246,127,46.25584702894379,127,46.68371963982613,127,43.64384654793586,0
2024-07-09 02:00:45.211246,127,42.29529836724195,127,46.789107573135404,127,53.67664725131901,0
2024-07-09 02:15:45.211246,127,49.54243658704246,127,50.86789235789327,127,48.00038342229881,0
2024-07-09 02:30:45.211246,127,49.57866230197503,127,50.27003889912301,127,48.39989586975232,0
2024-07-09 02:45:45.211246,127,50.78689623311247,127,58.50915298078637,127,46.971791837876935,0
2024-07-09 03:00:45.211246,127,52.44498248696405,127,53.911510277115404,127,46.64556821377068,0
2024-07-09 03:15:45.211246,127,58.025925031748,127,49.306357332383925,127,58.53660257537611,0
2024-07-09 03:30:45.211246,127,52.34569364101622,127,47.150334545019454,127,55.01050740448557,0
2024-07-09 03:45:45.211246,127,50.99214049690373,127,51.36522752149909,127,49.42624082649524,0
2024-07-09 04:00:45.211246,127,49.66611871116399,127,48.93178441132198,127,45.465876047875206,0
2024-07-09 04:15:45.211246,127,49.98444064197348,127,47.48299863583583,127,51.37511882865213,0
2024-07-09 04:30:45.211246,127,42.39750035868558,127,55.78193052492907,127,49.434918013740266,0
2024-07-09 04:45:45.211246,127,51.097063585789314,127,47.45264198654962,127,54.87980404506786,0
2024-07-09 05:00:45.211246,127,51.11480900947315,127,46.18089334347576,127,53.878591553759364,0
2024-07-09 05:15:45.211246,127,43.743275153575695,127,46.75313669388163,127,44.71652047171288,0
2024-07-09 05:30:45.211246,127,44.0054224288661,127,42.97938190602956,127,55.48667033256795,0
2024-07-09 05:45:45.211246,127,57.13933137520951,127,48.62822670274022,127,57.576074925432266,0
2024-07-09 06:00:45.211246,127,46.06680592410435,127,50.0183735709596,127,60.74284749361763,0
2024-07-09 06:15:45.211246,127,40.4836736877932,127,48.507433146390014,127,53.29282675533956,0
2024-07-09 06:30:45.211246,127,53.80842272347569,127,50.99498484331961,127,55.953031685834446,0
2024-07-09 06:45:45.211246,127,58.94503591315203,127,48.44368970905174,127,51.13379840211733,0
2024-07-09 07:00:45.211246,127,54.312853995874335,127,46.3875263554761,127,52.700854984547135,0
2024-07-09 07:15:45.211246,127,49.038994867557456,127,48.64675708208523,127,56.278861614916686,0
2024-07-09 07:30:45.211246,127,48.527945316705654,127,52.54953027316726,127,50.64320754823678,0
2024-07-09 07:45:45.211246,127,0.0,127,0.0,127,0.0,15
2024-07-09 08:00:45.211246,127,49.72916966618133,127,47.83301457234563,127,56.5470670395072,0
2024-07-09 08:15:45.211246,127,51.43981940430154,127,45.67984807927029,127,51.428549823563394,0
2024-07-09 08:30:45.211246,127,44.606150921661204,127,49.29217369389631,127,46.11573009574825,0
2024-07-09 08:45:45.211246,127,50.64836494432184,127,54.27796101833983,127,47.79848438893072,0
2024-07-09 09:00:45.211246,127,49.92984755620504,127,44.013979744893405,127,51.22830486915806,0
2024-07-09 09:15:45.211246,127,46.28012705226589,127,53.865457337201285,127,44.89963379282777,0
2024-07-09 09:30:45.211246,127,0.0,127,0.0,127,0.0,15
2024-07-09 09:45:45.211246,127,48.1868626454268,127,51.347113677158255,127,45.87803919173512,0
2024-07-09 10:00:45.211246,127,0.0,127,0.0,127,0.0,30
2024-07-09 10:15:45.211246,127,45.988213733320244,127,48.53329601580834,127,52.99869365733691,0
2024-07-09 10:30:45.211246,127,0.0,127,0.0,127,0.0,15
2024-07-09 10:45:45.211246,127,0.0,127,0.0,127,0.0,60
2024-07-09 11:00:45.211246,127,52.26967119429468,127,41.76955185538855,127,46.36649167701594,0
2024-07-09 11:15:45.211246,127,48.341907863392485,127,54.201980383495936,127,51.52603110570919,0
2024-07-09 11:30:45.211246,127,0.0,127,0.0,127,0.0,60
2024-07-09 11:45:45.211246,127,45.65874322889539,127,50.87487237501778,127,49.59854655709559,0
2024-07-09 12:00:45.211246,127,51.962352302559154,127,51.32712018950204,127,51.279053686735224,0
2024-07-09 12:15:45.211246,127,43.4024597425557,127,47.313662511986145,127,53.48344147299375,0
2024-07-09 12:30:45.211246,127,51.281096316463184,127,48.02520851254479,127,52.3799023348852,0
2024-07-09 12:45:45.211246,127,58.83552058475302,127,46.19626284297088,127,51.33222862150019,0
2024-07-09 13:00:45.211246,127,45.66367960288941,127,61.38832385716485,127,51.35074282802496,0
2024-07-09 13:15:45.211246,127,40.08871582559622,127,46.5104433049512,127,56.10818240639936,0
2024-07-09 13:30:45.211246,127,45.23457553704862,127,40.64183175990918,127,54.803454985654575,0
2024-07-09 13:45:45.211246,127,58.89959183733596,127,58.94557607870693,127,50.12589827335219,0
2024-07-09 14:00:45.211246,127,48.75615427193152,127,38.40012836351953,127,46.5135556123233,0
2024-07-09 14:15:45.211246,127,49.91956164915625,127,44.63879353647884,127,55.3193210590602,0
2024-07-09 14:30:45.211246,127,49.05145729583683,127,57.80285236686915,127,51.29828029356157,0
2024-07-09 14:45:45.211246,127,46.81479285715425,127,47.31073650032082,127,36.36161704274629,0
2024-07-09 15:00:45.211246,127,50.36763321430711,127,43.5814240030531,127,46.22805058292406,0
2024-07-09 15:15:45.211246,127,0.0,127,0.0,127,0.0,15
2024-07-09 15:30:45.211246,127,46.91934726246,127,43.13262959111512,127,58.33067097071327,0
2024-07-09 15:45:45.211246,127,45.50870745874858,127,54.64766695930845,127,45.968602205685706,0
2024-07-09 16:00:45.211246,127,59.16227083365089,127,46.86804317527921,127,61.3970078337077,0
2024-07-09 16:15:45.211246,127,46.80789028621594,127,45.35164101166089,127,50.797679552369374,0
2024-07-09 16:30:45.211246,127,45.0156436906434,127,57.58681462925707,127,52.523508108545265,0
2024-07-09 16:45:45.211246,127,49.86676139045335,127,47.695206403774804,127,49.92085793217846,0
2024-07-09 17:00:45.211246,127,44.54595806988094,127,50.53575822278531,127,52.786277806059594,0
2024-07-09 17:15:45.211246,127,44.35656870873618,127,50.300963203711845,127,54.00451669559744,0
2024-07-09 17:30:45.211246,127,46.63411552344506,127,45.05587977280336,127,45.84239988771422,0
2024-07-09 17:45:45.211246,127,47.73006842995832,127,61.10003113577964,127,45.04795079955454,0
2024-07-09 18:00:45.211246,127,45.91217499583365,127,45.40710627024341,127,50.18272919852339,0
2024-07-09 18:15:45.211246,127,39.64338646324142,127,55.127496837715896,127,47.51881819430647,0
2024-07-09 18:30:45.211246,127,38.00590199431463,127,43.68546840610637,127,46.60507023949765,0
2024-07-09 18:45:45.211246,127,57.843401849020836,127,49.662504423141385,127,47.85146022553934,0
2024-07-09 19:00:45.211246,127,49.15133766146476,127,48.35917140384779,127,43.562751031818955,0
2024-07-09 19:15:45.211246,127,56.33379481012712,127,49.02358684068863,127,49.33211787660544,0
2024-07-09 19:30:45.211246,127,49.860648168429805,127,51.08856526400127,127,53.30101864123748,0
2024-07-09 19:45:45.211246,127,52.61045195691611,127,52.21270830124043,127,40.65629070669301,0
2024-07-09 20:00:45.211246,127,49.78371695985231,127,55.2887558845552,127,43.11426361413235,0
2024-07-09 20:15:45.211246,127,58.489148552760426,127,45.743147524516104,127,48.12319623414009,0
2024-07-09 20:30:45.211246,127,54.4556678833081,127,55.32292298669685,127,58.7204238034164,0
2024-07-09 20:45:45.211246,127,0.0,127,0.0,127,0.0,30
2024-07-09 21:00:45.211246,127,49.66805164046377,127,48.110320917710176,127,50.43399254271061,0
2024-07-09 21:15:45.211246,127,48.79366412537935,127,46.81188817696339,127,52.66508753552153,0
2024-07-09 21:30:45.211246,127,53.59470467137764,127,51.307063866170274,127,50.48144014319023,0
2024-07-09 21:45:45.211246,127,57.48867630296125,127,47.54505726884232,127,48.928685977578276,0
2024-07-09 22:00:45.211246,127,57.79536012552268,127,48.82938557048355,127,47.23430007189605,0
2024-07-09 22:15:45.211246,127,47.81709932690082,127,47.270311258633484,127,44.72752739392108,0
2024-07-09 22:30:45.211246,127,40.96871150298962,127,53.59646295000332,127,52.72654116582268,0
2024-07-09 22:45:45.211246,127,54.66778744966018,127,51.50001197797077,127,46.209063931556045,0
2024-07-09 23:00:45.211246,127,39.287000148758466,127,54.041053850903175,127,48.647123260036295,0
2024-07-09 23:15:45.211246,127,46.429703345287756,127,43.42826768227581,127,44.014351603599344,0
2024-07-09 23:30:45.211246,127,0.0,127,0.0,127,0.0,30
2024-07-09 23:45:45.211246,127,0.0,127,0.0,127,0.0,15
2024-07-10 00:00:45.211246,127,47.04655353878047,127,46.73347617416646,127,54.53203054387346,0
2024-07-10 00:15:45.211246,127,52.10448670669906,127,47.0642459496532,127,50.81187529283304,0
2024-07-10 00:30:45.211246,127,49.171417239307104,127,40.957083595412854,127,41.648933476591246,0
2024-07-10 00:45:45.211246,127,0.0,127,0.0,127,0.0,60
2024-07-10 01:00:45.211246,127,50.50668376741022,127,48.15783829804387,127,48.483002503653985,0
2024-07-10 01:15:45.211246,127,0.0,127,0.0,127,0.0,60
2024-07-10 01:30:45.211246,127,0.0,127,0.0,127,0.0,15
2024-07-10 01:45:45.211246,127,39.745885044421115,127,57.373697936697404,127,54.9313513573011,0
2024-07-10 02:00:45.211246,127,0.0,127,0.0,127,0.0,15
2024-07-10 02:15:45.211246,127,56.872408156043534,127,46.89552370966781,127,51.88119609509812,0
2024-07-10 02:30:45.211246,127,50.4843166932197,127,48.70268777838284,127,54.60410787064035,0
2024-07-10 02:45:45.211246,127,59.30009472880834,127,52.3323189747309,127,48.84736192463236,0
2024-07-10 03:00:45.211246,127,53.13439786778399,127,43.98663995419362,127,47.53398659917565,0
2024-07-10 03:15:45.211246,127,0.0,127,0.0,127,0.0,60
2024-07-10 03:30:45.211246,127,0.0,127,0.0,127,0.0,15
2024-07-10 03:45:45.211246,127,48.6296295656444,127,46.31294128981798,127,50.433134547112175,0
2024-07-10 04:00:45.211246,127,54.49250839906769,127,36.09681138927087,127,41.85995841202893,0
2024-07-10 04:15:45.211246,127,54.51157666830165,127,49.98820544684997,127,53.862905896837205,0
2024-07-10 04:30:45.211246,127,50.09687698262414,127,45.05155589652847,127,50.31497371044759,0
2024-07-10 04:45:45.211246,127,45.21632911426599,127,43.56683532600747,127,52.7578911435742,0
2024-07-10 05:00:45.211246,127,53.90172588064067,127,42.57450251330399,127,58.93450296290469,0
2024-07-10 05:15:45.211246,127,49.44585254944716,127,49.2783566379752,127,57.22219857905542,0
2024-07-10 05:30:45.211246,127,51.27333321474601,127,46.737261236942295,127,47.642172250123885,0
2024-07-10 05:45:45.211246,127,48.33624106276179,127,59.986278370602655,127,43.79244665867277,0
2024-07-10 06:00:45.211246,127,50.66150912251716,127,45.30872874240784,127,53.6329967365623,0
2024-07-10 06:15:45.211246,127,44.82331063155852,127,46.236612168286555,127,50.62594548386837,0
2024-07-10 06:30:45.211246,127,50.003592379661924,127,49.37316650968219,127,57.1910856079247,0
2024-07-10 06:45:45.211246,127,50.79300979403663,127,38.93369243667687,127,53.689252603895845,0
2024-07-10 07:00:45.211246,127,52.98098510227598,127,48.06187210764511,127,43.33063873957973,0
2024-07-10 07:15:45.211246,127,60.717017173340885,127,49.73610156414391,127,48.51765362316175,0
2024-07-10 07:30:45.211246,127,43.578441637897875,127,48.57026079067481,127,51.43364094521518,0
2024-07-10 07:45:45.211246,127,50.197554896140566,127,48.60450147080653,127,49.52070419170326,0
2024-07-10 08:00:45.211246,127,52.68368232203792,127,52.85968632017457,127,56.15435112301975,0
2024-07-10 08:15:45.211246,127,55.950264334959826,127,52.47481230905593,127,45.07692953745329,0
2024-07-10 08:30:45.211246,127,0.0,127,0.0,127,0.0,15
2024-07-10 08:45:45.211246,127,0.0,127,0.0,127,0.0,60
2024-07-10 09:00:45.211246,127,0.0,127,0.0,127,0.0,60
2024-07-10 09:15:45.211246,127,50.5690000682383,127,44.00003884075176,127,39.19769409283559,0
2024-07-10 09:30:45.211246,127,44.33598470826326,127,45.69283943479093,127,45.95037845102327,0
2024-07-10 09:45:45.211246,127,55.514627803900375,127,50.81555331043658,127,44.39008625154607,0
2024-07-10 10:00:45.211246,127,0.0,127,0.0,127,0.0,15
2024-07-10 10:15:45.211246,127,53.29338208446094,127,55.933397729964625,127,51.90864494603196,0
2024-07-10 10:30:45.211246,127,46.55720696085586,127,57.70922377872183,127,51.769216407018064,0
2024-07-10 10:45:45.211246,127,0.0,127,0.0,127,0.0,30
2024-07-10 11:00:45.211246,127,0.0,127,0.0,127,0.0,30
2024-07-10 11:15:45.211246,127,52.84924537671766,127,52.932992035070335,127,45.63385667530204,0
2024-07-10 11:30:45.211246,127,50.02734670879375,127,51.12209496852978,127,48.83156729015499,0
2024-07-10 11:45:45.211246,127,0.0,127,0.0,127,0.0,15
2024-07-10 12:00:45.211246,127,45.00947756196895,127,51.21415628200637,127,52.950411344506875,0
2024-07-10 12:15:45.211246,127,49.57016083268086,127,51.784082448190865,127,51.76932226171378,0
2024-07-10 12:30:45.211246,127,62.36422016176755,127,41.778116093799724,127,55.211586223901,0
2024-07-10 12:45:45.211246,127,0.0,127,0.0,127,0.0,60
2024-07-10 13:00:45.211246,127,41.78101421931693,127,41.44292710772328,127,52.761231286225474,0
2024-07-10 13:15:45.211246,127,50.746659332985686,127,41.063605284501875,127,43.411249357409034,0
2024-07-10 13:30:45.211246,127,41.94509297888511,127,48.82145122976441,127,46.86273558399956,0
2024-07-10 13:45:45.211246,127,0.0,127,0.0,127,0.0,60
2024-07-10 14:00:45.211246,127,49.398865451812235,127,45.09962579434903,127,41.364115017849144,0
2024-07-10 14:15:45.211246,127,0.0,127,0.0,127,0.0,15
2024-07-10 14:30:45.211246,127,0.0,127,0.0,127,0.0,60
2024-07-10 14:45:45.211246,127,0.0,127,0.0,127,0.0,60
2024-07-10 15:00:45.211246,127,46.570365423973136,127,57.69601103006197,127,57.154654485155206,0
2024-07-10 15:15:45.211246,127,51.71799341764133,127,43.23071042258073,127,48.146675206054965,0
