Timestamp,Voltage Phase 1 (V),Current Phase 1 (A),Voltage Phase 2 (V),Current Phase 2 (A),Voltage Phase 3 (V),Current Phase 3 (A),Power Outage Duration (min)
1712878774,127,60.64197741269072,127,48.053796025978826,127,52.848064686471155,0
1712879674,127,48.62850268289185,127,44.50791571169235,127,53.44860430980265,0
1712880574,127,58.24624120938825,127,55.325663205949304,127,58.045224879432396,0
1712881474,127,50.7150833714728,127,49.98721452397499,127,52.638402385981216,0
1712882374,127,48.88689370455285,127,47.54257490005842,127,42.030802457402274,0
1712883274,127,55.09186548024404,127,50.24842607968286,127,41.99075623206054,0
1712884174,127,40.90794646692881,127,58.85828333896191,127,55.3780164160662,0
1712885074,127,51.91701400373593,127,42.6650127002342,127,48.67609118609492,0
1712885974,127,44.83960493994195,127,48.177824597297054,127,48.91562894534758,0
1712886874,127,46.37358976545672,127,43.03115274732217,127,53.69352658897297,0
1712887774,127,51.24673467806542,127,52.74275889201613,127,55.674490996762714,0
1712888674,127,55.51473701524362,127,58.316151168987396,127,54.6293309804425,0
1712889574,127,52.29557973092446,127,47.93827275855068,127,43.55134325728652,0
1712890474,127,52.95129503943518,127,48.539696939761825,127,59.988131451919145,0
1712891374,127,47.47723513326602,127,51.40039249893599,127,51.42332076317847,0
1712892274,127,42.633830597542136,127,46.174514159847504,127,40.06669862608933,0
1712893174,127,51.37251810160202,127,50.93340380231444,127,53.71881480700442,0
1712894074,127,46.37405648955918,127,44.702372129345065,127,48.390186625585585,0
1712894974,127,52.06627985523749,127,44.5850293517897,127,51.909243368983475,0
1712895874,127,52.45126542817035,127,54.10158249073451,127,48.2126716565715,0
1712896774,127,50.435688749766626,127,56.14250948061892,127,46.50015739940328,0
1712897674,127,49.808781885967036,127,60.03013200088496,127,51.52023333259828,0
1712898574,127,54.7163686866263,127,51.502391859627245,127,55.03466912459545,0
1712899474,127,52.42340143975813,127,48.90290092118919,127,48.79857808568694,0
1712900374,127,48.85790191850435,127,53.288941902367405,127,50.12186048802876,0
1712901274,127,49.91630855826275,127,50.40222587642606,127,51.37249539364659,0
1712902174,127,57.816238111199105,127,45.36710151096032,127,55.392856430486745,0
1712903074,127,47.86889843687055,127,48.32474084101133,127,49.25853714341723,0
1712903974,127,43.22707690700943,127,46.82577836328595,127,49.320639665312356,0
1712904874,127,47.01614589480259,127,56.48540809962617,127,45.879263655972736,0
1712905774,127,49.163737151983845,127,46.979834571801504,127,56.25646166400003,0
1712906674,127,43.285666904205506,127,52.07625396323983,127,55.9843487193143,0
1712907574,127,57.038519145415144,127,50.88443630729284,127,58.64165955882827,0
1712908474,127,45.24158223046608,127,47.24211656202054,127,47.304402825694325,0
1712909374,127,51.28635679749405,127,39.430340256621285,127,54.74266461091228,0
1712910274,127,56.15638043269664,127,48.55906734189054,127,56.2909846849699,0
1712911174,127,52.86878099188525,127,45.1156267950396,127,46.54485238038189,0
1712912074,127,47.463542757253066,127,51.64376538069138,127,54.702936316613794,0
1712912974,127,53.360035069125665,127,46.89862208383822,127,50.564248166486394,0
1712913874,127,46.93398093684473,127,57.911353417579235,127,48.07780952032868,0
1712914774,127,49.663125007073354,127,48.58294995422671,127,44.00241026181218,0
1712915674,127,49.60482661294703,127,54.10936503349665,127,49.14624864055858,0
1712916574,127,41.74484636346649,127,48.956871682528146,127,46.44526465282807,0
1712917474,127,50.26173426909621,127,54.82679834484561,127,46.49895760558725,0
1712918374,127,49.22246227539844,127,50.23180708343642,127,42.861622939822496,0
1712919274,127,51.76466910128816,127,48.52920687973135,127,45.21844001453929,0
1712920174,127,43.27113366418939,127,49.78750945103218,127,54.1025103186323,0
1712921074,127,52.45497586348187,127,44.10978838391554,127,48.29460395231995,0
1712921974,127,52.293400630214556,127,55.964043225310355,127,57.53807763324684,0
1712922874,127,51.07964958887555,127,55.38100161768821,127,43.00322014607584,0
1712923774,127,52.54311367973926,127,57.9621285366736,127,49.79278659294503,0
1712924674,127,56.87970789629025,127,56.77802064264609,127,53.126625893127276,0
1712925574,127,58.377508782509665,127,48.54901934481397,127,48.855022924552976,0
1712926474,127,57.62323215399809,127,51.94597420330808,127,43.785278472568095,0
1712927374,127,50.135494882296584,127,64.89988085879327,127,38.15598273683422,0
1712928274,127,56.610970791004014,127,47.45662374058064,127,52.642193826580595,0
1712929174,127,54.12608361165218,127,43.257841994733646,127,42.20937928248876,0
1712930074,127,45.650672620509134,127,49.51080833551354,127,41.58749425703465,0
1712930974,127,53.28129779260194,127,52.961158418144024,127,51.49167542627172,0
1712931874,127,51.12392329835279,127,43.40561045246797,127,48.420477820866765,0
1712932774,127,50.20838757446051,127,53.86758700185701,127,50.65490852785331,0
1712933674,127,58.33579609230177,127,53.122236596252165,127,50.27280692352497,0
1712934574,127,52.26199709051848,127,58.07398189543013,127,44.36579572315733,0
1712935474,127,48.19957940714513,127,48.2515448777802,127,46.646207418677115,0
1712936374,127,45.21709995592687,127,52.989696030005575,127,47.71612803093562,0
1712937274,127,53.05547972942457,127,47.697731419707914,127,43.68990394761779,0
1712938174,127,55.9902363731912,127,58.99206040963658,127,51.12339427636792,0
1712939074,127,52.615426628185965,127,58.6838352195079,127,52.5432674413145,0
1712939974,127,55.82519423140007,127,53.565601582663014,127,56.59988451937905,0
1712940874,127,51.555547086523944,127,51.49466189771056,127,53.04336349669993,0
1712941774,127,43.25226822061731,127,45.63341830624693,127,56.805209229470975,0
1712942674,127,57.10327380448621,127,52.151870817974185,127,45.24004161373387,0
1712943574,127,56.013839303071364,127,50.39963132508161,127,44.14869423976977,0
1712944474,127,53.09771412126344,127,54.462445022783356,127,54.38057383062608,0
1712945374,127,48.452095439097725,127,47.401978804490795,127,43.46564178598153,0
1712946274,127,57.597994265935945,127,51.06430693578454,127,57.832489404443024,0
1712947174,127,48.705472995386295,127,58.557444939499746,127,40.89591900437331,0
1712948074,127,50.817472584240114,127,45.934414885834194,127,46.97322710182294,0
1712948974,127,43.36238097608292,127,46.779141925842694,127,59.544417176026045,0
1712949874,127,47.18227345149201,127,55.412362769901264,127,40.24044585849806,0
1712950774,127,62.20608079658264,127,49.91357457066358,127,54.56141013785808,0
1712951674,127,56.198292486861654,127,47.133162997164035,127,52.124447434344184,0
1712952574,127,48.64369992384038,127,46.5821622755408,127,42.312811950482384,0
1712953474,127,49.49312786028976,127,53.733328587090085,127,54.6459090508367,0
1712954374,127,51.147090038211424,127,52.07202938358487,127,51.54861912465649,0
1712955274,127,46.31271903061776,127,42.315400583883786,127,47.188725854174756,0
1712956174,127,42.00244438348716,127,54.12194965172057,127,62.45743101098829,0
1712957074,127,55.05927581765179,127,48.59381030283544,127,50.083532538014424,0
1712957974,127,55.76959834573072,127,46.995424817916415,127,50.664686335512016,0
1712958874,127,39.15012786331705,127,44.41720561752448,127,47.153159971718544,0
1712959774,127,53.18133350053259,127,46.161753851789996,127,53.092397416642925,0
1712960674,127,50.915806100778426,127,59.29675636497123,127,44.62242682537737,0
1712961574,127,39.903901445777066,127,37.81267771117071,127,49.25718245057105,0
1712962474,127,55.755757308054925,127,50.92661691699193,127,53.29230463085874,0
1712963374,127,49.75231949052413,127,51.186994247611985,127,42.4420983842923,0
1712964274,127,59.661851663320476,127,52.41211017010927,127,43.42108475507781,0
1712965174,127,40.181924686682336,127,52.665340919217776,127,49.45338391510242,0
1712966074,127,48.58408290272916,127,57.16871922704692,127,47.15691379825233,0
1712966974,127,45.75076768493392,127,53.62223248385532,127,53.02949173988123,0
1712967874,127,43.54870759553737,127,53.94716553233407,127,59.80456872157234,0
1712968774,127,48.32230095527969,127,46.96193907331112,127,46.363790594810794,0
1712969674,127,54.257043355861896,127,54.44208290092384,127,44.44338344294132,0
1712970574,127,55.68922182525779,127,56.37774639705265,127,51.472997058836846,0
1712971474,127,39.0716023676937,127,53.96188726497438,127,41.87479288584204,0
1712972374,127,53.69915358924062,127,55.07134553826088,127,54.79104050139608,0
1712973274,127,36.92314537119934,127,46.35934586123339,127,53.712492335949946,0
1712974174,127,49.58928019941768,127,42.37549063517846,127,47.8091047425766,0
1712975074,127,49.97304170565076,127,41.43957568980796,127,58.527931512434044,0
1712975974,127,54.05594931381239,127,50.74680456176468,127,46.322721592445816,0
1712976874,127,48.43516736333488,127,46.732918928273676,127,45.04387131502457,0
1712977774,127,50.74483190349294,127,55.516618004475745,127,49.049756007092675,0
1712978674,127,47.93868059668144,127,50.89310099412968,127,53.90840576488445,0
1712979574,127,47.37679798717241,127,43.09451651045964,127,54.727380917700884,0
1712980474,127,43.191544600271286,127,52.674938157266325,127,49.52020351296069,0
1712981374,127,45.517965582039764,127,56.93590717886957,127,54.98696530736051,0
1712982274,127,52.88233818694588,127,52.20000419242862,127,52.37735052240917,0
1712983174,127,45.08211332112712,127,47.19003144083675,127,41.79498390285215,0
1712984074,127,51.461413685211895,127,57.16552445534039,127,48.08144349268751,0
1712984974,127,51.18746296160665,127,47.33622416704505,127,47.644100785784175,0
1712985874,127,48.29957735408283,127,42.68397167969014,127,55.692991278537704,0
1712986774,127,49.974875851361766,127,54.857938485993984,127,51.51170611838827,0
1712987674,127,45.968821468705464,127,48.41544026040809,127,42.06567398631784,0
1712988574,127,53.94343542044278,127,50.6861238712818,127,46.07409737386548,0
1712989474,127,42.467148946903386,127,47.1179508172437,127,44.46355788985954,0
1712990374,127,50.67641265739081,127,44.73611191950495,127,60.26146712493584,0
1712991274,127,54.926544597130025,127,48.13579941032719,127,42.56882098663673,0
1712992174,127,49.44169311529312,127,40.20192322383423,127,55.30350624202891,0
1712993074,127,53.956489738193206,127,57.24322372298415,127,47.21672745567426,0
1712993974,127,54.027821747037414,127,56.9202047471758,127,47.821676518790035,0
1712994874,127,46.33079083859936,127,56.740565945697554,127,50.72738213202438,0
1712995774,127,52.1264894245451,127,49.55980089004017,127,43.75763263055997,0
1712996674,127,55.522986108948494,127,39.85307038532525,127,54.989879592444055,0
1712997574,127,48.60380765759202,127,49.06183774233801,127,47.33729602719562,0
1712998474,127,52.63425221358211,127,52.04372509451722,127,58.057492455875206,0
1712999374,127,49.079638802928855,127,49.08969444519459,127,48.231024096041054,0
1713000274,127,50.51965552892769,127,47.75509735300838,127,55.77633192357655,0
1713001174,127,56.85200071115056,127,40.38806943586752,127,43.555696406530544,0
1713002074,127,44.906082332603205,127,53.308081654134625,127,45.53980734542367,0
1713002974,127,52.7594469596315,127,56.856649841254544,127,53.85442719652058,0
1713003874,127,44.77590873080365,127,44.00047768363081,127,36.65969325716965,0
1713004774,127,52.45006037520213,127,43.72480512351554,127,50.21197182404057,0
1713005674,127,51.153940933321635,127,43.45112796469854,127,54.716963680775784,0
1713006574,127,44.820166670615386,127,47.029220195104955,127,44.08862145787544,0
1713007474,127,50.24519822895003,127,46.67678163845064,127,61.35029396227401,0
1713008374,127,46.78202970004057,127,50.93186910975246,127,48.59842620689662,0
1713009274,127,54.43329300964982,127,50.019545103592016,127,42.691143383198444,0
1713010174,127,50.99437966264613,127,52.19987459424772,127,43.60432347067374,0
1713011074,127,44.78603127075883,127,46.72196446360198,127,51.28577104250342,0
1713011974,127,48.21595363725977,127,38.738765707709845,127,46.198622475961606,0
1713012874,127,55.67577966006444,127,53.163405551332616,127,53.2693159298973,0
1713013774,127,49.71965750991522,127,60.86497959889478,127,49.65634611530455,0
1713014674,127,48.8434034992749,127,47.63826909453107,127,48.00656074714188,0
1713015574,127,53.91140304798893,127,39.57999970377128,127,44.0739092632696,0
1713016474,127,57.00388822740091,127,46.12118232234754,127,44.36209192925678,0
1713017374,127,49.1637579388656,127,46.25850719461002,127,51.464353646294775,0
1713018274,127,44.01834082564355,127,57.49550590345664,127,43.44534896607665,0
1713019174,127,49.58026707477536,127,50.279104080612434,127,51.23195988181981,0
1713020074,127,49.69696718956963,127,49.9711032530516,127,49.649988171250186,0
1713020974,127,56.52841758984806,127,49.37300622194096,127,54.81776602484029,0
1713021874,127,46.338675859345344,127,49.98790604361942,127,49.34914806953117,0
1713022774,127,55.00235509831205,127,47.06699056340689,127,46.5413873173808,0
1713023674,127,49.21959792822065,127,49.893983065327134,127,39.48824712259728,0
1713024574,127,45.70759605537866,127,55.550860164256335,127,48.727131128764825,0
1713025474,127,48.79187134012786,127,52.85122707422627,127,52.702676460070634,0
1713026374,127,58.696377159393265,127,53.156219013682396,127,47.798577006992275,0
1713027274,127,50.275182958378196,127,53.870521644319616,127,54.80834447134407,0
1713028174,127,45.48688071056929,127,53.348916264939085,127,58.83565791182581,0
1713029074,127,49.13289568787719,127,50.05655131181084,127,45.37268743677638,0
1713029974,127,44.69062991999729,127,50.057672380415845,127,53.9404618367838,0
1713030874,127,48.506285633406115,127,55.52825588204131,127,54.53901305313149,0
1713031774,127,48.16926492373963,127,53.650469104476834,127,49.35329565274042,0
1713032674,127,50.46474968021579,127,55.369292656315665,127,62.19341998267987,0
1713033574,127,43.01892316799455,127,48.348343903136026,127,55.80130035533235,0
1713034474,127,48.778794515665226,127,47.85318818457904,127,58.338445896240195,0
1713035374,127,49.69581763781333,127,53.93649034982242,127,48.45332049690746,0
1713036274,127,42.20681185460132,127,47.44449325498081,127,53.418830181836135,0
1713037174,127,50.9649113546685,127,46.01069450450082,127,60.319358011028655,0
1713038074,127,50.589476922491635,127,45.02319992247433,127,56.49756205868155,0
1713038974,127,54.58301436048135,127,47.20032853314821,127,53.270872142273866,0
1713039874,127,53.95273566801405,127,52.3117065733897,127,50.64927194836396,0
1713040774,127,41.159610097588335,127,48.38309696687897,127,49.73542733676772,0
1713041674,127,47.0831858216053,127,48.21877024757327,127,53.507535644699594,0
1713042574,127,47.506485602136934,127,41.5191400146485,127,46.87085759286019,0
1713043474,127,47.32208145047664,127,49.19054328536779,127,43.866198516068565,0
1713044374,127,48.44680943345877,127,45.61569796070127,127,53.89773589364671,0
1713045274,127,49.03230583871029,127,52.737842724366644,127,51.384059627224445,0
1713046174,127,43.577146691408046,127,49.78820234560807,127,58.34942172982308,0
1713047074,127,41.94574790314838,127,54.73923377187553,127,50.49323181643971,0
1713047974,127,42.446679125776484,127,52.867080951998744,127,55.017271990057885,0
1713048874,127,49.69504584295797,127,51.53582567328465,127,59.11196255647601,0
1713049774,127,46.97291125991922,127,59.14007670760008,127,58.2089415431802,0
1713050674,127,43.373533600343926,127,50.61770494710705,127,50.33466164226465,0
1713051574,127,56.46705212574265,127,55.84539483282135,127,57.55079709877983,0
1713052474,127,41.90338331133235,127,56.885778568439065,127,52.83958250833454,0
1713053374,127,40.80663537178563,127,56.56541295021721,127,44.46453912064132,0
1713054274,127,53.86479430799541,127,47.06959057506167,127,48.97080184667751,0
1713055174,127,52.21801998259574,127,48.95150804009052,127,42.73913628877108,0
1713056074,127,51.52901424972792,127,44.23740010168995,127,52.72177779950169,0
1713056974,127,43.7386509120545,127,50.69666771180646,127,51.82103949760098,0
1713057874,127,60.068586731841165,127,40.312012952903615,127,51.58080100198239,0
1713058774,127,43.69831890137475,127,52.39306455280169,127,49.43876117632385,0
1713059674,127,53.8459045203602,127,57.08092843162933,127,48.31268000936561,0
1713060574,127,49.933149297447045,127,54.52071142164275,127,47.35429428708488,0
1713061474,127,52.01582150039379,127,54.19429470390809,127,44.61906075291019,0
1713062374,127,42.375137278927994,127,50.87856456725618,127,54.38363129617246,0
1713063274,127,42.47516566854302,127,52.45546904660351,127,48.17303646717106,0
1713064174,127,49.14198228456169,127,55.15829527910654,127,50.70252266766047,0
1713065074,127,45.72457618557061,127,49.938725123358296,127,48.83188883986907,0
1713065974,127,48.59425160653787,127,55.89667636958095,127,46.7265605974049,0
1713066874,127,46.03443808555599,127,51.25226773449953,127,53.19456293008919,0
1713067774,127,49.33081279079273,127,43.84224185119666,127,50.543732145008114,0
1713068674,127,62.12127433060465,127,52.831566471599665,127,41.68890028104208,0
1713069574,127,45.24177249333043,127,50.467503461465974,127,52.70913521363246,0
1713070474,127,46.52163221644378,127,60.82086464687356,127,52.689262665184366,0
1713071374,127,51.66321933071925,127,56.284734231388,127,51.22809465579988,0
1713072274,127,40.17269498911705,127,48.028886430026276,127,46.803566608737235,0
1713073174,127,48.31346781301999,127,50.570143144877775,127,53.462535268466524,0
1713074074,127,46.13118326785581,127,46.17387120393321,127,49.611801291734004,0
1713074974,127,52.878351561221265,127,52.75516995758236,127,53.00146693039082,0
1713075874,127,55.547791316391255,127,48.195073722521684,127,55.600643151286704,0
1713076774,127,51.67272123270947,127,50.78948144000461,127,59.00722234372252,0
1713077674,127,48.406275732795095,127,46.168671829058965,127,57.325754433840885,0
1713078574,127,49.77570382981838,127,55.52649309583488,127,51.99238766002546,0
1713079474,127,41.237905376817125,127,51.40511480928775,127,53.12304605880327,0
1713080374,127,49.63726863704776,127,53.11675523667036,127,55.96087693474232,0
1713081274,127,57.35766110713388,127,53.959855222300625,127,45.776214494352416,0
1713082174,127,50.62072219273244,127,46.430481446444,127,47.69788604393797,0
1713083074,127,47.62159172281448,127,49.73300520827703,127,51.10939786504382,0
1713083974,127,60.419466571839195,127,51.23757507704824,127,58.91373022489189,0
1713084874,127,49.93255481034822,127,53.83985749977162,127,48.22254148202724,0
1713085774,127,50.18106014544283,127,46.41678293055263,127,53.46371249163231,0
1713086674,127,46.10433005436744,127,48.512893693228975,127,51.101680423204165,0
1713087574,127,52.17492084632281,127,52.6245176697071,127,47.63104768926818,0
1713088474,127,43.20339937637321,127,38.700121626638904,127,45.532594529960654,0
1713089374,127,0.0,127,0.0,127,0.0,60
1713090274,127,0.0,127,48.625489203602484,127,49.31423456874867,60
1713091174,127,0.0,127,58.158896845457214,127,48.61987129400589,60
1713092074,127,0.0,127,46.113832200181555,127,43.35810809659078,60
1713092974,127,42.99401400333061,127,52.31346438183086,127,61.90843202998003,60
1713093874,127,43.95507088643873,127,47.90566277437461,127,46.07339290623162,60
1713094774,127,39.17724288753115,127,55.722905950511965,127,45.24749101868679,60
1713095674,127,53.82061607462273,127,56.59744885219664,127,49.398376626770094,60
1713096574,127,44.72845226934684,127,36.20536237881236,127,53.29877708890727,60
1713097474,127,60.71702755673575,127,47.74561530581191,127,52.325537325910524,60
1713098374,127,48.06127991942528,127,46.966322159787886,127,57.68279444113229,60
1713099274,127,50.85578448404082,127,50.06781609288885,127,50.64260913938007,60
1713100174,127,50.61892551186092,127,41.936567112615094,127,49.1504686878189,60
1713101074,127,58.593955673516476,127,53.97638033006204,127,47.18906905126461,60
1713101974,127,50.969751365388795,127,56.301538012158765,127,51.66311573619436,60
1713102874,127,62.47997281224492,127,51.67436249609641,127,51.22042565586826,60
1713103774,127,44.59262728991226,127,41.643947062225024,127,55.147257522931184,60
1713104674,127,48.02223849889909,127,46.176090142243986,127,52.820007547456065,60
1713105574,127,46.93035346193973,127,53.52818306295608,127,51.2053616318464,60
1713106474,127,46.873677260274654,127,51.28797985386305,127,42.61750050305624,60
1713107374,127,52.1981525916672,127,47.43294768790444,127,49.81546739311857,60
1713108274,127,56.170322750384365,127,50.155469659202886,127,46.72689481110935,60
1713109174,127,54.93214558487063,127,49.77221299887362,127,56.016410547396745,60
1713110074,127,46.27068835652232,127,48.51077194006483,127,45.08882348702349,60
1713110974,127,43.39087382363459,127,50.81678409643491,127,46.875163816603546,60
1713111874,127,46.291437930833276,127,50.68111389873217,127,44.702752865349595,60
1713112774,127,49.59513030411336,127,47.37725909024154,127,59.19132924176931,60
1713113674,127,45.819642374873915,127,43.204210569549524,127,47.23253413623227,60
1713114574,127,50.773682849439055,127,45.6106936241472,127,47.22738430893811,60
1713115474,127,43.620554176380615,127,45.76362200983236,127,51.6974507026314,60
1713116374,127,54.433919692615305,127,51.985004054772894,127,54.81479821273158,60
1713117274,127,49.601365498454506,127,53.22421398037983,127,52.02335925417013,60
1713118174,127,49.89358503572395,127,37.8093372024266,127,49.17144727661744,60
1713119074,127,54.61177543528052,127,45.972554268140144,127,59.08829344946237,60
1713119974,127,54.132897342118206,127,57.59258846195322,127,58.817266349301704,60
1713120874,127,39.49660203321004,127,54.786562020945425,127,51.23937633834191,60
1713121774,127,55.91285916786305,127,54.892596699190044,127,47.134177861496134,60
1713122674,127,45.07776966786878,127,45.02906823274888,127,50.846540489455755,60
1713123574,127,45.34142861531806,127,45.2281841937444,127,46.93696737875266,60
1713124474,127,51.63237841641305,127,45.992152523786274,127,55.242731785692165,60
1713125374,127,46.09210738904111,127,56.837417296634534,127,44.892870016602224,60
1713126274,127,48.99542955573724,127,50.51276052928916,127,45.18195307905195,60
1713127174,127,46.32683684024496,127,51.234417499137805,127,47.669192004632485,60
1713128074,127,47.163674304012446,127,47.91613953948521,127,50.91401110402711,60
1713128974,127,45.80291320723296,127,58.3171057381896,127,40.58177199939999,60
1713129874,127,50.19535253592007,127,49.25607577524063,127,48.21912215275612,60
1713130774,127,42.993140031751565,127,53.09945360689506,127,41.64218083731096,60
1713131674,127,52.610060596536165,127,49.48629854584802,127,47.30502880337053,60
1713132574,127,43.60807085097316,127,46.3933983791678,127,38.24344421204117,60
1713133474,127,53.08586401052136,127,50.69047206099467,127,52.56270742321157,60
1713134374,127,43.994400625677876,127,47.01792505046397,127,52.9756764162047,60
1713135274,127,51.16953483426887,127,55.503157076806374,127,52.12367908005429,60
1713136174,127,51.686214732863675,127,50.69468235222015,127,57.02971856642598,60
1713137074,127,47.60823290130085,127,46.775406808400824,127,50.06575016906216,60
1713137974,127,49.81262001552325,127,48.781929293392785,127,54.397022082939756,60
1713138874,127,51.93631737963708,127,47.47872513392936,127,60.78850714844987,60
1713139774,127,47.15357165657973,127,52.94493191618123,127,45.74045017797563,60
1713140674,127,47.29689496390619,127,48.24370776731884,127,59.29602895714282,60
1713141574,127,50.535639237342984,127,50.940607482083834,127,42.806113252318234,60
1713142474,127,51.13923953030265,127,44.84914079842446,127,46.61901890041569,60
1713143374,127,52.219977885096995,127,47.64420440509339,127,57.567199350392016,60
1713144274,127,56.460355433767965,127,50.92525327246391,127,50.362174820111285,60
1713145174,127,49.09517786652992,127,51.619070518521724,127,52.35022189996489,60
1713146074,127,48.72836894369157,127,44.178893281482644,127,51.28364719848931,60
1713146974,127,50.884357409831125,127,46.62938910786329,127,49.727987095831786,60
1713147874,127,45.916203466108364,127,53.013315143623984,127,50.785836798285295,60
1713148774,127,50.92417956616599,127,53.62311912237071,127,60.95817068296739,60
1713149674,127,50.1976462113578,127,52.94265007771642,127,55.43118258697724,60
1713150574,127,49.533274227855536,127,54.487112713915174,127,56.273024546632456,60
1713151474,127,50.0620854839224,127,64.20883672313713,127,41.26374991794722,60
1713152374,127,46.136446386306346,127,44.17562325703631,127,55.744433418692545,60
1713153274,127,51.39203263791515,127,46.255860358718,127,53.99380808478413,60
1713154174,127,48.54199928550901,127,63.15028412017774,127,47.479526484417335,60
1713155074,127,55.445436529471266,127,44.96483982935981,127,52.69499302136052,60
1713155974,127,47.75048946743159,127,43.496850163101,127,39.749880607454486,60
1713156874,127,48.57381482857604,127,54.909353179109694,127,50.19602938420631,60
1713157774,127,42.9192063011925,127,57.053107719724885,127,52.12377435120151,60
1713158674,127,53.91113752296745,127,52.235565948565025,127,62.68457099012103,60
1713159574,127,50.90261996357471,127,45.996923050094125,127,55.39909810109826,60
1713160474,127,39.085663212228916,127,51.44155075980918,127,48.106317763884434,60
1713161374,127,56.41490605414579,127,50.23176135569285,127,46.22378679221768,60
1713162274,127,50.69580986457817,127,43.45914441073406,127,59.23707009911695,60
1713163174,127,48.85050028484218,127,53.44473091258676,127,46.853915744830374,60
1713164074,127,52.1980905614221,127,49.581765560324705,127,59.632773176569785,60
1713164974,127,42.64129229390128,127,47.93349346677304,127,47.45516582518324,60
1713165874,127,43.84474988629338,127,49.35717201896737,127,54.26818488542544,60
1713166774,127,46.36124158056976,127,49.93685444173688,127,52.27205799653118,60
1713167674,127,52.74905202546271,127,47.410118107903244,127,37.938191498170085,60
1713168574,127,47.765043513607516,127,60.34737695835407,127,45.302878406920286,60
1713169474,127,44.739379164809236,127,51.01848152940129,127,50.03565596047512,60
1713170374,127,46.56474798978731,127,49.922089978976544,127,49.17627573543623,60
1713171274,127,51.86242193494113,127,52.208898577497266,127,44.58519856578526,60
1713172174,127,53.47853293321687,127,48.899557357866954,127,46.807866468671044,60
1713173074,127,55.225228089325704,127,49.86232879815059,127,48.20017245173565,60
1713173974,127,48.68532012626131,127,52.643822087793026,127,50.91458864977556,60
1713174874,127,53.38415812036504,127,40.86827203692238,127,55.65190110654797,60
1713175774,127,49.57885260539055,127,52.773444313803914,127,56.986803233487095,60
1713176674,127,56.849237233874234,127,43.1346272350945,127,55.07559880221071,60
1713177574,127,51.32359727029689,127,55.15761290997227,127,42.10770688177992,60
1713178474,127,45.046183746619064,127,51.28363051185124,127,45.50186098547525,60
1713179374,127,48.06612296542587,127,57.048863639789325,127,61.14986956277129,60
1713180274,127,49.051907847165026,127,54.7623331321894,127,50.85104700390425,60
1713181174,127,54.69942406571212,127,52.66080952389352,127,43.80612707613494,60
1713182074,127,56.447160209817426,127,45.70896998047023,127,43.49601112702841,60
1713182974,127,55.99093546906683,127,48.31674959341413,127,54.20973726362051,60
1713183874,127,52.71686124499378,127,45.185061998066814,127,41.99522361420284,60
1713184774,127,58.78668651141576,127,53.46797654498507,127,57.32740185289424,60
1713185674,127,49.10130796732152,127,56.21878979470343,127,58.562847937452204,60
1713186574,127,48.75497751629029,127,48.65679819570653,127,50.465190726477076,60
1713187474,127,49.81219082373359,127,36.69989041142516,127,45.24543583154117,60
1713188374,127,51.40319681821122,127,51.4684034560318,127,51.28365669655675,60
1713189274,127,48.49287147334668,127,39.83356447598658,127,50.61521602002297,60
1713190174,127,51.06863544091331,127,45.462321399635286,127,51.76346136589968,60
1713191074,127,51.28179011078263,127,47.296117868646135,127,49.38163230553593,60
1713191974,127,54.18512214821502,127,51.46543638516008,127,45.34316420339704,60
1713192874,127,57.83580368664247,127,55.80775367322478,127,45.91619351003228,60
1713193774,127,46.40895144017246,127,46.83311985455414,127,52.92819689216822,60
1713194674,127,53.390442839327875,127,52.94515711069809,127,53.56179666996918,60
1713195574,127,43.5755220944917,127,47.19534846862662,127,40.442916844935596,60
1713196474,127,54.18945759164065,127,55.078586996265415,127,55.476567200423375,60
1713197374,127,47.99957922862387,127,51.671787389234396,127,51.931604919482304,60
1713198274,127,57.58334253187734,127,40.437656332551285,127,53.712101846034095,60
1713199174,127,48.30881266195043,127,48.24509101199972,127,53.151885184735356,60
1713200074,127,52.15541288048631,127,45.751473087509744,127,52.610689465221306,60
1713200974,127,52.02303104438864,127,58.25127890444706,127,51.24610416907377,60
1713201874,127,53.92079253313006,127,42.587899862293426,127,47.72727162960077,60
1713202774,127,45.13863082253414,127,49.74532609776467,127,58.53726745318173,60
1713203674,127,41.37290810802561,127,48.454991503858196,127,49.77310395509989,60
1713204574,127,47.470905588336485,127,56.93579882147134,127,55.60385736866883,60
1713205474,127,55.062135520048336,127,48.481298549886276,127,49.47295589762384,60
1713206374,127,52.618841799670356,127,50.714871658379636,127,45.90626001141409,60
1713207274,127,53.729153336228826,127,39.44816484017417,127,55.36411767292009,60
1713208174,127,58.656423563886804,127,51.79652412740559,127,54.38291472569744,60
1713209074,127,49.858803583223576,127,44.812987776330985,127,56.747653148840016,60
1713209974,127,45.600946349225524,127,61.07409737174656,127,48.23231810253203,60
1713210874,127,50.3174184191657,127,50.032234359108436,127,52.05123821881551,60
1713211774,127,47.11162121365207,127,48.35882348665538,127,56.061816395023655,60
1713212674,127,42.842928688104934,127,46.58804922702829,127,45.56768637604501,60
1713213574,127,49.4671553377069,127,50.33665065844618,127,48.962525448867325,60
1713214474,127,51.456079256659606,127,54.76739780054503,127,53.98931969331139,60
1713215374,127,49.149296675496736,127,51.14339185596572,127,45.64948705104674,60
1713216274,127,56.61109660085154,127,50.90752758690124,127,37.80295378217888,60
1713217174,127,48.26293846062524,127,45.46507310808447,127,54.940753502304894,60
1713218074,127,47.0280061189122,127,46.611533592451266,127,47.472659317414845,60
1713218974,127,41.219895176837234,127,42.683372776683996,127,52.66157850385431,60
1713219874,127,45.99986106245572,127,55.841653915688404,127,44.776161702089816,60
1713220774,127,50.317853831004705,127,48.3215880092685,127,44.261761473302656,60
1713221674,127,50.71490135929748,127,46.75863724867695,127,50.03612916273719,60
1713222574,127,52.17961093592696,127,45.56073801675862,127,62.32698248493675,60
1713223474,127,47.06721139595281,127,53.93741815367258,127,49.613906791772294,60
1713224374,127,50.45333281896629,127,50.870662602539745,127,46.4252778136282,60
1713225274,127,49.78273893724472,127,50.11988371225591,127,50.83711847814563,60
1713226174,127,48.08985316062976,127,49.836929169408336,127,43.59175442448949,60
1713227074,127,48.551371921069226,127,47.02652509926472,127,50.215284370755334,60
1713227974,127,51.874753389033266,127,50.060591246656514,127,58.817414261482185,60
1713228874,127,43.24476312370701,127,55.94075107817996,127,52.45758503113404,60
1713229774,127,50.004669987678696,127,40.543204264924064,127,52.2682722965819,60
1713230674,127,48.13831892039233,127,51.1563035319869,127,42.931533017316355,60
1713231574,127,47.079747261865926,127,49.467787339677734,127,56.88101354860356,60
1713232474,127,47.874406816326356,127,40.46209072735408,127,51.4136852700842,60
1713233374,127,57.47626905176189,127,48.51200901309358,127,46.26942994579832,60
1713234274,127,51.61221949708645,127,42.95865703613818,127,50.73021704926713,60
1713235174,127,49.22560595002386,127,48.71124623030373,127,48.96117869885118,60
1713236074,127,46.62632989588843,127,47.41913776138432,127,46.28617801159507,60
1713236974,127,51.33052687279728,127,50.347794254177984,127,47.56979894037314,60
1713237874,127,52.62244515914418,127,52.365353694831455,127,58.81171559769166,60
1713238774,127,54.4955615424067,127,49.907838503196814,127,44.74797391914149,60
1713239674,127,51.275832745762244,127,44.064537640408695,127,53.29678579748422,60
1713240574,127,48.431785665522284,127,56.088484867278744,127,44.56267243587691,60
1713241474,127,49.742305287848964,127,51.030648996857295,127,46.86736477526068,60
1713242374,127,56.96083400051029,127,64.12885250279093,127,55.167786385093436,60
1713243274,127,45.95676080340562,127,44.549362497352334,127,48.446662062672125,60
1713244174,127,49.18368574785328,127,47.6982934344944,127,43.329294202046995,60
1713245074,127,52.57726105769618,127,47.55027337714795,127,51.5164187943485,60
1713245974,127,62.264981978967114,127,40.631828303805655,127,49.65945654843044,60
1713246874,127,50.28613507203583,127,50.02210639816742,127,49.673204829543906,60
1713247774,127,51.16918029892679,127,44.30400070012769,127,49.94800065442736,60
1713248674,127,47.39530301663151,127,44.5538939505045,127,48.2689833186389,60
1713249574,127,40.77296390745673,127,37.00538872102038,127,50.99110830752797,60
1713250474,127,47.579098730599775,127,51.035143864598226,127,53.774935385500086,60
1713251374,127,56.79710129716265,127,53.48036022359938,127,53.41100694274512,60
1713252274,127,49.943929208918256,127,56.723801984817975,127,45.8425380037088,60
1713253174,127,47.960140913209166,127,43.34598056823942,127,51.76299310554117,60
1713254074,127,47.310576251548106,127,51.9672221525056,127,51.432591352437456,60
1713254974,127,60.21268117008525,127,45.40269407943289,127,50.573350146074944,60
1713255874,127,49.31288148145999,127,56.82763462379708,127,48.691808263115135,60
1713256774,127,43.56879544588618,127,41.726712551291754,127,50.186163699355035,60
1713257674,127,56.351506503891045,127,49.2836169418594,127,53.97627607299592,60
1713258574,127,49.639637622193874,127,46.28787997157503,127,56.12826971757089,60
1713259474,127,38.97305946555914,127,47.34681188411497,127,50.841071887312246,60
1713260374,127,45.15576928838027,127,51.548270116194814,127,54.70053934378109,60
1713261274,127,49.18304827438349,127,48.39558844201453,127,47.98284606774464,60
1713262174,127,46.67966639971956,127,49.418562732189855,127,47.91797756982851,60
1713263074,127,48.94687722724582,127,63.05900012150083,127,45.91451942112326,60
1713263974,127,51.148467272115525,127,50.67643192069922,127,60.07654734140023,60
1713264874,127,45.08202604325381,127,49.8008006002395,127,46.450071986616585,60
1713265774,127,51.25951797852087,127,55.050255270925746,127,46.26502629555807,60
1713266674,127,48.86430017673257,127,54.21233634909071,127,49.985773330153954,60
1713267574,127,50.28659633713098,127,46.04422610634222,127,57.55753733791313,60
1713268474,127,47.85398042623392,127,48.592549356927876,127,48.50674746298472,60
1713269374,127,54.856814420523534,127,55.82967072631989,127,49.07747139383856,60
1713270274,127,50.03292592309589,127,52.53274142770376,127,50.97891395335829,60
1713271174,127,53.92607988735587,127,55.49625411046564,127,46.80920605789321,60
1713272074,127,48.87094457339845,127,49.74054563502897,127,47.54482059888436,60
1713272974,127,38.77004989978072,127,46.00744564679168,127,45.95303142345257,60
1713273874,127,51.20215668693078,127,52.18847889534126,127,51.510817138132374,60
1713274774,127,51.38406012603163,127,45.43844475839497,127,42.68178137457009,60
1713275674,127,54.00554996540925,127,42.61201544793647,127,59.80143111458731,60
1713276574,127,51.45999180488598,127,50.57451441442196,127,51.94647593924262,60
1713277474,127,47.690748796661886,127,53.61010481406211,127,49.33311995446732,60
1713278374,127,45.810274141389236,127,52.22041983292864,127,63.61786745617421,60
1713279274,127,44.420874385804105,127,48.861227749930684,127,56.65856492628144,60
1713280174,127,47.53927089533878,127,56.7952303700085,127,55.423863297649135,60
1713281074,127,50.07808010509968,127,49.13285874792241,127,54.701420202684176,60
1713281974,127,46.112678727814284,127,53.80448246182543,127,57.008763061426336,60
1713282874,127,56.15826666475216,127,55.00579060616427,127,45.10974213966734,60
1713283774,127,53.3897800959436,127,49.65267964280117,127,44.713194834248114,60
1713284674,127,49.299395228509695,127,42.83252388047484,127,49.104593918993345,60
1713285574,127,49.3847868219267,127,52.690976897475664,127,55.327390465416045,60
1713286474,127,42.99339915903784,127,43.361981347639414,127,39.76842056075827,60
1713287374,127,54.19266806695915,127,46.56534473321211,127,47.189934022049705,60
1713288274,127,49.778558447468434,127,49.97631618702657,127,53.420929603770034,60
1713289174,127,39.19864560424722,127,49.01320342695964,127,43.83733666785429,60
1713290074,127,58.45919818764133,127,52.65643893583202,127,51.75984419750362,60
1713290974,127,60.86046050832415,127,49.268965442782935,127,54.480975000037944,60
1713291874,127,42.6939937707054,127,51.00705993549812,127,61.37328003404102,60
1713292774,127,52.49005419244541,127,46.24072500228788,127,45.12201980443136,60
1713293674,127,42.130668225983776,127,52.218187401246304,127,54.30525830873232,60
1713294574,127,50.635530859708055,127,45.94326672905781,127,51.20910267518489,60
1713295474,127,46.56628594666023,127,56.10367352301883,127,47.945654839099255,60
1713296374,127,45.58615479116514,127,47.27185755239844,127,51.934000708946705,60
1713297274,127,43.84754362724703,127,53.33514655546386,127,48.6436943497777,60
1713298174,127,50.40910085695776,127,49.35017071965059,127,61.320294191372,60
1713299074,127,49.152473163183245,127,54.22612712731518,127,62.2661449701395,60
1713299974,127,52.128761491177784,127,59.23797929018569,127,50.48727377288543,60
1713300874,127,53.98353317956475,127,47.0564596167718,127,44.43910536181521,60
1713301774,127,45.15614479714424,127,49.87922444026759,127,51.42869202504908,60
1713302674,127,44.415484364439266,127,43.108218350021055,127,40.61635939838692,60
1713303574,127,60.63354581126983,127,50.53796607981066,127,39.27365912815455,60
1713304474,127,49.954544684819865,127,49.20364579632327,127,43.114132661849496,60
1713305374,127,55.79655773661062,127,47.713187710472944,127,50.2064662927201,0
1713306274,127,48.57843836736811,127,50.23192706545024,127,55.0876646875416,0
1713307174,127,53.028353275047934,127,47.740565861290186,127,57.87744078938458,0
1713308074,127,57.70096543883019,127,42.68398700486379,127,44.42725255742887,0
1713308974,127,46.944178856520864,127,57.62542111584537,127,49.08643399609843,0
1713309874,127,47.14039333965474,127,49.83003150246544,127,48.87928616164223,0
1713310774,127,49.22010672163206,127,44.65181274772324,127,46.034206270662374,0
1713311674,127,48.664194090976,127,56.90787880374041,127,56.44580648739133,0
1713312574,127,54.57843356962437,127,51.81663097208498,127,36.94062211965051,0
1713313474,127,58.90183680705009,127,55.59006090155016,127,48.15340320004797,0
1713314374,127,46.758083143604736,127,50.93036013405705,127,50.22355023840014,0
1713315274,127,46.53663307582153,127,57.46990262813143,127,46.72473295730214,0
1713316174,127,51.2493560453626,127,43.97874249300578,127,48.7235535375751,0
1713317074,127,55.41133079824705,127,50.21284822642547,127,47.06543334463769,0
1713317974,127,40.259119286503264,127,48.29504329081226,127,48.22673179405449,0
1713318874,127,53.66672963553799,127,56.61109430068524,127,43.907145306451795,0
1713319774,127,54.008452757361646,127,45.1563187590607,127,55.746689165135095,0
1713320674,127,47.816022287873174,127,52.78639542485858,127,57.744147355399996,0
1713321574,127,41.4816491163334,127,50.73429290185441,127,57.886973232041655,0
1713322474,127,53.89560819646049,127,60.8297067935448,127,47.51875966873932,0
1713323374,127,55.426052328178585,127,53.59220095548738,127,50.2529414542438,0
1713324274,127,44.93840220985018,127,51.11866181473989,127,59.66880050924999,0
1713325174,127,56.249404053016306,127,52.44208039703345,127,47.53041378161201,0
1713326074,127,42.96243740769508,127,49.00485075219829,127,45.45506447139074,0
1713326974,127,48.22045105178498,127,55.51313967999907,127,56.12620529058169,0
1713327874,127,55.43588779165681,127,52.72077113340612,127,47.35101823038438,0
1713328774,127,52.19499008425791,127,41.36645969416069,127,55.520230276505565,0
1713329674,127,44.50328541475905,127,56.67068274519922,127,46.8322767891309,0
1713330574,127,61.165571121726316,127,48.680710142668666,127,49.42151401479029,0
1713331474,127,53.812001149550426,127,43.29066940565082,127,51.092998793953925,0
1713332374,127,44.97358464215132,127,53.38425376477129,127,52.49878186806234,0
1713333274,127,51.12165101590208,127,56.180911644271426,127,50.71748516823992,0
1713334174,127,39.02616772012013,127,46.23391847832278,127,45.202092209176676,0
1713335074,127,53.31692944535923,127,48.98820022337615,127,46.784854697850044,0
1713335974,127,45.932737346236095,127,48.29191283030076,127,52.109200316306676,0
1713336874,127,54.447533416665294,127,50.18753150190094,127,47.78560567570946,0
1713337774,127,50.196256910510954,127,43.94450188157406,127,47.71038601463414,0
1713338674,127,57.14306478773541,127,55.36102214341451,127,61.182316726178804,0
1713339574,127,46.333990687415934,127,63.001213425296356,127,47.465743784994665,0
1713340474,127,46.73423795166614,127,51.48498807432611,127,52.45651823721562,0
1713341374,127,50.97120213602977,127,49.612126413204024,127,60.309131852688296,0
1713342274,127,44.01028246909301,127,44.51725361416865,127,51.06418966618543,0
1713343174,127,49.513470126188174,127,50.254567245551016,127,61.58940762192624,0
1713344074,127,58.35839560007751,127,53.21633863573874,127,46.170672600756696,0
1713344974,127,51.27551709994308,127,41.290854912953726,127,45.75578579435332,0
1713345874,127,53.74874859402515,127,45.30262870781105,127,46.92970386384331,0
1713346774,127,51.12107691761319,127,35.31268127870304,127,51.06314533935022,0
1713347674,127,51.56760637651351,127,52.83912979483761,127,58.413301005035784,0
1713348574,127,47.418567271222855,127,48.97072588809911,127,46.07027331730919,0
1713349474,127,46.89557603382044,127,46.38847799358236,127,46.40331397809879,0
1713350374,127,40.1956570437811,127,44.29145771345709,127,53.97938328533766,0
1713351274,127,48.299083202920215,127,47.53924908962706,127,47.82519053359397,0
1713352174,127,51.56895650972418,127,43.36417979747307,127,54.55309942560401,0
1713353074,127,39.602569331504014,127,55.08893677797937,127,52.13337279760432,0
1713353974,127,39.704600675662505,127,50.432832441310374,127,51.9998436429678,0
1713354874,127,44.029132449129904,127,49.67201756749576,127,42.41632407238408,0
1713355774,127,54.33938343504866,127,53.52017752448012,127,49.92918493824735,0
1713356674,127,37.24331337263153,127,49.70447690011915,127,49.1086835041987,0
1713357574,127,46.63934441267529,127,42.71131967086456,127,45.79236307888147,0
1713358474,127,47.537859510840065,127,49.47270435932534,127,53.293532694352706,0
1713359374,127,53.13879701622986,127,51.013528891698726,127,44.85691769232226,0
1713360274,127,50.99929748140117,127,53.28589417304725,127,53.4523911050086,0
1713361174,127,54.79475812265488,127,38.389663935893225,127,42.78423194216391,0
1713362074,127,48.034472286018655,127,53.919134583994726,127,54.21553975020834,0
1713362974,127,46.862523256575976,127,60.40102667104577,127,40.6882512393498,0
1713363874,127,48.37406410555936,127,53.4592995636086,127,47.67766404625929,0
1713364774,127,45.30541745543913,127,56.06169411608717,127,49.34719731921844,0
1713365674,127,51.061545031581396,127,56.0064395776011,127,46.002843410417654,0
1713366574,127,51.01434190204979,127,47.92342412732222,127,44.008108052155606,0
1713367474,127,55.34067469745923,127,52.6949232215693,127,51.42308717263241,0
1713368374,127,50.412742886318334,127,57.03100367557014,127,37.09820372541872,0
1713369274,127,48.56001208558392,127,42.72924502796408,127,51.21207464712853,0
1713370174,127,56.118991681131334,127,45.74385838329631,127,57.632936239100985,0
1713371074,127,51.84725494076804,127,53.90868135373259,127,54.037931162518966,0
1713371974,127,51.97621405595909,127,45.31855752583447,127,46.376401467892904,0
1713372874,127,49.835993353391906,127,47.64193372726104,127,52.81884337874703,0
1713373774,127,38.66036339639042,127,51.713269940447496,127,49.5101638002303,0
1713374674,127,48.798776931910034,127,49.51848164420402,127,39.0280677977623,0
1713375574,127,53.47138084961739,127,50.14560699568948,127,62.265177247934496,0
1713376474,127,53.593965897175906,127,51.06695644357405,127,44.5627190501195,0
1713377374,127,45.56329066029392,127,45.29847605144088,127,59.61059362424301,0
1713378274,127,45.866514012551015,127,42.388180738622765,127,54.610120595544274,0
1713379174,127,54.364814784475875,127,49.497250344680175,127,54.70227679423526,0
1713380074,127,51.37469078139247,127,43.63238968325608,127,60.534983379138396,0
1713380974,127,38.925213950218485,127,48.28855971629226,127,57.33415227313175,0
1713381874,127,59.851454463755516,127,45.374537364823546,127,49.969642925053606,0
1713382774,127,45.05854077498676,127,57.4438512977415,127,51.402054473825345,0
1713383674,127,48.255445684226224,127,52.77126283883035,127,42.288793819716126,0
1713384574,127,43.71234724269651,127,51.357511830506986,127,56.451142582506044,0
1713385474,127,48.767296818526574,127,51.71239595639511,127,44.847835855835754,0
1713386374,127,58.824711091496184,127,54.23779762297498,127,56.6733939783434,0
1713387274,127,58.373666290084216,127,48.815595080161835,127,48.221492699341866,0
1713388174,127,39.837516807750205,127,47.78582522882508,127,53.35721936065825,0
1713389074,127,55.421806403073965,127,51.382342632061494,127,49.42225946851568,0
1713389974,127,54.94186544391538,127,52.05646994360295,127,46.86496630784656,0
1713390874,127,49.26971871620974,127,51.36465393724128,127,44.50528270090526,0
1713391774,127,36.21368083201919,127,53.78067919477565,127,45.08615838362005,0
1713392674,127,54.554244628936786,127,53.30206765347371,127,49.35533778375861,0
1713393574,127,59.14006185248049,127,53.37980487117672,127,48.24022236747436,0
1713394474,127,58.10763074362628,127,44.55867107401858,127,37.36431798330459,0
1713395374,127,48.21433474221091,127,54.73988281842335,127,52.184410144194025,0
1713396274,127,48.64135738144989,127,53.49683190034936,127,46.10988923679162,0
1713397174,127,44.06815636005482,127,47.20814756476123,127,46.32011703900628,0
1713398074,127,44.874049331828715,127,49.18054789252468,127,56.2552276362744,0
1713398974,127,48.41372860174926,127,45.395293413222994,127,47.31088113545829,0
1713399874,127,48.87821482535669,127,52.78671742064029,127,53.8941863826081,0
1713400774,127,58.832828037546975,127,47.17594106905697,127,52.536784435740614,0
1713401674,127,49.061207774982776,127,44.9845487762865,127,50.01008407872851,0
1713402574,127,38.954681160577934,127,48.04014438520529,127,49.55353256094965,0
1713403474,127,48.61596227918748,127,46.308539036515214,127,52.39084344797959,0
1713404374,127,47.364384615001,127,45.71741843964537,127,49.942556880137666,0
1713405274,127,48.29515954590373,127,54.61018475541867,127,52.27411962174119,0
1713406174,127,55.552551879129375,127,45.72977054764088,127,47.32880957269939,0
1713407074,127,49.20638206263978,127,51.89328820887304,127,58.11281925618211,0
1713407974,127,37.97244061890184,127,45.16636424425117,127,53.52885389189356,0
1713408874,127,51.08438568195796,127,40.73046654968999,127,43.43955412568188,0
1713409774,127,44.17339782462563,127,47.312772469418405,127,47.524277867472584,0
1713410674,127,53.05304636217127,127,57.32534962369505,127,51.41672676552278,0
1713411574,127,50.017050125789154,127,47.69919748466353,127,46.46127301461062,0
1713412474,127,49.19005426144909,127,48.14463266631805,127,56.09553533223509,0
1713413374,127,57.40320927241413,127,44.5656461183706,127,39.67564661463836,0
1713414274,127,45.43786212877066,127,40.05356787343501,127,54.47573161630685,0
1713415174,127,54.0548307885094,127,53.98185521143384,127,53.813186507086556,0
1713416074,127,53.349514228729,127,56.54997088198802,127,50.88963676495629,0
1713416974,127,51.990051639242026,127,48.88818500974631,127,53.71014644451156,0
1713417874,127,37.97119662040713,127,53.71269927139224,127,53.869905841695605,0
1713418774,127,59.03505085077293,127,43.076669360072685,127,50.940007309836794,0
1713419674,127,49.045243286628995,127,42.41298104684119,127,56.22168550059002,0
1713420574,127,52.212411007063025,127,53.74240920929201,127,40.82021311103013,0
1713421474,127,44.519231886544375,127,47.399420105818365,127,47.61313976915954,0
1713422374,127,39.39305281130711,127,46.04223232377047,127,49.15614326161425,0
1713423274,127,48.0504404141925,127,51.44798947171146,127,48.24439236119794,0
1713424174,127,43.25609339649762,127,49.53488026796731,127,51.84828603733564,0
1713425074,127,48.036071744405426,127,50.756277914717614,127,64.72492157165765,0
1713425974,127,58.14408961974156,127,48.26790714384933,127,44.906169428043505,0
1713426874,127,50.673310116723016,127,49.296472247262386,127,48.69511512120774,0
1713427774,127,54.08524382382243,127,50.36876926134365,127,52.991065037116705,0
1713428674,127,50.74830149873453,127,63.60042604784068,127,41.931080510277425,0
1713429574,127,57.61502742912806,127,38.074918849382996,127,54.58355454826144,0
1713430474,127,44.57650675905036,127,50.917714227225986,127,59.24399745061123,0
1713431374,127,51.994735600378206,127,54.459816583257684,127,56.15750338944581,0
1713432274,127,49.882929338607774,127,46.258988239423275,127,50.74397633869265,0
1713433174,127,52.190740783267636,127,51.91827098842958,127,57.74567781962102,0
1713434074,127,46.36708243547575,127,54.87597931840169,127,43.576062473058265,0
1713434974,127,60.520926997808246,127,51.1362853211182,127,44.354168502051664,0
1713435874,127,48.593340166029705,127,46.30291649868373,127,37.07839446968542,0
1713436774,127,44.116761833662885,127,54.856007197504006,127,43.79988874573914,0
1713437674,127,53.392855869824125,127,53.90300834999086,127,54.65505081007165,0
1713438574,127,51.15401421259253,127,45.23906595510779,127,44.71531044433518,0
1713439474,127,50.0505224126054,127,56.454055490953486,127,54.21717584393869,0
1713440374,127,44.84293564415909,127,43.09140027149769,127,49.71464103541272,0
1713441274,127,52.04901374235694,127,53.614261899686554,127,49.190291881960405,0
1713442174,127,49.43602256195163,127,43.19731149088344,127,58.479922812873625,0
1713443074,127,49.49042385510348,127,55.42872843739269,127,49.034688296243196,0
1713443974,127,52.56517928262711,127,51.013333943767115,127,53.909300780405935,0
1713444874,127,47.02201253368721,127,50.969536277808395,127,48.76940961341987,0
1713445774,127,48.52354445232246,127,55.51246074306859,127,52.20955370761766,0
1713446674,127,44.10741647918367,127,49.32981458246874,127,48.12074123276822,0
1713447574,127,50.58277745465018,127,44.3150830491866,127,54.861475325968385,0
1713448474,127,50.84975438371593,127,44.25118927107101,127,47.21117631177972,0
1713449374,127,62.162778976231124,127,60.15031745979203,127,51.58609022507911,0
1713450274,127,55.210274817904335,127,56.98501354930605,127,43.06984132049006,0
1713451174,127,53.37824664671758,127,48.95598874804547,127,50.20806164181578,0
1713452074,127,48.17603711407045,127,43.086688748916146,127,50.16357102396658,0
1713452974,127,41.34977548810021,127,46.93981731766583,127,55.82933543653847,0
1713453874,127,53.92439110164982,127,47.33307826196416,127,56.85096306275296,0
1713454774,127,46.96800400182536,127,45.456631564076865,127,61.42442665135369,0
1713455674,127,53.44152912964652,127,53.31198367018868,127,54.444482228577314,0
1713456574,127,52.721869275346855,127,46.3673963910112,127,46.565266027027214,0
1713457474,127,51.67954681752137,127,52.442476719532,127,54.60760321506946,0
1713458374,127,49.45183250010312,127,59.23983542561574,127,43.37423241100049,0
1713459274,127,59.650679878529694,127,57.01645056475034,127,51.63454768103022,0
1713460174,127,51.53456051472519,127,48.77431621924652,127,45.91509363000379,0
1713461074,127,47.75153345066685,127,52.032520928379,127,61.20346545272268,0
1713461974,127,54.4272080367022,127,42.79925556225974,127,45.01134758106338,0
1713462874,127,54.7021574564433,127,50.13840063865521,127,44.851378033448135,0
1713463774,127,45.20402676603825,127,44.04476483471009,127,58.77757681508115,0
1713464674,127,49.771028793473256,127,49.92311492531959,127,48.28797803276337,0
1713465574,127,46.98768912681422,127,42.461947909651286,127,51.58412983262196,0
1713466474,127,56.49485248789776,127,48.28107352457823,127,51.80030385576924,0
1713467374,127,55.737131600238065,127,54.1382978487444,127,46.02568691241202,0
1713468274,127,48.392570409549386,127,50.749733880393016,127,58.45752976478177,0
1713469174,127,56.2214414749032,127,49.44138478264328,127,40.56699977615459,0
1713470074,127,49.67361710654476,127,45.75794117532662,127,54.5789664412697,0
1713470974,127,45.59492049651042,127,46.61655365927717,127,50.35877002960205,0
1713471874,127,49.52816891214456,127,45.59492433582594,127,57.56962438655064,0
1713472774,127,44.67360488749596,127,34.65396586167563,127,41.38322760605162,0
1713473674,127,51.072695771111796,127,49.61915717863488,127,41.73753336912268,0
1713474574,127,40.704458949822154,127,50.03222330132284,127,57.217599553521936,0
1713475474,127,52.193946672659834,127,45.852431101262596,127,52.228136386562696,0
1713476374,127,45.851177372186086,127,38.57691782579909,127,51.533571156269595,0
1713477274,127,51.19248788741999,127,54.65672049488162,127,53.6914714114603,0
1713478174,127,49.86308226572489,127,53.82425084699001,127,45.8413645325419,0
1713479074,127,42.94571405518224,127,41.00860600581362,127,46.5092058928829,0
1713479974,127,53.03450974843679,127,54.25093507956645,127,45.74549259743886,0
1713480874,127,52.19183491751576,127,53.1242320265529,127,54.36972529841772,0
1713481774,127,51.9034341957195,127,45.18274504910102,127,49.47334325911876,0
1713482674,127,44.747577893873405,127,43.91340595453626,127,57.35505393156623,0
1713483574,127,53.33529176400059,127,50.1286929422614,127,45.394300069008715,0
1713484474,127,47.31287692711084,127,49.81477231724874,127,54.50800250477528,0
1713485374,127,53.12147827590968,127,49.97492562917498,127,54.191746171408866,0
1713486274,127,46.717151396778455,127,59.14304168661914,127,52.89450958673503,0
1713487174,127,38.411084613415525,127,47.070731737079974,127,48.29811293232958,0
1713488074,127,58.60597015996241,127,49.79817737062429,127,49.997139825418124,0
1713488974,127,54.91862548887329,127,55.85230250594209,127,39.72471811206417,0
1713489874,127,52.99537494756913,127,43.47094757927807,127,49.48333495443371,0
1713490774,127,48.341549090742575,127,54.520226576754865,127,64.78199383348502,0
1713491674,127,42.076204803742286,127,52.48548174054552,127,56.32831820890794,0
1713492574,127,49.08988278690209,127,46.810480367440704,127,58.821008884623005,0
1713493474,127,48.232392242508766,127,48.047676610856314,127,50.40961825152648,0
1713494374,127,47.51977408488503,127,53.20050237136057,127,44.23359802693526,0
1713495274,127,46.39692376383205,127,47.9875700107649,127,53.71329501248718,0
1713496174,127,53.347199766220356,127,57.1739216800068,127,48.46718631828706,0
1713497074,127,51.83955317684181,127,56.34077146000541,127,50.327263550996506,0
1713497974,127,54.17284395578972,127,44.42174297603477,127,54.238288344115915,0
1713498874,127,51.19285632478459,127,47.68206187652902,127,44.27122795414434,0
1713499774,127,49.90624579450098,127,52.69358029537961,127,51.2743399479699,0
1713500674,127,49.542114219832,127,55.342394604501706,127,55.426067357789414,0
1713501574,127,45.80295796930664,127,49.09515136392062,127,48.03784659310455,0
1713502474,127,50.72546895404836,127,49.70645771597532,127,53.432350376450295,0
1713503374,127,44.791160477065425,127,51.48170386837857,127,64.75397843172316,0
1713504274,127,40.37465930425526,127,49.28321457431326,127,44.06813214236719,0
1713505174,127,50.93332787462426,127,54.79731722959372,127,51.58724107726564,0
1713506074,127,57.266715840736616,127,52.83531904999266,127,56.54774461118094,0
1713506974,127,50.666498614459684,127,45.168549660732275,127,51.798825762818566,0
1713507874,127,50.801391067606176,127,51.03586783892712,127,54.24818540170389,0
1713508774,127,46.39514680027566,127,50.594679917329685,127,46.22753667967272,0
1713509674,127,54.37160844305879,127,46.659158037926346,127,51.69169772032208,0
1713510574,127,44.05434413954248,127,49.896379560968306,127,51.80048447494768,0
1713511474,127,55.41194171863051,127,52.19542737236858,127,53.336578056123955,0
1713512374,127,49.0352263835524,127,49.77429047222476,127,47.71201457333925,0
1713513274,127,51.34351038275368,127,52.70706537733409,127,52.801831247011904,0
1713514174,127,52.317115666971695,127,56.48903178423824,127,48.84545214859988,0
1713515074,127,58.560885134010036,127,51.24213826795805,127,46.30658481668398,0
1713515974,127,51.652158334621724,127,49.7109711916262,127,49.847086055376806,0
1713516874,127,54.70646731710536,127,47.00758883039661,127,45.09822487952424,0
1713517774,127,51.035103938426815,127,46.724890422715994,127,50.66008740321684,0
1713518674,127,53.95010938378402,127,43.15548021460884,127,54.69024199132023,0
1713519574,127,52.423656768970275,127,51.216698458427395,127,42.84647401368926,0
1713520474,127,44.663588999205764,127,46.21455928254079,127,47.62494737012209,0
1713521374,127,50.40384585044909,127,56.47840577174717,127,52.65041465614804,0
1713522274,127,47.87682590533996,127,46.99626716271202,127,56.88493576135202,0
1713523174,127,52.07005479179273,127,55.13880748013182,127,45.87569307810556,0
1713524074,127,51.285553735884356,127,46.45155003244848,127,49.23998670027922,0
1713524974,127,46.88554782973186,127,49.29950931889793,127,49.028470140860016,0
1713525874,127,43.15941788233013,127,44.18003720917134,127,52.15411849250975,0
1713526774,127,50.66953469541671,127,45.941644993534446,127,47.3586072995772,0
1713527674,127,52.31400314239595,127,56.566184463563964,127,54.16587641863714,0
1713528574,127,48.99053849159388,127,50.46655410637761,127,44.95013777970432,0
1713529474,127,52.08526361210079,127,52.16604047210709,127,48.999684263494636,0
1713530374,127,47.59037601519951,127,50.263377973374105,127,52.95216075494392,0
1713531274,127,52.097438437898276,127,57.19026933756894,127,48.95416496046705,0
1713532174,127,50.702746240433406,127,54.22773072378402,127,49.211568812751636,0
1713533074,127,53.95702644645844,127,52.801558674717405,127,53.11298307195569,0
1713533974,127,46.75243953577276,127,58.028867712112586,127,42.7174221239661,0
1713534874,127,49.20376644321906,127,54.726367936687254,127,44.245337898995274,0
1713535774,127,55.93117083977289,127,45.38399560565802,127,42.56588472247822,0
1713536674,127,56.44353428486009,127,47.48009973693082,127,45.353214529908314,0
1713537574,127,57.057082079312096,127,43.47598825872994,127,47.37019636274118,0
1713538474,127,50.737462847512326,127,46.80568646258337,127,47.7276983521519,0
1713539374,127,58.003409174977165,127,59.49053868334401,127,56.47611359781567,0
1713540274,127,46.614745649095305,127,49.8284337622728,127,50.21220385067754,0
1713541174,127,50.29683267861904,127,50.56264144577245,127,50.86076520569718,0
1713542074,127,51.161871448081506,127,55.03569559452522,127,55.80942195484093,0
1713542974,127,60.36905294718777,127,42.24131574713419,127,52.89646277788285,0
1713543874,127,42.34931615098576,127,45.29372308375771,127,57.73883113282381,0
1713544774,127,49.20556667235251,127,47.42937655160136,127,49.19621102953255,0
1713545674,127,52.942877653604754,127,53.74976072788397,127,44.5901114141698,0
1713546574,127,51.433790571914884,127,45.786869069843924,127,47.766782532456205,0
1713547474,127,46.416991022644126,127,57.575947330888695,127,48.18472681412266,0
1713548374,127,43.52381070704179,127,51.11656529967167,127,53.51147908283,0
1713549274,127,56.49899584220127,127,48.9070570074661,127,48.220342939718606,0
1713550174,127,54.662048875699725,127,44.13514213851283,127,54.34949532895194,0
1713551074,127,51.75765634306293,127,52.673697318050635,127,52.92168763364936,0
1713551974,127,45.477751544333756,127,51.02209153968217,127,44.353194131637714,0
1713552874,127,55.36315044388019,127,47.08855783181394,127,56.18908950045288,0
1713553774,127,51.44683884489181,127,44.9770816295548,127,44.83733820336437,0
1713554674,127,45.494641035116196,127,47.42560918048269,127,52.0892711994518,0
1713555574,127,39.75583620620455,127,45.05127805826925,127,48.308529052233524,0
1713556474,127,57.51913251388132,127,48.70895524343712,127,49.22702179108788,0
1713557374,127,41.72086487150835,127,49.5322270684514,127,44.54959496176607,0
1713558274,127,53.89004087998215,127,60.844769585715184,127,52.93741073513538,0
1713559174,127,44.49277892216911,127,53.23811037945634,127,45.676970576221834,0
1713560074,127,48.40422998888396,127,50.68955505838095,127,56.23662889597893,0
1713560974,127,50.52580690510975,127,52.99328872354779,127,50.332617325225094,0
1713561874,127,53.09295786323205,127,49.48624231764593,127,56.140901459079956,0
1713562774,127,42.83039961583935,127,46.19306817634908,127,44.43545906688887,0
1713563674,127,46.53354610685693,127,45.10357577990197,127,52.47191703030731,0
1713564574,127,46.744991270460126,127,49.817934983498944,127,47.32467015593608,0
1713565474,127,46.215347238178495,127,50.500974439085496,127,43.45874512753315,0
1713566374,127,44.55442854169669,127,41.67990538532233,127,46.49860060119013,0
1713567274,127,49.62036299939019,127,55.799549307379536,127,45.81748034713763,0
1713568174,127,57.910522063361526,127,49.36410084631091,127,52.16828068969594,0
1713569074,127,50.84704245519087,127,52.862324211713116,127,59.149466138223886,0
1713569974,127,57.09325531768404,127,45.111861108201786,127,47.90216590529611,0
1713570874,127,52.14857168888346,127,44.68336070312171,127,51.955911741587514,0
1713571774,127,49.626070305478756,127,45.00319616012858,127,51.72201499177564,0
1713572674,127,54.86840577417313,127,45.28456617192321,127,58.01297597835655,0
1713573574,127,51.18807886934299,127,49.359021598048685,127,51.96161277715453,0
1713574474,127,37.03553007353034,127,53.87645731528324,127,51.32458387016532,0
1713575374,127,47.71621389886543,127,51.68577487890084,127,52.02466889386849,0
1713576274,127,44.69526175099382,127,50.468469995982936,127,42.038537294500436,0
1713577174,127,59.06903118038298,127,49.482711506010766,127,48.473794575765346,0
1713578074,127,42.976459985818465,127,48.17124883606522,127,49.513627147291636,0
1713578974,127,51.3756824918531,127,42.20555364176045,127,48.15606211318233,0
1713579874,127,53.7328232596206,127,51.63976825709419,127,50.75048481237268,0
1713580774,127,53.356389492207,127,48.009893264688,127,45.999474344111576,0
1713581674,127,47.2310557088849,127,53.566558599778666,127,54.45347429512588,0
1713582574,127,50.02251131626017,127,45.07301915818244,127,49.10860539520243,0
1713583474,127,54.61906575641755,127,53.57272038189709,127,44.89372996081204,0
1713584374,127,51.161494845212026,127,49.22541722651078,127,48.00003305899198,0
1713585274,127,36.70806433909982,127,44.98285518379356,127,56.94641892679422,0
1713586174,127,49.6432412577417,127,50.694440523202054,127,49.51618870901766,0
1713587074,127,52.01557650206328,127,53.14074597919404,127,52.839986280441025,0
1713587974,127,55.909903936083154,127,52.29352925177956,127,58.51887742889293,0
1713588874,127,57.553137959057544,127,50.09407393664675,127,43.933931839588155,0
1713589774,127,44.20230055031568,127,45.01977953394723,127,50.910071547449895,0
1713590674,127,43.70901646630659,127,49.945468629838004,127,56.10187784852225,0
1713591574,127,53.10039898921537,127,48.98300188699297,127,49.70110194929335,0
1713592474,127,44.43917464953435,127,51.849399339517845,127,51.214941587958414,0
1713593374,127,42.721566498375466,127,51.022978832344535,127,51.18148782898037,0
1713594274,127,48.95671863720569,127,45.9069949566094,127,48.63967276761734,0
1713595174,127,47.270727424515016,127,43.54304842983809,127,56.20646071701643,0
1713596074,127,57.47667907735668,127,48.892859219863176,127,52.544485566660555,0
1713596974,127,42.26132010925368,127,46.32945440550862,127,49.691076078411385,0
1713597874,127,45.41649921897329,127,58.74147196797094,127,53.05678977033746,0
1713598774,127,50.62235790368965,127,41.172652230089824,127,45.93422131110947,0
1713599674,127,48.866639237446854,127,48.783417735383544,127,45.2066908269098,0
1713600574,127,48.20087135181955,127,49.10664895728228,127,40.72520206892017,0
1713601474,127,52.414101097833964,127,48.812925914707705,127,48.88257524524442,0
1713602374,127,46.03594102416916,127,49.955998214501996,127,49.43080702343139,0
1713603274,127,44.193483213431875,127,52.78987318302546,127,44.01792509854897,0
1713604174,127,56.38051134035919,127,47.28574667260862,127,46.16195886938745,0
1713605074,127,39.80989240661644,127,45.81290955760084,127,59.03846368101765,0
1713605974,127,53.36275749978125,127,47.9280890502628,127,50.095293962088306,0
1713606874,127,53.127085471165614,127,48.589837298636155,127,54.37438363516691,0
1713607774,127,47.418488084881886,127,44.55067246742332,127,50.6378690957976,0
1713608674,127,49.3023654149904,127,42.212438349013645,127,52.12455910587907,0
1713609574,127,49.19613003058659,127,56.576196042423085,127,46.16885915811751,0
1713610474,127,49.29031522856367,127,44.27863137798822,127,52.709701753920335,0
1713611374,127,49.69817381242182,127,50.05790083915643,127,47.86987503548488,0
1713612274,127,45.65333233231299,127,51.66052738041096,127,48.88384938238319,0
1713613174,127,50.92959004258978,127,50.3777995351735,127,52.406280669263076,0
1713614074,127,50.40277045404251,127,49.059107771352345,127,43.44403762572163,0
1713614974,127,49.5563779334367,127,57.56385056863007,127,52.868540867872504,0
1713615874,127,47.29498011880033,127,50.505887451302016,127,54.97275990222943,0
1713616774,127,50.09356515658434,127,51.278357528101246,127,46.4441138331248,0
1713617674,127,55.51920962929918,127,53.74938011974506,127,46.54911140727925,0
1713618574,127,46.919428294239495,127,45.62259618067971,127,56.916994296570095,0
1713619474,127,42.67870270857248,127,43.54712847230891,127,44.31506085616291,0
1713620374,127,40.91831709839312,127,39.70346351418848,127,42.11325242430215,0
1713621274,127,49.095448184764635,127,63.165012279233125,127,45.630732566809364,0
1713622174,127,52.313246085695,127,52.858598907121745,127,47.11572546136393,0
1713623074,127,48.10936060751657,127,49.062783893598464,127,50.983599623935845,0
1713623974,127,51.81076604445319,127,41.06072942058851,127,55.61642197151446,0
1713624874,127,61.15741989057838,127,48.70398284551443,127,52.09852138035108,0
1713625774,127,51.82360014159552,127,47.508558428218194,127,54.26685217008949,0
1713626674,127,53.34932508213121,127,57.28745750819553,127,50.93359557398067,0
1713627574,127,65.0302577657481,127,50.35571355362186,127,48.92251679054273,0
1713628474,127,50.146617166887246,127,49.55506794868959,127,50.621968402529546,0
1713629374,127,50.3226636908787,127,48.85252796381184,127,44.75611407480898,0
1713630274,127,50.8476921886064,127,47.58806444008499,127,48.58474741214861,0
1713631174,127,43.76351181808096,127,50.64157203448111,127,52.239428912516864,0
1713632074,127,46.51228010624701,127,50.827440285342846,127,48.31858361036491,0
1713632974,127,49.17136731708418,127,46.62581080120708,127,46.69641625080209,0
1713633874,127,43.57127960074392,127,51.10229548812613,127,42.74911300319838,0
1713634774,127,49.83175334640429,127,54.0968439285402,127,46.1132248783556,0
1713635674,127,56.48548077923237,127,47.35070335941332,127,48.563740983904395,0
1713636574,127,49.56834266108735,127,51.66959385247336,127,51.50254802721244,0
1713637474,127,54.689959684910356,127,47.66392964975803,127,59.742207058899616,0
1713638374,127,48.45627528133185,127,39.863719100785616,127,51.15114040342172,0
1713639274,127,50.74410378740847,127,66.46347160857982,127,47.48812643937063,0
1713640174,127,54.68415395934429,127,52.11189354712493,127,43.926923535248505,0
1713641074,127,48.18323251335172,127,44.918122783415434,127,54.080772912175554,0
1713641974,127,36.789675843501215,127,45.00204987501368,127,46.57851680630785,0
1713642874,127,43.106899449110706,127,49.41668852168784,127,47.495364012203225,0
1713643774,127,56.52463654874012,127,44.14969691696085,127,52.136684898317476,0
1713644674,127,47.565616956252775,127,45.30015930779182,127,50.96835664203045,0
1713645574,127,49.34766737591424,127,58.182053928050955,127,43.763415571997406,0
1713646474,127,52.277740056781596,127,53.937436601332685,127,55.27439395912748,0
1713647374,127,57.0144764343946,127,48.29842312352006,127,46.16878579356251,0
1713648274,127,53.955304074576446,127,47.15957923992804,127,41.56781111560419,0
1713649174,127,58.9755332914776,127,47.41462106380292,127,56.92678951748495,0
1713650074,127,47.56219640706745,127,54.76912721826717,127,47.9363080140947,0
1713650974,127,56.272830102778165,127,54.90567892477327,127,62.8260194104212,0
1713651874,127,52.4275069579317,127,41.84018617496736,127,40.08621179727909,0
1713652774,127,53.59812537692083,127,51.65338684236918,127,48.06006427281309,0
1713653674,127,58.071839058259485,127,41.185547280823535,127,48.50381591961548,0
1713654574,127,48.591973368717646,127,47.54333218282704,127,50.53105496707224,0
1713655474,127,53.055219969985345,127,52.24114530917371,127,54.055253534969346,0
1713656374,127,49.74753734608954,127,44.841072407095815,127,52.911674791337745,0
1713657274,127,54.22249278363395,127,48.07529312396816,127,43.224585279056875,0
1713658174,127,53.15343758290157,127,51.58555605973946,127,50.04770011006674,0
1713659074,127,54.28415148902913,127,59.00992887010081,127,45.02380287096119,0
1713659974,127,66.05923735762525,127,49.16949374790727,127,58.88318247830112,0
1713660874,127,48.32955343938723,127,48.8573322185624,127,49.59454075130786,0
1713661774,127,41.364215145457294,127,52.21730009000184,127,46.4762037348386,0
1713662674,127,52.66245922709407,127,52.294207412234904,127,53.034544306728215,0
1713663574,127,44.41560713678407,127,47.89735486691812,127,47.958881721031716,0
1713664474,127,54.57957532386064,127,50.098913372293744,127,45.170225533527315,0
1713665374,127,49.98430667079468,127,44.453618235953286,127,55.99698493118345,0
1713666274,127,45.415333183885004,127,48.374510388847355,127,46.72270156432279,0
1713667174,127,55.20150622586543,127,45.765792518575765,127,49.89944969428328,0
1713668074,127,55.24161414037198,127,56.92392094482856,127,51.43836721386534,0
1713668974,127,51.77122715626193,127,52.4930665001013,127,48.783942773160675,0
1713669874,127,49.31369510593453,127,52.61732630284972,127,43.67197944354428,0
1713670774,127,52.40337104483531,127,65.01561647682966,127,49.243639347295044,0
1713671674,127,46.37802375829378,127,50.19394874586941,127,49.40090693282003,0
1713672574,127,54.1042430131544,127,44.962514064282274,127,46.66103541456327,0
1713673474,127,50.241516353308306,127,50.875189693685726,127,51.04157955998945,0
1713674374,127,40.40470187254974,127,54.88325539531108,127,59.456590287889476,0
1713675274,127,52.13671925784175,127,43.3570264010482,127,49.26532837913999,0
1713676174,127,43.21863688855258,127,48.165185587726434,127,50.959791345267696,0
1713677074,127,56.91496231074305,127,44.675942920268476,127,48.64574813993515,0
1713677974,127,63.8051317004635,127,53.002244984266,127,56.5558280089163,0
1713678874,127,54.88301548350477,127,49.40669896426659,127,47.77554983967101,0
1713679774,127,44.51065047165372,127,47.86824832263331,127,48.62987848913681,0
1713680674,127,49.46566517079959,127,55.441576310222416,127,35.09313994852341,0
1713681574,127,44.2270198778879,127,49.825898631937,127,51.32599306336813,0
1713682474,127,47.98344095470155,127,45.79461160122467,127,55.154850427216765,0
1713683374,127,52.01802138590073,127,50.822849218802034,127,47.50460410505824,0
1713684274,127,54.13526704375326,127,34.368992610787416,127,51.37241005018339,0
1713685174,127,54.0506653851984,127,53.790804941735225,127,46.40936400519752,0
1713686074,127,43.095645698905315,127,47.46170002314888,127,50.419389389711455,0
1713686974,127,45.57330418264841,127,53.061641079131945,127,49.18693104010152,0
1713687874,127,51.33873031636444,127,42.93673890142246,127,47.778794524458085,0
1713688774,127,43.687491918339475,127,57.5164783294108,127,53.05511952402945,0
1713689674,127,47.683042591000444,127,48.69328083781856,127,59.35378752525871,0
1713690574,127,53.38102588354584,127,48.05594579341645,127,44.796521940045075,0
1713691474,127,37.877313931942226,127,52.27620000633761,127,47.90044143640257,0
1713692374,127,60.043747387640195,127,53.19465361653974,127,48.42667205317778,0
1713693274,127,49.73424654449231,127,49.45934568579435,127,45.528815730827986,0
1713694174,127,48.63998832924282,127,55.87208079031545,127,47.42394449225084,0
1713695074,127,42.47395446154718,127,43.01368759957232,127,49.74419858770975,0
1713695974,127,49.79380333550355,127,48.822793175418994,127,43.62161531047991,0
1713696874,127,50.88725095095925,127,49.00575669817701,127,54.349097834316396,0
1713697774,127,52.07531170715087,127,44.06605292114572,127,43.66689668161614,0
1713698674,127,57.9327610379222,127,50.305493372265765,127,49.114525960844155,0
1713699574,127,47.07283997650479,127,47.80732605425054,127,50.0879810404389,0
1713700474,127,56.65731246574196,127,57.92037748003682,127,48.381681194068655,0
1713701374,127,61.70560828157082,127,46.93221494895599,127,54.62461860408223,0
1713702274,127,48.88109270117152,127,54.45560438779623,127,50.72578019372924,0
1713703174,127,51.22407652081884,127,51.88806331450775,127,60.14849514729519,0
1713704074,127,53.16203827254418,127,51.794716076819306,127,52.24843787170508,0
1713704974,127,48.470771809015694,127,55.547042676436085,127,52.43640263220664,0
1713705874,127,48.480745928738976,127,42.71341391438639,127,45.397381638723836,0
1713706774,127,53.41332572860692,127,48.22263539795673,127,51.963694549451404,0
1713707674,127,48.094618687017764,127,41.4680893093478,127,49.19872268504064,0
1713708574,127,41.91514688029569,127,53.08131649940945,127,62.032932945206305,0
1713709474,127,51.576012069602456,127,56.303947910551656,127,51.655016419796354,0
1713710374,127,43.498894837948114,127,52.763867752776115,127,46.17719917755771,0
1713711274,127,41.98461946079619,127,51.413022210597276,127,50.94212798522277,0
1713712174,127,44.47372694611027,127,49.871873944678974,127,42.69114874894916,0
1713713074,127,61.53465587326782,127,50.50705402693301,127,47.05609777275756,0
1713713974,127,49.75885535384435,127,53.80246348084706,127,53.56303079986396,0
1713714874,127,44.35558347361005,127,51.943811487347446,127,48.91208577319827,0
1713715774,127,57.46201621203829,127,49.398055386565574,127,47.99574630542692,0
1713716674,127,47.500567350484424,127,45.45365952416699,127,42.82577363465898,0
1713717574,127,43.76796883828534,127,52.45291626918173,127,47.707561274155644,0
1713718474,127,41.18778887232834,127,43.57562161305889,127,50.93461726266385,0
1713719374,127,58.340311750365196,127,57.42866770551065,127,43.45358976826478,0
1713720274,127,47.999312050328264,127,46.548692035034236,127,48.57407887892037,0
1713721174,127,52.80584899519104,127,48.8877575822702,127,50.51295164012528,0
1713722074,127,43.18376477122383,127,47.24748418525047,127,54.7092851427514,0
1713722974,127,52.083563255910974,127,57.79402575150429,127,47.6878600572564,0
1713723874,127,48.239725779744205,127,53.46186321716394,127,43.27020410079198,0
1713724774,127,43.01610947855171,127,43.7384653378681,127,55.964974679848716,0
1713725674,127,45.71076822829251,127,51.229902045405865,127,55.924468108298456,0
1713726574,127,41.66191431281342,127,51.60951191032125,127,50.71294220885869,0
1713727474,127,54.439013276333974,127,56.92195804338315,127,39.68234682500645,0
1713728374,127,52.090655706674625,127,41.609988479841356,127,64.32800823167986,0
1713729274,127,46.62242524423155,127,43.93012677636897,127,41.38228220960313,0
1713730174,127,49.942204795621585,127,43.58277071418736,127,53.3045758527172,0
1713731074,127,49.42147976712292,127,51.50355356532301,127,45.19066304942949,0
1713731974,127,53.394210484532884,127,52.053323946839285,127,53.845815413562484,0
1713732874,127,40.698254019889134,127,48.69865842572371,127,46.72259492855194,0
1713733774,127,54.07564538225209,127,44.477613217811765,127,49.870777608404836,0
1713734674,127,46.576526304992036,127,53.71514421789498,127,50.46386763202905,0
1713735574,127,40.945836052627875,127,57.32117734198213,127,60.54868481688362,0
1713736474,127,52.556512466324634,127,54.607351699413904,127,46.019441866674306,0
1713737374,127,50.77892144055512,127,58.13245266595972,127,58.41987332126892,0
1713738274,127,49.49111137143189,127,49.864998663951695,127,47.219513030705635,0
1713739174,127,48.32529010141591,127,52.15282234938544,127,48.42574150086354,0
1713740074,127,52.66166647618007,127,52.40431792060639,127,53.18335033047674,0
1713740974,127,55.9543657296009,127,56.09188680766971,127,49.5641145730864,0
1713741874,127,50.66585313159391,127,50.26632086451157,127,43.52760242950869,0
1713742774,127,46.86452137762366,127,55.16604322411863,127,54.2057925233171,0
1713743674,127,44.40589437162145,127,54.55317684240383,127,62.317470217666504,0
1713744574,127,56.527382087116315,127,47.460754481221606,127,53.20082728424408,0
1713745474,127,39.52548657949738,127,42.32049778669583,127,39.33530215589462,0
1713746374,127,43.89290533738921,127,49.744531329584035,127,46.86523115550322,0
1713747274,127,54.54268838536342,127,41.14930585397778,127,50.63556180508023,0
1713748174,127,51.01267890538544,127,51.09693366194289,127,49.290236225081514,0
1713749074,127,52.356293617107326,127,44.39183991693945,127,51.17445052262541,0
1713749974,127,51.33035671080358,127,50.61060654310504,127,49.83020575891344,0
1713750874,127,47.94043831383804,127,51.198039997733005,127,52.225196777818965,0
1713751774,127,50.72806896048411,127,50.89188286491626,127,45.60218637295486,0
1713752674,127,50.41458922813846,127,51.11035464423603,127,48.70069810887525,0
1713753574,127,56.48546195850909,127,41.74627162514954,127,53.05754850885515,0
1713754474,127,48.37342464866674,127,50.55851553167055,127,53.73963470315331,0
1713755374,127,52.28587297648964,127,50.503808909818744,127,57.19176813896442,0
1713756274,127,42.999055249513646,127,40.226398039864705,127,46.20571722907741,0
1713757174,127,50.59713114424826,127,53.68205067440653,127,46.67064248279068,0
1713758074,127,49.73944440099661,127,50.710074205087835,127,43.99588096021754,0
1713758974,127,49.929356043585535,127,50.86140889110306,127,55.09251229061218,0
1713759874,127,51.81277652055809,127,48.90359452868155,127,53.42670593095804,0
1713760774,127,55.05482890593169,127,50.36019485106836,127,47.34114133414973,0
1713761674,127,48.697554263960875,127,48.912846975334304,127,54.930461632307605,0
1713762574,127,51.599871750046766,127,49.803390507275864,127,57.571104743380836,0
1713763474,127,40.632935508969666,127,45.71847062358529,127,53.69710048685501,0
1713764374,127,54.60999193601289,127,45.55453152817434,127,47.26684239617406,0
1713765274,127,52.803824907987284,127,54.086403175103015,127,48.8267203751661,0
1713766174,127,57.17794585319339,127,47.26589961354197,127,50.62381921771828,0
1713767074,127,46.8586238321566,127,48.74375063959543,127,50.20279734244413,0
1713767974,127,52.48344309997594,127,53.59632244098232,127,47.43909619034845,0
1713768874,127,51.3934161579685,127,61.63857725428747,127,58.662320665024254,0
1713769774,127,49.32247177866051,127,54.70351468130235,127,58.892531277719,0
1713770674,127,60.32575464846434,127,55.87494196030041,127,50.32232696819449,0
1713771574,127,51.67261546147995,127,48.62032640952458,127,45.48065307135779,0
1713772474,127,50.36896771829364,127,58.572602040150116,127,49.97526774224362,0
1713773374,127,47.70959848436101,127,54.469658763157156,127,42.19520539543171,0
1713774274,127,55.99880353434131,127,43.21444162829724,127,51.07387588656917,0
1713775174,127,53.020751586736964,127,47.58648566459873,127,52.13156533065727,0
1713776074,127,51.7902697232783,127,60.47800351080088,127,48.6032890914105,0
1713776974,127,41.89020453262138,127,48.64850531733247,127,55.01294045028478,0
1713777874,127,53.50587851645091,127,50.86125565236946,127,49.11307468580245,0
1713778774,127,53.8954975094028,127,54.318000370701874,127,44.97549479842877,0
1713779674,127,53.161617247037356,127,46.1809008662224,127,51.539612674626945,0
1713780574,127,48.35599295454047,127,51.97315038848988,127,54.3924468987312,0
1713781474,127,49.34667166560335,127,65.47489755914043,127,42.926711448003246,0
1713782374,127,51.665686617767186,127,55.759557779201984,127,49.358196314945225,0
1713783274,127,46.529285964383355,127,50.57355777724725,127,49.86280380723596,0
1713784174,127,41.353062507320686,127,61.65638520190751,127,58.27127187670939,0
1713785074,127,41.18385343262281,127,40.29223780948754,127,44.04630863459233,0
1713785974,127,49.97575323047569,127,52.111209507771115,127,50.17098829760657,0
1713786874,127,57.606575979257606,127,49.11697298181636,127,51.12199822997248,0
1713787774,127,53.641314695545745,127,50.57966099697299,127,42.922562547928806,0
1713788674,127,51.58284155463532,127,54.391611182910324,127,44.21948565060113,0
1713789574,127,52.7863244497954,127,57.50208001636216,127,45.744185321788805,0
1713790474,127,47.03025335657256,127,44.03184924492581,127,53.40990370721944,0
1713791374,127,49.84332637976382,127,49.8567645624963,127,54.44449514107137,0
1713792274,127,55.00937066483675,127,49.28737409169235,127,51.27841175930517,0
1713793174,127,53.82612504843662,127,50.81566046417619,127,48.75068272028737,0
1713794074,127,42.4957352231899,127,35.3633313763386,127,53.3036995773751,0
1713794974,127,50.66373894393584,127,52.96861962088302,127,50.562731549393156,0
1713795874,127,41.78123157865558,127,57.670743369039464,127,60.642875404369846,0
1713796774,127,44.60192106476871,127,48.56001020893945,127,38.54264097317454,0
1713797674,127,45.877741247670684,127,52.033072483904604,127,53.073584342569085,0
1713798574,127,47.40342549728149,127,46.33716027321528,127,52.3058265478525,0
1713799474,127,47.86598439046132,127,44.078268841197364,127,49.45143218280959,0
1713800374,127,44.16856960408721,127,56.664309955545185,127,42.53587508525152,0
1713801274,127,48.8088507977497,127,43.64429329470259,127,44.65182336191896,0
1713802174,127,53.488082174174465,127,51.962705170453894,127,56.21962911810722,0
1713803074,127,48.21638336347281,127,56.31547238053262,127,50.49114883745152,0
1713803974,127,47.10648516742032,127,43.521732177438764,127,54.09448077597991,0
1713804874,127,52.32338290262193,127,56.0311516061957,127,49.62242749131317,0
1713805774,127,51.116970252961444,127,50.10983810640308,127,48.868812044941976,0
1713806674,127,54.002763214270644,127,51.29167082050106,127,50.0670839529343,0
1713807574,127,45.21682096135585,127,53.05390052324425,127,48.35856149566481,0
1713808474,127,47.33679315388606,127,51.79016711218367,127,58.35708481846196,0
1713809374,127,57.115365054803696,127,47.168257692651274,127,46.37089839477303,0
1713810274,127,52.81737760149212,127,47.8218395688646,127,49.47723726153439,0
1713811174,127,38.39363583745947,127,48.92952817126643,127,52.717027128228935,0
1713812074,127,47.31272948916826,127,48.09862332333728,127,51.32736465052904,0
1713812974,127,49.27284130240931,127,51.950373775372206,127,49.28536812965145,0
1713813874,127,49.9294097631308,127,47.293538353744644,127,54.57670009766972,0
1713814774,127,53.840556811270545,127,50.508174003053234,127,54.04721050837317,0
1713815674,127,50.00227821734225,127,48.86641325134289,127,56.4085866316285,0
1713816574,127,49.63250298378335,127,55.34817283855546,127,53.96007612122659,0
1713817474,127,51.698537900111205,127,53.16756581860782,127,48.436550478969714,0
1713818374,127,51.82841225877364,127,51.61382986510846,127,49.330129867078064,0
1713819274,127,51.51268526450056,127,41.69669285685468,127,50.90636974626305,0
1713820174,127,48.42324837218297,127,44.963167732744935,127,46.25788058134427,0
1713821074,127,41.4165878668544,127,49.21397277672774,127,54.30947487751556,0
1713821974,127,45.02195630534057,127,44.20891523861903,127,56.588147633117934,0
1713822874,127,41.88349968911441,127,50.89947627422269,127,53.42929450625523,0
1713823774,127,50.3014842846136,127,46.98059894202379,127,55.24456880741913,0
1713824674,127,38.71416091172584,127,49.7078311331104,127,49.43056953410697,0
1713825574,127,50.427775386892954,127,46.155627868698794,127,43.72933636732724,0
1713826474,127,42.54854492502465,127,50.647476948034246,127,50.46341579703748,0
1713827374,127,47.40590813649166,127,46.076369876153755,127,44.97853555018071,0
1713828274,127,49.646252182812944,127,42.31501344712007,127,45.59423625315391,0
1713829174,127,45.47901214742556,127,53.520134239497615,127,55.99530142364729,0
1713830074,127,59.18835427091945,127,56.63416790902169,127,49.13593037824179,0
1713830974,127,49.374740779752145,127,42.36904311814997,127,40.94823915559648,0
1713831874,127,51.98770039281646,127,58.74704421707403,127,58.619391222263594,0
1713832774,127,43.359008639622076,127,50.95415900898531,127,45.72476042339753,0
1713833674,127,50.71809920963358,127,48.34585166839334,127,50.67355160694335,0
1713834574,127,47.009028756061944,127,45.481921870700425,127,54.22425471970669,0
1713835474,127,47.00786927807893,127,48.014186447802125,127,49.01069014425028,0
1713836374,127,43.71729272091699,127,47.807412513647144,127,46.63723342994179,0
1713837274,127,47.18041357628646,127,50.23018496123535,127,40.464977901847156,0
1713838174,127,52.29419716059492,127,47.519232757052144,127,52.66434112039965,0
1713839074,127,51.3794028882601,127,55.332987143560096,127,49.05145900213185,0
1713839974,127,44.637080245862656,127,54.68183063464609,127,55.54236035987764,0
1713840874,127,48.19515820502535,127,46.97790086392438,127,53.654062238327214,0
1713841774,127,48.55216997989349,127,54.607336162842145,127,55.968352506236116,0
1713842674,127,50.71010420195205,127,54.95151903644789,127,55.12427317989562,0
1713843574,127,53.909914858433154,127,42.422074176669014,127,49.39763397329846,0
1713844474,127,48.67698276054824,127,47.609220352679976,127,43.71099126063246,0
1713845374,127,45.56018984255788,127,54.41701794963697,127,51.84049883423622,0
1713846274,127,48.272237539034634,127,49.45823507896916,127,54.1813180332564,0
1713847174,127,45.940685314384275,127,45.81170786066143,127,56.57643766668679,0
1713848074,127,48.17738265631037,127,59.96785335877689,127,57.92439226157109,0
1713848974,127,39.476686945710554,127,37.234408598949045,127,43.78666858871439,0
1713849874,127,51.0099332613285,127,48.4733412077295,127,44.022066108435666,0
1713850774,127,42.11048412542839,127,54.24956115594246,127,51.63795071117907,0
1713851674,127,49.991652058230954,127,49.82218285339438,127,47.55374224870083,0
1713852574,127,59.652491089670136,127,48.68677639956026,127,54.12966152423497,0
1713853474,127,46.78366494308956,127,45.855094572000226,127,48.98632710188526,0
1713854374,127,48.7106676234281,127,50.35407260340661,127,54.98922377946418,0
1713855274,127,51.300403618990025,127,54.62532807736161,127,57.380379266541894,0
1713856174,127,40.60373859774284,127,46.08735728930503,127,42.988974698766576,0
1713857074,127,42.72357098027577,127,44.23832294032498,127,50.482742762999095,0
1713857974,127,51.461401225185504,127,54.43360726628467,127,50.5661031238222,0
1713858874,127,49.8525917657109,127,51.391279167556746,127,54.85216523171894,0
1713859774,127,42.84368591561846,127,42.98882612544605,127,49.02687653229125,0
1713860674,127,47.32251427319859,127,53.02138357349477,127,42.92144126512319,0
1713861574,127,45.138413563804576,127,55.15641497473415,127,57.269372398861236,0
1713862474,127,51.16853760459898,127,56.54011991412139,127,53.808844029831675,0
1713863374,127,52.960831013316565,127,43.819185004829265,127,45.45795927371578,0
1713864274,127,46.183906749101176,127,45.989808270080765,127,43.11789511790893,0
1713865174,127,42.248836437155695,127,49.168032855682064,127,53.79944774686695,0
1713866074,127,48.56226839206451,127,48.295823458084044,127,47.80966249472025,0
1713866974,127,50.71206876433993,127,48.502416126941206,127,39.49737263215006,0
1713867874,127,62.02857731523315,127,51.691090087569755,127,51.81620738382731,0
1713868774,127,51.56652364270845,127,52.121782168150006,127,50.914013344764335,0
1713869674,127,52.02177841845045,127,62.711673005497566,127,48.10428289936007,0
1713870574,127,49.25212784939783,127,45.826500013857256,127,46.12862936076073,0
1713871474,127,56.07482368739439,127,53.80308359248493,127,51.585538648283126,0
1713872374,127,49.16390510163151,127,50.615232673658944,127,47.32997159925725,0
1713873274,127,49.68835905011554,127,52.49689762283894,127,46.94369235469562,0
1713874174,127,51.139889195951774,127,43.68352082087182,127,44.61348947293179,0
1713875074,127,51.80372267951929,127,48.71168801580801,127,53.909236449252504,0
1713875974,127,47.61822699593125,127,56.52722705519468,127,53.42156014566921,0
1713876874,127,52.263847498565,127,37.763991474266504,127,53.18075779721232,0
1713877774,127,47.03859452499742,127,49.29627947734766,127,44.40675283428217,0
1713878674,127,48.64378964703109,127,51.67660833253677,127,54.5214068606506,0
1713879574,127,39.054938531778085,127,48.048803504920016,127,43.92071315214792,0
1713880474,127,42.65956076275511,127,48.62597554689279,127,54.37523202889763,0
1713881374,127,44.95829691931878,127,47.67607515376169,127,49.067007685883006,0
1713882274,127,39.55526777530744,127,47.19956452100992,127,43.256592390447544,0
1713883174,127,48.1791489940125,127,55.89698994243943,127,50.998593840735914,0
1713884074,127,58.43267151330761,127,44.62384844368272,127,52.90578604231449,0
1713884974,127,51.51186534579731,127,47.02527307135114,127,56.91714925392183,0
1713885874,127,51.630446368064916,127,42.47737119618152,127,46.94067971940449,0
1713886774,127,50.993382473809056,127,55.473047240157044,127,54.913975573260835,0
1713887674,127,49.65969905221183,127,44.771367061614804,127,41.26507716006207,0
1713888574,127,47.02061392949287,127,48.03245020564393,127,53.909926386231106,0
1713889474,127,50.657893969107704,127,56.68284752700139,127,56.06872068839651,0
1713890374,127,52.16491996692432,127,53.87744804819483,127,56.0159990780613,0
1713891274,127,47.5394643033035,127,65.09834797976144,127,53.012279656036924,0
1713892174,127,51.13865497476683,127,52.634563000952355,127,49.24177233914345,0
1713893074,127,48.70557616171315,127,47.37732933274205,127,51.35856407653614,0
1713893974,127,45.56256501998391,127,45.51767995535792,127,49.015666789230536,0
1713894874,127,50.45598808879015,127,45.56348214689842,127,40.659089077716956,0
1713895774,127,49.619509253960935,127,46.097015722270875,127,52.401221316879045,0
1713896674,127,50.16018251733562,127,46.466463972436905,127,47.684225123471,0
1713897574,127,44.132281269775156,127,52.72261972307189,127,43.49145013057285,0
1713898474,127,51.849881408188736,127,49.57498947147402,127,46.38148868209794,0
1713899374,127,46.267703669181195,127,51.254778524567904,127,39.37654737464134,0
1713900274,127,58.36185129393783,127,46.41506051684212,127,47.32586449351068,0
1713901174,127,51.78797806214392,127,48.802305732333096,127,59.961629285460255,0
1713902074,127,50.99102387897327,127,42.68486385194342,127,47.47335453728053,0
1713902974,127,54.3252593500375,127,43.46710209808339,127,46.735922580307005,0
1713903874,127,58.50700142773845,127,51.10099200984408,127,41.91198219764226,0
1713904774,127,47.07091847791949,127,51.73087384990638,127,58.962587990063945,0
1713905674,127,45.67067132979159,127,50.09711755560845,127,48.76360518730614,0
1713906574,127,45.08492119253447,127,43.7699148706901,127,42.99405726630174,0
1713907474,127,38.298068074913914,127,46.053749745588334,127,49.06061066000452,0
1713908374,127,49.879460101293304,127,43.81281884473569,127,52.222465350654076,0
1713909274,127,57.232478377607826,127,46.859630882582906,127,50.33381866931678,0
1713910174,127,53.42957873026998,127,59.26353484473455,127,57.908456126778226,0
1713911074,127,50.47193921035737,127,46.66602234434819,127,53.3302242637457,0
1713911974,127,52.66019383184669,127,44.74596100454926,127,47.3554072770753,0
1713912874,127,40.105031041392266,127,49.53174699868463,127,47.231459213781285,0
1713913774,127,50.788809772751804,127,51.857182251273315,127,52.26820340999247,0
1713914674,127,55.68106851342226,127,52.063778927873344,127,50.37303407778644,0
1713915574,127,57.36463300877332,127,49.73905270687306,127,48.33299266074229,0
1713916474,127,48.87513522426895,127,47.41035488281185,127,44.7668259782225,0
1713917374,127,54.92432918028196,127,49.50278118387121,127,58.70934439382863,0
1713918274,127,55.65673603983504,127,57.81533495700316,127,44.69896202254528,0
1713919174,127,58.33465255939548,127,42.60510019582786,127,40.4711475493492,0
1713920074,127,51.776365814009516,127,46.276378009989564,127,50.65337966003302,0
1713920974,127,54.64368424191748,127,49.45372975398277,127,51.789653600852105,0
1713921874,127,50.31027230751941,127,54.670647206182544,127,43.391293768191396,0
1713922774,127,49.05607652834672,127,52.725012874562225,127,55.97306667504657,0
1713923674,127,50.57773988356313,127,49.921659237036,127,50.40909347257822,0
1713924574,127,51.5640871143068,127,47.41210151788467,127,45.253345488889586,0
1713925474,127,47.49540343343851,127,51.79097395575222,127,46.54167612709955,0
1713926374,127,53.54303789558218,127,56.05831136458226,127,47.08014558103371,0
1713927274,127,49.488365658772054,127,47.984193476928645,127,49.612151274395345,0
1713928174,127,49.44187038634031,127,52.78561375499701,127,53.268110040374935,0
1713929074,127,50.58757693916136,127,43.867022591125576,127,51.42294296021765,0
1713929974,127,48.32902908917468,127,45.482635608027984,127,51.90803375030004,0
1713930874,127,49.73960208835508,127,56.795148261243206,127,51.20098884152411,0
1713931774,127,47.448298141196034,127,57.01994418991451,127,55.04950551816785,0
1713932674,127,47.658976403725624,127,49.04842552747209,127,51.13785560091429,0
1713933574,127,51.64835397756309,127,56.569674015052,127,51.77262347896675,0
1713934474,127,58.37840893036723,127,47.70052238889089,127,50.48434793424749,0
1713935374,127,54.50604154948317,127,46.93533531132922,127,52.80379367561526,0
1713936274,127,58.78528236380433,127,53.42489823324531,127,49.0656088842124,0
1713937174,127,47.94851321189797,127,42.77813022345533,127,49.73870751373619,0
1713938074,127,61.225099094869684,127,50.899308191881964,127,53.77431263464275,0
1713938974,127,55.92802309902925,127,51.42168429191825,127,47.94629674991557,0
1713939874,127,52.18217256508288,127,56.295448974011514,127,48.46787330988944,0
1713940774,127,53.523931056559306,127,52.40292526418318,127,49.13715938471525,0
1713941674,127,44.71805980902082,127,55.10419910354845,127,54.63387648788783,0
1713942574,127,50.94587776397557,127,48.08898968644003,127,42.591270186064875,0
1713943474,127,56.18976507844683,127,42.11876133298726,127,45.58946906017166,0
1713944374,127,58.61635806719963,127,47.17259349831809,127,49.66986750613619,0
1713945274,127,44.159074545408615,127,46.68577084687957,127,53.86124291491327,0
1713946174,127,51.30361421378671,127,61.01148987715494,127,46.155917312796774,0
1713947074,127,50.016867618943586,127,49.413369164521114,127,45.43157514360289,0
1713947974,127,51.63376528888623,127,49.27947889703631,127,43.88791829332134,0
1713948874,127,54.417421776377026,127,46.705780563584725,127,48.87597742539305,0
1713949774,127,45.93206811960423,127,44.381394624556606,127,44.672331058331395,0
1713950674,127,52.309550807794466,127,46.248033944587476,127,51.73868472787926,0
1713951574,127,51.32785503419102,127,54.13916948113875,127,43.56509369031999,0
1713952474,127,51.59412830732297,127,45.71870913924617,127,53.90697390359635,0
1713953374,127,53.077278574175025,127,53.287854225458844,127,50.898518810957796,0
1713954274,127,38.608103195977634,127,43.00256858027993,127,53.81860816482822,0
1713955174,127,46.98880973429222,127,55.286730032377754,127,43.79143641361867,0
1713956074,127,54.222169225791895,127,52.09548765973539,127,52.70424526858597,0
1713956974,127,50.71342539781905,127,45.03411139330575,127,48.10264652131868,0
1713957874,127,52.976986202453105,127,45.544304026197544,127,56.2745042320318,0
1713958774,127,55.35470309525792,127,56.84058996839502,127,53.77021018054036,0
1713959674,127,43.19105085856893,127,51.07444925374906,127,53.83334829537016,0
1713960574,127,47.13926650801427,127,45.336978969062734,127,43.26840560126142,0
1713961474,127,44.70822979626472,127,51.54109808384619,127,50.63152946835684,0
1713962374,127,57.37327464251903,127,50.09932819180045,127,49.23329831580707,0
1713963274,127,52.713625085292804,127,45.508784717662444,127,55.36417086662149,0
1713964174,127,54.60600384663055,127,44.77008665434593,127,51.199424063883754,0
1713965074,127,48.80006381632675,127,51.00763279011533,127,55.47686871555295,0
1713965974,127,46.179271385506595,127,44.70459289635398,127,54.85488613820712,0
1713966874,127,36.37725618046159,127,50.13171438861192,127,50.15567826143138,0
1713967774,127,49.10645334979253,127,52.09749656916301,127,45.65805734471081,0
1713968674,127,52.373530450964275,127,47.511536872999955,127,46.93409717640216,0
1713969574,127,45.503459227067935,127,46.52431370190945,127,51.2742899641196,0
1713970474,127,62.313908079787154,127,56.44011296874809,127,56.83175546339102,0
1713971374,127,39.579299635546725,127,55.27270120982022,127,46.70776954791609,0
1713972274,127,53.50835364772241,127,42.57895055178576,127,53.50917108370226,0
1713973174,127,46.316486933837254,127,44.323158444533235,127,54.01713306274114,0
1713974074,127,59.73569176487902,127,51.40907604600905,127,53.08173357389714,0
1713974974,127,58.45054489158162,127,41.201584026541155,127,49.52985647467105,0
1713975874,127,42.321880863508824,127,47.589680098068335,127,48.59301391544429,0
1713976774,127,59.56470684469354,127,50.894849447483864,127,51.349194573275305,0
1713977674,127,47.62185850635217,127,49.70877860597162,127,53.052013374275354,0
1713978574,127,49.23117422839347,127,48.46421159984821,127,50.01571012670044,0
1713979474,127,44.08738073630841,127,40.776888631547635,127,43.41504204964431,0
1713980374,127,50.73967005323781,127,46.73015458108813,127,48.16957704490772,0
1713981274,127,47.1137074978964,127,47.07464911057333,127,48.53791600037347,0
1713982174,127,40.7573483240936,127,49.25533090940644,127,46.24363887515173,0
1713983074,127,46.42349505166267,127,55.38920787324899,127,53.11586863970178,0
1713983974,127,41.5158105476537,127,45.74150493571846,127,45.38737282894178,0
1713984874,127,54.61662048310034,127,48.024977847278215,127,53.54967698291767,0
1713985774,127,49.78532908876113,127,46.75180207809334,127,48.40731243511274,0
1713986674,127,40.63954566598332,127,50.3606356785072,127,51.456028717763985,0
1713987574,127,48.60825849060431,127,53.02477487934262,127,53.35304635510795,0
1713988474,127,53.64198828860337,127,56.679644949248626,127,45.636248128399615,0
1713989374,127,49.08976030143292,127,48.6167556979545,127,52.692743443463655,0
1713990274,127,43.7890449579525,127,46.755331488026634,127,45.52915186880263,0
1713991174,127,50.507339664685674,127,49.73950322902169,127,46.94697931010346,0
1713992074,127,35.101271872701574,127,46.55381270902958,127,38.96540658892406,0
1713992974,127,47.83605200302796,127,46.612600893109274,127,50.83127409245201,0
1713993874,127,49.31277790592406,127,46.116855667354024,127,52.0118984037733,0
1713994774,127,40.80769273900483,127,46.33111529116272,127,39.947599965402176,0
1713995674,127,45.65538751604031,127,49.75236735520448,127,43.278835647749084,0
1713996574,127,50.301169388365935,127,41.155827018314355,127,45.7984774991055,0
1713997474,127,44.94234865536279,127,59.517651992192135,127,43.57801126166307,0
1713998374,127,47.55055378162932,127,53.79086090110517,127,55.73607886787714,0
1713999274,127,43.15572517743996,127,53.04040432107034,127,47.34952595038598,0
1714000174,127,46.95272559926461,127,55.31206230139229,127,49.79925090941836,0
1714001074,127,48.61789466086921,127,57.88779674099283,127,51.318410198048916,0
1714001974,127,56.33520586110556,127,55.92374051727156,127,53.002404059201986,0
1714002874,127,53.31380289173924,127,45.18439302936027,127,49.674082153540205,0
1714003774,127,51.98268443664149,127,56.123648902719715,127,42.01669127713065,0
1714004674,127,45.41923959147921,127,60.28446926769128,127,50.90209857087118,0
1714005574,127,49.666453755094,127,49.85823010106621,127,52.42402375545031,0
1714006474,127,54.08650620556118,127,54.47652878982446,127,46.187418666006714,0
1714007374,127,57.18797179137203,127,55.9871800607239,127,46.67560832296518,0
1714008274,127,52.45566571996578,127,52.18089362998603,127,62.41812739011846,0
1714009174,127,56.25437497305125,127,45.67387638863286,127,44.238085611233316,0
1714010074,127,37.34117663694545,127,53.38400566039813,127,45.88225283225496,0
1714010974,127,49.99172569613595,127,48.53670983158377,127,41.43332175860519,0
1714011874,127,51.38756434472104,127,47.65793963853394,127,44.89381303940639,0
1714012774,127,51.55553884878877,127,47.22814300220244,127,47.36147460388657,0
1714013674,127,50.46717011493615,127,50.27681895150934,127,50.91980038674344,0
1714014574,127,55.3721778435948,127,45.95554866027646,127,50.0885447944596,0
1714015474,127,44.72312288009725,127,50.26862764318422,127,54.460023665309855,0
1714016374,127,49.28158495870269,127,52.71443241926301,127,63.07590344528833,0
1714017274,127,54.54461052501117,127,46.64946278267823,127,50.73149491811683,0
1714018174,127,47.91124956340977,127,48.46412719453328,127,51.35159087368571,0
1714019074,127,50.030727311194326,127,49.79293743867177,127,56.26023919681518,0
1714019974,127,47.073313831808306,127,50.091837201336645,127,48.05874163409812,0
1714020874,127,55.50806852138987,127,59.43711175570482,127,46.74981707590855,0
1714021774,127,57.25527972966217,127,51.00310881799378,127,50.5376257676337,0
1714022674,127,52.05502263036645,127,51.10063509584741,127,45.22078318646984,0
1714023574,127,49.635446233399875,127,48.899723057904104,127,49.022060112764095,0
1714024474,127,48.05583594224297,127,49.25386682428243,127,51.03245423247663,0
1714025374,127,47.54639291983863,127,56.69026215923921,127,55.16674364418804,0
1714026274,127,48.03778262993048,127,51.38094127445582,127,49.74999299229215,0
1714027174,127,51.391718385707875,127,48.895577374814856,127,52.03804567496344,0
1714028074,127,41.56580856907179,127,44.33850252277553,127,47.75400614185302,0
1714028974,127,41.85720091400543,127,49.626243101642224,127,45.04991398632825,0
1714029874,127,47.48944810796054,127,49.915498214661895,127,53.308723942406765,0
1714030774,127,52.60968658712639,127,50.355459914574126,127,49.48334082010924,0
1714031674,127,49.37908402882125,127,52.52536155452246,127,58.732661985302045,0
1714032574,127,45.30762228952202,127,48.974908967710796,127,42.79576674344805,0
1714033474,127,60.32997896532268,127,43.91177052332425,127,55.21845570119282,0
1714034374,127,41.816000405833044,127,45.84413597833984,127,50.19196550247128,0
1714035274,127,42.83613444251709,127,58.251106795303826,127,49.52146644427183,0
1714036174,127,61.11434363156431,127,51.53841274922925,127,41.37838888849956,0
1714037074,127,41.524005304675114,127,51.391513370000204,127,54.6915060550373,0
1714037974,127,45.629485252950246,127,44.268959217476244,127,46.771154165718784,0
1714038874,127,45.895634455192294,127,55.7181463158837,127,57.06289708986334,0
1714039774,127,51.40209789953569,127,41.588749083195296,127,47.87881993132796,0
1714040674,127,53.30266177587224,127,49.83430690072998,127,49.80781252442207,0
1714041574,127,45.94171633844907,127,50.87091557083325,127,57.38918660375931,0
1714042474,127,48.903557301751576,127,47.19274400603783,127,45.58737461606432,0
1714043374,127,43.82874400732305,127,55.676959587274595,127,54.26844491047797,0
1714044274,127,53.309760817688804,127,50.97021389840329,127,56.25992663290168,0
1714045174,127,57.27017690881738,127,42.561544259848446,127,47.35686130697839,0
1714046074,127,47.19318999713449,127,52.29709674115148,127,52.30742523355767,0
1714046974,127,45.79222101429411,127,37.97621746365126,127,42.527724303969315,0
1714047874,127,38.97635729123569,127,46.44765031865657,127,46.56747933160278,0
1714048774,127,52.43592785005874,127,54.85166350237451,127,50.095825402013254,0
1714049674,127,50.15278717103326,127,60.630195853499444,127,51.91270189972846,0
1714050574,127,50.50888168067468,127,56.21884825657607,127,50.42093796642964,0
1714051474,127,50.13012319107333,127,48.01846910153096,127,51.03558067743701,0
1714052374,127,47.55870030177892,127,49.41572786047332,127,45.356691374605305,0
1714053274,127,55.530630253565654,127,48.77290909438321,127,49.68227698967887,0
1714054174,127,43.354671302783174,127,48.685977008590726,127,57.42021190112292,0
1714055074,127,52.92642156143095,127,46.60377806470936,127,47.95856860938796,0
1714055974,127,48.28734674437028,127,47.34470089214358,127,48.73710241813122,0
1714056874,127,56.196892850223364,127,46.919171389748804,127,45.62806275661617,0
1714057774,127,44.290590326009664,127,47.105685596327035,127,61.768871609720094,0
1714058674,127,56.695799037011334,127,53.543178994789365,127,55.06665649690738,0
1714059574,127,46.798517508213344,127,47.62388814680402,127,56.241691460606354,0
1714060474,127,49.79388651650147,127,48.25287264648958,127,56.4347355415693,0
1714061374,127,43.36904615165736,127,55.463126838750775,127,51.91677615024258,0
1714062274,127,46.545678946022534,127,49.63928145054039,127,52.36473939837359,0
1714063174,127,47.67740691598961,127,54.07584355543236,127,46.274950864223214,0
1714064074,127,51.79271739405024,127,43.38749623107739,127,47.31876607653882,0
1714064974,127,50.278369711910976,127,47.44675963854234,127,42.898912070748835,0
1714065874,127,55.82969987865479,127,53.72143918627218,127,46.77338550342092,0
1714066774,127,52.36675778475705,127,44.827748050660695,127,58.896987164059226,0
1714067674,127,46.264837205952695,127,58.833711526269326,127,55.13781337497726,0
1714068574,127,50.26102150924088,127,40.13016475089485,127,44.44297790263048,0
1714069474,127,48.37695100178728,127,48.246982001550876,127,48.1446155325427,0
1714070374,127,40.491206933676835,127,60.29607686177786,127,50.842819724075454,0
1714071274,127,50.213884372647776,127,43.22751097979363,127,52.63719275636423,0
1714072174,127,45.91688234599611,127,46.834188555818194,127,49.91112563615398,0
1714073074,127,57.68800495596777,127,57.92017457849824,127,42.463331786089306,0
1714073974,127,50.33288141085163,127,51.88980677442107,127,54.51078990971806,0
1714074874,127,50.08937661615331,127,49.46969298613803,127,54.748876479805645,0
1714075774,127,55.727868066255176,127,55.88110784000514,127,45.81067944925701,0
1714076674,127,47.46753418590115,127,47.49732605431986,127,50.371113204983374,0
1714077574,127,52.71198897662556,127,53.35991965115058,127,51.97763993924125,0
1714078474,127,50.96459373458377,127,49.79158808482939,127,52.911532819666654,0
1714079374,127,52.03750411954102,127,54.67220177869789,127,58.07843059836677,0
1714080274,127,47.98466513457055,127,47.29260049290326,127,51.853407082140265,0
1714081174,127,47.92831559007537,127,56.12251466275433,127,41.193829577879825,0
1714082074,127,50.110421181296566,127,50.481830848640584,127,45.32826992068459,0
1714082974,127,39.847366142497265,127,46.81919659784142,127,47.902442152651176,0
1714083874,127,53.55802569955376,127,53.05320008539094,127,48.67786355338889,0
1714084774,127,52.105970142005376,127,44.446263570476106,127,46.74961420600457,0
1714085674,127,49.221705020836595,127,59.23864951696244,127,42.71203001843467,0
1714086574,127,52.27225044271963,127,52.68073461546308,127,40.837713362651016,0
1714087474,127,50.214499929795835,127,52.83650330056962,127,48.09385500634374,0
1714088374,127,50.7930291295367,127,46.28396168585143,127,38.498206242249196,0
1714089274,127,34.91060839630036,127,47.90373565331498,127,51.83674935712545,0
1714090174,127,48.11023380990233,127,51.848354922572156,127,53.83374173370189,0
1714091074,127,55.6617345660027,127,50.85684533855231,127,59.96015475476559,0
1714091974,127,55.18556428375204,127,53.986300945645155,127,42.325899324965626,0
1714092874,127,48.879810163697584,127,46.39417623215334,127,56.19560012786814,0
1714093774,127,47.37440074331365,127,51.836160522073385,127,48.56306817355623,0
1714094674,127,50.54152736565293,127,48.1973759557411,127,50.356394901821766,0
1714095574,127,54.89980202366049,127,53.31212069080714,127,41.09107021063575,0
1714096474,127,44.57577570863265,127,52.752132362633944,127,47.91666228293358,0
1714097374,127,58.063301322736905,127,48.97537818528075,127,44.894452716398156,0
1714098274,127,51.72757604460513,127,47.34131224829929,127,46.31146763874272,0
1714099174,127,47.905663279497865,127,54.260629034139974,127,51.409773096060675,0
1714100074,127,54.2253202764408,127,44.85997243136432,127,54.87760232091321,0
1714100974,127,49.68515332950275,127,46.91486355815532,127,43.04287488847952,0
1714101874,127,55.93705333555653,127,50.68370675817222,127,52.23009817998376,0
1714102774,127,43.69426656256333,127,50.193127498989526,127,45.17881572737723,0
1714103674,127,52.07256803361733,127,49.1238905040631,127,37.12291178224962,0
1714104574,127,41.72987508569677,127,49.825362084086954,127,50.22447951565807,0
1714105474,127,47.99050886852067,127,46.40995210603195,127,49.60286425063019,0
1714106374,127,44.903154848731624,127,50.23304433951002,127,55.18450382905546,0
1714107274,127,47.922033400738975,127,46.887525969921086,127,51.18188527265146,0
1714108174,127,60.1741830950989,127,43.42246468291174,127,57.013779501945706,0
1714109074,127,53.66164902002668,127,56.167474369170286,127,56.829560134471365,0
1714109974,127,49.59579454971217,127,52.66449621123563,127,49.55915593201417,0
1714110874,127,40.845407548294006,127,47.28272441943487,127,53.119621383608894,0
1714111774,127,54.12411569007928,127,47.317239546021675,127,43.79223008318041,0
1714112674,127,53.7191369753962,127,55.629083754381725,127,50.809987623881014,0
1714113574,127,51.085734189739995,127,49.52739707748125,127,46.14731879781503,0
1714114474,127,48.67372878106905,127,51.98221033286601,127,44.877584901758766,0
1714115374,127,57.43520536226193,127,49.202411579946094,127,37.3897579344925,0
1714116274,127,54.19424623200228,127,43.841382447984756,127,45.2187971317314,0
1714117174,127,46.70933835827713,127,48.97299507906335,127,50.432353509126884,0
1714118074,127,42.266174309718615,127,49.916449947232536,127,50.48760408382582,0
1714118974,127,41.887476273900724,127,46.73406725013902,127,55.55189498473385,0
1714119874,127,50.8904906004892,127,57.06276016577639,127,53.329573690889845,0
1714120774,127,53.910907407798746,127,39.69130390913697,127,54.313951161251495,0
1714121674,127,48.06070777927978,127,49.17361924500529,127,50.071050777686814,0
1714122574,127,50.23781194902532,127,54.40439969408707,127,50.465365872726814,0
1714123474,127,59.926789297446305,127,51.03767383521961,127,50.24617642518519,0
1714124374,127,59.025698267810434,127,47.34640111640853,127,44.08150253784271,0
1714125274,127,61.620526698692444,127,48.153040067113714,127,49.821922785794165,0
1714126174,127,58.603943449019624,127,49.89042614250598,127,44.58541011803297,0
1714127074,127,42.116496344970415,127,49.295388033831486,127,56.73893319718067,0
1714127974,127,49.23253449939812,127,44.135709063805294,127,46.42759985775189,0
1714128874,127,48.8793735065422,127,51.77001899202218,127,49.423432368059046,0
1714129774,127,45.36732379708278,127,50.84262601060248,127,46.76133106766236,0
1714130674,127,47.18081402303021,127,50.52493995899811,127,49.579139518167686,0
1714131574,127,47.46942527658237,127,43.811638749776264,127,43.848942654612976,0
1714132474,127,48.79078523428475,127,49.762189702618976,127,51.73527728998495,0
1714133374,127,46.04627516141842,127,50.41489347156182,127,45.17376674519913,0
1714134274,127,45.52323479175135,127,53.7806450881533,127,52.46860087251604,0
1714135174,127,48.20167589500939,127,54.62834161853405,127,55.91401690937561,0
1714136074,127,44.44551479482581,127,53.06997845590073,127,56.94114409167075,0
1714136974,127,48.74099906679655,127,46.21804442380279,127,45.32388423774335,0
1714137874,127,54.69616445969766,127,52.73023742004579,127,54.80187298602016,0
1714138774,127,45.25572191569697,127,47.509386826425775,127,47.98650622911922,0
1714139674,127,52.960229477624786,127,50.04528263623722,127,45.56839087860639,0
1714140574,127,50.245499033550225,127,49.109264639792585,127,51.4003387530802,0
1714141474,127,45.146154285736735,127,56.94388443005275,127,46.96137177366323,0
1714142374,127,48.87865027873285,127,59.66490260743336,127,45.543081749582534,0
1714143274,127,50.09388917283398,127,56.50772411789975,127,56.85934138816121,0
1714144174,127,52.73900164524759,127,44.75210554127718,127,39.14554795259946,0
1714145074,127,56.5962256921596,127,45.48650864725229,127,42.994242665978945,0
1714145974,127,60.22075543342142,127,39.88341321105658,127,49.95966025249083,0
1714146874,127,41.8912163183307,127,52.21451638189571,127,50.23667910292478,0
1714147774,127,54.56790133842129,127,49.7718625091228,127,50.14407162438076,0
1714148674,127,47.216928969634395,127,49.19893714049642,127,53.94721925404471,0
1714149574,127,38.282064238124676,127,45.531519663897825,127,46.837695642516394,0
1714150474,127,57.43695119252318,127,46.32236357940647,127,50.09262772871023,0
1714151374,127,51.45529432160674,127,59.044163083461115,127,43.9137493203591,0
1714152274,127,42.62474871258193,127,47.361718017086815,127,60.176272075738105,0
1714153174,127,52.28995088395707,127,50.265533695076726,127,50.94083951169901,0
1714154074,127,45.936879562070615,127,44.59476483583581,127,53.42058170235386,0
1714154974,127,57.085396369916694,127,52.21864364429282,127,49.61513647261345,0
1714155874,127,44.542328206802175,127,47.81271594907345,127,58.37005156439103,0
1714156774,127,35.379234290060595,127,58.41265126590454,127,49.2644346203152,0
1714157674,127,48.16070388850949,127,50.68687442141437,127,48.89946428386591,0
1714158574,127,37.492880439459825,127,46.98089389294569,127,53.63178103877882,0
1714159474,127,56.03132250811021,127,44.81073596868355,127,48.77070756510556,0
1714160374,127,43.05173379603232,127,49.606844916236255,127,54.897563814936134,0
1714161274,127,48.96433797597959,127,47.526366181044466,127,41.63738458776858,0
1714162174,127,51.07500805216888,127,46.638449089717284,127,48.91572806127627,0
1714163074,127,45.4984158085806,127,43.76111482333791,127,49.11407765296523,0
1714163974,127,46.704620955362536,127,55.988977799413895,127,42.031308867018865,0
1714164874,127,46.037433313299736,127,46.88926660062553,127,41.70119454953611,0
1714165774,127,52.17522364006626,127,37.130819509134746,127,46.875715717832755,0
1714166674,127,51.681123547573094,127,55.36793220750884,127,42.57364086229511,0
1714167574,127,48.52677227141872,127,48.444071737830164,127,56.397931155149095,0
1714168474,127,57.2548352941376,127,45.45614355356493,127,45.62471960205374,0
1714169374,127,46.773059010470064,127,37.176253250184,127,51.21874733081205,0
1714170274,127,52.86738668358992,127,55.51367125707337,127,46.262142799139475,0
1714171174,127,60.476684679142885,127,43.28013449843587,127,43.51300200868479,0
1714172074,127,55.79805850732321,127,45.2481162668899,127,50.00748948234406,0
1714172974,127,50.91348545639258,127,50.94232498569105,127,51.98797757170966,0
1714173874,127,46.67709442647072,127,49.33334295822977,127,35.792244392704546,0
1714174774,127,52.09048243846869,127,36.117813736243036,127,51.32903645723532,0
1714175674,127,51.13779398404336,127,57.00577663723552,127,57.777555477538016,0
1714176574,127,54.21441240820069,127,54.514486918180424,127,51.60615006957805,0
1714177474,127,47.00152985974754,127,44.87879003942916,127,46.920980886175165,0
1714178374,127,58.46353371587904,127,51.343770641482344,127,48.00249983421517,0
1714179274,127,48.4971331933332,127,51.10818682324272,127,48.89755459379463,0
1714180174,127,53.45138157299377,127,42.915003191382404,127,45.924068075118015,0
1714181074,127,40.0475990903709,127,52.21198627917226,127,53.35340055898904,0
1714181974,127,53.59263243830819,127,48.51361300201389,127,55.55438213621049,0
1714182874,127,45.911499756585265,127,47.122566703249014,127,55.988786110745934,0
1714183774,127,36.85925274901934,127,57.93370217083922,127,57.08052142498133,0
1714184674,127,53.83584404336358,127,50.829190271919,127,54.07536304230701,0
1714185574,127,41.86133604278679,127,51.501594051178884,127,56.6683948925508,0
1714186474,127,54.14648110459477,127,47.57553456270447,127,50.80912938842015,0
1714187374,127,47.07510910418661,127,46.51635804577367,127,44.264741792877025,0
1714188274,127,53.59815234820179,127,45.302153325802436,127,43.75738543853636,0
1714189174,127,54.886289886519094,127,45.12515263416492,127,45.40272544461119,0
1714190074,127,50.77632457269754,127,43.296019182365875,127,55.28515035275899,0
1714190974,127,49.61065430679717,127,58.51914974859145,127,48.630396187809374,0
1714191874,127,48.44876223009235,127,41.225547626566794,127,52.09573584550741,0
1714192774,127,56.41296556243291,127,47.351666810849814,127,55.14729418468997,0
1714193674,127,50.76385338529701,127,45.709783277509764,127,52.33032653025024,0
1714194574,127,51.35526617920895,127,46.213303408292674,127,58.54290961226428,0
1714195474,127,51.296766467539,127,51.36365761044535,127,50.15254815594501,0
1714196374,127,53.27159083247119,127,53.588208009170906,127,48.63749699656032,0
1714197274,127,55.82315891703576,127,49.05690623457814,127,53.27418110760702,0
1714198174,127,53.742427999370626,127,57.79807193669173,127,43.695577916165156,0
1714199074,127,46.84791977304948,127,53.16058857814037,127,51.45607727514833,0
1714199974,127,45.84367949416663,127,48.95454559047751,127,46.47439170703451,0
1714200874,127,42.214203304874296,127,58.700416574566994,127,44.126480886339216,0
1714201774,127,48.13749403666087,127,48.18101061765346,127,52.42623221820953,0
1714202674,127,41.660440127940994,127,47.953773939845874,127,52.437309957485056,0
1714203574,127,49.65743666631148,127,48.825596927365105,127,50.91417453712822,0
1714204474,127,55.12673054745447,127,48.023815621220635,127,44.616279503957045,0
1714205374,127,47.734529668460446,127,47.47662287645289,127,47.54531423928146,0
1714206274,127,48.08318232837976,127,40.87250398481564,127,44.48878488186238,0
1714207174,127,51.784629982656035,127,48.87813886821972,127,41.057407614597835,0
1714208074,127,54.911108605491634,127,42.98730285642313,127,54.10670351688705,0
1714208974,127,51.93488615607369,127,44.069508396161254,127,43.97358577015878,0
1714209874,127,49.23331205987484,127,59.157377487850354,127,54.07713303140595,0
1714210774,127,44.6379065217099,127,54.19214338706925,127,39.500083036372175,0
1714211674,127,51.218405323104015,127,49.82543746103324,127,53.96630672646534,0
1714212574,127,55.55520924058975,127,62.4873990585352,127,35.809010281501656,0
1714213474,127,44.69743781971947,127,55.294535393434835,127,54.79280315910725,0
1714214374,127,54.123809050806976,127,37.38485499948854,127,57.83624971054675,0
1714215274,127,48.9865746512837,127,60.15440329997585,127,49.68119386918418,0
1714216174,127,52.66214663777521,127,54.825080723780744,127,48.21917642340596,0
1714217074,127,38.779196129084994,127,52.86066527106139,127,49.78968398536885,0
1714217974,127,54.16690142956618,127,49.35260048475299,127,51.09101162668548,0
1714218874,127,51.81272926913989,127,48.299548571819074,127,43.231214342553244,0
1714219774,127,43.52395291553322,127,53.86189170746821,127,49.6757968495246,0
1714220674,127,43.799615341308915,127,58.41397339352303,127,55.700788041376704,0
1714221574,127,42.37051520008386,127,54.07963131779887,127,44.020374742444815,0
1714222474,127,42.24704041816837,127,46.98299781006069,127,46.9583229958034,0
1714223374,127,44.64247163616859,127,49.40268146589838,127,50.07013031061327,0
1714224274,127,45.01769395308236,127,49.4136437286587,127,47.28027368425589,0
1714225174,127,41.50222523358909,127,49.99568745523817,127,45.0105789462293,0
1714226074,127,51.798063461150626,127,46.48685143577008,127,47.33776666642744,0
1714226974,127,46.19973543370544,127,43.38397351939475,127,47.32973723072632,0
1714227874,127,39.17785569183748,127,52.03362976274633,127,41.797334180360615,0
1714228774,127,48.25603300224854,127,55.80462276118083,127,51.45205250381551,0
1714229674,127,49.26534983309007,127,42.326481792745874,127,51.428102644543074,0
1714230574,127,50.06713158980878,127,39.11402520966701,127,55.022898009244166,0
1714231474,127,54.37326970083464,127,55.57880994196897,127,49.546291547616036,0
1714232374,127,57.37661609101916,127,52.533928004443034,127,46.40405103933569,0
1714233274,127,48.21205770616832,127,49.45554992182781,127,47.71067046387783,0
1714234174,127,58.4553238553,127,48.24389418878044,127,48.261331543201614,0
1714235074,127,49.99191481881882,127,58.005653400478394,127,54.062177010885,0
1714235974,127,50.80197868903267,127,48.199781314069355,127,48.756355718389365,0
1714236874,127,47.11316696260623,127,54.14903828130246,127,47.551759000282004,0
1714237774,127,46.40106111018844,127,49.694626592366376,127,48.31272198818008,0
1714238674,127,42.182131236236714,127,46.94727511397392,127,52.58636253598335,0
1714239574,127,43.84453572284131,127,53.192759995971514,127,51.19319996020701,0
1714240474,127,57.63245590169127,127,52.91312054644563,127,46.60033280556195,0
1714241374,127,47.32685504653481,127,48.98151239363256,127,46.28034547315386,0
1714242274,127,52.07373262976425,127,50.039038655974146,127,44.78200766482859,0
1714243174,127,43.9513454397786,127,48.36707214038696,127,45.63708998951867,0
1714244074,127,58.80547376085817,127,45.142825176505696,127,57.674926515611936,0
1714244974,127,51.40704339337887,127,56.18986117901329,127,52.359418603976984,0
1714245874,127,55.83813986265656,127,43.59799904471714,127,42.11174465891955,0
1714246774,127,52.18635074756813,127,44.48326225132472,127,53.23786531650931,0
1714247674,127,52.23685346035883,127,49.26614685941756,127,53.89728540278028,0
1714248574,127,46.59836882897381,127,54.811258994358084,127,45.70638744412564,0
1714249474,127,56.08749787408488,127,51.448502137042965,127,37.009016910657735,0
1714250374,127,42.29094841525585,127,50.40984829310394,127,57.93662432236413,0
1714251274,127,46.32529832714617,127,53.645380314880924,127,54.63490944403349,0
1714252174,127,53.540375429661225,127,43.711394427518755,127,55.88510552147032,0
1714253074,127,40.3980967110309,127,53.52396404707498,127,44.53152497977798,0
1714253974,127,48.585168472157925,127,53.443864450032805,127,56.25133106822362,0
1714254874,127,50.924101251345874,127,52.131834530394485,127,50.091013332861806,0
1714255774,127,42.10395514249092,127,48.03600975311688,127,54.38964603992595,0
1714256674,127,47.99024528428288,127,52.34535006796668,127,42.491961183801436,0
1714257574,127,51.84842991694236,127,45.45134362704806,127,53.65113462143486,0
1714258474,127,46.095809557304406,127,52.85521840378081,127,46.508915656687996,0
1714259374,127,59.341552343801425,127,50.268144582468985,127,63.67109111340204,0
1714260274,127,54.9826687345132,127,43.13358245869463,127,52.639642748197105,0
1714261174,127,42.026730234296174,127,52.557412301592976,127,49.953452931087526,0
1714262074,127,40.441965202235615,127,52.897932976932964,127,43.38128160425761,0
1714262974,127,45.42649017706094,127,47.08025854081721,127,49.265619944401976,0
1714263874,127,54.56252974679368,127,49.393218126162644,127,53.15150852326984,0
1714264774,127,47.82554865120256,127,55.21553276434668,127,48.26923486788385,0
1714265674,127,55.362657832470646,127,54.68842390449239,127,46.830859681016065,0
1714266574,127,41.068553687115084,127,45.82165437374505,127,52.31599161233787,0
1714267474,127,43.129122729702544,127,49.243730563693134,127,52.29547004866459,0
1714268374,127,46.23269029013022,127,45.97914561490498,127,49.100718195252114,0
1714269274,127,48.60312023388729,127,56.748255152301674,127,54.55892421740735,0
1714270174,127,53.1422129899368,127,49.409325800724346,127,52.61394446843799,0
1714271074,127,45.964296937809195,127,42.78612454984736,127,47.37449319856112,0
1714271974,127,47.64395825876849,127,47.83559285321006,127,49.68745981176715,0
1714272874,127,51.35065356728518,127,43.80236751203775,127,59.909752294476476,0
1714273774,127,52.944789337345924,127,53.541258031082315,127,50.677159956442146,0
1714274674,127,47.8288962354294,127,54.17527660012987,127,42.30978373773348,0
1714275574,127,61.00753770336369,127,43.539929728217245,127,58.251878369597534,0
1714276474,127,52.18543258679807,127,46.5387937412179,127,40.83631441091167,0
1714277374,127,49.4121915845128,127,50.09452344154428,127,49.464534415806106,0
1714278274,127,41.173511227486856,127,52.85674790947845,127,45.833766560988025,0
1714279174,127,51.538767314485504,127,47.27411852824077,127,52.716107311882084,0
1714280074,127,54.715544933386774,127,51.165657923451874,127,52.29777185293908,0
1714280974,127,53.02687311729787,127,47.37918155809648,127,53.316977951354076,0
1714281874,127,47.43156587615795,127,51.84771836265942,127,62.97480943143522,0
1714282774,127,40.7470857525881,127,56.86838900984795,127,48.51380943722833,0
1714283674,127,41.38711304705568,127,51.634620746896694,127,45.0547556863998,0
1714284574,127,59.77476059815458,127,52.6464123257037,127,53.21603570902456,0
1714285474,127,51.04884900668564,127,48.43092093436487,127,50.055186691051766,0
1714286374,127,45.815728688527955,127,53.16949070273477,127,60.86267870143529,0
1714287274,127,43.45196679830422,127,52.78833273686009,127,45.98661642814502,0
1714288174,127,49.987542357200226,127,53.600565969270846,127,55.964115127135116,0
1714289074,127,51.13561588903572,127,49.968845164940035,127,38.161650769265094,0
1714289974,127,48.79877334514737,127,47.13980332081383,127,54.17312495905437,0
1714290874,127,50.96931485186324,127,53.410068583298475,127,49.43058637987712,0
1714291774,127,50.49612330847658,127,53.1615514181824,127,40.78315593101417,0
1714292674,127,48.764341842397435,127,54.30832221206728,127,53.183649176442295,0
1714293574,127,53.26961807725672,127,52.77202235276985,127,48.41123277148238,0
1714294474,127,46.17833569454706,127,52.950398815797215,127,53.956562683651235,0
1714295374,127,53.788668958284845,127,53.892949937020205,127,44.77980174726796,0
1714296274,127,46.68316988995471,127,57.50649891257713,127,49.954186147741574,0
1714297174,127,53.78010588189428,127,54.487768866117584,127,45.1319102319305,0
1714298074,127,48.86153248165984,127,54.98696975358,127,48.33270749190515,0
1714298974,127,45.955843643659136,127,48.241349806257894,127,61.74430416420005,0
1714299874,127,53.427185841164025,127,51.53209190432147,127,47.80414766958631,0
1714300774,127,63.14839397096547,127,51.19248654224856,127,45.33818488520897,0
1714301674,127,49.29902693715207,127,45.639956549098926,127,53.53885409215189,0
1714302574,127,48.43150537752967,127,49.53369199136987,127,53.230136699047215,0
1714303474,127,47.7152090059213,127,58.611236587939175,127,51.24336097394806,0
1714304374,127,47.02609061537228,127,47.13777186967805,127,43.535994244379545,0
1714305274,127,51.75928349281505,127,48.61577845046973,127,50.872438450527596,0
1714306174,127,53.857906770308176,127,48.42238873841913,127,46.9939993517597,0
1714307074,127,49.610539119785585,127,53.27376291786477,127,42.365598436368884,0
1714307974,127,45.65055881443841,127,48.917094526249606,127,55.74201042952057,0
1714308874,127,53.02182496654516,127,46.28980209179681,127,49.77671314843621,0
1714309774,127,43.08149624988691,127,52.98655143786279,127,43.99138380887162,0
1714310674,127,47.65372048620645,127,55.49848111562991,127,52.42190817062919,0
1714311574,127,51.96246480474742,127,52.58868902214521,127,60.65863972655096,0
1714312474,127,58.89876964871729,127,59.01160546767267,127,52.70136738963727,0
1714313374,127,58.24624068071856,127,44.00085857677169,127,44.30808801360614,0
1714314274,127,43.227889473305204,127,55.255638705400074,127,48.168056333103586,0
1714315174,127,49.66693274982731,127,41.43699086893535,127,49.21842612776498,0
1714316074,127,41.57435293560497,127,41.6989059832381,127,43.322205615992075,0
1714316974,127,48.91761337009024,127,56.794356049749204,127,46.125144776711,0
1714317874,127,47.01412661648285,127,42.432840421726645,127,53.07985925625305,0
1714318774,127,44.87975625179156,127,52.19989377522737,127,48.53090763323244,0
1714319674,127,56.9120018060782,127,54.531699538311706,127,58.71988864594276,0
1714320574,127,45.98837253866468,127,53.93404631397411,127,50.002290473168266,0
1714321474,127,52.22348608754877,127,56.868485344254026,127,48.34009566965469,0
1714322374,127,58.45192484478456,127,45.942750394497445,127,58.53511670366484,0
1714323274,127,51.79774838822833,127,49.41696619488359,127,53.23198466417012,0
1714324174,127,62.75769958085421,127,45.46171903952909,127,49.11108798314286,0
1714325074,127,39.021189924670665,127,40.00918242335218,127,52.16729381225733,0
1714325974,127,46.240067391832746,127,44.947693151258505,127,46.23579383957106,0
1714326874,127,48.70567926173455,127,43.81401066525126,127,49.65055415344895,0
1714327774,127,51.10624417436729,127,52.064071609552286,127,52.72418365456206,0
1714328674,127,48.220289571651875,127,50.994978052893856,127,46.493074037278404,0
1714329574,127,46.61242130179762,127,47.662810906406705,127,55.087907479975044,0
1714330474,127,45.288404121404355,127,42.67753725254747,127,55.059605316738846,0
1714331374,127,47.31046857389873,127,61.89523205974748,127,46.11688479663749,0
1714332274,127,48.75663058904931,127,41.32365592049448,127,49.75487223769128,0
1714333174,127,51.911467018421035,127,53.6810819042895,127,53.881660228434065,0
1714334074,127,49.23602699593504,127,56.24282271304271,127,51.11998767401664,0
1714334974,127,53.0751977009851,127,50.647819182549384,127,50.480415517576844,0
1714335874,127,49.28944778230994,127,53.06667922169094,127,54.1782688014445,0
1714336774,127,53.87109877926202,127,50.88112490252385,127,50.85185206076624,0
1714337674,127,48.37117373079864,127,52.73559541862321,127,42.270088946331114,0
1714338574,127,42.447683053722116,127,48.29765098497715,127,55.509919763905955,0
1714339474,127,54.126431505957086,127,48.861423003304694,127,47.84939645309056,0
1714340374,127,49.65556118964423,127,54.0011600582387,127,57.14611789692669,0
1714341274,127,52.172711437548166,127,42.78964300569192,127,50.803437692307234,0
1714342174,127,51.617881080754074,127,50.705691180196446,127,50.67882675650048,0
1714343074,127,47.888533054840124,127,44.57630507075129,127,59.01154895714072,0
1714343974,127,43.16646368949543,127,57.889456892140686,127,49.93406179864895,0
1714344874,127,51.59534268428709,127,54.22513681589183,127,55.820980847032224,0
1714345774,127,46.41881375915125,127,51.969404479470555,127,48.39022958634608,0
1714346674,127,41.380084093882886,127,44.07480444238502,127,48.6629621737226,0
1714347574,127,55.902051889833686,127,45.13379487130991,127,50.76517384986054,0
1714348474,127,47.43419330415241,127,52.909010811734824,127,49.1017400943114,0
1714349374,127,48.0785971545004,127,52.343534192307594,127,48.45982152415982,0
1714350274,127,53.23023053572658,127,40.05939058003255,127,41.329106781013515,0
1714351174,127,50.20284246747796,127,43.72122331342305,127,55.97987606770808,0
1714352074,127,48.59642557556386,127,44.47270793444242,127,45.0028932911702,0
1714352974,127,56.865953379016,127,52.62441425758151,127,55.93348238137171,0
1714353874,127,45.69332202348091,127,48.72696559632263,127,47.60019725297893,0
1714354774,127,40.51515201405399,127,51.018411622513874,127,50.136908686882876,0
1714355674,127,40.415355929533135,127,45.045928070642674,127,50.891727309199034,0
1714356574,127,52.49766443898577,127,48.182151055378206,127,49.77487655510952,0
1714357474,127,58.35086330799187,127,49.49337583956541,127,55.21771335960773,0
1714358374,127,45.65151723067489,127,44.183956694097134,127,50.9158355444049,0
1714359274,127,53.228664438076905,127,51.003319786404674,127,57.88208163579313,0
1714360174,127,57.17417950179327,127,52.433791292619944,127,50.499017672880335,0
1714361074,127,51.0611174176842,127,49.65698697268376,127,48.86819567315639,0
1714361974,127,51.75820175150273,127,53.871293392042745,127,48.15620740541813,0
1714362874,127,42.380507494429374,127,42.457058543808245,127,51.38861733247146,0
1714363774,127,48.16599959291647,127,50.61415358213426,127,45.52677570217351,0
1714364674,127,47.12551345308881,127,49.72378105352838,127,50.653215122112236,0
1714365574,127,52.20345530967401,127,62.0872964094137,127,45.142997613604734,0
1714366474,127,47.404415698490254,127,47.40572778270331,127,56.58905039047175,0
1714367374,127,50.520990432002876,127,56.231869787838576,127,49.60478563555239,0
1714368274,127,53.09335167468836,127,56.43225675961274,127,45.92397805927558,0
1714369174,127,52.45850455027267,127,44.466100507979974,127,50.46381939370812,0
1714370074,127,49.09435796981281,127,47.65107868631243,127,51.75028733444721,0
1714370974,127,51.64709305839337,127,50.97393045205774,127,54.48335420914361,0
1714371874,127,59.690544651212406,127,45.402474255549905,127,53.630478910729266,0
1714372774,127,54.33142689187504,127,47.42711488487279,127,50.87860026080602,0
1714373674,127,45.88053438430064,127,50.5282835626637,127,49.31267042487241,0
1714374574,127,43.56908837975368,127,52.9245483298648,127,59.3231018693914,0
1714375474,127,41.5896158551504,127,45.08298153951426,127,56.9038725810493,0
1714376374,127,43.782020264975216,127,41.934550117156554,127,46.30551309766824,0
1714377274,127,61.12131514936421,127,47.92285290652928,127,41.25963452858111,0
1714378174,127,48.87531836936175,127,46.0033984069566,127,53.2301988493371,0
1714379074,127,50.88302309659875,127,41.78138071835284,127,49.94472451467149,0
1714379974,127,42.761798483254886,127,48.59779152935577,127,56.30866362843305,0
1714380874,127,48.82211153702539,127,41.563499467667064,127,54.06093145644876,0
1714381774,127,41.8638522540447,127,53.81345324166682,127,50.70706634657426,0
1714382674,127,45.044611744854755,127,54.48150141302848,127,57.44793384924346,0
1714383574,127,46.24037488132283,127,49.42989650894061,127,48.801309427029686,0
1714384474,127,59.15879432412245,127,54.8553097015189,127,39.305221992900094,0
1714385374,127,44.30931431638349,127,46.23278722263404,127,43.825014119842265,0
1714386274,127,45.0806302688197,127,53.93464514388529,127,53.69678090783199,0
1714387174,127,45.49459238510762,127,49.408058398565295,127,42.403102170642406,0
1714388074,127,55.11703142862237,127,52.46486340098377,127,47.008386729272345,0
1714388974,127,45.72668912592862,127,45.035756440153605,127,54.29043966461841,0
1714389874,127,54.28324807568503,127,51.599136809056006,127,48.78457858973946,0
1714390774,127,51.26460663938212,127,47.60391905045457,127,42.56752502478541,0
1714391674,127,57.27766125820491,127,56.653151531497315,127,56.000119798677986,0
1714392574,127,43.72175873503131,127,52.36108423768431,127,53.69288192996016,0
1714393474,127,48.10553230710999,127,47.63123026093698,127,54.86103576157531,0
1714394374,127,45.4052476180663,127,53.31620248055828,127,49.33254300176775,0
1714395274,127,42.16814831853954,127,41.25674278595969,127,44.387040313008015,0
1714396174,127,53.99275405499342,127,49.559534325202755,127,48.910868758262346,0
1714397074,127,51.83796586832652,127,39.18161012003604,127,57.88418605222193,0
1714397974,127,50.16645575053518,127,46.92442353007213,127,53.70201388550469,0
1714398874,127,53.630411895732436,127,45.84276656535834,127,53.27927780533896,0
1714399774,127,48.48611922398977,127,43.072372107336264,127,50.41984065186812,0
1714400674,127,45.54286095917001,127,42.159856751668315,127,46.83594400570846,0
1714401574,127,49.403374359015864,127,51.41625162710069,127,51.04556945599837,0
1714402474,127,50.38252013246387,127,55.353729406883375,127,55.65655432584736,0
1714403374,127,53.1175373165854,127,55.89229711521587,127,42.81833438458054,0
1714404274,127,47.54739733355773,127,50.62413426921774,127,51.95584215262551,0
1714405174,127,51.04973894556669,127,42.50455417746729,127,52.70649462287337,0
1714406074,127,44.14461087776636,127,56.09364834681822,127,53.49557994498538,0
1714406974,127,56.34339576399212,127,50.49212875221134,127,50.51263516317539,0
1714407874,127,58.01188157331868,127,51.6489404067777,127,45.341373011219176,0
1714408774,127,43.61137043183161,127,57.864678603642766,127,53.63077745821598,0
1714409674,127,36.27167297572486,127,61.345064123508195,127,47.974926259596636,0
1714410574,127,58.9043440504681,127,59.50843976096129,127,48.390714972613516,0
1714411474,127,48.97815995348315,127,50.744882808898915,127,42.703083646153424,0
1714412374,127,42.49129707009186,127,45.664821447356445,127,51.06311880495885,0
1714413274,127,56.67552926370621,127,58.15637943167442,127,58.15222257133165,0
1714414174,127,47.809528741937775,127,43.1745432425185,127,42.74411452732605,0
1714415074,127,55.158015347266456,127,54.07144948223761,127,41.952414080175615,0
1714415974,127,53.66529051529258,127,48.093989870716115,127,52.88609356454467,0
1714416874,127,44.78804296431166,127,41.363390436926124,127,49.71572233524415,0
1714417774,127,56.128305090317426,127,58.00413446804039,127,52.1032601007311,0
1714418674,127,47.13763139189899,127,48.67327916058697,127,52.852218491721786,0
1714419574,127,48.685736706378954,127,46.140768171994665,127,49.361274217356936,0
1714420474,127,55.910215155402405,127,52.36240043682499,127,57.30334640011716,0
1714421374,127,50.24575146141887,127,52.047970597234844,127,47.347528984367585,0
1714422274,127,56.50358456074176,127,41.52359375618734,127,48.1216547868428,0
1714423174,127,51.742012281929625,127,41.90749918911342,127,49.039495142991356,0
1714424074,127,50.35423798258042,127,62.17864252604971,127,54.85840598787553,0
1714424974,127,45.335188960036504,127,64.32601770257176,127,41.039760033255554,0
1714425874,127,52.72467193330959,127,62.247245838955465,127,50.08541739634054,0
1714426774,127,43.01955958631668,127,52.95649681937465,127,53.95411694995806,0
1714427674,127,48.94940237027039,127,55.4541802821666,127,54.55464788755858,0
1714428574,127,50.52675913492402,127,54.63675268515203,127,54.465102604863574,0
1714429474,127,52.68901902365245,127,46.54819521785612,127,44.06073495899875,0
1714430374,127,47.52906376830619,127,55.885328757945786,127,55.291308905375566,0
1714431274,127,52.555210264718546,127,52.594009074393945,127,56.807766707753956,0
1714432174,127,48.930880884646285,127,52.2442706443246,127,57.32352827237563,0
1714433074,127,48.08224237681064,127,53.63822990999681,127,55.96978004337422,0
1714433974,127,51.06132326597428,127,44.9354670660257,127,47.17342077953015,0
1714434874,127,50.652829466139636,127,51.369533880016014,127,53.706499078412044,0
1714435774,127,50.30783416036999,127,47.665623458235736,127,62.74556170990305,0
1714436674,127,55.49578365469924,127,53.45156856746052,127,53.37399658862131,0
1714437574,127,47.53020541836646,127,40.99923362714438,127,48.97848666009205,0
1714438474,127,50.017684349211954,127,49.97133339964876,127,55.30631911714211,0
1714439374,127,42.68677868569725,127,52.15798943164063,127,46.885994875514754,0
1714440274,127,56.20238527702824,127,50.85223142689678,127,59.93449128981869,0
1714441174,127,50.556505830488355,127,56.04827516688685,127,47.71335115781221,0
1714442074,127,54.61591746725803,127,56.62759407589606,127,45.2341681734963,0
1714442974,127,46.60935101844207,127,51.670497994430406,127,46.22535879212107,0
1714443874,127,48.05808741733852,127,46.867121734407945,127,43.46789417648835,0
1714444774,127,49.807520742142,127,50.71783693711171,127,46.05463175266072,0
1714445674,127,49.50748149593761,127,42.735667937984914,127,45.260670177862586,0
1714446574,127,45.65210653629767,127,48.47241362450652,127,46.974263235231014,0
1714447474,127,51.12410268864963,127,44.807637864518775,127,53.85909584349168,0
1714448374,127,47.59995352759172,127,59.17372549372067,127,49.45617287392318,0
1714449274,127,52.27237495394633,127,50.493546747318334,127,47.708472771576844,0
1714450174,127,45.71477986199274,127,46.12798526224,127,53.54393663982972,0
1714451074,127,50.09236801015119,127,49.47959711373777,127,48.82571130983022,0
1714451974,127,48.745468243860145,127,45.186248752449146,127,52.467025769070766,0
1714452874,127,60.6652502459265,127,54.919441467946065,127,40.95359155000122,0
1714453774,127,50.21179407086803,127,52.58436089456557,127,49.83539653474693,0
1714454674,127,56.490557160152576,127,48.98941486432169,127,45.83384499663261,0
1714455574,127,58.668001237205004,127,50.95324502038605,127,49.11094803175702,0
1714456474,127,44.57487440492041,127,54.861311664206234,127,57.157358420224966,0
1714457374,127,48.77463478370404,127,46.883730949439816,127,48.020005669971816,0
1714458274,127,43.20738798859125,127,56.613012638334844,127,50.01721969217109,0
1714459174,127,49.99901614945725,127,57.66851977705223,127,46.13458876087864,0
1714460074,127,47.993725314144584,127,49.423216178136705,127,55.05777724493996,0
1714460974,127,57.56617761027989,127,54.58534310598962,127,53.64446535893928,0
1714461874,127,52.76016071505232,127,35.983829576775065,127,48.01973410914936,0
1714462774,127,46.43428188958065,127,56.504168343506194,127,47.23567103590378,0
1714463674,127,60.35448704952255,127,48.17045834953298,127,45.51184979171963,0
1714464574,127,57.22468240510479,127,50.86470927082354,127,51.413442481418436,0
1714465474,127,55.45434781632605,127,48.99325919178225,127,46.59657122465341,0
1714466374,127,54.01637511866685,127,48.289180850147304,127,47.63755578900476,0
1714467274,127,46.538715509205765,127,49.766643681406656,127,46.90209955875333,0
1714468174,127,54.34763003763624,127,49.26558573617015,127,51.64045881533982,0
1714469074,127,43.18478250228548,127,54.03917151526402,127,53.303320145509964,0
1714469974,127,53.8942502256834,127,57.536601263792704,127,51.89788102842222,0
1714470874,127,53.259647744584235,127,51.760000791777635,127,47.58130557013679,0
1714471774,127,49.321285650657096,127,49.32514285336851,127,55.02668107857868,0
1714472674,127,45.728372552804935,127,41.026172793305655,127,54.914553282690484,0
1714473574,127,54.013874800722974,127,47.66301821802609,127,42.92883534170055,0
1714474474,127,44.40003275296811,127,54.435983359157156,127,50.381410254290756,0
1714475374,127,56.11564390566848,127,46.67181840503112,127,48.29363128073632,0
1714476274,127,47.476720068315025,127,51.63786676754827,127,55.711933957514766,0
1714477174,127,53.73265724502846,127,58.95528067831644,127,49.63731445103018,0
1714478074,127,56.238409723668774,127,50.355714891949255,127,40.76113256683458,0
1714478974,127,59.8295743604161,127,48.794630647805064,127,49.21097855710097,0
1714479874,127,52.627287980258885,127,40.44164532277771,127,54.67402706252761,0
1714480774,127,54.2297310833346,127,50.59232332745001,127,52.5145723358263,0
1714481674,127,49.00861460095839,127,53.82767913898559,127,54.53669478163108,0
1714482574,127,50.986955863530184,127,56.86924103215376,127,45.053349758314354,0
1714483474,127,45.05448810145875,127,37.6150730179987,127,53.851271373073324,0
1714484374,127,49.569367097142866,127,45.71166022726401,127,53.195867990561645,0
1714485274,127,48.76399828335695,127,51.16689784220288,127,54.354070589898576,0
1714486174,127,53.369275869376686,127,58.136334904411484,127,53.758482592346944,0
1714487074,127,46.058294243986026,127,45.95889597603933,127,43.131981605098204,0
1714487974,127,47.9770039335054,127,55.14031520226081,127,42.4060878398963,0
1714488874,127,47.580999200093565,127,53.07536602093595,127,54.10810229582242,0
1714489774,127,50.63329433234967,127,52.87625020865882,127,60.53118876762771,0
1714490674,127,54.47244794573795,127,46.06424558230479,127,43.013902198041876,0
1714491574,127,51.636598134782,127,53.973272202163265,127,47.91990047032971,0
1714492474,127,53.556371907666374,127,49.797309994943944,127,41.477721829343565,0
1714493374,127,52.918767426802894,127,44.962060826764315,127,53.62592554842358,0
1714494274,127,54.73359466849151,127,52.5336644470888,127,58.22474619706003,0
1714495174,127,52.5655506497219,127,51.63004761456053,127,52.58259391636253,0
1714496074,127,50.809859272656404,127,59.57138108510794,127,53.42604488966982,0
1714496974,127,63.35731803669961,127,43.69208416641719,127,50.31687761618499,0
1714497874,127,46.93874556226733,127,53.5321779932572,127,49.25466246515023,0
1714498774,127,51.60725453716342,127,48.28664812879248,127,51.72862927748862,0
1714499674,127,47.65859861400068,127,51.45945808076931,127,52.32525384926581,0
1714500574,127,50.624874722849675,127,52.79966773692688,127,53.39311807081786,0
1714501474,127,47.9772268721741,127,53.34622127355996,127,52.46911248472428,0
1714502374,127,56.104698249821084,127,50.51843968812298,127,53.487823248087274,0
1714503274,127,46.652044267154295,127,43.545445530536284,127,50.974306475665415,0
1714504174,127,50.97112603154964,127,46.62586545147743,127,40.014832785335194,0
1714505074,127,62.028853043460586,127,53.10039231473986,127,51.886490816426495,0
1714505974,127,57.76251597527365,127,42.672364397832936,127,51.82247020534996,0
1714506874,127,49.92238697020741,127,55.9928119627071,127,47.910932232877904,0
1714507774,127,41.52418743796939,127,54.105371783685,127,41.13163613593592,0
1714508674,127,44.70274816990848,127,53.64226582421352,127,55.79592324207489,0
1714509574,127,51.40776931542986,127,48.02742793799074,127,40.073249364672535,0
1714510474,127,47.7882888573626,127,45.30205952346609,127,48.39841162681158,0
1714511374,127,45.388417018542384,127,47.35119017424613,127,58.317378714681894,0
1714512274,127,37.36766506391332,127,38.65478336553082,127,52.60844169711673,0
1714513174,127,48.10144629170897,127,44.63644332820017,127,43.50456787201862,0
1714514074,127,50.89874160770614,127,51.3396151099686,127,53.85093348456809,0
1714514974,127,56.597561952245826,127,47.87073435052479,127,50.466151443635994,0
1714515874,127,49.495668396779536,127,49.736020240135964,127,48.78955644460541,0
1714516774,127,43.82061461316704,127,51.09406562937748,127,51.23717490825871,0
1714517674,127,50.45562046828366,127,54.67819272764839,127,53.321181981542004,0
1714518574,127,41.00578030227399,127,45.112325458055174,127,55.03436942705725,0
1714519474,127,47.79368090921062,127,51.31536219994117,127,48.530864959799665,0
1714520374,127,56.199273012895944,127,50.76520705996178,127,50.45970126192595,0
1714521274,127,42.52698500565,127,41.787914738373,127,48.0375895447814,0
1714522174,127,54.69029697055584,127,46.12240212703138,127,57.15310444163615,0
1714523074,127,47.01345331228098,127,52.0768825824591,127,47.51650601789931,0
1714523974,127,52.27583695925524,127,56.9847247469989,127,54.80166385943183,0
1714524874,127,58.347439431202076,127,46.374733917301974,127,44.32157642400618,0
1714525774,127,43.83445586642222,127,48.86440712246036,127,43.57253728264117,0
1714526674,127,45.340970363553616,127,46.196615242603386,127,66.10250894520563,0
1714527574,127,51.10471441391339,127,49.685438688372685,127,46.85056493612083,0
1714528474,127,44.63395319579577,127,50.00527907486018,127,44.91139321755738,0
1714529374,127,42.12836171590139,127,41.82283995394881,127,58.52156994156736,0
1714530274,127,46.69115093066478,127,41.700415242705425,127,48.33304556918043,0
1714531174,127,53.38880687387856,127,49.947662377572065,127,44.33839191747197,0
1714532074,127,49.547797685896164,127,47.06044703689915,127,55.13804997237249,0
1714532974,127,57.310844224607,127,51.22618672542303,127,40.71553115815379,0
1714533874,127,48.96236233063599,127,50.46227106163351,127,47.282778434647135,0
1714534774,127,47.49200058969961,127,51.929113610552605,127,52.944276185284515,0
1714535674,127,55.793198496280866,127,46.262414700242786,127,48.78268682594911,0
1714536574,127,49.34468338258431,127,51.33378393899976,127,52.62987761851089,0
1714537474,127,50.56061204047101,127,47.33360190202957,127,54.20397476085099,0
1714538374,127,55.24435594727594,127,58.0748546949557,127,54.659198588126046,0
1714539274,127,38.64378376869261,127,46.30887506770639,127,50.23664539597511,0
1714540174,127,50.92845965618627,127,43.470913947871466,127,46.46788333737818,0
1714541074,127,49.104060325841346,127,52.519273551805526,127,46.86847684141845,0
1714541974,127,49.858589333750196,127,46.4225041858036,127,52.439206098890736,0
1714542874,127,49.57829603975051,127,58.86894745942914,127,47.78302532014471,0
1714543774,127,44.58963743306058,127,47.43645672171175,127,47.76988127388795,0
1714544674,127,59.45007061709847,127,56.68688710681467,127,51.51982377339273,0
1714545574,127,49.435605362070426,127,38.94251928349193,127,46.17009744741701,0
1714546474,127,50.060802161915475,127,47.223196635676494,127,59.277712003428555,0
1714547374,127,54.58977303025316,127,51.17620493604402,127,54.29229125297382,0
1714548274,127,44.12410507185274,127,58.12104230356163,127,61.38538675220567,0
1714549174,127,49.09756251573647,127,52.79537688386982,127,49.00362883001762,0
1714550074,127,47.27301179202498,127,52.87975692460669,127,55.826190892423824,0
1714550974,127,58.43607790017926,127,59.39730825462296,127,44.038435955160395,0
1714551874,127,48.272347080065785,127,49.53695068594762,127,50.14906097971414,0
1714552774,127,38.829617983488966,127,49.93576932124977,127,58.90499838376304,0
1714553674,127,41.15097127421285,127,49.171197615729454,127,48.51873091517585,0
1714554574,127,51.99224247701954,127,48.607730582154815,127,46.1712962048918,0
1714555474,127,52.94051492310318,127,49.865744035836705,127,56.24593881389296,0
1714556374,127,52.98454293984527,127,54.026795730489184,127,56.125438011973806,0
1714557274,127,41.67259072101581,127,53.72927522452375,127,50.88359193440696,0
1714558174,127,44.852529982759926,127,48.47649347864115,127,45.82596696612664,0
1714559074,127,47.259387773950216,127,48.8622908243795,127,48.04000838467305,0
1714559974,127,58.768819563120424,127,47.72557352801499,127,48.98792566255583,0
1714560874,127,46.02109674053794,127,53.775111436804664,127,52.741599754041516,0
1714561774,127,46.97999889621494,127,44.62884510640484,127,48.830130555058304,0
1714562674,127,46.3436599340894,127,53.015736495431526,127,40.45457602894806,0
1714563574,127,47.677653639305966,127,59.06350461794331,127,52.863534441382825,0
1714564474,127,44.34634759628124,127,48.93682967274051,127,54.570933241806586,0
1714565374,127,55.14463212636948,127,45.33172960113693,127,54.84291860751172,0
1714566274,127,47.765872191290285,127,43.42235356833027,127,54.8323288254488,0
1714567174,127,49.347036656230785,127,49.295012926055,127,48.611022380262824,0
1714568074,127,50.967427541455905,127,51.39524699243469,127,44.586412161471564,0
1714568974,127,46.91381391643139,127,45.468529933489776,127,58.12473849476638,0
1714569874,127,45.88054848605513,127,53.28722435729963,127,56.669509681712626,0
1714570774,127,46.30189245290211,127,50.176869930561395,127,45.209675008931114,0
1714571674,127,49.45933705061069,127,47.37309706747928,127,54.1999997323601,0
1714572574,127,46.89830598363938,127,49.32356834581656,127,59.28940572785962,0
1714573474,127,45.00931166481738,127,56.60339068997035,127,49.93679919611877,0
1714574374,127,52.784919644872446,127,49.364876060864,127,52.44021727822491,0
1714575274,127,52.787151315775255,127,47.72616506838666,127,46.96366377371138,0
1714576174,127,44.662845781163156,127,47.488472079834345,127,47.57135777353839,0
1714577074,127,49.54039130650362,127,45.18820015194531,127,49.98235204916282,0
1714577974,127,49.620533090299105,127,50.46663086121797,127,56.140650176697086,0
1714578874,127,49.910723253351144,127,47.639775294870084,127,51.1070698517947,0
1714579774,127,57.234302337109334,127,52.153001001106745,127,55.3386657576148,0
1714580674,127,41.87953390824977,127,44.06357066555915,127,44.46826277177524,0
1714581574,127,55.94664132506513,127,43.295013894862855,127,53.75376246210373,0
1714582474,127,51.07229884100071,127,51.58435384848764,127,56.26134517987675,0
1714583374,127,54.82219322590494,127,60.65176195482446,127,46.183849828718614,0
1714584274,127,58.97780387110737,127,48.2569062546851,127,48.07026659370596,0
1714585174,127,51.41259235053031,127,44.54756964599283,127,51.23988950631257,0
1714586074,127,48.49509095877473,127,52.24301750346956,127,54.77579619278009,0
1714586974,127,57.284108798590864,127,46.76016210587501,127,48.143246789469735,0
1714587874,127,55.08410482684921,127,56.00459681597657,127,55.40048556744726,0
1714588774,127,48.02925784963344,127,49.4900524904455,127,38.13438654211037,0
1714589674,127,48.237952223326644,127,44.64402415470387,127,52.77691548795086,0
1714590574,127,41.45466453915367,127,46.56401066817344,127,50.31182049239275,0
1714591474,127,50.20418966016989,127,52.18438389403552,127,45.2629765890484,0
1714592374,127,56.50065134083045,127,55.79385936119645,127,52.49428616620927,0
1714593274,127,51.14054406464926,127,46.94903169186572,127,40.87897476514304,0
1714594174,127,49.77948926350744,127,62.24088333994049,127,54.66505769817609,0
1714595074,127,49.234247373830826,127,50.21538273003255,127,57.065340114732734,0
1714595974,127,55.65898538720514,127,45.580560319433616,127,47.67941923339977,0
1714596874,127,54.20080162586671,127,49.31963946952901,127,53.77570472704269,0
1714597774,127,54.97488780151378,127,42.18778891789475,127,48.319963397573915,0
1714598674,127,51.29137420332953,127,53.01138653264988,127,50.89211677108649,0
1714599574,127,53.634535227006886,127,55.244287558978236,127,48.18946560670041,0
1714600474,127,53.37223963426309,127,47.60672076326756,127,48.832703489119254,0
1714601374,127,52.035533714137635,127,51.419594737619974,127,53.86900407398727,0
1714602274,127,52.067139881821426,127,49.339936536691134,127,55.41286385902733,0
1714603174,127,45.91249814809069,127,57.24300757044842,127,55.42688752233612,0
1714604074,127,48.82093112260916,127,41.70526262442428,127,55.5893178375331,0
1714604974,127,55.354955016286056,127,48.085024573524905,127,49.00941231065673,0
1714605874,127,43.00595014881107,127,49.680678162578324,127,49.42602370564056,0
1714606774,127,48.084399727147336,127,45.57149814365202,127,45.851602831987904,0
1714607674,127,57.26526953518941,127,41.744182666053845,127,37.172866650063945,0
1714608574,127,44.37386667348563,127,51.736280132075635,127,54.890480748391624,0
1714609474,127,46.042501384768734,127,59.7389689532951,127,51.790436376763815,0
1714610374,127,50.55907030477538,127,48.59765264970925,127,52.30511434756652,0
1714611274,127,53.01180962743611,127,47.33218327167975,127,50.27123879200739,0
1714612174,127,41.167569425579586,127,49.745961663165325,127,59.9754475896043,0
1714613074,127,57.83642882871645,127,57.17662802330069,127,47.04561728556625,0
1714613974,127,43.95964190392608,127,46.62379687546283,127,46.15823730954707,0
1714614874,127,51.20310829866877,127,45.6765480453979,127,41.82372180808935,0
1714615774,127,58.93992217938775,127,51.888082994237394,127,57.85222899833999,0
1714616674,127,42.76688270583931,127,54.212529581452976,127,43.99302127702594,0
1714617574,127,48.26529459721093,127,46.169804326125316,127,46.826865849032444,0
1714618474,127,58.2799925866708,127,46.88324819160345,127,52.45378314841035,0
1714619374,127,54.223942627718415,127,45.093256762086476,127,42.770942554901396,0
1714620274,127,53.168655125064994,127,47.219285833028096,127,47.46715709361689,0
1714621174,127,50.55103420569997,127,47.44930404850895,127,44.02588020587167,0
1714622074,127,53.72054997875852,127,50.42855800387762,127,50.257991312405345,0
1714622974,127,55.741659760188966,127,53.90243680305233,127,52.70989012435777,0
1714623874,127,56.09421000853093,127,60.38470471096751,127,37.56862857215232,0
1714624774,127,47.888140451461915,127,55.04986479833796,127,46.23684396426212,0
1714625674,127,50.40508002497757,127,52.80810507609556,127,47.936334075827396,0
1714626574,127,50.66263639575876,127,47.38076733007684,127,48.08670903964396,0
1714627474,127,50.31591380973599,127,51.29269427194282,127,44.78996146755997,0
1714628374,127,47.568156485205364,127,50.193625341346745,127,47.9058842112386,0
1714629274,127,50.07025296139228,127,45.00648313436693,127,45.90508387986304,0
1714630174,127,51.109224109339834,127,47.28793592974744,127,42.27115157706904,0
1714631074,127,47.82695608161789,127,52.127739363380144,127,48.80151044358467,0
1714631974,127,41.87392280784175,127,51.655455241603015,127,38.18927718825502,0
1714632874,127,51.260122830835854,127,48.8624169254964,127,51.64854224130462,0
1714633774,127,54.74587788529251,127,49.985571000198654,127,51.979385920215854,0
1714634674,127,48.09563585231038,127,46.392294544808166,127,54.8101754907214,0
1714635574,127,45.18490678732496,127,47.78322837542974,127,56.49089957000997,0
1714636474,127,50.25318614929248,127,56.601107994317644,127,49.93109103296661,0
1714637374,127,39.206995790239304,127,48.5744245651082,127,55.346799392327654,0
1714638274,127,47.561026751451045,127,55.287170032544495,127,47.4471212560519,0
1714639174,127,47.08499831223824,127,59.13091231823033,127,43.71125104717234,0
1714640074,127,62.192009085499926,127,43.545920584295125,127,43.723960010789646,0
1714640974,127,44.64564495522535,127,51.77937779732947,127,61.351382650822565,0
1714641874,127,58.139805994765666,127,54.63571309789714,127,52.097051761097745,0
1714642774,127,53.49842766486567,127,51.38246376507959,127,50.30045787732913,0
1714643674,127,48.64008343196506,127,49.89166764249951,127,44.591127626753384,0
1714644574,127,51.4490111249824,127,46.02072689437967,127,47.22843679914662,0
1714645474,127,50.29382298718594,127,51.03680384673489,127,58.19359496023453,0
1714646374,127,54.781736147949104,127,49.427610784592275,127,52.041871835689435,0
1714647274,127,51.562776725845225,127,49.77814174937653,127,42.760898223823425,0
1714648174,127,42.73556677224123,127,44.750973842581985,127,44.61558789016396,0
1714649074,127,45.091046064431666,127,55.02873698119228,127,60.86988174919488,0
1714649974,127,49.146885020968234,127,48.0132872205595,127,45.94696597897685,0
1714650874,127,48.44118680658504,127,58.69298543831769,127,52.31814660999222,0
1714651774,127,48.037794074997876,127,47.21323539130465,127,43.43604941280089,0
1714652674,127,49.74973492562663,127,48.3405898681462,127,53.1976690012326,0
1714653574,127,50.56209627403619,127,58.09426792697869,127,57.98756903068053,0
1714654474,127,53.86569146270633,127,50.65343627114162,127,43.38219906308085,0
1714655374,127,47.63887662421177,127,48.50700839811813,127,47.80125844596,0
1714656274,127,54.514294574410336,127,53.842711054205665,127,54.61521442485269,0
1714657174,127,58.421400920864485,127,57.209038965165426,127,37.43442737202206,0
1714658074,127,52.04311922184427,127,50.3278508436578,127,48.33956644269415,0
1714658974,127,58.73339081227084,127,51.86708531682935,127,48.63585407452614,0
1714659874,127,41.99107352622338,127,53.50948028412571,127,52.30205869462384,0
1714660774,127,61.84178387720377,127,52.49121558703891,127,48.18749186509537,0
1714661674,127,41.29884702466528,127,44.19757656998317,127,49.93782864096844,0
1714662574,127,49.61443732387504,127,56.31458235890791,127,51.17764024743163,0
1714663474,127,44.70017858024668,127,42.7481595642421,127,50.98440214628219,0
1714664374,127,48.12709042782572,127,46.57387554926514,127,59.006907169228406,0
1714665274,127,52.465464928753164,127,53.74178046799545,127,60.92029481655305,0
1714666174,127,50.41521382682186,127,46.63370189296222,127,55.10785759233544,0
1714667074,127,47.15661459305734,127,54.21221352890171,127,40.12984428818936,0
1714667974,127,53.494506355895986,127,50.156431392868924,127,58.66048969461757,0
1714668874,127,55.3539877751042,127,44.66487502847474,127,48.91621819060671,0
1714669774,127,58.857134620416616,127,48.827465705553706,127,62.43256761357681,0
1714670674,127,51.20713515557125,127,58.697388588062914,127,52.133943491006086,0
1714671574,127,46.56220745118966,127,55.59631636732773,127,61.309475885587084,0
1714672474,127,49.41604851796434,127,52.33842635939945,127,56.503241643477324,0
1714673374,127,64.5017723707283,127,57.57320354164583,127,44.264733111116826,0
1714674274,127,43.774231540143965,127,47.06000631917742,127,52.90639131235043,0
1714675174,127,60.62693534552948,127,49.746566530536136,127,52.005568645788486,0
1714676074,127,53.94104812390128,127,46.91983078541761,127,43.67630182233015,0
1714676974,127,48.81840965761893,127,42.136260793887615,127,49.73412191853639,0
1714677874,127,47.42766020465632,127,51.19750340397404,127,45.5830555010626,0
1714678774,127,51.45968907117328,127,51.26442170672935,127,56.76253067213661,0
1714679674,127,50.901450324972835,127,45.20647251767963,127,49.08952361002523,0
1714680574,127,65.28550747705191,127,57.583955513320284,127,44.936950660783,0
1714681474,127,49.14031596410587,127,52.03956527213973,127,50.87706452316637,0
1714682374,127,51.764289867568,127,48.65363646178018,127,45.97501137780296,0
1714683274,127,50.23021854980207,127,49.60070151913882,127,55.36090370791075,0
1714684174,127,44.48550414100864,127,46.97943410566196,127,67.28589446372007,0
1714685074,127,47.5767307556804,127,46.54923687854716,127,55.38728335000478,0
1714685974,127,50.705940327889486,127,47.683792694482996,127,50.884895127541554,0
1714686874,127,54.14363656210391,127,46.067154530787704,127,45.58291764152078,0
1714687774,127,54.49064547071671,127,48.29099416620719,127,52.18809306086923,0
1714688674,127,45.903332352320604,127,53.865849772773394,127,51.75845102625652,0
1714689574,127,61.82103027268099,127,43.05635647264751,127,48.08701646079464,0
1714690474,127,53.3210146147325,127,45.75040985006101,127,54.04518632671793,0
1714691374,127,49.55635257811096,127,46.171242369831134,127,52.047003699636065,0
1714692274,127,48.705269838660264,127,49.64479103166919,127,48.502673197072596,0
1714693174,127,50.737281275317805,127,49.867256060792144,127,58.05358926052532,0
1714694074,127,45.59352912725207,127,50.124951115524375,127,48.42886921992928,0
1714694974,127,42.46117852950762,127,47.49098917931939,127,55.08287014855797,0
1714695874,127,49.90817651820874,127,51.80794555062037,127,53.987722150708365,0
1714696774,127,56.06072874282808,127,46.74658020782694,127,51.77429094417607,0
1714697674,127,51.2421364212674,127,48.6051685047786,127,52.92939030355347,0
1714698574,127,61.507676121886405,127,56.37307375298924,127,55.181906094817776,0
1714699474,127,53.8872401226538,127,55.51443202346658,127,49.46594272609328,0
1714700374,127,50.98501835461431,127,50.966269397119326,127,48.02376746731751,0
1714701274,127,55.79193029699377,127,57.02998819515883,127,60.60966359835095,0
1714702174,127,40.82075211438274,127,43.957318442125214,127,43.37542812276754,0
1714703074,127,52.102752405816155,127,55.51863135318661,127,54.5465937283964,0
1714703974,127,57.37645331315661,127,45.85633084876519,127,55.08462490247607,0
1714704874,127,46.51378139828,127,42.594891225061914,127,46.295690329401666,0
1714705774,127,46.906852523632296,127,52.68490870640155,127,48.588952935648905,0
1714706674,127,49.27849804758778,127,46.038317995994376,127,46.925934023293784,0
1714707574,127,49.68391387319952,127,50.59321195641586,127,51.6867037646329,0
1714708474,127,43.002932921925655,127,52.9219104959301,127,50.91768085379592,0
1714709374,127,43.15341400992281,127,53.290629667781154,127,38.73165151677487,0
1714710274,127,46.45137505716988,127,48.503276746201564,127,46.12790865205397,0
1714711174,127,46.42465116346477,127,63.73911913492712,127,47.76790288777227,0
1714712074,127,47.30300665766144,127,52.52422605014772,127,50.15450814664726,0
1714712974,127,53.94658855251524,127,54.12660647420279,127,49.39183005851006,0
1714713874,127,54.1790239497659,127,47.234875110844165,127,46.883608112073205,0
1714714774,127,50.59042421918013,127,47.061218575927604,127,51.786308483808554,0
1714715674,127,53.04187360854533,127,41.558516728897544,127,51.50687907667361,0
1714716574,127,45.319181772259256,127,53.43939318247263,127,47.44327488609225,0
1714717474,127,56.92686992251805,127,51.42347425768336,127,52.164975646795725,0
1714718374,127,50.62508983694929,127,45.50272855956511,127,51.17611950715552,0
1714719274,127,43.98374694860454,127,41.40308874961297,127,52.96599383828704,0
1714720174,127,45.11053462144431,127,51.32653425317618,127,52.533502261069856,0
1714721074,127,52.644603252018065,127,45.78775824047474,127,51.95687035145322,0
1714721974,127,44.16784807521927,127,57.49034993238026,127,38.48565315302642,0
1714722874,127,56.058031786913034,127,48.780475670012436,127,43.97370983043116,0
1714723774,127,48.54133407647209,127,50.30802399650264,127,46.558385500094964,0
1714724674,127,53.1571581286561,127,51.07372477610773,127,47.674197490249696,0
1714725574,127,50.45667654842861,127,46.56119537415934,127,62.94381124515103,0
1714726474,127,61.34410955858446,127,58.204851102235196,127,53.54020519893712,0
1714727374,127,41.73323647888823,127,41.98364039788004,127,55.14822205521397,0
1714728274,127,49.26557946022954,127,53.53964891406819,127,53.87536917281254,0
1714729174,127,47.248399601829426,127,49.02369546860593,127,61.03451297561833,0
1714730074,127,48.13112109494231,127,56.77214449107743,127,49.09442606754685,0
1714730974,127,50.69675009369484,127,49.44263556570403,127,55.057240798888074,0
1714731874,127,46.5321184873819,127,51.39381677465124,127,39.7265011508723,0
1714732774,127,47.14545746431417,127,48.46881610770566,127,48.421568163541544,0
1714733674,127,45.5514650707684,127,38.38428011069281,127,52.398811809707205,0
1714734574,127,50.208563233473846,127,50.39345641621038,127,54.15548720663998,0
1714735474,127,41.6781415248872,127,39.37167821366536,127,56.47631928385572,0
1714736374,127,45.116836863716934,127,50.718196777893084,127,46.444781671701186,0
1714737274,127,44.25992934184982,127,44.2736850402591,127,45.99037829707202,0
1714738174,127,57.67574317878467,127,60.85364114737466,127,53.828900282614114,0
1714739074,127,0.0,127,0.0,127,0.0,30
1714739974,127,0.0,127,53.580421657186946,127,49.0307168366758,30
1714740874,127,0.0,127,51.417570837306464,127,43.70374204675261,30
1714741774,127,0.0,127,51.74509527846558,127,52.4656224461475,30
1714742674,127,45.58170046937679,127,43.56904241002085,127,53.13942051806925,30
1714743574,127,52.64937037482504,127,42.79310996353297,127,48.582370128665204,30
1714744474,127,47.331042208432486,127,47.31163930163956,127,51.04053654289217,30
1714745374,127,54.899989734081785,127,61.388880045948575,127,56.06380848458403,30
1714746274,127,52.82137650701671,127,50.177242617457736,127,44.60536625470948,30
1714747174,127,50.56260515228796,127,48.92350725116296,127,58.879627220898264,30
1714748074,127,54.92042512662484,127,49.616406786719516,127,53.339762700626075,30
1714748974,127,44.94234599439423,127,42.37982809531145,127,50.80462776947016,30
1714749874,127,54.289448462053635,127,41.524794150135506,127,56.107421786444476,30
1714750774,127,49.40132208403032,127,54.51781825537467,127,48.84900966005751,30
1714751674,127,59.0286502133132,127,50.06724108703792,127,45.981057062486606,30
1714752574,127,52.22630326267204,127,50.624250847326635,127,47.349041659700816,30
1714753474,127,45.77432610241026,127,55.751195739756454,127,49.44293452262578,30
1714754374,127,55.09145510571656,127,50.89913287956334,127,50.36276943013204,30
1714755274,127,49.63715890703393,127,53.043366578199965,127,53.25234621546955,30
1714756174,127,49.8055874783916,127,53.22679218727262,127,57.59613010008755,30
1714757074,127,43.264403151318376,127,51.559297862620475,127,46.52058895222808,30
1714757974,127,45.5551620456409,127,40.895665736210844,127,51.94840793268608,30
1714758874,127,48.54211756304241,127,49.6439924431648,127,52.47996948116447,30
1714759774,127,52.62292845441565,127,50.62428300990388,127,61.42728852014848,30
1714760674,127,48.11348275195159,127,47.950020950455325,127,51.305570675649534,30
1714761574,127,44.34035915342091,127,45.94069144844879,127,49.6224782556313,30
1714762474,127,54.12378507392476,127,48.67082440590566,127,47.345735166435325,30
1714763374,127,47.009437515273454,127,52.856997104388576,127,50.72130648617478,30
1714764274,127,49.89241440329691,127,42.409830924007125,127,40.422557799101824,30
1714765174,127,54.938539225123165,127,48.812685591669904,127,56.651422339457724,30
1714766074,127,50.73362839536356,127,48.92478383744191,127,53.39288749121725,30
1714766974,127,46.35395858308858,127,48.728641916096784,127,52.26971222311843,30
1714767874,127,49.56644242269995,127,43.85056481954224,127,44.25482358003188,30
1714768774,127,54.87622496732618,127,49.188017462713475,127,36.48603302323526,30
1714769674,127,55.10703374331025,127,41.89315228396708,127,52.170220357107056,30
1714770574,127,56.74055821552374,127,43.536526628687135,127,51.610103310618754,30
1714771474,127,46.715168935195024,127,58.209566593688535,127,50.8215582009068,30
1714772374,127,49.93385803394182,127,40.83344530902942,127,45.32698692509119,30
1714773274,127,45.296918517841334,127,45.3820635421837,127,53.25216204020747,30
1714774174,127,50.52234387811236,127,56.134071155217136,127,48.89528840392315,30
1714775074,127,48.8079583216261,127,43.99241358904884,127,47.34191099422206,30
1714775974,127,50.87611003877057,127,53.44678443505212,127,51.17297283583345,30
1714776874,127,52.30319138732376,127,46.98711459538629,127,45.968170224839355,30
1714777774,127,47.15331101313766,127,40.83855200274458,127,47.70564045824132,30
1714778674,127,47.780545710723395,127,56.90674444081993,127,46.41678784108264,30
1714779574,127,43.39727929641609,127,58.49311377719276,127,45.19475513722798,30
1714780474,127,53.70149526130285,127,52.984389525693075,127,39.99302079104121,30
1714781374,127,57.53788122984894,127,49.80529849135401,127,52.46840928784264,30
1714782274,127,48.15608897850307,127,48.06213716123019,127,56.11883917955748,30
1714783174,127,51.63101850182847,127,54.49942330407784,127,60.950391094130865,30
1714784074,127,56.35177178963609,127,60.97578030026673,127,51.07838599151844,30
1714784974,127,42.16800431290773,127,38.96098684902867,127,50.342645792550286,30
1714785874,127,42.2094862884811,127,44.981586574607554,127,43.148810875436695,30
1714786774,127,50.847090379312974,127,45.43123484134809,127,55.48054685157081,30
1714787674,127,49.01350438675726,127,45.6203554798555,127,47.379181272480075,30
1714788574,127,52.05153714221668,127,50.72476291133486,127,46.2743046349507,30
1714789474,127,51.16677660068252,127,55.89112851278939,127,50.70639872051072,30
1714790374,127,42.8192753295541,127,48.20109479657678,127,45.54427115866071,30
1714791274,127,38.50221562229389,127,50.134863946288526,127,47.48228583799939,30
1714792174,127,42.71966250515967,127,58.905202561590194,127,43.34491410099645,30
1714793074,127,40.565096013063865,127,48.87851612623041,127,53.635640319998394,30
1714793974,127,53.77974984348364,127,57.354158463964495,127,49.76233332987815,30
1714794874,127,47.24746934530072,127,43.95442790052176,127,55.486359999674114,30
1714795774,127,50.899114313586416,127,50.487987489263226,127,53.0075414303194,30
1714796674,127,42.12644343562694,127,38.09788422490172,127,51.12143944421459,30
1714797574,127,52.07211532009056,127,39.65263753774647,127,50.34491670664862,30
1714798474,127,45.60728399372711,127,48.86812083278205,127,51.435448509305616,30
1714799374,127,49.371177020093896,127,47.35974826777615,127,46.799194685712266,30
1714800274,127,45.49054883277431,127,53.441598948197445,127,48.56450051083485,30
1714801174,127,60.32405061955891,127,62.6606435210766,127,49.3825091624585,30
1714802074,127,51.8512737649346,127,56.984589531411885,127,48.563681942395,30
1714802974,127,47.41229020727121,127,50.73765422579118,127,50.38517592209429,30
1714803874,127,55.02779121172969,127,57.189476884913624,127,47.24096483339173,30
1714804774,127,49.77286187356904,127,45.226342779007894,127,41.29112978561213,30
1714805674,127,52.75818349299415,127,57.24708924884495,127,56.14999640198931,30
1714806574,127,50.17237892024817,127,54.02518880158805,127,50.79328156213999,30
1714807474,127,42.79104565730682,127,54.01924596673554,127,47.69153075797018,30
1714808374,127,42.21838130169554,127,48.78276347084998,127,54.22906189338412,30
1714809274,127,48.421638007851946,127,45.2380308753221,127,48.30870489635813,30
1714810174,127,50.76017832922803,127,51.81552023005094,127,58.36319476991329,30
1714811074,127,46.57529956448276,127,58.168571803416526,127,51.87873094897817,30
1714811974,127,44.425295449102975,127,49.353767651516385,127,52.92251183094354,30
1714812874,127,63.55394782676378,127,50.9774036532724,127,60.03950439079552,30
1714813774,127,48.43168921647459,127,42.51693476948128,127,47.58610482337586,30
1714814674,127,47.25454143619215,127,54.33400784342667,127,47.78730860649222,30
1714815574,127,48.26489072037897,127,49.94669266000482,127,50.72923997907753,30
1714816474,127,54.9411570890766,127,57.53269649565548,127,55.1333385759036,30
1714817374,127,41.507476091011775,127,43.87415743808347,127,49.731264543243924,30
1714818274,127,53.14029117496446,127,39.44998061499223,127,50.46079129004153,30
1714819174,127,60.0544743518916,127,50.68428321575034,127,51.33314035956049,30
1714820074,127,52.62981964758364,127,47.42916155842622,127,49.37280694289329,30
1714820974,127,40.07693643295416,127,46.81198085263066,127,50.915259787089745,30
1714821874,127,43.27568514971085,127,58.97630237764457,127,46.52338236036573,30
1714822774,127,47.777079886922856,127,48.574512045995554,127,46.589269813599365,30
1714823674,127,46.941869973711455,127,49.78955760483659,127,44.49141451531938,30
1714824574,127,53.34857447309568,127,48.08242888824243,127,49.35075360409768,30
1714825474,127,47.651600704224535,127,57.197851605156025,127,50.141801013761814,30
1714826374,127,52.17324841264919,127,54.514033878956965,127,43.62717436597383,30
1714827274,127,45.95707250043391,127,51.07583285841623,127,55.53462505305185,30
1714828174,127,55.34159845782622,127,44.49396276263569,127,48.945631146160764,30
1714829074,127,55.15827475685844,127,50.1101911683767,127,50.97809594445303,30
1714829974,127,49.84584955029356,127,54.90942506572212,127,45.105673104162925,30
1714830874,127,47.69768431362851,127,53.58685640721396,127,39.04982012271738,30
1714831774,127,49.73944287756367,127,50.20179870930794,127,56.226812098566334,30
1714832674,127,52.91791414944529,127,57.117936708601135,127,54.82043267378042,30
1714833574,127,51.44603428747156,127,51.1407668945416,127,50.94448321016438,30
1714834474,127,46.677793495643705,127,48.168533729227335,127,47.67288383260058,30
1714835374,127,49.36721011452581,127,47.3603322747648,127,48.589367547604816,30
1714836274,127,52.87088517709072,127,45.052613736722435,127,41.984818060225194,30
1714837174,127,52.68125267185146,127,49.67899384132626,127,47.00475995112636,30
1714838074,127,48.00932907541783,127,47.557567997393505,127,54.41472191504832,30
1714838974,127,45.404064767997895,127,32.014183268098066,127,44.45550939655265,30
1714839874,127,48.58715437232965,127,50.400928907585886,127,60.0305355484168,30
1714840774,127,52.69085603521572,127,46.505298089290065,127,46.828648354745056,30
1714841674,127,53.39178121268141,127,41.3621248539783,127,50.515400858443165,30
1714842574,127,44.39099538627127,127,45.78709071483463,127,48.96533691511382,30
1714843474,127,43.82276559443518,127,46.71608596916998,127,50.54162084988998,30
1714844374,127,54.02218843655386,127,51.32804214459684,127,44.358040711694635,30
1714845274,127,46.136980042340326,127,48.660983104977156,127,45.88063731207774,30
1714846174,127,46.301206289169876,127,51.71012303524322,127,53.37181159116587,30
1714847074,127,55.38578127270411,127,44.2199736128537,127,48.00595298634828,0
1714847974,127,48.82648253467289,127,37.23152418275555,127,47.82361829206169,0
1714848874,127,46.317268430061915,127,53.454049423618855,127,58.70807141610095,0
1714849774,127,45.51938557041891,127,55.50174341108415,127,57.774665443654825,0
1714850674,127,53.60225763216113,127,51.472287055799626,127,47.38116715942133,0
1714851574,127,43.79658268228444,127,50.95528825704718,127,47.43384123850919,0
1714852474,127,49.46055123388718,127,51.45642825898422,127,49.1124879368307,0
1714853374,127,47.78251086050265,127,41.935047046033326,127,45.584361151582435,0
1714854274,127,60.61154522626939,127,52.962159099264234,127,49.20968602729653,0
1714855174,127,42.453083993974296,127,49.47388913912019,127,52.4732665962895,0
1714856074,127,56.522246949536544,127,47.356823221555494,127,52.6469007382289,0
1714856974,127,49.670814965853154,127,39.428884163670645,127,41.68081459212203,0
1714857874,127,50.950941703449516,127,50.361134415120475,127,58.12443302768438,0
1714858774,127,49.201545442618084,127,54.54551688145971,127,50.228667130309944,0
1714859674,127,49.26344082223533,127,43.67496069570909,127,56.146758643323366,0
1714860574,127,38.86858222228636,127,54.01840890246551,127,42.46045249009227,0
1714861474,127,48.4888924567256,127,47.330398148905566,127,49.9859260899217,0
1714862374,127,54.80207548935414,127,55.10380363292253,127,41.11703736027323,0
1714863274,127,51.56286315856629,127,47.400118769586214,127,46.48239494977905,0
1714864174,127,42.20297037951673,127,45.14405393806052,127,45.95251238200884,0
1714865074,127,48.50369908507274,127,50.51903173520888,127,52.449703874918434,0
1714865974,127,47.56692704865104,127,47.86452183399269,127,49.39798904980361,0
1714866874,127,50.000190256685656,127,46.446851999243954,127,44.214416899432536,0
1714867774,127,56.29227055401897,127,45.45085356219519,127,52.30305091456413,0
1714868674,127,45.516251195318446,127,46.2561461598241,127,55.66514274557745,0
1714869574,127,48.75615677028313,127,50.242844812685426,127,54.95420972450182,0
1714870474,127,58.597137633429725,127,55.694326393796715,127,52.0251872530704,0
1714871374,127,53.59882807444359,127,49.95227314139125,127,41.07454848872617,0
1714872274,127,51.40368099272346,127,51.55672830556432,127,47.92560970013652,0
1714873174,127,47.427762645270626,127,61.68524863753561,127,45.49070074032562,0
1714874074,127,49.783674804843784,127,53.14710680610398,127,43.89250458700761,0
1714874974,127,48.25975974941783,127,52.47065138245276,127,45.7861456791129,0
1714875874,127,44.53986501887343,127,55.66582490794525,127,52.72292498212031,0
1714876774,127,40.00567467249401,127,47.43168032333474,127,57.83490408134493,0
1714877674,127,42.57355466319403,127,55.84875154628765,127,50.857016120019146,0
1714878574,127,49.25099778418149,127,41.41621657543109,127,51.038737667277864,0
1714879474,127,48.582262353790234,127,53.40508536842938,127,50.8995271816253,0
1714880374,127,48.3829125682482,127,56.14286473547065,127,48.75258535379401,0
1714881274,127,52.475806683682,127,56.41767184293397,127,48.92346305381503,0
1714882174,127,42.17229106915684,127,55.32125907531258,127,47.767112919010366,0
1714883074,127,53.12901399482406,127,47.74077295170727,127,46.52092901939597,0
1714883974,127,47.99526656721105,127,46.28063449360019,127,44.92446693131792,0
1714884874,127,51.142235878368005,127,47.39996706135139,127,58.869350194551146,0
1714885774,127,45.0959128621909,127,58.32952810845146,127,43.672171997532594,0
1714886674,127,50.80971703310293,127,52.85721816249422,127,54.10701197070838,0
1714887574,127,46.42402787114794,127,46.31590165171979,127,47.236315521495285,0
1714888474,127,47.859355177673585,127,43.2647151687385,127,51.15489814796325,0
1714889374,127,44.09767691970634,127,49.01459396949834,127,46.577625017883925,0
1714890274,127,50.61123338167755,127,47.45114137146844,127,55.19415939185863,0
1714891174,127,49.983508695013526,127,45.2722824129186,127,50.26066594549756,0
1714892074,127,54.70325426020264,127,57.11202979045242,127,53.52594825551847,0
1714892974,127,49.75725308623938,127,50.015358306328615,127,49.5857910902948,0
1714893874,127,51.810548678770296,127,55.753480022468906,127,43.7943565669827,0
1714894774,127,53.00806625578979,127,40.65948772480537,127,48.52596567704858,0
1714895674,127,47.27013863464111,127,43.36448553809133,127,50.07303171953663,0
1714896574,127,50.41005945463636,127,55.936091984789414,127,50.1131210892699,0
1714897474,127,52.78866863389312,127,46.58217028881306,127,48.08569205277649,0
1714898374,127,49.91398478575662,127,48.47036471441313,127,44.23331389293219,0
1714899274,127,51.468749312394614,127,44.34783205533878,127,42.318893430958305,0
1714900174,127,55.53394454189698,127,41.42044519703421,127,50.813549601100846,0
1714901074,127,67.45775182191673,127,54.126397416542105,127,46.83117700721791,0
1714901974,127,46.987923230028265,127,51.23614376182692,127,50.44427525233641,0
1714902874,127,51.774692837931056,127,53.442608278456554,127,50.14964285780137,0
1714903774,127,49.66793525676714,127,46.8363267480193,127,49.13040341576874,0
1714904674,127,45.87092058144853,127,50.9749378537272,127,48.91815176121329,0
1714905574,127,55.28544510709072,127,46.21325564957643,127,42.35103005154326,0
1714906474,127,51.768872360382254,127,51.70361076872459,127,56.65489068726674,0
1714907374,127,53.75050281353703,127,44.01412423324325,127,51.9212001330345,0
1714908274,127,50.55324364698679,127,54.666286111401874,127,56.21696388951173,0
1714909174,127,55.24464130487442,127,46.427851524139754,127,51.99684586552609,0
1714910074,127,44.03756605911456,127,41.805642550418895,127,53.14147124669595,0
1714910974,127,48.38926872530622,127,61.158602437228154,127,44.98374068761804,0
1714911874,127,62.99471213949582,127,53.63113536749157,127,59.19111735082332,0
1714912774,127,55.33272571522545,127,53.14894226850191,127,41.01676221621201,0
1714913674,127,51.013197063627935,127,46.842589069159764,127,39.654090599537085,0
1714914574,127,48.38604372047119,127,46.51397810811009,127,49.57315593597292,0
1714915474,127,46.23242629462162,127,51.96281355955539,127,42.40332705518971,0
1714916374,127,48.53096823063941,127,51.78111373619037,127,45.18435142896528,0
1714917274,127,48.4400400288269,127,34.89003325608135,127,43.72861659459713,0
1714918174,127,51.529245523261636,127,49.93445222445079,127,49.938842430432516,0
1714919074,127,49.80607507205422,127,44.516131827926515,127,52.78235913571835,0
1714919974,127,46.66670888750394,127,51.942137282009924,127,59.80178084538195,0
1714920874,127,47.09766516922653,127,54.2653601785927,127,48.35346491248286,0
1714921774,127,46.09428523042176,127,52.74349736203561,127,48.92178442056382,0
1714922674,127,52.48708585463923,127,59.07458907517251,127,49.58437332211837,0
1714923574,127,48.96179019866485,127,52.412106688255925,127,51.017913525121934,0
1714924474,127,51.28772996153756,127,43.95968763967508,127,45.08899248085602,0
1714925374,127,45.99367234811848,127,55.712889648799504,127,53.96138155523994,0
1714926274,127,56.15580773417346,127,42.155617211689034,127,53.52383688858068,0
1714927174,127,51.42577768026997,127,61.049337701385845,127,55.28534319884576,0
1714928074,127,49.839479884739916,127,49.35813950392812,127,51.79531595313992,0
1714928974,127,43.148522812143,127,42.85948606979574,127,48.69480563669581,0
1714929874,127,53.265273078343895,127,52.09204416566322,127,51.46834160683331,0
1714930774,127,49.22158157156107,127,54.68891515983684,127,49.320018021521435,0
1714931674,127,45.91460365156877,127,43.799616039437495,127,47.633791677985975,0
1714932574,127,44.16451380604158,127,45.79349175483736,127,42.98628798626106,0
1714933474,127,55.18553823852023,127,45.65569239257832,127,47.33687150419738,0
1714934374,127,52.77760916148503,127,42.67577440038666,127,44.5816341272818,0
1714935274,127,59.40043416218824,127,45.689328554904776,127,52.55367615035897,0
1714936174,127,59.75110496523728,127,53.10809708950951,127,52.09525109026121,0
1714937074,127,61.148979293552614,127,45.89590007362967,127,41.00445698483643,0
1714937974,127,46.788504036996855,127,46.236820758631545,127,49.94866160594915,0
1714938874,127,46.89048459308268,127,54.57343181839068,127,53.16640790880853,0
1714939774,127,43.444737082776214,127,54.106656970640415,127,49.45157348515723,0
1714940674,127,37.700016182888675,127,53.48202830099003,127,41.733224426210185,0
1714941574,127,57.27258197460479,127,49.841158521097846,127,48.8167981821777,0
1714942474,127,54.03935910237624,127,50.521947380113076,127,55.22097005551538,0
1714943374,127,52.86788055165764,127,48.203931155606334,127,58.21928465194877,0
1714944274,127,38.43648254380293,127,46.82872483781021,127,44.95442161077449,0
1714945174,127,48.38064147540119,127,50.79972176920746,127,50.03799840795752,0
1714946074,127,56.47893856030594,127,50.56916171342617,127,54.076142526201956,0
1714946974,127,46.52317427759155,127,46.30139715997692,127,51.17744237088508,0
1714947874,127,49.92361494076162,127,55.68951854026633,127,47.522000005703134,0
1714948774,127,53.36794939870059,127,50.578644683355265,127,56.62654093953431,0
1714949674,127,49.763012572101125,127,50.37459788945338,127,55.56333539166609,0
1714950574,127,43.27258904597195,127,52.82895630063398,127,48.41313381583688,0
1714951474,127,46.688092908614415,127,54.69536437653944,127,48.248436405530214,0
1714952374,127,52.61231709379932,127,58.50926666865079,127,55.95865175074401,0
1714953274,127,62.64300952916221,127,45.086142804071166,127,41.242344294586644,0
1714954174,127,51.62932208575292,127,55.94705805415294,127,51.396909151626794,0
1714955074,127,37.42441108513346,127,51.23087782788575,127,49.87586490316599,0
1714955974,127,54.30537961062559,127,42.93737584197368,127,54.99691959791498,0
1714956874,127,42.707203084367386,127,43.88899400048418,127,37.02052256996325,0
1714957774,127,58.81820861213983,127,38.07532924042826,127,54.31879217504367,0
1714958674,127,49.1195324624852,127,48.346455489135764,127,56.572778350005464,0
1714959574,127,52.57467883883946,127,52.915436314312586,127,61.97398933637089,0
1714960474,127,56.65230345435897,127,63.76988932759363,127,44.33046079475109,0
1714961374,127,41.051251954357646,127,50.402656977061,127,51.261256119061095,0
1714962274,127,51.245668670572975,127,53.31544248916137,127,51.27194909399601,0
1714963174,127,49.11514737759713,127,52.73032351122075,127,49.162039677865515,0
1714964074,127,53.217441566849395,127,56.1433987352195,127,38.5023005344514,0
1714964974,127,48.53649430427218,127,53.22195542113496,127,44.96623016622516,0
1714965874,127,58.41759164843655,127,54.96565880869186,127,52.364595369538975,0
1714966774,127,44.283681212713624,127,46.281699855442525,127,48.71993249444802,0
1714967674,127,54.72235564853852,127,53.95566302584102,127,58.173111160297196,0
1714968574,127,49.34886815128078,127,44.855314193092624,127,50.04270935934986,0
1714969474,127,43.33435300138409,127,55.89005329322515,127,45.249963845554646,0
1714970374,127,53.37718640468208,127,55.03359979453387,127,45.87809000724119,0
1714971274,127,44.7581738983813,127,40.45416479742891,127,50.2489345615919,0
1714972174,127,51.21447859036669,127,50.46506178128693,127,50.87359369895038,0
1714973074,127,48.52971032259197,127,40.7793142101191,127,46.71772221187473,0
1714973974,127,43.12602493648518,127,48.52471279303256,127,47.044180840434514,0
1714974874,127,45.00154425293313,127,44.77351845960062,127,45.88286500552353,0
1714975774,127,43.46422726494208,127,52.259763286858316,127,55.7945221832315,0
1714976674,127,47.363721922794554,127,52.07205254159923,127,54.90340680719303,0
1714977574,127,58.923775622469165,127,44.92735132353965,127,52.85610385990934,0
1714978474,127,47.00973616927092,127,52.51481018833408,127,49.69357278751695,0
1714979374,127,53.81225251316798,127,43.386846747940986,127,47.826943993284566,0
1714980274,127,53.02823318161479,127,49.75075026215547,127,48.10812265433333,0
1714981174,127,42.49054852967278,127,50.314004896689426,127,53.132631106057985,0
1714982074,127,54.16698920936018,127,51.57024005435805,127,50.2123613315855,0
1714982974,127,40.199971466114164,127,57.52678925547448,127,40.10993046012056,0
1714983874,127,47.071161897949864,127,53.42071015693017,127,53.05734187176155,0
1714984774,127,43.490473766874615,127,51.270033546468156,127,54.56391622240151,0
1714985674,127,52.20893258095894,127,56.41820719020569,127,50.51998289383988,0
1714986574,127,56.07015932298053,127,47.22535127164762,127,47.50724562543521,0
1714987474,127,53.14625057681984,127,51.84293492205604,127,55.57857224270843,0
1714988374,127,57.761687852247405,127,38.397491453259306,127,52.9416735011479,0
1714989274,127,41.62820546718797,127,43.09598503783723,127,44.25679139286428,0
1714990174,127,47.729519618757614,127,48.53359106814264,127,44.53098301507588,0
1714991074,127,56.23532916187854,127,50.74154160738235,127,43.037286838274724,0
1714991974,127,45.83441741364375,127,48.66668426613581,127,57.528544631648394,0
1714992874,127,45.96559694843386,127,44.55705082882618,127,61.95800490229185,0
1714993774,127,47.978807954653846,127,47.61461797166675,127,49.217728636958846,0
1714994674,127,46.71226632912306,127,51.435670188860065,127,49.982230006009395,0
1714995574,127,49.47056506617619,127,50.74411073996266,127,51.80268981396385,0
1714996474,127,37.5417189320882,127,42.4990617118493,127,52.075184420581735,0
1714997374,127,54.10120317660644,127,42.507587428559866,127,56.253495304442836,0
1714998274,127,45.380176745227686,127,45.15540054829051,127,46.626485847314626,0
1714999174,127,45.18741697488028,127,50.459886956864096,127,58.94410770070961,0
1715000074,127,48.40812590481786,127,42.191862861212044,127,53.904237755625495,0
1715000974,127,49.637382511628495,127,53.61834465697483,127,45.75955910050913,0
1715001874,127,52.166035026957786,127,46.407849805840215,127,47.4633704492766,0
1715002774,127,46.42245569751313,127,50.96131314540056,127,40.88708251273414,0
1715003674,127,42.2916120640335,127,47.69549049437411,127,47.701545071598915,0
1715004574,127,51.05391377082538,127,39.74170713377647,127,57.59761644522016,0
1715005474,127,54.13500501567293,127,48.02530426009266,127,56.2373066464184,0
1715006374,127,56.812132820592666,127,39.511230739571644,127,51.683653966680104,0
1715007274,127,56.74892871957465,127,49.42537276511693,127,49.446535604030636,0
1715008174,127,46.77351426097486,127,52.347725827516975,127,50.4819947703147,0
1715009074,127,48.93393061822606,127,56.97826976997429,127,47.63759269828894,0
1715009974,127,45.70297417523841,127,59.380093562291684,127,49.32541585790422,0
1715010874,127,48.19781038313736,127,52.469379226492215,127,51.08258917562609,0
1715011774,127,43.32194313374692,127,55.89171579133312,127,50.83513557664023,0
1715012674,127,49.7706426845606,127,51.47985382605083,127,45.72599338529542,0
1715013574,127,48.63327468289718,127,52.15453629735217,127,52.990670108013944,0
1715014474,127,46.831152041294985,127,50.57735051895734,127,49.4816181023068,0
1715015374,127,54.47789501896835,127,51.735309859352306,127,51.611813920607304,0
1715016274,127,53.35182035223566,127,51.84762456344969,127,43.53432120072131,0
1715017174,127,60.44079651878519,127,48.418149678423056,127,49.50183240541454,0
1715018074,127,49.79323273883478,127,42.91246310776509,127,47.03480465257879,0
1715018974,127,52.22856568246649,127,49.251935779975284,127,49.15632605452346,0
1715019874,127,51.93704002390851,127,45.70545525858205,127,47.11551171268546,0
1715020774,127,58.57598629884127,127,46.5019159931003,127,48.60737093631109,0
1715021674,127,44.86963501233382,127,56.56259558913505,127,51.38431274574006,0
1715022574,127,53.571852788728954,127,48.63660550898199,127,49.71425184565332,0
1715023474,127,49.685607582731635,127,46.13266342275273,127,41.22255295785707,0
1715024374,127,56.611162381622414,127,54.45917289494537,127,56.52065009331731,0
1715025274,127,43.18342151534589,127,50.176987432617814,127,51.64301801822552,0
1715026174,127,53.0798970182444,127,56.724825003834916,127,49.88615413668737,0
1715027074,127,58.31953414223766,127,40.385799713344994,127,52.560114631005156,0
1715027974,127,44.87410363531506,127,53.186183613762275,127,57.96519921964686,0
1715028874,127,46.79528095641547,127,57.10858570199158,127,50.32906753584318,0
1715029774,127,59.312723234075364,127,53.3936581083032,127,47.795269072662535,0
1715030674,127,50.69748963638835,127,46.48470808506642,127,53.66909554484866,0
1715031574,127,46.354272768589354,127,48.10896366163665,127,35.922723028221085,0
1715032474,127,45.686402637874124,127,45.8334281569971,127,56.11123140632563,0
1715033374,127,54.20599649075132,127,51.75498556707396,127,51.17959419492854,0
1715034274,127,54.583116434934325,127,50.03325500038372,127,57.864516387795234,0
1715035174,127,52.00177176306316,127,47.54324040415393,127,54.2226692421937,0
1715036074,127,50.10040135113256,127,55.327127368637036,127,56.990855267087255,0
1715036974,127,41.972026683881325,127,50.114269759855446,127,54.205471374284464,0
1715037874,127,42.0909105834634,127,48.45608249717248,127,46.080106203943544,0
1715038774,127,54.121671692307814,127,45.10863223869757,127,49.35446168246071,0
1715039674,127,44.169275987873746,127,56.289578000059045,127,51.956081122740116,0
1715040574,127,49.0867393049447,127,42.30597736527054,127,50.34065207875739,0
1715041474,127,53.503386765133236,127,50.147920208671295,127,50.99625710613575,0
1715042374,127,51.26322535254153,127,40.92751926120851,127,44.09161996206048,0
1715043274,127,45.04055368001658,127,53.04819371928777,127,51.00834553179009,0
1715044174,127,46.61864817849635,127,43.20541114086676,127,53.67502300323346,0
1715045074,127,49.00329532688174,127,36.55612498648192,127,43.58187602394881,0
1715045974,127,59.75534179777267,127,50.81107501018209,127,42.988265367966314,0
1715046874,127,57.04904724345218,127,50.31546656250397,127,55.480701299494726,0
1715047774,127,45.58328891382559,127,59.35131065992354,127,49.455054408434926,0
1715048674,127,48.470785510430495,127,46.45903967383862,127,48.044282110831496,0
1715049574,127,46.45545182300762,127,59.53864649345914,127,47.20059818599302,0
1715050474,127,54.99550871472745,127,53.5750429132473,127,48.06539865713617,0
1715051374,127,45.144717068983375,127,49.662076409147524,127,55.66480688096285,0
1715052274,127,53.264668946109815,127,56.15224860574257,127,55.59502067629229,0
1715053174,127,45.497605130547136,127,49.91520744073514,127,57.69434168181628,0
1715054074,127,40.01285100507334,127,49.840395428060305,127,51.11982878960698,0
1715054974,127,54.72754194170673,127,52.11461770396794,127,44.12160001864992,0
1715055874,127,48.97574339181739,127,54.7824774240409,127,57.930669969657295,0
1715056774,127,53.95642003296157,127,47.24583154780573,127,46.6416099890291,0
1715057674,127,46.51586328461957,127,43.01922287825229,127,47.19975043649249,0
1715058574,127,51.6233853753786,127,57.03804403207376,127,49.600822725197574,0
1715059474,127,51.257643243231016,127,52.454852886769174,127,51.63168608352963,0
1715060374,127,57.38744525917354,127,55.25367664759443,127,47.487207737596805,0
1715061274,127,37.086267974974916,127,43.01804044509956,127,51.96916950521732,0
1715062174,127,50.66205529839452,127,53.04600489406148,127,46.79727880067646,0
1715063074,127,55.3551167939646,127,54.88955355535519,127,54.732699937428166,0
1715063974,127,45.45769902338943,127,44.7606568102655,127,49.33171819223188,0
1715064874,127,45.19938157590491,127,48.87665240324461,127,43.03335261729347,0
1715065774,127,58.404370463786435,127,45.633582336454126,127,47.84235849292541,0
1715066674,127,43.6299356667094,127,52.16205511168649,127,55.90358695872645,0
1715067574,127,62.51399766720923,127,44.203646554165665,127,62.42508627484838,0
1715068474,127,56.498413947856626,127,49.09422621281093,127,47.71608389530859,0
1715069374,127,50.29171169457929,127,52.44303153056034,127,59.55390680922124,0
1715070274,127,47.94786418568011,127,53.56104503409869,127,50.59978608254945,0
1715071174,127,53.52633451627089,127,50.69140867400684,127,55.96477966999433,0
1715072074,127,49.129515515455786,127,54.6416746249241,127,46.00879019056636,0
1715072974,127,46.7883896887446,127,55.80242646923996,127,44.729453663979065,0
1715073874,127,53.78380423274067,127,49.29087829665418,127,43.14859799769498,0
1715074774,127,64.7230249264753,127,42.77990946001594,127,49.56569106919781,0
1715075674,127,47.62946662852493,127,45.85842386287268,127,54.508469503403106,0
1715076574,127,49.01830590863358,127,46.610985560440845,127,55.587443735050705,0
1715077474,127,51.15868157441852,127,44.85888739491503,127,48.99743628484578,0
1715078374,127,38.90382712464766,127,51.00893366833243,127,50.2468916839543,0
1715079274,127,56.68775882014619,127,52.364950326448756,127,46.42769621346248,0
1715080174,127,45.00825236354781,127,53.0185900241546,127,40.872629932927104,0
1715081074,127,51.20001325800277,127,51.165089848835656,127,62.628110182316874,0
1715081974,127,42.91226382548296,127,48.13228185131488,127,58.12278818071614,0
1715082874,127,51.02617958199295,127,53.248707155794115,127,52.03869212292649,0
1715083774,127,48.88492905556169,127,46.217595283376966,127,49.54193544854706,0
1715084674,127,55.43655288868965,127,48.66731257261308,127,47.15769580155234,0
1715085574,127,46.015788266514285,127,41.6482772344185,127,45.6963173176247,0
1715086474,127,51.591962741360334,127,45.17082703585636,127,50.21756019433201,0
1715087374,127,47.424519218966864,127,44.45141567572319,127,50.84928040746279,0
1715088274,127,64.70978848185351,127,38.26126280709771,127,43.37646382952931,0
1715089174,127,47.51863171385497,127,49.11300002673937,127,49.91798094212266,0
1715090074,127,62.769270796424465,127,58.82988963052341,127,49.50531944775431,0
1715090974,127,51.67046890857664,127,60.67232659550407,127,47.546362648074194,0
1715091874,127,50.58195380642623,127,48.77681433359113,127,43.50848605248419,0
1715092774,127,41.03175370955793,127,46.5751495671079,127,54.07212325345074,0
1715093674,127,51.59074249588356,127,59.546455832785306,127,54.04299981301277,0
1715094574,127,53.90147882296455,127,49.55682461408821,127,48.70563927833918,0
1715095474,127,50.34759088872856,127,51.833690546056935,127,48.11887683343138,0
1715096374,127,51.0374765044377,127,48.29264256426573,127,50.69219994408637,0
1715097274,127,46.071857586646516,127,52.58938538317126,127,56.81513000712026,0
1715098174,127,46.75805182851735,127,54.036188350011955,127,48.34546273059165,0
1715099074,127,51.36620176080544,127,52.976825353549756,127,52.4751874517801,0
1715099974,127,52.36290070117994,127,45.9331596194242,127,52.015818660042804,0
1715100874,127,45.76834539250446,127,43.75278003717076,127,46.10475449918648,0
1715101774,127,48.49937656360854,127,53.80335158893588,127,36.98193729805067,0
1715102674,127,51.156206588073,127,50.310896063617115,127,56.58711491682462,0
1715103574,127,47.049840246404415,127,55.553579313289646,127,55.24126455421632,0
1715104474,127,48.55357005217424,127,51.10598280560057,127,45.72023852274464,0
1715105374,127,50.05779221514577,127,45.331661927400944,127,59.73102663941591,0
1715106274,127,39.36982858674582,127,51.474462382294355,127,56.23230120276931,0
1715107174,127,41.38846087752674,127,54.08063687531063,127,44.72402462676122,0
1715108074,127,44.68837982126977,127,53.08232245018913,127,53.07021393609361,0
1715108974,127,53.79943942664369,127,56.52387702861722,127,57.736590541173854,0
1715109874,127,44.49146864004529,127,51.64380726457318,127,52.640898461765396,0
1715110774,127,62.768442842964774,127,51.038815370081444,127,38.53890021770797,0
1715111674,127,42.53318835560531,127,48.81496433829236,127,46.336023823896014,0
1715112574,127,60.803354157524765,127,44.108276653259296,127,43.394247587485594,0
1715113474,127,46.26034564807765,127,47.146544497111925,127,37.3242982117378,0
1715114374,127,55.9398239012215,127,46.53141739072992,127,50.41823002694968,0
1715115274,127,47.11938969742071,127,54.823906273999214,127,51.89525144129667,0
1715116174,127,47.31536086821377,127,45.05535884284599,127,49.64333500995284,0
1715117074,127,40.134185942253666,127,50.08851413397641,127,49.908139584673805,0
1715117974,127,51.89178748642592,127,50.08156069743335,127,43.445988213456715,0
1715118874,127,58.67891183531273,127,54.2322864772881,127,48.04849455293955,0
1715119774,127,48.31573288704811,127,52.48383332234115,127,36.04580386073989,0
1715120674,127,48.017408275709705,127,48.187957621812565,127,52.44056515907355,0
1715121574,127,49.14865691529913,127,44.154547097766134,127,40.869066567662614,0
1715122474,127,47.88481410296686,127,52.39425274303137,127,52.329274203234604,0
1715123374,127,51.15516882264062,127,50.49267788882684,127,52.3691810223897,0
1715124274,127,46.32777603160723,127,56.19204460679444,127,36.846866247577076,0
1715125174,127,42.33963856279064,127,43.623302539055516,127,57.73370817060545,0
1715126074,127,58.18977798898789,127,55.015032500983764,127,54.94907006466056,0
1715126974,127,50.2123126360938,127,47.614357857098746,127,55.64904153686453,0
1715127874,127,53.35532419584987,127,48.362867878299426,127,53.657064551837145,0
1715128774,127,45.82621891855625,127,48.89508504101036,127,54.152958398226886,0
1715129674,127,49.44618070793797,127,44.96756888104031,127,46.06584218344722,0
1715130574,127,51.428395053502086,127,44.063983776702415,127,36.572764453826494,0
1715131474,127,55.91860088063327,127,47.49103022925132,127,46.184773272066096,0
1715132374,127,46.200340497866165,127,41.296989646887475,127,48.215311292412174,0
1715133274,127,48.35233815545647,127,50.77202657316834,127,41.923827685557164,0
1715134174,127,46.091659760890586,127,54.65134923560371,127,47.8341602966466,0
1715135074,127,42.62654876687284,127,43.620587282776654,127,45.522284915300915,0
1715135974,127,55.55968545102366,127,47.797848369432614,127,48.71805108483137,0
1715136874,127,43.49603540328904,127,44.727025234559775,127,58.961794421182326,0
1715137774,127,52.672234906721044,127,49.4720076017549,127,56.270183254762514,0
1715138674,127,49.3624452258307,127,50.66954371472189,127,48.756406005015286,0
1715139574,127,47.996998990823826,127,48.94288157480142,127,55.866334395120056,0
1715140474,127,52.5457931502218,127,49.20865256577831,127,53.45838128064024,0
1715141374,127,49.448866099022375,127,51.049112969573315,127,48.65788909291632,0
1715142274,127,48.89455602040845,127,57.04412403616451,127,47.65924022101679,0
1715143174,127,43.772591660108205,127,46.2075424399972,127,47.27867661445111,0
1715144074,127,56.49380263142804,127,49.54814358990566,127,46.48097089309751,0
1715144974,127,40.690909694423155,127,56.95694321912556,127,39.74664869391902,0
1715145874,127,55.334058568352674,127,55.012084499852314,127,45.47682317496696,0
1715146774,127,48.47301945322759,127,48.842560575428045,127,49.36808663966065,0
1715147674,127,45.84777178774293,127,45.96934208264228,127,48.78862591735921,0
1715148574,127,40.239947828243906,127,46.38174071344037,127,52.236951685313265,0
1715149474,127,50.6288952567005,127,53.022526281724176,127,44.90917627003324,0
1715150374,127,48.84937633328613,127,55.259397095301566,127,51.105729842628364,0
1715151274,127,39.480192699242565,127,52.38366938902523,127,47.12094975285165,0
1715152174,127,46.47954581001546,127,43.17173073733117,127,45.40603049005651,0
1715153074,127,50.57093800209971,127,49.68455586572773,127,54.642666019483286,0
1715153974,127,38.441825917158894,127,39.148639230481805,127,53.171613882824886,0
1715154874,127,41.993339968993304,127,48.922888784632306,127,57.63797451155965,0
1715155774,127,46.613596001212464,127,59.637163036237126,127,53.93051032534569,0
1715156674,127,48.67354350248626,127,45.558045655363976,127,51.12671831597456,0
1715157574,127,47.32399100644834,127,47.189611642274485,127,52.87004082731208,0
1715158474,127,51.555505078395505,127,57.637132586120934,127,48.01820738746978,0
1715159374,127,48.985048097434756,127,56.69603059803533,127,52.030287516883604,0
1715160274,127,44.724819221713105,127,44.745215869682234,127,44.980383560621895,0
1715161174,127,41.89294531608753,127,44.41932027651894,127,47.28400016395065,0
1715162074,127,41.56004422190377,127,60.736078818370686,127,47.328708641181734,0
1715162974,127,44.13380190897128,127,51.41425338581048,127,53.48405647122805,0
1715163874,127,48.223317603390335,127,43.39517637685334,127,57.42088342718225,0
1715164774,127,57.47589118078485,127,49.57811471684559,127,44.24468342613338,0
1715165674,127,51.33813203757679,127,40.40455155689396,127,56.68679444811052,0
1715166574,127,55.16139967800453,127,52.14685292397719,127,44.51343239435528,0
1715167474,127,55.614230830658414,127,49.37000516551381,127,48.02178638469056,0
1715168374,127,52.86556394960907,127,46.29315462168861,127,50.12735621268978,0
1715169274,127,49.12637796218311,127,46.95451065326281,127,38.25752970070436,0
1715170174,127,45.50554197103437,127,55.00692455271552,127,46.910625086172175,0
1715171074,127,66.07254322473563,127,58.50822696320499,127,49.08275457929205,0
1715171974,127,51.92541844435683,127,64.39033253316154,127,48.32921148065983,0
1715172874,127,48.13273391472886,127,49.43466773541107,127,50.90677919553251,0
1715173774,127,47.11926006333483,127,47.32923199830374,127,57.18988491316995,0
1715174674,127,50.20266016830858,127,46.90830540395065,127,52.00913582327121,0
1715175574,127,51.76272734937271,127,46.97088394628982,127,47.175896516428104,0
1715176474,127,50.46115253307077,127,50.77596404119713,127,57.72615507418329,0
1715177374,127,45.15931357969059,127,47.10768072039734,127,51.77627785118065,0
1715178274,127,52.25843049468649,127,40.450631253440264,127,51.24995419869967,0
1715179174,127,45.666530366812246,127,54.02590041187787,127,45.9279272473581,0
1715180074,127,48.759916729508845,127,50.787682319267546,127,51.47078065095829,0
1715180974,127,49.02177267120349,127,48.209993180086975,127,45.24832704263036,0
1715181874,127,46.8588783704672,127,43.110329648367085,127,57.69564064562344,0
1715182774,127,50.48732912636555,127,42.175293572579015,127,53.0849667567943,0
1715183674,127,42.1275471638707,127,45.545777023844174,127,49.80865172409184,0
1715184574,127,44.931599298749525,127,48.65746138536737,127,52.37286559821492,0
1715185474,127,40.73421902023935,127,57.65876148626383,127,53.40024999987125,0
1715186374,127,46.73705916886223,127,60.040429827497874,127,44.52054521662433,0
1715187274,127,55.26106108146947,127,48.38294643229353,127,59.62256324186612,0
1715188174,127,51.64499388661069,127,49.013425060931354,127,49.19994500675789,0
1715189074,127,49.490020539910844,127,49.315265580643846,127,48.33061136457456,0
1715189974,127,47.89133940723006,127,46.8619134032802,127,49.95584474042293,0
1715190874,127,51.24767951206107,127,53.12593507447926,127,51.021441322603046,0
1715191774,127,49.759006590787,127,47.82137609544568,127,50.94563322724164,0
1715192674,127,50.763771260560866,127,48.06654951004069,127,55.10464986122024,0
1715193574,127,53.4119060669325,127,46.52706289434341,127,46.154218545851,0
1715194474,127,47.11133407880044,127,50.06509594750424,127,45.800759997993524,0
1715195374,127,48.922105317375355,127,52.225844674810105,127,48.6647731648704,0
1715196274,127,50.8705311236015,127,47.39150241460597,127,45.50398584826668,0
1715197174,127,51.58970893750764,127,41.22024388033502,127,62.20722987381023,0
1715198074,127,44.94234219140905,127,46.14204581774492,127,48.462281073930406,0
1715198974,127,46.62214491442101,127,46.716772632566986,127,51.52571425731938,0
1715199874,127,49.22026490706131,127,47.634051644497525,127,42.433279909234614,0
1715200774,127,45.15356653962056,127,50.57388977027222,127,50.66509584918054,0
1715201674,127,42.9064374692095,127,48.94694820936495,127,37.57355400012865,0
1715202574,127,51.924596731581616,127,47.77024507547166,127,55.14157801343015,0
1715203474,127,52.11813309291805,127,55.733842687341486,127,47.98140097026187,0
1715204374,127,49.641140473064155,127,45.75385606641464,127,54.37922639076581,0
1715205274,127,50.562407489536064,127,49.111966880805106,127,56.030343664082075,0
1715206174,127,40.726871193730126,127,55.100829504173106,127,45.892488293998426,0
1715207074,127,50.31542519102674,127,40.690655868285575,127,50.77598578772079,0
1715207974,127,46.201325196500854,127,44.14454761007028,127,57.01556001962704,0
1715208874,127,43.12035725037516,127,47.87645945916812,127,52.217331068024535,0
1715209774,127,52.40045484108492,127,43.281323505081176,127,48.10294982150965,0
1715210674,127,58.60814381216419,127,47.69612564509617,127,59.211639133331424,0
1715211574,127,51.52866758607556,127,52.5896152319684,127,38.68159653795078,0
1715212474,127,47.83316173739246,127,56.44827489552502,127,47.85714095220054,0
1715213374,127,45.99653961745902,127,47.812074008891116,127,52.60122002024741,0
1715214274,127,45.206078485418516,127,47.44097581619612,127,45.2893115237648,0
1715215174,127,44.40787840066159,127,58.05934460864944,127,43.626645486489465,0
1715216074,127,53.53576848074845,127,50.609032108639184,127,55.99051959319207,0
1715216974,127,53.18176728890359,127,49.63592247878652,127,54.878893126949535,0
1715217874,127,47.9131993364434,127,49.992282274155954,127,46.18987543657705,0
1715218774,127,47.328140396312946,127,52.202564881406545,127,43.37979198663636,0
1715219674,127,57.21318872675231,127,52.032513143961296,127,57.816338317911,0
1715220574,127,50.078087672008294,127,47.737624590500886,127,55.37646374160846,0
1715221474,127,56.0179765882789,127,45.644430397361276,127,51.0205560125108,0
1715222374,127,51.23449578757046,127,49.11257878419566,127,44.24827054754545,0
1715223274,127,43.80898959817084,127,62.068560650268374,127,55.87545879822035,0
1715224174,127,57.983917955426435,127,41.716458041534764,127,38.34259577250439,0
1715225074,127,56.69709332606634,127,44.883710409025994,127,54.914295815617066,0
1715225974,127,53.192738438100925,127,53.33207645172161,127,49.482785172899426,0
1715226874,127,55.14867185955697,127,51.34047568710807,127,47.32469089034467,0
1715227774,127,47.85801182812778,127,43.9525664487211,127,49.01332911734376,0
1715228674,127,52.55302777768816,127,55.495197526224345,127,48.33135592394312,0
1715229574,127,47.70581376493059,127,45.85962499080023,127,48.68252705748459,0
1715230474,127,46.40362368471644,127,49.97693178729906,127,48.59812995953508,0
1715231374,127,59.156745254238984,127,48.6510538952896,127,57.967884166422664,0
1715232274,127,46.98071609243431,127,49.0688937814361,127,48.75678794734184,0
1715233174,127,49.158000369838135,127,43.925591067424705,127,47.760814729711726,0
1715234074,127,51.90748306243202,127,51.549181448842695,127,51.83636853037346,0
1715234974,127,47.4458490535979,127,44.36958599361913,127,52.26128897420603,0
1715235874,127,38.4000979816432,127,56.382065110666325,127,50.03553554175799,0
1715236774,127,54.476563028077464,127,49.133503573223095,127,45.82826474697402,0
1715237674,127,56.00035970987401,127,53.01397121639841,127,50.03279184277551,0
1715238574,127,47.382364756071844,127,57.036552659728926,127,57.75569702753108,0
1715239474,127,46.985607854148896,127,46.605932531269495,127,47.872396419116136,0
1715240374,127,43.510557827552915,127,48.925160186641286,127,50.99144374493004,0
1715241274,127,40.93384334414196,127,46.42572157636625,127,54.68848346465216,0
1715242174,127,50.46706310497641,127,38.90832114441808,127,51.067925636583745,0
1715243074,127,54.59571092831585,127,55.21953176382383,127,54.563753199143584,0
1715243974,127,47.14908901268533,127,47.115214492935166,127,48.05540414276518,0
1715244874,127,54.412061360514556,127,44.846285522185525,127,46.65365133902088,0
1715245774,127,52.22715060453602,127,48.09085165047232,127,42.330390763053536,0
1715246674,127,51.66491165741552,127,55.3252669484069,127,46.29262080306363,0
1715247574,127,49.100630227694054,127,48.43309449128632,127,50.16540746626303,0
1715248474,127,54.359073105807795,127,51.66011327386937,127,47.25182105780228,0
1715249374,127,46.82374670540753,127,52.42628907878421,127,43.071672242881085,0
1715250274,127,44.91634041395332,127,51.60279018021992,127,52.14733677390901,0
1715251174,127,46.07118678470813,127,49.04669099628575,127,57.10682718930133,0
1715252074,127,43.0269777473572,127,50.03900226187243,127,44.61991101368375,0
1715252974,127,56.091123559562696,127,44.10597461943814,127,48.16443045574268,0
1715253874,127,49.388255767942326,127,46.63510755465891,127,48.35441298458802,0
1715254774,127,49.80546245412312,127,52.96086852984419,127,41.511330710062865,0
1715255674,127,48.75443308109702,127,47.99690841019031,127,48.01939606029064,0
1715256574,127,57.9567018608796,127,47.07491683936007,127,54.69667953511147,0
1715257474,127,52.487191216950485,127,47.64728362310751,127,52.45337854865576,0
1715258374,127,50.41858449245409,127,51.96285435653299,127,47.074055514821914,0
1715259274,127,55.33090490053326,127,47.587637961056686,127,48.86946619093826,0
1715260174,127,56.079354975751215,127,49.19937957920128,127,49.50847813661162,0
1715261074,127,52.67648225094578,127,58.34442585285583,127,47.24195581825209,0
1715261974,127,50.70982776362785,127,51.9377290468642,127,48.376863560562015,0
1715262874,127,47.25605955215808,127,55.17640385299514,127,48.07850858992927,0
1715263774,127,57.09383871879357,127,43.4413835777605,127,51.46781610132718,0
1715264674,127,53.06534217914756,127,52.27453198375111,127,45.62437514807596,0
1715265574,127,43.33353491258429,127,45.9261156355976,127,55.264912307420126,0
1715266474,127,56.378463549409624,127,47.06631880350306,127,60.08478169660141,0
1715267374,127,48.964642146236905,127,54.047180432776535,127,49.96930598664767,0
1715268274,127,48.912682001408875,127,54.74088441672075,127,56.37295339822345,0
1715269174,127,55.713623489583135,127,50.05373754149172,127,51.620839238576075,0
1715270074,127,51.81120187887484,127,60.38275625553689,127,45.9243761300597,0
1715270974,127,49.628280248139085,127,45.49005447207257,127,49.72584788153473,0
1715271874,127,47.74662235190084,127,53.55035186146321,127,44.924337930824585,0
1715272774,127,59.35914518281933,127,53.227183330443104,127,42.641745990548316,0
1715273674,127,46.19267643208873,127,46.977167359087694,127,42.09634179682994,0
1715274574,127,56.84187139361718,127,46.45607611344758,127,47.31970443296383,0
1715275474,127,44.43118201024927,127,50.27341875663907,127,48.92225853385523,0
1715276374,127,50.4562964231776,127,52.855897635880815,127,47.36780814097486,0
1715277274,127,48.57570765568096,127,45.2871567280693,127,37.84844515209498,0
1715278174,127,49.40920282905748,127,42.66626849704456,127,54.96632896930069,0
1715279074,127,50.98285309874013,127,51.84303312435322,127,48.405202727984594,0
1715279974,127,43.16565579461615,127,55.114956055850186,127,51.61867157691822,0
1715280874,127,44.42031211263359,127,55.47416980691746,127,46.4200928400896,0
1715281774,127,54.51667262216507,127,53.21782857611908,127,49.42201113812597,0
1715282674,127,55.27884766040243,127,53.1280806817777,127,40.85859461896655,0
1715283574,127,54.431929914009345,127,61.26517924838543,127,54.94739874737941,0
1715284474,127,50.47102995579048,127,50.27980385129615,127,46.78123092697051,0
1715285374,127,47.402867306503765,127,49.4432358512464,127,47.022974504771014,0
1715286274,127,50.15275551502485,127,60.19828793820774,127,45.33835025492847,0
1715287174,127,55.99989401584711,127,49.2471837761724,127,49.64191934494304,0
1715288074,127,49.398935055154624,127,58.41823732973704,127,48.090491978985995,0
1715288974,127,55.21106097625372,127,56.197852442502594,127,44.4956385151204,0
1715289874,127,51.67979532668542,127,51.79181100906605,127,51.54413875636847,0
1715290774,127,46.110105089494596,127,51.23440086221085,127,49.726278690907016,0
1715291674,127,44.071014575856,127,46.14126990332936,127,46.80647440513235,0
1715292574,127,52.80120309039555,127,58.812576717806465,127,49.668057056560286,0
1715293474,127,43.456367823957954,127,46.84468128452476,127,49.80909342958627,0
1715294374,127,46.91307021437309,127,51.89472307198543,127,48.930197913500045,0
1715295274,127,44.146192739253664,127,56.50918189741298,127,53.5476121815042,0
1715296174,127,49.982102290076526,127,50.72915268980614,127,50.20525850593994,0
1715297074,127,51.111614468681516,127,44.337920107595814,127,56.840598992773174,0
1715297974,127,55.23114067639381,127,42.31153696980629,127,41.50079374296341,0
1715298874,127,55.75860892908328,127,48.5855379805092,127,49.36564867467932,0
1715299774,127,50.087726239090806,127,53.07636183514861,127,64.62327573928415,0
1715300674,127,50.27525353574589,127,47.95776904719359,127,47.95891303917455,0
1715301574,127,49.558401095849256,127,46.582599310256,127,50.70156038342205,0
1715302474,127,49.649328277357824,127,47.255513357175936,127,46.279288832331005,0
1715303374,127,50.39013915375807,127,47.06743640665518,127,40.08865539625133,0
1715304274,127,47.313744832262216,127,49.4790334875882,127,43.85954462699101,0
1715305174,127,54.45905752821206,127,54.02528575330435,127,53.951303454462675,0
1715306074,127,50.84463803453746,127,54.051896149086886,127,48.430464907718545,0
1715306974,127,44.62904679006836,127,54.351886859360974,127,55.22465626225592,0
1715307874,127,43.46710398342351,127,48.35459374802662,127,50.483693041607914,0
1715308774,127,58.12430551094764,127,55.042623620658155,127,53.81284583217693,0
1715309674,127,46.55941869875272,127,49.81237016038416,127,49.081364171203454,0
1715310574,127,47.00087201943767,127,46.75200798557812,127,59.302044050615194,0
1715311474,127,48.49419072953296,127,53.93900315461468,127,51.66483821814116,0
1715312374,127,50.20466795782393,127,45.3046397678889,127,56.024972517784086,0
1715313274,127,49.196642643683106,127,53.32095869219145,127,55.772554342596806,0
1715314174,127,47.65449138283935,127,54.75549249791255,127,51.72668917983995,0
1715315074,127,53.16307637813399,127,54.205703861340574,127,66.89770063975959,0
1715315974,127,47.21030625191107,127,38.60791885469958,127,56.34248282796374,0
1715316874,127,49.16006361030156,127,52.873635031665884,127,43.866217485762384,0
1715317774,127,63.4978422081513,127,56.22356832327642,127,60.11885758912217,0
1715318674,127,43.80477348446114,127,43.72710284272752,127,58.658313780037645,0
1715319574,127,39.37334347476826,127,51.96395008390418,127,53.54275312673074,0
1715320474,127,45.78379164912228,127,49.57379560900388,127,58.1471890090548,0
1715321374,127,46.91938693340996,127,54.61944155916868,127,60.262310330163785,0
1715322274,127,54.113950972372265,127,52.47357895314338,127,54.3187789732885,0
1715323174,127,48.63454329312797,127,54.06830548708347,127,48.130014504581396,0
1715324074,127,52.43955484069573,127,58.284895899704736,127,51.90799615161591,0
1715324974,127,43.55004501626826,127,59.820417554703525,127,49.70985113063766,0
1715325874,127,49.221005877538,127,46.54333907579811,127,42.99146117344006,0
1715326774,127,51.86351217960885,127,46.81526299784987,127,46.84812542277386,0
1715327674,127,36.87034981332355,127,49.753154170726766,127,45.08352646050084,0
1715328574,127,55.01223495196652,127,48.11880321723,127,56.53487256497934,0
1715329474,127,43.86597471793194,127,46.08808887287862,127,49.56001483449577,0
1715330374,127,49.31432128542046,127,39.658228483461805,127,56.568592697641655,0
1715331274,127,47.289752994420866,127,40.654707086826846,127,47.88523751808691,0
1715332174,127,56.21406838284044,127,39.900309699679156,127,55.791371060778175,0
1715333074,127,51.66995040732412,127,49.229549597293605,127,48.35402563919507,0
1715333974,127,52.71560148920743,127,52.77442268637198,127,54.02456492087384,0
1715334874,127,45.04268997525404,127,48.78653658800902,127,52.19830592663062,0
1715335774,127,55.64582273308168,127,57.769951463212514,127,50.10324591773013,0
1715336674,127,65.54659001097882,127,46.94211906670194,127,53.210900262176295,0
1715337574,127,51.774574177876204,127,47.206471851737554,127,56.80147895485069,0
1715338474,127,54.28729652095847,127,60.934891181165,127,39.58022678887144,0
1715339374,127,49.294523779624676,127,48.896105604578594,127,51.728323611046875,0
1715340274,127,58.86100253081228,127,51.05232109265566,127,49.53118513024717,0
1715341174,127,46.53005222456858,127,42.78080451565353,127,42.841525349582426,0
1715342074,127,56.73655427774669,127,55.85986855602411,127,50.50011744468294,0
1715342974,127,37.48601251467903,127,52.800343227550165,127,41.294008773627176,0
1715343874,127,53.3815938286242,127,55.82146944051799,127,50.555834909048734,0
1715344774,127,55.141581461578724,127,45.088800785990095,127,42.27344426435586,0
1715345674,127,45.8870983939141,127,46.779510388349976,127,49.64427203290208,0
1715346574,127,59.77626093524603,127,48.49461728129267,127,39.097782265173365,0
1715347474,127,47.92016542712389,127,48.95674224581955,127,50.16166751982717,0
1715348374,127,53.683866659999154,127,49.03083193638366,127,50.10922098197539,0
1715349274,127,46.900541476406644,127,43.819910476686154,127,50.16260895418148,0
1715350174,127,49.09229683492286,127,45.66024724650471,127,43.80069938489071,0
1715351074,127,63.58072617966353,127,54.27868748746193,127,50.149825879342565,0
1715351974,127,47.93795104061265,127,58.503343274956876,127,44.437966489487906,0
1715352874,127,50.45442827394125,127,49.24167279283855,127,48.99407948916903,0
1715353774,127,45.60987329186811,127,50.74375785979416,127,49.45919819080396,0
1715354674,127,36.506769680988356,127,46.748840773658635,127,43.08987993738806,0
1715355574,127,56.774599452619746,127,51.04126028621999,127,55.07948240967492,0
1715356474,127,48.19850826499953,127,55.157373312857075,127,53.853261171870884,0
1715357374,127,42.66140356430476,127,52.47050650267417,127,52.46676392158237,0
1715358274,127,46.31515262780887,127,52.969416397702865,127,45.30568229912514,0
1715359174,127,51.84903342546694,127,50.98873698624317,127,60.28875415621219,0
1715360074,127,59.122315109552844,127,46.689028719821636,127,54.915544983760995,0
1715360974,127,59.18654543637196,127,41.48655625515279,127,49.864885041690954,0
1715361874,127,46.37284454248055,127,47.328771870525756,127,48.752266655524146,0
1715362774,127,54.60370442591183,127,55.50953317145793,127,57.005353879692976,0
1715363674,127,47.6407648455032,127,53.88254140517139,127,48.54361068760197,0
1715364574,127,51.749146434858474,127,36.435122760528486,127,51.659672715986495,0
1715365474,127,47.90623020667341,127,56.54796229458379,127,55.9343350643943,0
1715366374,127,54.40338457063596,127,51.70961938596058,127,51.985822887709546,0
1715367274,127,47.34483134973725,127,56.351638706031885,127,56.268372976866836,0
1715368174,127,48.807706512109355,127,53.56946303885866,127,46.52072997041386,0
1715369074,127,55.365269559736056,127,55.052104942018815,127,48.6398644991864,0
1715369974,127,62.17124942809059,127,49.08647977874176,127,44.10985794688575,0
1715370874,127,57.64471261897704,127,51.435407704754184,127,55.49663945167008,0
1715371774,127,55.31203301827941,127,54.849762130430065,127,42.28553402956495,0
1715372674,127,48.13412833489131,127,45.23774254893881,127,58.26129236529774,0
1715373574,127,46.7466656453021,127,59.46989245141535,127,53.799222213326004,0
1715374474,127,42.554305317105346,127,51.18232675283265,127,47.98133222519102,0
1715375374,127,48.341523536443695,127,52.05603024720228,127,47.65779278229701,0
1715376274,127,42.32383898291519,127,53.5335223144269,127,48.840757072320955,0
1715377174,127,44.37978737733957,127,57.68405519492196,127,49.08242139847084,0
1715378074,127,47.627811591361976,127,51.706937892809606,127,46.64125613712932,0
1715378974,127,53.55962632867623,127,48.74738857662998,127,44.721114613742095,0
1715379874,127,43.138351273539605,127,48.20131483666575,127,47.85258032045744,0
1715380774,127,53.99070574563203,127,50.8584540054882,127,53.92862486608107,0
1715381674,127,48.62169928514945,127,56.74096773271203,127,50.84831789670326,0
1715382574,127,52.22011092825851,127,45.80439533941589,127,52.25672134227258,0
1715383474,127,42.20668055786338,127,48.25830423931977,127,45.738816218063995,0
1715384374,127,57.95399319144703,127,48.4628515457443,127,51.24034526043485,0
1715385274,127,53.79061672612265,127,47.11987310141319,127,40.6849613265597,0
1715386174,127,55.211096195134544,127,41.300506451916064,127,56.11125671044408,0
1715387074,127,52.66471327599013,127,47.27879348082314,127,47.52869977488658,0
1715387974,127,45.724429263430395,127,50.218291768435975,127,47.139061103241126,0
1715388874,127,53.05352704677315,127,51.61978845771434,127,46.016063313900965,0
1715389774,127,46.673201750520235,127,45.35042194248227,127,52.587291623965136,0
1715390674,127,63.5032510370866,127,50.47416941898219,127,52.60318490122041,0
1715391574,127,48.297019744740865,127,41.82242070432467,127,44.09946163146871,0
1715392474,127,44.95546967757571,127,54.413412637826085,127,54.20498911088366,0
1715393374,127,52.68989331270326,127,45.56524038536399,127,46.520241826290686,0
1715394274,127,54.48534675486382,127,55.71960070568683,127,51.41888222748239,0
1715395174,127,53.26041565529511,127,57.769091899140356,127,54.704718258866386,0
1715396074,127,58.492168457146946,127,48.755382943304795,127,47.53282377669751,0
1715396974,127,55.5518942294681,127,49.78722200785941,127,48.681335405423546,0
1715397874,127,61.6585496903097,127,50.67136503531471,127,44.49858397728375,0
1715398774,127,48.234234344669574,127,45.025150801076826,127,43.78111666326491,0
1715399674,127,48.37264867567413,127,48.96078084624103,127,53.08233923996353,0
1715400574,127,57.42637795235032,127,46.976179442343295,127,41.73359599296296,0
1715401474,127,52.09224586085255,127,41.51824105273299,127,48.830815556531185,0
1715402374,127,46.385937561562656,127,49.18732529435304,127,47.84584072346986,0
1715403274,127,50.0496081866387,127,52.35003886870886,127,43.8592428694493,0
1715404174,127,36.34500884910418,127,51.55537964895884,127,52.42270528905138,0
1715405074,127,48.720655229512694,127,46.182394606908915,127,48.232682751918645,0
1715405974,127,54.92681889261074,127,60.017938758698236,127,50.713998701319035,0
1715406874,127,51.72945741298019,127,55.61318161820677,127,47.72105989045684,0
1715407774,127,46.12006352697287,127,56.71027396040738,127,50.37610207405967,0
1715408674,127,42.44847879121128,127,49.54206286940221,127,43.60555303541661,0
1715409574,127,48.90190691361237,127,51.031282250375355,127,51.165845265945585,0
1715410474,127,51.077584529838695,127,47.44038363411353,127,51.00804945015131,0
1715411374,127,48.86065727064263,127,46.531357910811856,127,44.13360497599757,0
1715412274,127,48.61296129585962,127,41.99180396363587,127,55.45300329018064,0
1715413174,127,44.198504567323326,127,55.63124228106176,127,44.987134960147856,0
1715414074,127,50.13552672263365,127,48.710489657614964,127,52.307439479931105,0
1715414974,127,49.20506459242342,127,50.920081201776405,127,46.55073434595264,0
1715415874,127,50.062709322026336,127,47.68721751473655,127,45.98243437512423,0
1715416774,127,48.92300275899057,127,43.16512154268859,127,48.28287526933738,0
1715417674,127,51.4607824205754,127,44.31460179903259,127,59.7940435258387,0
1715418574,127,54.291115959463724,127,56.67139095352321,127,49.240273917109796,0
1715419474,127,49.35425847556118,127,46.82140149104806,127,44.3017790024488,0
1715420374,127,54.031169941567775,127,43.770409914718016,127,45.47654805172293,0
1715421274,127,43.78724960905561,127,39.44230319419614,127,47.514728162010755,0
1715422174,127,45.63322077071801,127,55.789257394332125,127,55.03492014025289,0
1715423074,127,52.48442924781014,127,51.833074604318966,127,53.27830461439371,0
1715423974,127,48.062463086103044,127,47.255619328359955,127,49.58175156576653,0
1715424874,127,60.12464554184882,127,44.66142545823946,127,51.81425498551409,0
1715425774,127,51.62319974073957,127,44.0622749624218,127,51.34388951899763,0
1715426674,127,44.57367281286747,127,53.77528356816952,127,47.96687942998791,0
1715427574,127,56.04750615059773,127,49.13170244903679,127,48.2016326782747,0
1715428474,127,46.724400087298186,127,51.60858944656676,127,51.938747875993414,0
1715429374,127,47.334246163364526,127,47.359043005953325,127,56.04232433763463,0
1715430274,127,43.483553453651886,127,53.814026246696045,127,49.46041870401831,0
1715431174,127,52.227999111933876,127,55.67506849321216,127,49.20546646532502,0
1715432074,127,46.79257732136355,127,46.97676383114205,127,54.851344926015685,0
1715432974,127,53.78174790647742,127,55.51119923043785,127,54.79960889280802,0
1715433874,127,51.912328133022854,127,48.74347709930396,127,59.908491592129934,0
1715434774,127,49.14512685306744,127,62.64613790474868,127,49.63672316002297,0
1715435674,127,54.264350757039104,127,48.91609067013026,127,44.0383247940818,0
1715436574,127,53.93081148289438,127,49.117563258631186,127,52.656220885278586,0
1715437474,127,46.83109258430859,127,52.54655911043069,127,46.58003004611387,0
1715438374,127,52.89148484343558,127,58.02297551736449,127,54.06596453685916,0
1715439274,127,46.413092232862326,127,48.109539373259146,127,56.619111052758996,0
1715440174,127,47.44365728842045,127,50.05067232148965,127,48.61232933879742,0
1715441074,127,47.169734182962046,127,55.339667633666956,127,50.90910013037445,0
1715441974,127,50.10524305690996,127,51.365168033496836,127,54.68659682933239,0
1715442874,127,47.170761438928814,127,35.09040150207035,127,46.34352474504268,0
1715443774,127,46.803630401221014,127,51.56513479926884,127,56.92645571004694,0
1715444674,127,41.38721484340033,127,49.110581405344824,127,48.54110527001942,0
1715445574,127,62.980072632924525,127,39.641189570007725,127,47.1706621770724,0
1715446474,127,49.32528872146991,127,46.50830593365738,127,50.17473317769201,0
1715447374,127,55.62816502570765,127,42.614626139917064,127,47.318185013219605,0
1715448274,127,48.79825969175043,127,44.11621850569031,127,50.59787458615624,0
1715449174,127,48.77587818521484,127,52.6231511026937,127,59.16424935989565,0
1715450074,127,43.07817213367024,127,49.94486729661814,127,49.73172038843502,0
1715450974,127,49.678337231789634,127,50.897997398317834,127,45.09167793589425,0
1715451874,127,51.58815052203813,127,49.09881769066064,127,54.92672841305567,0
1715452774,127,44.18342089310606,127,50.330687963335926,127,50.70052728562845,0
1715453674,127,55.68816721264674,127,47.70712456820816,127,58.08536991220855,0
1715454574,127,45.68899942427156,127,50.37325421875795,127,39.61468509644685,0
1715455474,127,54.84313411234398,127,51.1975520995154,127,53.99882120014267,0
1715456374,127,46.43128027168012,127,47.704234665686826,127,55.38201788475849,0
1715457274,127,53.84324753590736,127,55.21320816220135,127,44.167078893803684,0
1715458174,127,49.90452089809216,127,51.457270071287724,127,46.26900978356421,0
1715459074,127,44.86761337033697,127,55.65902114924654,127,46.7935164588476,0
1715459974,127,52.41430044482052,127,52.21770554364393,127,48.75133207266718,0
1715460874,127,53.60592641838201,127,45.104583139401264,127,49.26278366368988,0
1715461774,127,52.92474090559549,127,51.935542870088824,127,41.50278928815429,0
1715462674,127,45.35297355059215,127,47.97670274965051,127,50.19741410382718,0
1715463574,127,38.67157712406255,127,54.30531869892303,127,47.35329078261415,0
1715464474,127,45.38298776165218,127,46.00826189912944,127,51.93489433226001,0
1715465374,127,49.93738321155187,127,46.99097275124714,127,42.04131666148188,0
1715466274,127,46.79758890952989,127,45.755670094027295,127,51.751078108828175,0
1715467174,127,40.190870816617625,127,52.304748157529495,127,53.99653775268888,0
1715468074,127,43.65674785054894,127,39.63644727869659,127,52.40674439675629,0
1715468974,127,61.04251804522188,127,49.33589498035327,127,49.390295090648195,0
1715469874,127,53.69460495322074,127,43.5458525478718,127,46.68514898101962,0
1715470774,127,50.34484331838116,127,40.544160612359676,127,49.952196948179456,0
1715471674,127,61.181438309023285,127,48.539762225505655,127,47.8478120423037,0
1715472574,127,53.09044578587474,127,51.58310244712819,127,48.66147923226222,0
1715473474,127,53.74817588919039,127,42.02306874491845,127,58.06001813652557,0
1715474374,127,43.71902785482836,127,48.67083396704629,127,41.73397256427732,0
1715475274,127,51.62515378476554,127,51.14011569435601,127,41.027712081505385,0
1715476174,127,54.93155230453783,127,54.827542412539785,127,43.63383123292887,0
1715477074,127,54.147705320565265,127,58.72344443619042,127,52.27386358673463,0
1715477974,127,54.51553478293325,127,49.995236047940544,127,50.54144565146219,0
1715478874,127,50.313848768349324,127,46.18094369532113,127,50.59221413838056,0
1715479774,127,46.780016598041556,127,46.53296818132066,127,46.81531026049006,0
1715480674,127,50.378888268228046,127,48.33509697352909,127,45.93088100595355,0
1715481574,127,53.294029168682556,127,50.2025500688608,127,46.0185614526221,0
1715482474,127,50.95843144356207,127,58.19600482950749,127,57.78417618160591,0
1715483374,127,48.63730330758828,127,52.237827322605604,127,40.69544596440077,0
1715484274,127,51.343416358295464,127,52.81530247306199,127,45.909185829006084,0
1715485174,127,53.755037526423315,127,52.69856402938504,127,50.594059357750545,0
1715486074,127,42.13670839827939,127,55.731604484171406,127,49.200270120459855,0
1715486974,127,42.04576144778264,127,55.70127786040515,127,50.26749312828913,0
1715487874,127,53.35641130668417,127,48.87144378856779,127,51.05245366810848,0
1715488774,127,56.300447045269536,127,45.78804936612484,127,52.15057240630273,0
1715489674,127,50.29023843119035,127,49.45736297636234,127,51.39178035703747,0
1715490574,127,49.07820563752126,127,55.62982606376784,127,45.062443219708676,0
1715491474,127,43.329654356546676,127,48.964604489918905,127,55.66506435524011,0
1715492374,127,47.47733161826156,127,49.75345005031122,127,45.04411694175752,0
1715493274,127,44.91915254810975,127,53.07295753959639,127,51.086171736964324,0
1715494174,127,54.45760134965447,127,53.93176108649368,127,42.47453797925817,0
1715495074,127,47.69550665186677,127,45.42034548636878,127,44.76814421203682,0
1715495974,127,47.57928830230344,127,57.31190339921072,127,54.74992149027504,0
1715496874,127,50.728566617129445,127,49.633505869075066,127,52.49737751205091,0
1715497774,127,50.05258146506868,127,45.39894513595942,127,41.00712972733274,0
1715498674,127,40.610608277838715,127,50.6925805371674,127,49.00054464813034,0
1715499574,127,46.714361139885355,127,56.85261136570505,127,49.803027176956796,0
1715500474,127,46.94209005240672,127,50.56130388073471,127,58.81679025232039,0
1715501374,127,55.725176423250815,127,50.072604654403186,127,52.067193287794254,0
1715502274,127,55.47095887550686,127,46.20647630259428,127,50.755693433303115,0
1715503174,127,54.03372001264595,127,51.65434714873217,127,54.06507567121463,0
1715504074,127,47.83738502514249,127,48.001593313184564,127,53.56215516224473,0
1715504974,127,52.79801394563379,127,56.20383108609297,127,42.448193297186705,0
1715505874,127,46.17304235187982,127,52.20498040930893,127,43.05347461926755,0
1715506774,127,51.263205765569424,127,42.293005990264945,127,60.97219830917706,0
1715507674,127,53.146414098644755,127,45.68396199900787,127,51.24343368076897,0
1715508574,127,47.704784249186176,127,45.066161336227914,127,51.81348893449433,0
1715509474,127,44.63495945279523,127,41.82741233939607,127,51.47681152172481,0
1715510374,127,51.08137290716913,127,48.71269093668903,127,43.225265414656775,0
1715511274,127,46.94222268269243,127,53.80105811555019,127,59.74037979876361,0
1715512174,127,54.95187031840881,127,48.63487153226437,127,45.03744727042758,0
1715513074,127,55.27070239186361,127,51.440316630815346,127,44.04386781723906,0
1715513974,127,54.0498938968154,127,49.26606769647296,127,44.378392461118246,0
1715514874,127,51.18445306726367,127,44.75813020825024,127,57.767875399691626,0
1715515774,127,58.67458527531896,127,58.60019694626788,127,52.10778569267992,0
1715516674,127,47.30426809320188,127,53.82140492498975,127,42.5567751960165,0
1715517574,127,53.94024972570376,127,49.30801633739351,127,51.0392261145145,0
1715518474,127,56.366035755409754,127,43.49871137078436,127,52.27971923396011,0
1715519374,127,44.20696171813035,127,37.303859973923885,127,49.409403626995136,0
1715520274,127,49.45896788535575,127,52.723379443148175,127,49.81951274330429,0
1715521174,127,53.63085791441309,127,61.04476277764664,127,51.01922422467815,0
1715522074,127,55.92435393072254,127,50.373543037740134,127,48.246639605774966,0
1715522974,127,44.95509464206937,127,52.18280569645563,127,51.13619121864965,0
1715523874,127,43.97165411388468,127,50.51516928063082,127,54.35600343416319,0
1715524774,127,42.81120118868737,127,56.96384999769953,127,44.41748512062405,0
1715525674,127,50.64928774687598,127,44.9294227002125,127,50.298304474326734,0
1715526574,127,42.52973438592383,127,48.91989213987394,127,49.743580261729825,0
1715527474,127,54.63578488975118,127,47.577772459707845,127,48.84079725477021,0
1715528374,127,53.29982878969907,127,41.42410522771523,127,53.85333051631901,0
1715529274,127,50.05973500144664,127,54.51755463562584,127,49.06647568209619,0
1715530174,127,50.3325793773815,127,54.22137588554402,127,49.75700130154143,0
1715531074,127,52.83659561915516,127,48.51963757280248,127,49.25064518745177,0
1715531974,127,47.98762766262871,127,43.80278372603548,127,57.83166141946616,0
1715532874,127,44.847872902574714,127,41.76657923721242,127,45.59496526109388,0
1715533774,127,44.47511868205791,127,47.68011020963888,127,42.38957213396123,0
1715534674,127,51.16763712340619,127,63.90173243360543,127,50.26994256892509,0
1715535574,127,54.56796682208353,127,45.15481268846459,127,49.4520050034963,0
1715536474,127,50.97947139410029,127,58.764520228723406,127,57.795188308645045,0
1715537374,127,57.75470529051873,127,54.38411474278517,127,41.07976555428616,0
1715538274,127,49.133942504682565,127,46.84925128476062,127,51.978312510523914,0
1715539174,127,61.93882859827383,127,49.86553179827557,127,52.73930798686034,0
1715540074,127,47.31046629323659,127,60.92161740009141,127,47.30967799682391,0
1715540974,127,47.37287763449078,127,52.90903442000257,127,46.46048930151924,0
1715541874,127,56.68498278482398,127,54.03020892173622,127,41.67092990067116,0
1715542774,127,47.4326338112024,127,53.53360844482829,127,54.148757811873345,0
1715543674,127,47.93414982701179,127,48.98920642090979,127,47.06006274958401,0
1715544574,127,46.00378113900853,127,44.70778109846599,127,45.88619664897617,0
1715545474,127,51.844805943182244,127,44.22859864680295,127,49.71672472827179,0
1715546374,127,56.936731511960616,127,53.13718954545615,127,55.90317179049146,0
1715547274,127,49.93632621711816,127,53.91475366728255,127,41.19433977005916,0
1715548174,127,40.7738421242817,127,47.56779156355722,127,43.68604209841843,0
1715549074,127,45.146537829742826,127,50.66346156026327,127,49.776458323465334,0
1715549974,127,43.66353057328662,127,52.53599496255361,127,50.96878562452039,0
1715550874,127,47.92150819484798,127,46.47747247745964,127,57.60464421227418,0
1715551774,127,55.23181217954602,127,51.42844880472122,127,48.700756058111914,0
1715552674,127,51.83086997650678,127,52.64761602198036,127,42.889019042002296,0
1715553574,127,45.61621699748369,127,53.148002344465596,127,49.5994105127638,0
1715554474,127,53.100437216215916,127,47.155406352824016,127,50.85905926799798,0
1715555374,127,48.28880773439613,127,45.22294360080526,127,48.625104409134885,0
1715556274,127,57.77489581651267,127,50.17433541350932,127,46.86775292918404,0
1715557174,127,52.24315799567113,127,50.895283954333536,127,39.540177121263945,0
1715558074,127,55.136368499092065,127,48.38789952372158,127,56.860568503869004,0
1715558974,127,50.32845220930622,127,50.59043027569037,127,50.610383552594925,0
1715559874,127,49.085250387745546,127,52.837873894998495,127,54.02679777312996,0
1715560774,127,59.60945577776737,127,46.27994306560008,127,50.17440777250609,0
1715561674,127,40.62522180450897,127,42.827957447533805,127,43.0855951870143,0
1715562574,127,49.94175495659388,127,45.225774415517066,127,51.476729311226535,0
1715563474,127,42.93184395938383,127,45.29168387231811,127,47.20297853659819,0
1715564374,127,53.024603641310094,127,55.105830424158476,127,51.29536297874282,0
1715565274,127,54.55309246606474,127,48.84444462015325,127,43.740903791422554,0
1715566174,127,46.292316529832895,127,52.21050957850067,127,55.61741910518092,0
1715567074,127,56.601567169915285,127,53.16642560634045,127,52.73158079635723,0
1715567974,127,51.32135808133305,127,47.1842160774813,127,51.4949001330434,0
1715568874,127,51.664251680294974,127,47.82871456584134,127,45.758008603291195,0
1715569774,127,41.10153617736606,127,50.39752509805866,127,53.5930623710269,0
1715570674,127,46.921465022955175,127,50.573944103851076,127,50.419393056978144,0
1715571574,127,48.73791219012019,127,64.41879848091098,127,54.22244110920798,0
1715572474,127,40.268792602860565,127,53.82941901355652,127,47.55169148271032,0
1715573374,127,41.17587489365985,127,48.258250124369305,127,54.1815935109604,0
1715574274,127,55.83796999515016,127,53.90759216831575,127,47.3812744335753,0
1715575174,127,50.110126577397736,127,53.216378659134534,127,51.378431889022934,0
1715576074,127,43.274981918498845,127,50.397337569634516,127,47.77692604338009,0
1715576974,127,52.055768854744734,127,39.39271345351003,127,46.043177432406345,0
1715577874,127,53.137662110076526,127,49.18360611567243,127,51.588273593826486,0
1715578774,127,56.62823016433809,127,59.56792241514543,127,48.224368201140194,0
1715579674,127,49.10691636788526,127,53.39356934752324,127,51.195751330100926,0
1715580574,127,55.0861865812447,127,40.734023722785224,127,51.7340811148193,0
1715581474,127,42.66337338883961,127,48.65138853327224,127,46.461499229212855,0
1715582374,127,46.6510683108401,127,42.809775341385084,127,37.34601474609486,0
1715583274,127,54.36811881592432,127,55.717010324991875,127,53.07044948752116,0
1715584174,127,49.13641109674546,127,52.762159976900286,127,44.33095196020924,0
1715585074,127,51.53009985430911,127,48.10338891930133,127,57.37484061646881,0
1715585974,127,54.21830389813707,127,58.963813936503875,127,48.16456614388344,0
1715586874,127,51.47045196073018,127,53.49823641542771,127,50.932546288253306,0
1715587774,127,51.35730120280764,127,44.060817440154935,127,50.26751635408313,0
1715588674,127,48.17282776313216,127,39.46074923606794,127,45.77482237757761,0
1715589574,127,53.601341270565335,127,53.42382921636841,127,42.309841522429615,0
1715590474,127,50.5356011221763,127,42.81110319224449,127,52.642965347381704,0
1715591374,127,55.65485882001631,127,48.79501988524899,127,55.85573739008406,0
1715592274,127,50.12082630682711,127,50.737397801159986,127,55.393717666045944,0
1715593174,127,48.97915237881233,127,55.910710489336736,127,53.56701130665027,0
1715594074,127,49.09245050488998,127,53.048531478452404,127,46.34459849828101,0
1715594974,127,56.60661785855868,127,47.65474742973151,127,49.3967796311956,0
1715595874,127,40.18948709720993,127,50.39623541638741,127,45.48137783200801,0
1715596774,127,46.63601251626765,127,47.09307696862309,127,53.81945232308822,0
1715597674,127,46.00850678517581,127,44.414524685985015,127,49.86092576996227,0
1715598574,127,53.71835971993843,127,49.825350597678465,127,42.19612714294463,0
1715599474,127,31.528573538606143,127,51.19631431418193,127,58.12139297427561,0
1715600374,127,50.53928124113338,127,54.19457583654539,127,44.593710929550326,0
1715601274,127,43.3325278678516,127,48.02478401294273,127,50.88221566210788,0
1715602174,127,42.129424912246705,127,48.67925848913477,127,47.115137148683644,0
1715603074,127,50.289521918205686,127,58.14247583678129,127,56.91053654856398,0
1715603974,127,49.19757367790545,127,52.69810946761631,127,51.91188035979877,0
1715604874,127,47.293180262963105,127,51.916335437377676,127,51.88035728921184,0
1715605774,127,53.26517395599188,127,53.54139473995597,127,58.18065076120777,0
1715606674,127,45.872095967536616,127,52.385172489115135,127,53.87704641735002,0
1715607574,127,52.99881175397987,127,44.67494717600559,127,49.49701360078827,0
1715608474,127,46.7180934786634,127,47.834747122211596,127,51.21830219828502,0
1715609374,127,49.03259611860338,127,52.18683521412605,127,49.30856540275563,0
1715610274,127,49.52119631012222,127,45.38820600824804,127,51.320794159568536,0
1715611174,127,52.24345092290401,127,53.589825587473484,127,48.74634398513822,0
1715612074,127,48.28547076541278,127,63.593024630746186,127,49.98428293463335,0
1715612974,127,41.06807254328584,127,49.254254048266624,127,37.927903326280514,0
1715613874,127,59.29243991079652,127,55.408192804958134,127,49.65432238039007,0
1715614774,127,50.20606860102863,127,49.39267302013079,127,54.378196310435946,0
1715615674,127,53.131701678273366,127,48.64291838407489,127,62.99970688513184,0
1715616574,127,50.015557951370106,127,46.95341275083102,127,54.09725962102932,0
1715617474,127,51.299062714834655,127,42.494533820530876,127,48.266476097154246,0
1715618374,127,47.427163520743335,127,54.41677548389133,127,57.76426705223542,0
1715619274,127,55.68939358606378,127,52.26766295432031,127,48.92904870463512,0
1715620174,127,44.94334181022565,127,49.762228947814805,127,40.06821494956664,0
1715621074,127,49.55094224277117,127,54.36074004750766,127,53.341960614707375,0
1715621974,127,57.54705992165825,127,47.16258587766263,127,48.638971777076286,0
1715622874,127,55.77252725168453,127,54.616602507473004,127,58.9228909296516,0
1715623774,127,44.46713708752216,127,54.44961312214928,127,55.99550182597494,0
1715624674,127,51.76872292212368,127,60.260158764550724,127,52.23998035573528,0
1715625574,127,37.67237999791365,127,55.606262972645,127,41.97212508568148,0
1715626474,127,47.39945920637437,127,52.6495644411648,127,61.23828376566738,0
1715627374,127,46.445984934552655,127,49.6596216113021,127,56.78598246282831,0
1715628274,127,40.52813497727397,127,53.14621374466696,127,44.64416263940209,0
1715629174,127,40.39956029910536,127,49.952368945603354,127,49.69384971439506,0
1715630074,127,51.85522098168416,127,54.65867681444783,127,51.16191145235492,0
1715630974,127,57.98412157989581,127,56.47143632124239,127,46.06738851861019,0
1715631874,127,49.50159878360718,127,48.78374196802548,127,40.600821280100874,0
1715632774,127,58.09506823515868,127,47.719590796448315,127,55.401416916654306,0
1715633674,127,48.01144446436228,127,54.95668953378717,127,47.59483659991908,0
1715634574,127,55.60380479884847,127,51.60783332826823,127,53.43442122763638,0
1715635474,127,53.50632192903816,127,51.513861634863986,127,47.16540624590534,0
1715636374,127,45.89055684062315,127,60.72419448773036,127,57.58904734522298,0
1715637274,127,51.60247572008742,127,56.19176927845015,127,46.96328614339536,0
1715638174,127,50.996962815220826,127,41.999799579076104,127,46.197447842099,0
1715639074,127,49.24606046574968,127,49.24243492734947,127,50.6724896756468,0
1715639974,127,43.157870364275375,127,50.23567384483258,127,50.38729656280263,0
1715640874,127,51.2533579408253,127,53.737719512057645,127,47.157747678403545,0
1715641774,127,42.54218944452835,127,52.25026438430738,127,51.81391757896024,0
1715642674,127,51.45354825187758,127,57.18033465557431,127,51.04454206827943,0
1715643574,127,53.88836923680618,127,50.28777551489299,127,50.610062318149545,0
1715644474,127,47.08093834577266,127,49.83752075333954,127,51.019681789935696,0
1715645374,127,51.66254492844122,127,56.635635526776404,127,57.14575928407237,0
1715646274,127,58.07117216354818,127,48.716810352940335,127,50.4458600290389,0
1715647174,127,55.37318165195992,127,50.30586328050207,127,56.93649850486189,0
1715648074,127,38.44901527330273,127,57.96818596652838,127,46.546065256481114,0
1715648974,127,49.65255536006129,127,48.51361214695815,127,54.15559669808847,0
1715649874,127,49.111334667076655,127,60.09242304736962,127,52.82807275849468,0
1715650774,127,48.974293352630774,127,54.664694603332514,127,53.14031372688504,0
1715651674,127,49.13116623856718,127,56.24639808134819,127,54.21973750241078,0
1715652574,127,56.036117816623225,127,44.870461394550894,127,48.51298483463674,0
1715653474,127,47.97819118655716,127,54.24274435905982,127,55.05270766347569,0
1715654374,127,55.08381603378103,127,48.28013229607633,127,46.467934291441,0
1715655274,127,48.48541378559276,127,57.31764613094832,127,59.00126182814317,0
1715656174,127,52.325608325674196,127,48.142081264235166,127,48.514434580168746,0
1715657074,127,51.785965531448745,127,36.60793541141437,127,51.824687336643265,0
1715657974,127,48.11113076961122,127,46.20472163353427,127,49.92415030963076,0
1715658874,127,45.58940280567161,127,52.97594343156747,127,49.57364574928695,0
1715659774,127,54.875104819618,127,39.86768466753752,127,51.619997809638136,0
1715660674,127,42.26586709498062,127,46.981992029701026,127,56.36657491425323,0
1715661574,127,47.414581082264434,127,56.94314255667163,127,60.064430609354474,0
1715662474,127,53.42065535267603,127,52.82136772135261,127,41.46085700662036,0
1715663374,127,49.389657371169726,127,54.01127173444704,127,64.70111122937021,0
1715664274,127,47.27999530325462,127,52.72017720319899,127,48.485874492456176,0
1715665174,127,49.38176432797845,127,55.35552961536263,127,50.85577990676758,0
1715666074,127,44.16148845825986,127,42.02570809030042,127,55.74931428019906,0
1715666974,127,58.537201924729466,127,41.02123818101692,127,48.425155038931514,0
1715667874,127,50.78416964831909,127,48.442552547309155,127,50.105825913537394,0
1715668774,127,50.94507998431447,127,54.77764667635973,127,48.6274808152101,0
1715669674,127,63.831216259227205,127,52.0735971372649,127,47.98276480816774,0
1715670574,127,51.85680877033236,127,51.84582623545021,127,45.91779545608564,0
1715671474,127,49.79000424880805,127,54.250522242327236,127,52.08733030126686,0
1715672374,127,47.669196670927825,127,53.552950946175784,127,49.360477271106866,0
1715673274,127,51.76168206691376,127,48.96307211173803,127,44.005714140940555,0
1715674174,127,49.82407823717917,127,50.83683825309605,127,60.81451928733374,0
1715675074,127,61.86046400159692,127,52.8537695035693,127,43.57048424606796,0
1715675974,127,41.12262355508892,127,38.915689987366136,127,61.86239816477719,0
1715676874,127,50.32442471106584,127,52.10849004960377,127,47.894771457588845,0
1715677774,127,44.146545753681295,127,56.42487823668719,127,50.14439190753421,0
1715678674,127,50.01497095167105,127,48.7439312831771,127,55.3961952296594,0
1715679574,127,50.21515812689802,127,49.42483968954522,127,56.61861035780918,0
1715680474,127,56.23337041959218,127,46.13142098158507,127,51.78418599989494,0
1715681374,127,46.378878628265944,127,60.27632820124781,127,52.891364998248214,0
1715682274,127,39.40279582438487,127,47.81415548909944,127,52.98244389410169,0
1715683174,127,49.49522147171496,127,48.70009082807166,127,47.053265946848995,0
1715684074,127,57.180339607557286,127,43.70160308167341,127,58.44402887045574,0
1715684974,127,50.50768512968006,127,55.32839617520281,127,52.76034412474117,0
1715685874,127,49.07888688864174,127,51.81527413294424,127,51.62250213567046,0
1715686774,127,41.16785870372213,127,46.90546213873963,127,54.39478083365218,0
1715687674,127,49.750575390753006,127,50.69409190510412,127,46.84528687885581,0
1715688574,127,43.742897534824635,127,45.33986476054535,127,43.093207885486756,0
1715689474,127,58.46249030677605,127,52.3915375514181,127,48.92114946085613,0
1715690374,127,47.795458728941746,127,58.54917891616168,127,49.96657858494295,0
1715691274,127,46.86651268695905,127,51.531395910946856,127,54.302473307681105,0
1715692174,127,51.953473738347505,127,53.310504913976416,127,48.29231352379597,0
1715693074,127,49.336130520352484,127,50.545013832961594,127,52.697583001417016,0
1715693974,127,56.72059570826806,127,51.945098857524705,127,42.49825427013774,0
1715694874,127,41.617297165792905,127,55.47378173881537,127,47.90262416757898,0
1715695774,127,61.12388019073053,127,57.20781284159367,127,46.35449274346497,0
1715696674,127,44.204338741964676,127,50.22436857906063,127,50.82100896289046,0
1715697574,127,47.93986125739989,127,44.59958701999955,127,50.15116911471837,0
1715698474,127,49.010401963852466,127,51.2089882159125,127,47.891353991945465,0
1715699374,127,64.4036841659692,127,48.54183260560836,127,49.440250685772575,0
1715700274,127,57.241743601662584,127,56.53986869690108,127,65.7074822330699,0
1715701174,127,59.99541665311438,127,56.83340407582784,127,47.955058558216784,0
1715702074,127,40.284877317894136,127,50.6916446281999,127,48.62195583701778,0
1715702974,127,48.348802431363524,127,51.88379212472235,127,49.27185281724663,0
1715703874,127,49.63163040982724,127,48.68366722171084,127,44.87687339829381,0
1715704774,127,49.50124145816913,127,57.0734307449841,127,51.737125479568206,0
1715705674,127,48.447137208149506,127,46.50818726428989,127,50.85218645934514,0
1715706574,127,52.944797545928175,127,51.522989147515844,127,45.49865478147085,0
1715707474,127,44.631273193737805,127,54.888137818619605,127,45.89185297072028,0
1715708374,127,42.970191324639835,127,45.70787691958928,127,45.284845838698644,0
1715709274,127,50.43191782935415,127,52.150324685946885,127,55.023467977945984,0
1715710174,127,49.019686262508756,127,45.4692717006259,127,43.545560755160366,0
1715711074,127,45.810191420956414,127,43.58320936624543,127,47.78726973007278,0
1715711974,127,54.4102596671372,127,58.77138743264042,127,45.273259923150206,0
1715712874,127,52.05944117242905,127,44.41019577263633,127,50.87782803581175,0
1715713774,127,46.99040998809741,127,48.780517674297506,127,57.30416157657314,0
1715714674,127,53.015900283943225,127,52.02922144890276,127,56.85226126316685,0
1715715574,127,45.62515249142292,127,48.80211796236544,127,51.933395609753475,0
1715716474,127,55.90673272464456,127,55.15174796344424,127,52.164769239416444,0
1715717374,127,53.39968099557055,127,50.949422002972085,127,52.58392448942684,0
1715718274,127,56.74446404786367,127,45.07861232193166,127,45.01466714862352,0
1715719174,127,52.15653911068455,127,57.449656367538935,127,51.34205694830552,0
1715720074,127,45.696497363274595,127,57.693952990747604,127,48.81324627248014,0
1715720974,127,50.59108597804919,127,40.17513608694549,127,50.64273595505995,0
1715721874,127,53.580746474029304,127,50.181060130522965,127,54.76720452338981,0
1715722774,127,45.283364219033736,127,45.26436006055452,127,52.06272202003049,0
1715723674,127,57.90376250890411,127,46.87448767949168,127,50.41978215852027,0
1715724574,127,43.445940851626354,127,54.22224771142204,127,45.28189015156001,0
1715725474,127,51.23245701306121,127,50.75071459562176,127,45.41691132391063,0
1715726374,127,0.0,127,0.0,127,0.0,15
1715727274,127,0.0,127,61.39778262947378,127,54.9433658067476,15
1715728174,127,0.0,127,46.208522254646844,127,52.61617681138314,15
1715729074,127,0.0,127,47.52026027319947,127,52.99580570977051,15
1715729974,127,45.074269485841434,127,52.85353040291521,127,44.26862311803971,15
1715730874,127,50.0189307363541,127,51.96560970285069,127,53.108245195807605,15
1715731774,127,53.29839168612563,127,54.198099918001006,127,50.89113696790902,15
1715732674,127,47.927203442587505,127,49.42823360023113,127,57.09917457665265,15
1715733574,127,52.27122117407808,127,55.24485667168812,127,50.78658809177757,15
1715734474,127,58.45821100293038,127,51.05875422368894,127,53.028052085837864,15
1715735374,127,45.79007852386305,127,54.11707716490193,127,54.99041665809222,15
1715736274,127,55.11040493497203,127,53.30636485488041,127,44.91877298220127,15
1715737174,127,46.639258878422936,127,44.880013159098766,127,53.694816899013006,15
1715738074,127,53.032209443173194,127,52.16364909066496,127,52.40360555095782,15
1715738974,127,50.77424993594619,127,49.121552643662916,127,47.92298268575084,15
1715739874,127,47.19931284654953,127,46.85675015569797,127,55.39846018036519,15
1715740774,127,52.61566181975312,127,56.01291426024039,127,63.80274333201855,15
1715741674,127,54.7241860775238,127,52.44875517486941,127,51.5026505759418,15
1715742574,127,48.21500684195736,127,57.44744813803656,127,55.384975657132436,15
1715743474,127,54.72872098013791,127,56.918406190350744,127,43.805936251927356,15
1715744374,127,45.402579113832005,127,53.29608655529345,127,55.90581732085499,15
1715745274,127,50.752304534992106,127,55.76012872104441,127,53.520442330107215,15
1715746174,127,46.34857266605898,127,46.38074243994048,127,53.3916496414143,15
1715747074,127,52.76788510916642,127,44.05259870878486,127,50.9314535751335,15
1715747974,127,46.42137207714972,127,41.56113283247032,127,51.28262667008929,15
1715748874,127,54.70874230986049,127,44.36766007313016,127,51.858545752607476,15
1715749774,127,46.575607813101854,127,54.24840531514824,127,52.750126178826264,15
1715750674,127,56.18655587454924,127,52.633509973712144,127,48.31494428659985,15
1715751574,127,58.70116270687163,127,53.10412342234055,127,50.74826158471619,15
1715752474,127,49.92736027416963,127,44.50483549810218,127,55.457445521991474,15
1715753374,127,51.57325708157955,127,48.836077741833186,127,45.03623770094478,15
1715754274,127,51.400621394363434,127,45.637160100102506,127,48.47123485252794,15
1715755174,127,42.944680119435134,127,50.255797392411694,127,50.004723061264706,15
1715756074,127,52.190793576350075,127,55.18911559592021,127,45.56688452574819,15
1715756974,127,50.8546633705371,127,48.92631448383818,127,47.12400717587945,15
1715757874,127,47.938370057280935,127,51.61560072564333,127,43.76777488382057,15
1715758774,127,49.424427823211566,127,55.1583639691796,127,41.08652894541409,15
1715759674,127,48.86104541113557,127,51.22804893245109,127,49.37622385162257,15
1715760574,127,55.85905419742891,127,45.35991995848201,127,45.61816927221969,15
1715761474,127,45.234338552918906,127,51.525025546824736,127,54.58010142006786,15
1715762374,127,55.94960955991659,127,48.430403835920984,127,47.14003908437751,15
1715763274,127,51.346360028699266,127,53.34766913191955,127,42.91194980421989,15
1715764174,127,49.09481937883315,127,54.459507967582304,127,51.62691135451074,15
1715765074,127,51.051196183858075,127,55.75542188475667,127,48.634187387792736,15
1715765974,127,54.580504245380446,127,48.235076496193244,127,53.623456071918795,15
1715766874,127,51.85973278217915,127,46.69598150323632,127,46.48702516779211,15
1715767774,127,48.69121715435168,127,42.46860757851182,127,48.50830862236746,15
1715768674,127,53.878722459319086,127,52.703787273171464,127,45.52591969486757,15
1715769574,127,48.360929857184736,127,48.57815854113064,127,51.599403066465975,15
1715770474,127,53.92354877861375,127,55.41693418074043,127,44.07829520088823,15
1715771374,127,54.539715388124435,127,53.6211749891803,127,49.33032201419844,15
1715772274,127,52.1049960743553,127,51.713378729928706,127,56.51151301684014,15
1715773174,127,49.442071655687364,127,55.980690734402344,127,46.863094559491195,15
1715774074,127,52.78497371721178,127,39.62423846698889,127,52.437273623564145,15
1715774974,127,50.056002789404374,127,40.43425948123952,127,41.737200335056734,15
1715775874,127,45.06998001196048,127,47.90539177064977,127,48.5151888869371,15
1715776774,127,47.63789244060312,127,48.53965953017994,127,46.8169464891659,15
1715777674,127,57.320400075079256,127,50.00050034422393,127,53.34844045739761,15
1715778574,127,51.52840334718999,127,51.09965976982802,127,52.738365138641164,15
1715779474,127,51.49451216895311,127,48.46985191260007,127,57.933133769129775,15
1715780374,127,49.038287580841576,127,46.232282586372065,127,62.32119495138157,0
1715781274,127,57.10345182237417,127,43.35077872048444,127,41.635465278795266,0
1715782174,127,48.955271143792444,127,50.64348044881934,127,51.08287106021204,0
1715783074,127,43.74544735985708,127,43.74137037056702,127,50.07223946817092,0
1715783974,127,47.37476205725307,127,42.52818280696347,127,58.94970052242328,0
1715784874,127,53.990067623635156,127,48.766477954332466,127,50.568762877732865,0
1715785774,127,45.8196825165229,127,44.60486951053025,127,42.70322726807805,0
1715786674,127,53.16454114736845,127,49.02443457703026,127,51.054782810104065,0
1715787574,127,46.773573986952286,127,56.90683392171295,127,51.95734294213857,0
1715788474,127,62.200459751126616,127,54.31611784734844,127,52.49487200351657,0
1715789374,127,52.287744110870015,127,53.00247919083298,127,57.011604769981936,0
1715790274,127,45.42642862616618,127,51.969620078142555,127,48.901056367106825,0
1715791174,127,45.127486060459006,127,45.95229884224757,127,49.20208456315428,0
1715792074,127,51.62670924072487,127,45.242573086688424,127,43.684352897576325,0
1715792974,127,40.04710711607589,127,49.20526862223646,127,48.65678618734736,0
1715793874,127,44.818810516298846,127,47.03506284413119,127,60.639379582176396,0
1715794774,127,53.37091191660301,127,48.29881223966179,127,45.71227380969579,0
1715795674,127,50.642840045339916,127,49.01260852357882,127,56.54571495665408,0
1715796574,127,49.754181678844425,127,45.99685300089533,127,40.41441603932378,0
1715797474,127,41.93312063153859,127,53.362173105264134,127,51.382338236890135,0
1715798374,127,44.526086348289375,127,53.57048680428401,127,47.7051504455847,0
1715799274,127,47.47973155091964,127,36.71424608225925,127,52.46930161574418,0
1715800174,127,49.44390771434058,127,44.29332774771821,127,51.53291453738924,0
1715801074,127,49.824409200215634,127,48.96112924530302,127,43.996180771330614,0
1715801974,127,56.72136052277593,127,48.558902431503256,127,53.89728351064636,0
1715802874,127,49.82120132469978,127,47.542511875453044,127,46.744650619119625,0
1715803774,127,52.23811066603611,127,48.78281904075834,127,51.65166826549113,0
1715804674,127,49.376085030460516,127,54.728422288265925,127,51.693821088480924,0
1715805574,127,49.57067126767527,127,50.41841241972151,127,51.59865662141649,0
1715806474,127,47.3877011084331,127,50.33396467136162,127,54.799551237137344,0
1715807374,127,43.52786403132033,127,41.93908339191357,127,47.69489034737952,0
1715808274,127,49.65665603133655,127,46.89505553440311,127,47.45287198719059,0
1715809174,127,43.351936101611614,127,46.74002549556482,127,51.93713270141522,0
1715810074,127,51.27434927514078,127,53.02867147166055,127,44.4215607753191,0
1715810974,127,58.77911521275567,127,56.88478730312968,127,47.466189986183245,0
1715811874,127,48.7299907055397,127,50.5847509669713,127,57.04543564562114,0
1715812774,127,48.969155620087896,127,48.08689113002575,127,50.37202655354886,0
1715813674,127,44.64946318482661,127,51.33339729573122,127,50.079853614538806,0
1715814574,127,44.599497658470916,127,51.510003016669515,127,44.38936200375881,0
1715815474,127,49.69815615607225,127,52.151115489945006,127,54.01518381021547,0
1715816374,127,51.90681736413976,127,47.41116706570475,127,47.12738432128942,0
1715817274,127,43.93328028778359,127,55.179763408963574,127,44.61315992069454,0
1715818174,127,44.70911911754387,127,46.40272812050052,127,53.955936804874604,0
1715819074,127,51.78757391395284,127,52.36703355396617,127,56.87796433549543,0
1715819974,127,48.29337308888983,127,46.39179205413686,127,57.08053376856933,0
1715820874,127,44.67134044536359,127,47.120632695444506,127,49.72268367946166,0
1715821774,127,47.1615969974651,127,55.245881425043514,127,47.26998436209375,0
1715822674,127,50.00018870297489,127,49.43261517867312,127,49.04893471895956,0
1715823574,127,55.561120516290345,127,50.180978911350984,127,47.39871223716268,0
1715824474,127,45.35639618710776,127,52.33661591865874,127,51.038456984597595,0
1715825374,127,47.36571292657585,127,42.92065201318981,127,54.60496890310538,0
1715826274,127,43.77441127816553,127,51.58850506348753,127,56.81562348602311,0
1715827174,127,46.65290364433741,127,47.36311707777199,127,50.58413913894226,0
1715828074,127,49.29181574958368,127,55.45145170253243,127,42.24716478343336,0
1715828974,127,54.22852360589325,127,56.35685541413497,127,54.30768480608953,0
1715829874,127,46.598477259333016,127,45.2815582915327,127,45.97878521039901,0
1715830774,127,56.382442199499735,127,42.80345712429155,127,53.230317935521505,0
1715831674,127,50.880115644728384,127,53.01113561001664,127,46.85548901824472,0
1715832574,127,51.026210501650795,127,45.47284402037868,127,38.56634206125811,0
1715833474,127,47.459958405500736,127,48.148537597505516,127,48.218663019570506,0
1715834374,127,58.44429575778329,127,55.124322790808904,127,56.43412461148964,0
1715835274,127,42.750724581432245,127,52.13461590372753,127,53.84502972674224,0
1715836174,127,56.034365354403505,127,61.25488276229342,127,43.073459825094986,0
1715837074,127,49.78104151486372,127,52.54196723236977,127,49.297052532411044,0
1715837974,127,40.37950129574863,127,49.65215684934901,127,55.14539683009972,0
1715838874,127,46.56823774488143,127,57.960554992792424,127,47.42504647840658,0
1715839774,127,52.1565713117996,127,56.16261233604109,127,53.69091158629519,0
1715840674,127,50.25324087579136,127,51.35937600047402,127,49.77051383782916,0
1715841574,127,48.59326177076821,127,50.73536825415282,127,55.62048171362112,0
1715842474,127,47.63518401753079,127,51.51601192053393,127,49.810656148361474,0
1715843374,127,53.77595205040299,127,51.36344482707018,127,54.031087684111476,0
1715844274,127,45.04258858748,127,43.26928762632021,127,56.976566427527764,0
1715845174,127,48.018479310808246,127,49.3255315278259,127,50.93064977826464,0
1715846074,127,49.35853841948376,127,56.59586367539015,127,43.03639522681711,0
1715846974,127,58.26234220695472,127,42.71456919266284,127,50.98537321625316,0
1715847874,127,53.9368409070293,127,42.06386547484751,127,53.89489292802892,0
1715848774,127,53.62857915414366,127,54.5524425096549,127,44.770953447303725,0
1715849674,127,50.65557562842094,127,50.26151815604884,127,47.19107733434883,0
1715850574,127,53.15752028801928,127,45.97614327754823,127,46.33780143993758,0
1715851474,127,52.73641298082543,127,44.3759592709509,127,53.8028245523149,0
1715852374,127,59.65322659601105,127,45.50079770589559,127,45.427064974072024,0
1715853274,127,53.868686531375424,127,46.22202234162112,127,49.957100109765456,0
1715854174,127,53.051051521734564,127,55.35197524874225,127,50.06146760887768,0
1715855074,127,58.709448867663596,127,45.71708224954477,127,49.25709401067236,0
1715855974,127,62.931835371627656,127,51.148483859195366,127,52.46086625293261,0
1715856874,127,48.92127413046526,127,58.85416831283065,127,57.217905717783374,0
1715857774,127,51.54429993988991,127,51.91050300082587,127,53.91426549604806,0
1715858674,127,54.144470430395174,127,56.32738556923075,127,52.66049973477977,0
1715859574,127,58.01797813091649,127,50.277916582790525,127,46.09597931495364,0
1715860474,127,47.61552396523735,127,50.30455853809936,127,47.65718286400214,0
1715861374,127,50.20091165620608,127,46.00992397753489,127,49.009840436772805,0
1715862274,127,51.81109271779194,127,49.93787887574642,127,50.00960613500691,0
1715863174,127,40.65486651929024,127,46.66909446505717,127,56.30188130762585,0
1715864074,127,51.96299534461386,127,45.26421002342879,127,54.62951571942014,0
1715864974,127,46.50530897469579,127,47.021366334935905,127,54.029580506185596,0
1715865874,127,49.89773174692981,127,46.197298582287026,127,45.642696637832906,0
1715866774,127,49.607212677209205,127,51.08846202971185,127,49.52367940435278,0
1715867674,127,46.8813712773283,127,54.46417842588569,127,50.10373828270844,0
1715868574,127,45.97477173706432,127,44.19669794919173,127,39.00691888198804,0
1715869474,127,52.8717548327271,127,48.12632575574874,127,45.06746618102473,0
1715870374,127,53.012705767676685,127,41.869792102731004,127,52.120689657568605,0
1715871274,127,42.11904161411023,127,47.38428834730793,127,43.8159274589544,0
1715872174,127,56.618177241031844,127,48.685552851459384,127,54.50304824234675,0
1715873074,127,47.05844413853695,127,54.6578302700843,127,51.95061469731784,0
1715873974,127,51.80678885157251,127,45.48157857371635,127,53.26598983987489,0
1715874874,127,47.38133356075161,127,47.81149641405683,127,56.20603067049748,0
1715875774,127,40.96117210493644,127,55.448139709740246,127,47.07451689423526,0
1715876674,127,54.99693916542172,127,54.89697808056861,127,58.76342926241285,0
1715877574,127,49.18609439239947,127,50.394949071824,127,46.99574169044249,0
1715878474,127,53.21197818877076,127,43.14099809306934,127,54.08873768852922,0
1715879374,127,50.666830229657855,127,46.44169863362022,127,46.313992155991734,0
1715880274,127,50.096640705377936,127,52.908255962594936,127,53.16106087240381,0
1715881174,127,45.24389238339283,127,38.40083934488784,127,49.38718671155937,0
1715882074,127,46.225850144269764,127,58.924991697636955,127,47.913932975679614,0
1715882974,127,55.90534936816099,127,46.584553824859206,127,54.69427463051435,0
1715883874,127,43.818366826458224,127,46.633982469579195,127,44.13047653993869,0
1715884774,127,48.11883609063571,127,38.64925385156705,127,40.62940777285459,0
1715885674,127,45.266073275206445,127,50.9229154926643,127,50.14548504527259,0
1715886574,127,44.3338734508557,127,57.74094879126922,127,53.33864449965398,0
1715887474,127,58.28268907592469,127,49.09303908505004,127,42.76392106652772,0
1715888374,127,45.25315970644281,127,38.39829287715625,127,49.47649980234186,0
1715889274,127,47.31898044281667,127,50.75181542036165,127,48.94025392930261,0
1715890174,127,50.97598757347849,127,51.79744331993186,127,55.53558287659148,0
1715891074,127,52.77081298782756,127,38.804160949923904,127,49.50890005576614,0
1715891974,127,50.74997412185131,127,48.980810112634956,127,48.179373913722365,0
1715892874,127,56.16386284205463,127,44.785739536259115,127,44.07115751039747,0
1715893774,127,48.120662550018096,127,46.281036076754795,127,47.37055978393913,0
1715894674,127,58.045106950526446,127,47.26148886362151,127,47.08447089611093,0
1715895574,127,46.15337838456805,127,54.796095925221984,127,53.80636141335668,0
1715896474,127,53.14441072455555,127,52.42732545512512,127,44.62696199772948,0
1715897374,127,55.027408607233546,127,50.13055623548568,127,43.26736551015869,0
1715898274,127,54.28454876484828,127,45.79870208455454,127,44.98258934175267,0
1715899174,127,50.17002665433203,127,53.163289606441,127,50.312361521910574,0
1715900074,127,45.86359906806202,127,54.936357548220855,127,46.75337091819526,0
1715900974,127,49.93765605417344,127,49.74460747355021,127,44.989668305584004,0
1715901874,127,58.82681659379003,127,53.26596732736495,127,58.903324405977315,0
1715902774,127,43.925420728795785,127,50.986784233544334,127,56.12431654747593,0
1715903674,127,46.5540111450306,127,47.096925775916674,127,42.95432274036722,0
1715904574,127,42.773549907846885,127,49.18947270535775,127,51.27674205093783,0
1715905474,127,52.80397135592069,127,48.14243250541831,127,43.5900174064224,0
1715906374,127,50.80659619075585,127,53.64190292565632,127,54.50912153480478,0
1715907274,127,47.65033482734515,127,53.76125473576472,127,50.236737980706486,0
1715908174,127,42.71701451164049,127,51.43683928757369,127,53.05254456725322,0
1715909074,127,61.5435467231134,127,47.810765146029844,127,57.930527303173406,0
1715909974,127,49.54880217213156,127,51.22527899387844,127,58.33289763589909,0
1715910874,127,48.562225308382686,127,46.86630525640898,127,44.399960942731475,0
1715911774,127,49.41153614905413,127,45.05793913770094,127,50.4994084975714,0
1715912674,127,48.44794181152906,127,58.32030737265171,127,59.023671662511944,0
1715913574,127,58.539536547607106,127,48.527037462350265,127,57.26803583472425,0
1715914474,127,45.478986365676704,127,42.374784055830276,127,43.79188631228966,0
1715915374,127,54.755795594049935,127,58.32014286352831,127,54.57484265453987,0
1715916274,127,52.6742418558041,127,50.13562355094797,127,47.94951721516346,0
1715917174,127,47.538370119052495,127,47.35773770778601,127,53.663484918248976,0
1715918074,127,46.839778098110905,127,49.31912737105634,127,58.91045213659205,0
1715918974,127,47.94864855147904,127,50.57478960707349,127,52.08804461264559,0
1715919874,127,52.807929151044306,127,49.3792487743831,127,48.64401381488758,0
1715920774,127,54.16959436472155,127,48.04407880598795,127,54.01756057341726,0
1715921674,127,52.1736927765936,127,51.628168118395585,127,44.54363417109407,0
1715922574,127,44.467868534459505,127,44.988043314645594,127,49.99282842166173,0
1715923474,127,53.286023452344736,127,55.88425329529708,127,49.19392091765943,0
1715924374,127,51.21526922751187,127,47.896501880147156,127,46.59059055262093,0
1715925274,127,42.270700183992275,127,47.79234126367871,127,54.30065940128427,0
1715926174,127,52.84134094490876,127,52.546838654250585,127,53.36967122115373,0
1715927074,127,51.40105610179228,127,55.04630648632027,127,52.86984654265545,0
1715927974,127,52.39187056829677,127,46.40564709774056,127,46.22239479796658,0
1715928874,127,43.61310541789795,127,54.83696777039524,127,53.58492557496328,0
1715929774,127,53.15941926014459,127,48.24482535754277,127,48.60753232369102,0
1715930674,127,54.62288523233767,127,50.72805884696627,127,54.29847415026106,0
1715931574,127,52.93516003903905,127,51.6111027463775,127,44.47057822557564,0
1715932474,127,50.655035945829056,127,50.675931159621655,127,57.488329474023786,0
1715933374,127,50.32128829497564,127,54.902983081765925,127,48.68718882875165,0
1715934274,127,39.88545755977226,127,48.71104441429583,127,54.22975941174698,0
1715935174,127,45.091657920709594,127,50.247239221674896,127,50.816641113508204,0
1715936074,127,54.436190532491906,127,51.17308635013587,127,42.72316562712834,0
1715936974,127,43.962088117011085,127,54.94989808853808,127,46.367403447234665,0
1715937874,127,49.46465544203861,127,52.157510938652685,127,57.75552939730639,0
1715938774,127,55.32444801075645,127,56.256751771505954,127,41.91005027257947,0
1715939674,127,49.01972967595125,127,44.41271850912303,127,49.68636048014922,0
1715940574,127,51.82403006004788,127,52.47199426197087,127,52.34986942496727,0
1715941474,127,57.94852337631461,127,52.39353657773382,127,48.70251023600976,0
1715942374,127,54.91961948605639,127,44.35177704452482,127,48.92415547595432,0
1715943274,127,59.3340846095757,127,56.17954571632539,127,46.061898152420014,0
1715944174,127,61.20510826851213,127,46.99907868514625,127,53.39520319222768,0
1715945074,127,59.693308054633924,127,48.64192349540362,127,37.50600150258447,0
1715945974,127,53.99432556764483,127,41.3238020375679,127,45.75592264574501,0
1715946874,127,48.79742042736959,127,50.01130172719073,127,45.71741155115228,0
1715947774,127,41.17231833680492,127,50.11389830601733,127,55.839341496891365,0
1715948674,127,57.98873091687955,127,53.06888198044469,127,49.219550155601354,0
1715949574,127,43.87536800459873,127,55.34566032697025,127,54.0013355427609,0
1715950474,127,54.53974291469906,127,47.093801944557846,127,46.95171757988804,0
1715951374,127,54.20700394316948,127,54.28732838222987,127,54.097494422405305,0
1715952274,127,59.58311363746364,127,43.759334138153775,127,50.63810110265077,0
1715953174,127,56.013608291784465,127,53.14221046154374,127,59.19440456602244,0
1715954074,127,53.76547073300051,127,47.094835966876225,127,49.008101306427065,0
1715954974,127,62.34991011125918,127,52.93508370964299,127,48.013236730400635,0
1715955874,127,52.16774818026149,127,52.50148546503796,127,56.18417255428909,0
1715956774,127,44.903875601958426,127,47.638878300188715,127,50.714966376548354,0
1715957674,127,46.67812720728063,127,54.995851327170676,127,46.3848865906191,0
1715958574,127,45.37865783309065,127,46.71820556485627,127,59.07396261657738,0
1715959474,127,55.24058170889629,127,52.98195992535525,127,51.58052193579026,0
1715960374,127,42.147478652459704,127,34.75876305828767,127,42.54421564306033,0
1715961274,127,47.18999155026364,127,42.11886629282453,127,48.60389166282145,0
1715962174,127,49.90847721600181,127,48.28628551317049,127,52.16282975412163,0
1715963074,127,50.42097040770293,127,42.2016411853499,127,38.022763407948936,0
1715963974,127,53.32524198284444,127,54.58241589925229,127,46.50211654446749,0
1715964874,127,53.796303124466284,127,59.82699735833336,127,60.88936404381421,0
1715965774,127,56.83964052998265,127,51.59236164799895,127,43.12312930792349,0
1715966674,127,47.29564003370562,127,43.3788686977352,127,49.75687488925731,0
1715967574,127,42.62841544129739,127,40.47013999978233,127,52.29250754419432,0
1715968474,127,43.21848751050853,127,39.48647118680622,127,41.91987659542707,0
1715969374,127,45.9440771643548,127,53.41658763636811,127,51.71575838577365,0
1715970274,127,55.33960539507327,127,51.983662919106635,127,56.87381169768649,0
1715971174,127,40.37379484270369,127,42.18928277646576,127,51.783516987452174,0
1715972074,127,50.804609666890606,127,47.701112799103036,127,42.4291602845501,0
1715972974,127,51.16573931441555,127,43.69062389540677,127,46.24397123274683,0
1715973874,127,44.91688490964609,127,47.46689745058481,127,59.57132063549928,0
1715974774,127,56.52758850521507,127,48.20879730329989,127,51.705199396400836,0
1715975674,127,53.57981695301907,127,45.486834600493246,127,54.53085086410168,0
1715976574,127,43.20310177778728,127,51.28223681769338,127,53.18575266306588,0
1715977474,127,52.25361925276452,127,60.279267188895446,127,52.33725040229594,0
1715978374,127,52.0044605071759,127,55.71064153872389,127,46.09721968983936,0
1715979274,127,54.37733158235458,127,55.545735651291295,127,47.629783577014486,0
1715980174,127,44.7644541063602,127,52.84844353813166,127,57.30545601290373,0
1715981074,127,51.46896082405111,127,43.20236605088382,127,52.97419000522859,0
1715981974,127,47.37016181100414,127,53.48987332304698,127,63.09401634319742,0
1715982874,127,58.93018648303702,127,56.90831475366896,127,51.82296528233523,0
1715983774,127,53.20692906308827,127,48.41023678025342,127,46.65282981326644,0
1715984674,127,54.26588009650796,127,47.19358087183712,127,53.270382835923535,0
1715985574,127,46.413095009445456,127,53.585522496533486,127,48.331368532260406,0
1715986474,127,43.651656853565946,127,48.40418914756507,127,49.52419876810392,0
1715987374,127,58.2186409287381,127,52.052011448113525,127,46.60439124418271,0
1715988274,127,47.32847390962674,127,50.618318841707456,127,46.56623651006083,0
1715989174,127,52.163516112222524,127,45.05046112159945,127,51.7601809647019,0
1715990074,127,49.81385483275073,127,50.477472159145286,127,54.46226775300885,0
1715990974,127,43.051259377621015,127,51.45407707452968,127,50.716871057005314,0
1715991874,127,43.99875831344723,127,44.210727691778736,127,51.00900455234186,0
1715992774,127,41.33460570704694,127,48.049509549279286,127,51.721217082070645,0
1715993674,127,52.80610501362223,127,38.13210174552405,127,52.338637508217055,0
1715994574,127,45.62236123067456,127,51.92010039480695,127,53.570013122549554,0
1715995474,127,49.91940787130839,127,48.83641986287591,127,43.16944983386105,0
1715996374,127,59.00854932926695,127,50.547990380468825,127,45.4298429096019,0
1715997274,127,39.41650435851405,127,57.67459665444144,127,57.58592158382578,0
1715998174,127,46.08439300232753,127,54.379698360174835,127,48.324962841695125,0
1715999074,127,46.87061935629708,127,55.54408163812954,127,50.82965520760797,0
1715999974,127,51.92956679761575,127,60.73371943933374,127,42.59006819087253,0
1716000874,127,49.47761702011034,127,50.11375783687603,127,43.37607181880027,0
1716001774,127,49.76980125220086,127,48.900084202388754,127,51.61189094620186,0
1716002674,127,40.64726952591021,127,48.56998259578667,127,56.91786312424697,0
1716003574,127,50.378242437543484,127,53.89935002692954,127,55.92758482413097,0
1716004474,127,55.39673591556442,127,57.66144678177808,127,52.41690764261602,0
1716005374,127,53.55591068343031,127,56.48786080435678,127,52.81512306565661,0
1716006274,127,58.299037102568306,127,48.47056714224864,127,55.00208333161419,0
1716007174,127,51.19956774088978,127,60.018394741580465,127,44.86356383198336,0
1716008074,127,48.55092018002922,127,51.69872644989304,127,47.231970496395704,0
1716008974,127,50.9285712515966,127,45.95730758507228,127,42.28273593064497,0
1716009874,127,49.99641859575425,127,55.440986044355604,127,53.42265782597011,0
1716010774,127,40.78779218850708,127,53.052959357685154,127,56.86610845128222,0
1716011674,127,44.699264943126465,127,55.99810041661167,127,43.88471015629222,0
1716012574,127,55.593070103892785,127,46.80722131915142,127,55.50276089862283,0
1716013474,127,40.75086870963787,127,59.87931024756142,127,51.87421076725422,0
1716014374,127,54.51201576585041,127,53.33279581401225,127,47.29614431902782,0
1716015274,127,44.30661664530176,127,54.333359888961894,127,46.363947148541406,0
1716016174,127,47.213566593518195,127,51.66760035498666,127,51.20961415783772,0
1716017074,127,50.67831583883511,127,50.317229740892714,127,52.53554680011155,0
1716017974,127,49.011823757588445,127,49.183319608772436,127,65.15378936368445,0
1716018874,127,46.84125317405807,127,48.678366618787194,127,43.86127380772918,0
1716019774,127,44.78996675453599,127,48.581503552850535,127,54.184278140112426,0
1716020674,127,42.81587077601965,127,47.939277828312264,127,49.13655338698278,0
1716021574,127,38.361122120017,127,47.13213381931601,127,52.322860501750874,0
1716022474,127,49.48754075798056,127,54.56200450617641,127,45.44895777178385,0
1716023374,127,56.93798363602664,127,53.54038215493623,127,42.04485335824701,0
1716024274,127,50.96782429029435,127,54.30028696060223,127,51.683024410903464,0
1716025174,127,52.25349234625623,127,53.25738442460074,127,49.61757139878714,0
1716026074,127,47.163114393833574,127,48.51869823965148,127,44.00839931757383,0
1716026974,127,55.46536103286558,127,47.725877146347834,127,54.5372151896464,0
1716027874,127,50.385224390537374,127,54.37328497491553,127,48.6169921022233,0
1716028774,127,56.18989125941643,127,49.667572601823835,127,43.781337229341155,0
1716029674,127,47.712640080224396,127,53.75368035000393,127,53.27812922097558,0
1716030574,127,48.647776362637295,127,42.04130152356595,127,54.58693494235801,0
1716031474,127,40.90815127131235,127,46.69266718909148,127,55.20684865626331,0
1716032374,127,56.282366254782026,127,47.35617722510615,127,46.06554411982489,0
1716033274,127,52.38018737856657,127,57.00239954568881,127,48.04391039364785,0
1716034174,127,48.340181995600524,127,49.36280779170553,127,48.25679944588707,0
1716035074,127,47.06272414540803,127,47.97908366005935,127,43.68699011470886,0
1716035974,127,48.632063357815426,127,40.848779630421575,127,55.63602663134995,0
1716036874,127,45.44848628306362,127,54.681744666665494,127,58.522165753420225,0
1716037774,127,42.797250464610286,127,50.606764011885325,127,46.283985774179115,0
1716038674,127,48.02511293247854,127,46.89019049176007,127,44.86478562004925,0
1716039574,127,51.99430761189666,127,43.98137945249634,127,50.43982332481045,0
1716040474,127,44.93837723454082,127,61.35171572140351,127,49.00674011685039,0
1716041374,127,55.07140158548842,127,47.117161839702646,127,49.074846470444946,0
1716042274,127,54.60907658594786,127,42.89234803910242,127,48.47700567673168,0
1716043174,127,54.39072775716015,127,52.41973359423575,127,51.70341404126526,0
1716044074,127,50.69286464734932,127,52.76527078478886,127,48.9106803916843,0
1716044974,127,53.28600309274909,127,46.169539360424075,127,49.24760614572971,0
1716045874,127,46.522437762006696,127,45.980047107133224,127,50.96784859477953,0
1716046774,127,46.94615574026278,127,57.3878753657572,127,60.74100522961915,0
1716047674,127,56.35304906076115,127,54.45977421379836,127,52.758972591984985,0
1716048574,127,52.37295305622973,127,43.125000584378,127,40.18594710527294,0
1716049474,127,48.779200329025365,127,48.621652453013745,127,61.87534992043661,0
1716050374,127,44.93748204507596,127,61.813934426125215,127,44.75788613053872,0
1716051274,127,50.10147274444527,127,41.854281479169146,127,57.73022754943498,0
1716052174,127,48.68664907637135,127,43.141532317502794,127,58.72418617158245,0
1716053074,127,40.49801762317492,127,53.67008015978001,127,45.14003611503834,0
1716053974,127,52.43938513324453,127,54.213278506748665,127,49.98150220130484,0
1716054874,127,55.80444496749013,127,49.27694040336478,127,48.06634475943742,0
1716055774,127,43.96964576647039,127,40.78649316329486,127,39.11854936503975,0
1716056674,127,52.70072878531487,127,47.38390406199497,127,53.43184878640651,0
1716057574,127,58.62638014628289,127,54.72668900665679,127,43.86406364226181,0
1716058474,127,47.356187495481706,127,47.2130344592694,127,55.70010366892905,0
1716059374,127,54.26588573741771,127,46.06270293456012,127,57.430144950109494,0
1716060274,127,48.01658335803691,127,45.673259253973136,127,53.34143579148046,0
1716061174,127,43.26994032166439,127,55.55069669683255,127,62.6871991360066,0
1716062074,127,57.89050482150704,127,48.96291800276347,127,55.9053168335767,0
1716062974,127,56.93828927364022,127,52.17193500252455,127,55.09367953133402,0
1716063874,127,48.265063753902176,127,49.65104999733013,127,53.424857951837566,0
1716064774,127,46.030680384749786,127,55.405341426693965,127,46.06332988592379,0
1716065674,127,52.43774987755282,127,47.05490185660564,127,53.21405712654469,0
1716066574,127,47.31409820751895,127,49.839731233064384,127,46.822386759750756,0
1716067474,127,51.420024464878004,127,46.38413254011171,127,58.37899264938346,0
1716068374,127,43.12546185149789,127,49.06432889791451,127,47.24536731678178,0
1716069274,127,51.123792038213054,127,50.48161445364321,127,52.67166131558057,0
1716070174,127,52.08880925434828,127,44.73086696516309,127,58.51671109256542,0
1716071074,127,49.47931523615667,127,47.15514416073246,127,50.72451061777169,0
1716071974,127,57.550584983917894,127,45.9612165538598,127,50.817538506384814,0
1716072874,127,51.84089686496612,127,43.15135589467705,127,45.486776185274564,0
1716073774,127,50.709616764558696,127,47.82248395504802,127,57.354725180765755,0
1716074674,127,43.50272033585682,127,49.300612937788976,127,52.0283557583578,0
1716075574,127,45.36032962423816,127,47.99583165744767,127,49.08384089564791,0
1716076474,127,47.53361365517885,127,55.90529461300382,127,47.85255735272333,0
1716077374,127,51.29347750407408,127,46.986816837698974,127,41.52534493971018,0
1716078274,127,37.859270569554184,127,51.68020732287445,127,50.00382577867093,0
1716079174,127,53.22621219022307,127,50.00687049555141,127,56.30980443034023,0
1716080074,127,46.85254289347937,127,55.377857364392014,127,41.5269772179242,0
1716080974,127,52.069109579593665,127,45.49328626149893,127,45.423028131386566,0
1716081874,127,51.37538920660154,127,41.127183680003796,127,56.21152475313453,0
1716082774,127,57.426533943570064,127,53.29118094482814,127,47.52752688691757,0
1716083674,127,54.29013395213582,127,37.371700408930664,127,47.79157706921554,0
1716084574,127,50.179427185481735,127,51.31870629892487,127,50.69804738562812,0
1716085474,127,48.94303779639855,127,44.57493010658764,127,54.33366902757987,0
1716086374,127,53.431815736364264,127,46.059652041633576,127,51.281997006452606,0
1716087274,127,53.13812501365649,127,52.882735299683944,127,55.18832411349117,0
1716088174,127,45.52478792597668,127,46.3127647022095,127,47.13320979491249,0
1716089074,127,57.73414979763885,127,55.09015130005774,127,43.223848214786045,0
1716089974,127,57.541619213534126,127,42.49200790291047,127,47.83445117044455,0
1716090874,127,46.38194276387242,127,43.673848488025556,127,59.17760981574507,0
1716091774,127,45.25404752079271,127,53.92276427168931,127,49.497524422491146,0
1716092674,127,45.41404695678273,127,46.8757472781081,127,47.282950297340555,0
1716093574,127,51.46844440055551,127,53.738150372339135,127,49.12016023772502,0
1716094474,127,53.707603335348914,127,50.818119824706855,127,51.95682008372122,0
1716095374,127,44.79681228321017,127,57.98334285365571,127,58.57875599495105,0
1716096274,127,45.40331635387308,127,47.422194030337636,127,51.93319171811385,0
1716097174,127,51.75117441897875,127,53.006376408837944,127,48.63553338132717,0
1716098074,127,55.05424004949394,127,48.19620495594128,127,45.32363063791,0
1716098974,127,50.056972082161266,127,44.561286364772556,127,43.98220531344859,0
1716099874,127,47.101551552387384,127,50.43233430274963,127,46.44921707071125,0
1716100774,127,50.265556809281776,127,46.41497076757492,127,49.52392586056499,0
1716101674,127,51.96263370490182,127,44.80556349162601,127,55.82068343914955,0
1716102574,127,52.34082574810056,127,56.348628234663586,127,52.927984864812686,0
1716103474,127,54.02708992456294,127,52.729683486296864,127,49.903495525589236,0
1716104374,127,49.60030374638286,127,46.48423386358217,127,48.333608823022026,0
1716105274,127,54.381747710368735,127,48.362231619598134,127,49.55026723784272,0
1716106174,127,46.09796559886732,127,57.988395604649455,127,49.57715343020671,0
1716107074,127,45.809534722498825,127,56.45974090280378,127,51.900710820208026,0
1716107974,127,55.32523232550855,127,47.542242962467306,127,51.8984440893406,0
1716108874,127,51.54121127009018,127,43.74228693997047,127,54.28744241046516,0
1716109774,127,50.2268133096447,127,45.50267657936762,127,50.90890452304475,0
1716110674,127,48.008694420090656,127,47.87708492541827,127,52.379861913399125,0
1716111574,127,47.40152898243611,127,54.542143176090605,127,48.71277575632224,0
1716112474,127,53.33494558448639,127,57.27142180205266,127,53.48276056929025,0
1716113374,127,47.986965962363854,127,52.184487859138656,127,49.27496189862225,0
1716114274,127,46.39345947102412,127,40.47486242306695,127,50.946512283538844,0
1716115174,127,60.6786866480778,127,57.56193327716809,127,57.27091077258459,0
1716116074,127,41.80727348764866,127,42.044955982617054,127,46.5303772788346,0
1716116974,127,45.607389422506586,127,45.962035175684,127,48.093939443125684,0
1716117874,127,54.04686286705238,127,51.39915667499524,127,52.635089886581625,0
1716118774,127,38.16780928139252,127,52.565230589671444,127,50.45805895309261,0
1716119674,127,53.131392839857256,127,46.28179363126323,127,51.63860166028574,0
1716120574,127,46.1199964820488,127,37.46598007635191,127,52.37977785258463,0
1716121474,127,45.49490272560117,127,50.07281490833369,127,54.493811287974225,0
1716122374,127,51.6765960902638,127,54.80333880668416,127,48.56266099519038,0
1716123274,127,35.03019999528479,127,56.25228960107928,127,44.139559258480546,0
1716124174,127,44.82167521682998,127,53.47906554335027,127,52.47404354668879,0
1716125074,127,47.71369529210667,127,41.78218868488645,127,57.87230823709476,0
1716125974,127,49.84972385744863,127,44.99517084829599,127,45.34430313798829,0
1716126874,127,55.36648326284321,127,48.8190348247675,127,51.18575088822133,0
1716127774,127,47.08015398544402,127,54.26857878822158,127,48.909272358076386,0
1716128674,127,58.82963849493729,127,51.0457897841833,127,57.91646138074536,0
1716129574,127,49.19358164170035,127,46.84519613543326,127,41.192541679854145,0
1716130474,127,47.206049692610776,127,44.8789895360665,127,50.18864326245048,0
1716131374,127,52.36642432590329,127,49.04095793505739,127,49.91843199921666,0
1716132274,127,51.094800647253685,127,45.13560764769326,127,37.36144354000891,0
1716133174,127,35.2067833557545,127,53.12446824799864,127,54.97714130609714,0
1716134074,127,54.95199780675394,127,60.096989907303914,127,52.11992778550756,0
1716134974,127,54.01228043023084,127,48.56276015246685,127,51.353621829408645,0
1716135874,127,46.491660933738615,127,51.803096984641016,127,48.16287999560703,0
1716136774,127,59.47158033447653,127,62.14131906934095,127,57.7826967122958,0
1716137674,127,54.05423301754481,127,47.60219405873106,127,40.96602144842877,0
1716138574,127,56.61297963074713,127,42.65227978510617,127,47.634967770718255,0
1716139474,127,49.44422342371352,127,49.183393768047594,127,53.68655456219689,0
1716140374,127,50.348602441992554,127,50.69537864560225,127,47.13848157529942,0
1716141274,127,50.97288956507092,127,52.467475851328025,127,54.335698203085755,0
1716142174,127,50.20046896578073,127,45.6229503760914,127,51.877234961258964,0
1716143074,127,49.42873152539356,127,47.619173111132085,127,58.983205667565365,0
1716143974,127,48.751435368069096,127,43.27194049678749,127,48.7340767290701,0
1716144874,127,49.91305253686335,127,45.70927641381123,127,45.90885400022698,0
1716145774,127,43.94826172285847,127,40.52117878009475,127,47.26879387822306,0
1716146674,127,48.360873073619366,127,52.09070168976668,127,45.98616079312467,0
1716147574,127,49.375579693080645,127,51.834836012144265,127,47.83985669456576,0
1716148474,127,46.7840896941629,127,48.16541396988152,127,47.909604693937645,0
1716149374,127,44.44280271130584,127,57.83120719323321,127,52.48327941813773,0
1716150274,127,42.364370627138804,127,58.40467295275248,127,54.7262128188106,0
1716151174,127,53.96313730078015,127,49.369908327505,127,48.29251147318171,0
1716152074,127,55.57507314931594,127,53.81446349976247,127,53.593197445978404,0
1716152974,127,60.30432802588378,127,44.28645622327541,127,46.63952207364332,0
1716153874,127,52.11931351577191,127,48.66278475639499,127,49.39991324275455,0
1716154774,127,55.55953054777123,127,51.023290142637904,127,49.12883288207843,0
1716155674,127,46.55033189578031,127,52.44790240558193,127,52.96400454041999,0
1716156574,127,46.55292004918751,127,46.03629348482153,127,43.45395845621074,0
1716157474,127,53.29973091638796,127,55.79617173753967,127,46.764211573411,0
1716158374,127,45.73460156272758,127,51.265039809546785,127,43.82509805000167,0
1716159274,127,47.6509140650219,127,53.189011182962055,127,50.323037779536946,0
1716160174,127,56.332565140187455,127,49.982348700326064,127,47.86798929273048,0
1716161074,127,59.77878981928286,127,51.684165575631134,127,50.9710193323416,0
1716161974,127,51.48830779962885,127,48.77603253140527,127,44.13988558658174,0
1716162874,127,50.01109361190324,127,47.15934106864105,127,49.958421149497056,0
1716163774,127,48.788297817803084,127,52.03984724966043,127,47.987024419689796,0
1716164674,127,41.665660925609004,127,55.53835811127986,127,55.87139501637549,0
1716165574,127,54.185587928363645,127,43.97540203667822,127,54.494860392067494,0
1716166474,127,52.53493612659527,127,56.32502643345535,127,52.73991660703934,0
1716167374,127,46.947182357334675,127,46.33754376040557,127,46.19693137151911,0
1716168274,127,61.76306398172011,127,51.61612473859714,127,49.51273673561202,0
1716169174,127,52.45532874816756,127,48.004881870294035,127,57.93043184443448,0
1716170074,127,54.27752589824005,127,49.19085807990568,127,57.68036100165782,0
1716170974,127,49.906442200803625,127,52.2670276374014,127,52.52226739143231,0
1716171874,127,48.650403397950434,127,53.915593082952924,127,49.84475303246596,0
1716172774,127,42.322366702449244,127,50.870106153460426,127,47.14575720729553,0
1716173674,127,43.9835431332967,127,55.06678645499514,127,45.03717570481595,0
1716174574,127,53.09691075838981,127,47.49549782384443,127,49.525626920945214,0
1716175474,127,52.60510155474168,127,57.45250530756535,127,49.82895050453176,0
1716176374,127,46.28448303078376,127,49.49507663596116,127,56.90168518643029,0
1716177274,127,63.58757352985302,127,41.66808745058963,127,46.803063756251866,0
1716178174,127,51.10512070143941,127,41.94282067707299,127,38.541930003388735,0
1716179074,127,49.181654117672004,127,47.45668893141182,127,56.632391243081635,0
1716179974,127,46.4134212600556,127,46.613514472560176,127,48.024804005474195,0
1716180874,127,56.996395909419846,127,52.06722791871986,127,54.66689527096218,0
1716181774,127,54.49665408305991,127,51.02433642445514,127,48.55061851118393,0
1716182674,127,42.56484711228631,127,49.88754574195545,127,46.949953135583286,0
1716183574,127,49.50887433914876,127,57.121627197208674,127,42.26639021530375,0
1716184474,127,48.003292286518274,127,56.1297243591665,127,50.62383364441572,0
1716185374,127,40.99090128109597,127,52.11426216460947,127,48.58483205722264,0
1716186274,127,51.043070294702424,127,40.678982195686146,127,51.397458872900735,0
1716187174,127,54.45626604939057,127,52.38200777847896,127,55.584929372813306,0
1716188074,127,45.951221866518004,127,53.458953153094676,127,47.24462236047943,0
1716188974,127,49.14441738670108,127,53.62139077794536,127,49.06854436969458,0
1716189874,127,45.99780313828745,127,50.867425480330155,127,38.336144158689976,0
1716190774,127,55.36469919003418,127,49.972927617642306,127,46.5467081022705,0
1716191674,127,50.97485018864566,127,55.76336418902441,127,53.13886108997228,0
1716192574,127,47.91595799726149,127,47.50702465789824,127,47.792276300979076,0
1716193474,127,52.379531339368356,127,45.002405057957816,127,49.72178663970381,0
1716194374,127,45.54727953000214,127,57.57517654004465,127,47.99396160486562,0
1716195274,127,47.44780272137698,127,48.21024986683548,127,45.56161926061019,0
1716196174,127,49.36968828453645,127,56.05037259301372,127,51.58163974831664,0
1716197074,127,50.58710414250979,127,44.75570047216359,127,54.00321048099397,0
1716197974,127,54.09679339963001,127,42.88196931489273,127,50.26513470119002,0
1716198874,127,54.20966652457041,127,38.09435726065864,127,51.561629985483954,0
1716199774,127,60.158295055140265,127,49.33287935691759,127,54.783374898255005,0
1716200674,127,51.552685627209826,127,49.859997313996715,127,50.84908134228169,0
1716201574,127,46.78260302213539,127,57.34371997084161,127,54.11171444024752,0
1716202474,127,52.626823714361315,127,45.292838999627016,127,51.250610285963205,0
1716203374,127,42.84696841227576,127,52.20877937762427,127,43.304043922106814,0
1716204274,127,39.104917322348086,127,46.71804705493563,127,58.45262570872446,0
1716205174,127,44.837920417592414,127,50.05298312823036,127,47.86748723882449,0
1716206074,127,50.88714367096512,127,55.50790262520624,127,43.74795729589714,0
1716206974,127,59.98108504406622,127,46.22563589195758,127,47.7520844585348,0
1716207874,127,49.36960210424324,127,45.415688985171734,127,47.30674226109198,0
1716208774,127,52.02643674236638,127,41.551348685351506,127,44.49164523775865,0
1716209674,127,51.512367712347704,127,57.971828425953504,127,42.95382738422026,0
1716210574,127,63.303776540703296,127,55.53574291451465,127,51.19521188239242,0
1716211474,127,52.2865817435025,127,49.09628287630607,127,40.45069639868055,0
1716212374,127,48.492428705098625,127,47.02319440504146,127,50.84257078522555,0
1716213274,127,51.90700495623335,127,49.901727226713106,127,50.58599840880407,0
1716214174,127,52.68987537051257,127,50.15015891762432,127,46.207520838227005,0
1716215074,127,61.02536388136353,127,53.82363906485917,127,57.06262256893218,0
1716215974,127,46.74966604937113,127,53.92144773235157,127,53.236117129970594,0
1716216874,127,50.68413188129802,127,60.72420204005502,127,47.660167731738305,0
1716217774,127,48.154687047333496,127,45.847180737058544,127,52.41477500899352,0
1716218674,127,47.869690117992725,127,60.018076954988565,127,54.454262312388856,0
1716219574,127,47.710846358502366,127,47.66648149548244,127,52.826636543405336,0
1716220474,127,48.94812178755248,127,50.32724959849505,127,44.71810342804733,0
1716221374,127,54.19460152330415,127,45.427050079256716,127,34.96293437019031,0
1716222274,127,54.3171528690162,127,48.41718386572344,127,56.59066649048506,0
1716223174,127,53.88552133610652,127,48.135669238057034,127,45.01226721674798,0
1716224074,127,56.50781504142711,127,52.90458303109488,127,49.004007280224435,0
1716224974,127,52.30794815096544,127,58.44419875430991,127,45.26154025745647,0
1716225874,127,44.71591740024897,127,53.16291813718575,127,48.89814790178509,0
1716226774,127,55.99712330692759,127,51.14123137522652,127,53.82431997019127,0
1716227674,127,46.872897983031,127,50.06142902904166,127,49.37967696916994,0
1716228574,127,48.22036536453999,127,52.725639424535686,127,56.44882174654295,0
1716229474,127,49.290861381177464,127,49.881083850683474,127,62.08229175129307,0
1716230374,127,51.56425677858061,127,56.29187985180105,127,49.908339590589335,0
1716231274,127,48.54767609451733,127,55.631877745743374,127,49.36409808325885,0
1716232174,127,46.50428819900137,127,52.175158836366975,127,45.034934720756425,0
1716233074,127,49.63355595464904,127,49.951622040621885,127,53.04117562527286,0
1716233974,127,42.68850239205925,127,51.86700419186992,127,48.74163403604474,0
1716234874,127,47.22543246001411,127,51.35226607424108,127,54.41972218625252,0
1716235774,127,54.740168472758754,127,41.13388162647068,127,48.299983225185436,0
1716236674,127,55.40077265656478,127,52.03837126692837,127,55.54611758774769,0
1716237574,127,47.45482281549721,127,50.07733132537564,127,54.04093191726058,0
1716238474,127,50.72229270219966,127,52.419122334279734,127,52.001469810766544,0
1716239374,127,40.71128520799739,127,50.41650126964725,127,50.52988935950898,0
1716240274,127,53.976121286523366,127,50.187652847172195,127,49.903994624720994,0
1716241174,127,52.85402452373268,127,46.625004742709336,127,53.23645947833692,0
1716242074,127,47.11076461666826,127,52.88411112587634,127,61.906612786298325,0
1716242974,127,45.55859485402289,127,49.814598758268076,127,42.090574955712434,0
1716243874,127,47.298181511399356,127,54.611903619088785,127,54.38430539236687,0
1716244774,127,58.411801977361776,127,52.320843999534745,127,52.773635265344005,0
1716245674,127,46.261846095514024,127,49.460153954651474,127,47.13156092185967,0
1716246574,127,44.033166206929835,127,51.096287544218946,127,49.337431075651054,0
1716247474,127,50.147206643161915,127,46.398686546598114,127,50.36441077915211,0
1716248374,127,42.77979835416802,127,55.5378559369566,127,41.30950285437871,0
1716249274,127,48.43867506667578,127,52.56340595453487,127,50.26030161213525,0
1716250174,127,41.62375463955408,127,47.713834883102464,127,42.798461889762564,0
1716251074,127,51.63964800415534,127,38.96002764287519,127,48.53463804281415,0
1716251974,127,57.62532161035669,127,46.28159251525023,127,50.617531612252705,0
1716252874,127,45.22024519576162,127,46.08424376122893,127,44.334077286511004,0
1716253774,127,60.551080084473,127,57.09693771288653,127,53.73553333062768,0
1716254674,127,49.468487562426766,127,40.18673724818954,127,45.82983986682277,0
1716255574,127,59.96918375137818,127,46.66670122700357,127,54.881450810691724,0
1716256474,127,45.98489450384683,127,55.01754927249719,127,52.192092191681446,0
1716257374,127,55.96615135793023,127,48.66427766764492,127,58.26879703064036,0
1716258274,127,49.84953362748574,127,58.702642739159856,127,55.98746335625285,0
1716259174,127,48.63454831519546,127,47.925852860462996,127,45.400475707927825,0
1716260074,127,54.85768969183724,127,51.24769679903759,127,59.93023876736972,0
1716260974,127,51.81614214073162,127,55.24673625051042,127,41.068274555709856,0
1716261874,127,52.480319467225506,127,47.37342300964601,127,56.0411962417133,0
1716262774,127,53.583475308323706,127,49.38586027691567,127,52.73855518262536,0
1716263674,127,44.011927793398144,127,47.96837424409941,127,50.854300755830145,0
1716264574,127,47.48811585698002,127,59.908105325637166,127,57.47247888105495,0
1716265474,127,56.74341893929524,127,50.65077256354974,127,61.29924473436782,0
1716266374,127,55.304009914721654,127,53.4142192164814,127,49.01501915901578,0
1716267274,127,49.528844788923855,127,49.01701571792811,127,49.92732824348951,0
1716268174,127,47.51143206607212,127,57.31079287762917,127,47.31742906666622,0
1716269074,127,49.09536616327377,127,50.022785133217106,127,52.8453891984098,0
1716269974,127,53.79318585734014,127,51.023428574611216,127,48.6360342069389,0
1716270874,127,55.44261788794293,127,44.24287303673048,127,50.33261666573962,0
1716271774,127,42.05962817881353,127,54.06013335176743,127,49.736672775141784,0
1716272674,127,50.36430416838361,127,49.95182098929939,127,49.11320734155665,0
1716273574,127,54.00683409873916,127,58.398523105905205,127,48.61736008651735,0
1716274474,127,47.386316506434305,127,52.326141416114474,127,55.03128728167951,0
1716275374,127,44.88099560925967,127,48.41449741863957,127,60.795119859626524,0
1716276274,127,50.896825940070194,127,51.48718985731976,127,41.09723782386706,0
1716277174,127,51.18294322648824,127,52.91945030223911,127,54.34479468802265,0
1716278074,127,49.19035150540466,127,40.87406881000207,127,55.26299880970601,0
1716278974,127,46.31653290531721,127,51.11614180927368,127,48.9376942466491,0
1716279874,127,55.612438801719364,127,47.373146554924375,127,54.21466786101138,0
1716280774,127,47.72613034072853,127,51.069645243670784,127,48.23512816569453,0
1716281674,127,47.997374209104244,127,48.20585685381391,127,52.671424983367906,0
1716282574,127,55.348606780324566,127,51.8136880183916,127,46.90953205534456,0
1716283474,127,53.603115347773965,127,61.78173802687412,127,53.94058982972511,0
1716284374,127,49.4477531367508,127,49.48982879802452,127,54.964365458764874,0
1716285274,127,54.20831548956872,127,48.94529073631046,127,50.297276149814145,0
1716286174,127,50.857286605148126,127,54.86803049788101,127,48.731795515590555,0
1716287074,127,47.45463728407591,127,51.0459760017179,127,48.023841738904615,0
1716287974,127,53.367236973288705,127,59.24625482903224,127,52.70307913457278,0
1716288874,127,60.833036530754704,127,47.99137088720927,127,44.747920867738166,0
1716289774,127,47.29499792988954,127,49.362195031567445,127,45.67300076263487,0
1716290674,127,46.28031032110564,127,58.600986943566966,127,48.234479100688816,0
1716291574,127,56.68243322288349,127,46.82212045018997,127,55.37607783001097,0
1716292474,127,50.7772065586298,127,54.24992089840457,127,51.439478003095886,0
1716293374,127,56.91579802268102,127,55.43460273247129,127,40.42739011931031,0
1716294274,127,46.77668903044456,127,46.761832885233304,127,52.93350772916888,0
1716295174,127,49.33486851601792,127,51.677967158540866,127,44.68203458551313,0
1716296074,127,55.81218961301221,127,48.956097896106364,127,54.98276440333011,0
1716296974,127,52.35466737886474,127,46.05575589490125,127,45.49753611678279,0
1716297874,127,42.24682424309432,127,44.05738759469655,127,50.231273475743656,0
1716298774,127,48.77648889386149,127,51.618804575176156,127,52.907652922345015,0
1716299674,127,49.94153470790541,127,59.50257610082045,127,57.548034123251206,0
1716300574,127,55.31263793850127,127,36.59904974687493,127,42.53570901620242,0
1716301474,127,63.75207182668638,127,57.86772042238267,127,50.59835109554564,0
1716302374,127,51.365318404404704,127,46.8176423704518,127,41.636262578506994,0
1716303274,127,46.62837367356958,127,55.29118289437557,127,41.67072519756452,0
1716304174,127,55.13725021814299,127,54.1053620711204,127,48.36048578242038,0
1716305074,127,47.19395514455573,127,45.7597403806804,127,43.86028072714906,0
1716305974,127,46.599857846025905,127,54.67066652568762,127,49.57317334393149,0
1716306874,127,46.9626625016985,127,47.14992864257808,127,55.77718775534956,0
1716307774,127,41.55949488224837,127,54.16589218716709,127,57.538131551663724,0
1716308674,127,59.52199470565175,127,57.09071602439191,127,53.35289554741263,0
1716309574,127,48.922601133942685,127,49.007175322879895,127,54.31734834146267,0
1716310474,127,48.90697998335463,127,46.36995468835597,127,54.372431930113905,0
1716311374,127,55.43487003705782,127,44.89431835751239,127,47.50797662819645,0
1716312274,127,50.27509619182888,127,50.91544199567763,127,54.063005284015844,0
1716313174,127,54.08063246744706,127,45.71536554529417,127,49.07281633516507,0
1716314074,127,54.89828816788356,127,41.07439052372061,127,47.85702519201027,0
1716314974,127,56.15212650655133,127,55.09802448771133,127,50.97834976080371,0
1716315874,127,45.19581098490239,127,50.292825349309304,127,52.98995000002814,0
1716316774,127,44.44655123929515,127,44.810475800807964,127,41.48902182296063,0
1716317674,127,51.185855279216796,127,56.80938613956242,127,50.6544000867234,0
1716318574,127,57.71198670032195,127,50.26084863417383,127,51.64796060544461,0
1716319474,127,48.27427892667912,127,50.29287065430608,127,51.26308411761715,0
1716320374,127,50.87032391827432,127,50.16776148986935,127,53.49715226788662,0
1716321274,127,57.552564695935175,127,47.74836543740728,127,47.818247220693614,0
1716322174,127,56.50349125931773,127,54.429915858602286,127,53.391682965661296,0
1716323074,127,53.68177917352911,127,41.3829872136564,127,57.28515619344644,0
1716323974,127,54.38733520695872,127,46.805470320513265,127,44.96803419134478,0
1716324874,127,47.6965574672355,127,46.254460182699205,127,47.709450855948795,0
1716325774,127,50.02804896283083,127,51.516976970166326,127,47.02901158557088,0
1716326674,127,55.08222142289319,127,49.02448312961812,127,39.87850374306723,0
1716327574,127,54.975098474000426,127,41.76026423551971,127,48.54020060197413,0
1716328474,127,47.62860001023488,127,54.40465915347159,127,60.193403713705436,0
1716329374,127,49.01164921270338,127,48.06283939238779,127,50.88706990622807,0
1716330274,127,42.309894660057665,127,53.84554055266782,127,51.180130137943515,0
1716331174,127,50.670165848899295,127,39.65708342152985,127,47.78786847015965,0
1716332074,127,48.52844855915933,127,53.72120074746211,127,52.650832005622654,0
1716332974,127,50.39840949501832,127,54.337786904485775,127,50.60382952426768,0
1716333874,127,52.18191846341038,127,51.97856233189554,127,52.30588657842448,0
1716334774,127,53.17721051617901,127,46.81410017394487,127,48.471733546165126,0
1716335674,127,52.3257345585291,127,49.376685546483735,127,55.91304893086558,0
1716336574,127,49.64324903984807,127,52.40575927130107,127,50.18189697601756,0
1716337474,127,47.99191549537586,127,48.66268347840928,127,51.69664236790682,0
1716338374,127,52.821537319033446,127,45.07426673704016,127,52.68382166938364,0
1716339274,127,54.02558639386458,127,46.188240826443504,127,51.77080083901484,0
1716340174,127,55.69813722716914,127,53.7918185104291,127,52.40989984556407,0
1716341074,127,52.74660613379337,127,48.61010318246717,127,47.29177604093495,0
1716341974,127,44.63547737186582,127,62.24714975800926,127,47.523895166718475,0
1716342874,127,45.432681119522506,127,55.29995324951081,127,53.25988064230804,0
1716343774,127,44.4488830829622,127,51.86840893491657,127,55.91209042301898,0
1716344674,127,55.216099381720724,127,49.09448930617667,127,51.52890232163064,0
1716345574,127,57.76860554838758,127,48.387591467087766,127,51.708941781742645,0
1716346474,127,46.18614127381438,127,51.938784693335094,127,47.04741683569251,0
1716347374,127,65.63116495195236,127,49.681646376159705,127,51.47430649830852,0
1716348274,127,54.428830188369986,127,43.040499023760866,127,39.62023929637277,0
1716349174,127,60.0698000515176,127,52.59075266775935,127,51.09625124033432,0
1716350074,127,47.704853908356945,127,46.336562059804926,127,49.628245455480425,0
1716350974,127,51.38851555060857,127,49.70500218900622,127,53.8579384621717,0
1716351874,127,49.206361249492986,127,47.189676622392454,127,51.78865744769678,0
1716352774,127,51.77654761050974,127,58.804489504013205,127,51.943726801545026,0
1716353674,127,51.434624824166534,127,42.471099758443856,127,50.67678471374513,0
1716354574,127,44.30650164792612,127,41.32393463852781,127,44.51395887986195,0
1716355474,127,45.53719682549961,127,55.045005401698376,127,52.20836855747333,0
1716356374,127,49.052173751749535,127,52.54324415384829,127,56.074549928303774,0
1716357274,127,47.17647283895754,127,55.306258085354415,127,49.71066979227276,0
1716358174,127,51.85408774162892,127,49.729079139407325,127,59.112612836542525,0
1716359074,127,51.51393362973326,127,55.1191977619518,127,39.95730513527756,0
1716359974,127,50.24095857426903,127,51.94865065021807,127,51.11169154124375,0
1716360874,127,55.767035847817155,127,54.103961291641816,127,50.45427218813326,0
1716361774,127,43.07914779097847,127,42.711921902015234,127,43.93504064620415,0
1716362674,127,45.36104050218512,127,50.811714927526026,127,44.868545252112504,0
1716363574,127,67.9915505115272,127,53.00887272676334,127,52.83638534635416,0
1716364474,127,53.27231222854722,127,45.34907418789075,127,50.841303681000085,0
1716365374,127,57.05468270297495,127,39.724043271042056,127,54.60247963412388,0
1716366274,127,50.05482979711557,127,49.822011151804546,127,50.71992787478084,0
1716367174,127,48.851851194606624,127,54.853290520316946,127,55.115583359931044,0
1716368074,127,44.84151583513381,127,59.10058418539472,127,48.68329426534465,0
1716368974,127,52.486832167178015,127,45.61936884722222,127,46.15099991457669,0
1716369874,127,54.830001552653194,127,51.12465316079762,127,51.40464254706868,0
1716370774,127,45.33474967113368,127,52.273918279727475,127,52.712452507931275,0
1716371674,127,50.02091792874362,127,54.01165230631115,127,48.14086698953425,0
1716372574,127,56.70466266444854,127,41.34613893129318,127,49.53516337608161,0
1716373474,127,49.267605563453166,127,53.02713566132667,127,48.20773516715244,0
1716374374,127,55.78105624352913,127,51.59538747643082,127,54.51558358428823,0
1716375274,127,55.54920294643014,127,51.659599520062415,127,46.387172156657506,0
1716376174,127,50.146163257845764,127,46.600699977198,127,44.51734896006019,0
1716377074,127,54.0139452269227,127,48.901707296872004,127,46.607569083668196,0
1716377974,127,46.569081917702654,127,45.125198642160164,127,53.27963829123273,0
1716378874,127,48.98181431126224,127,47.140852178759225,127,51.32663706372794,0
1716379774,127,51.622190082237736,127,49.8177147151341,127,59.19702997882954,0
1716380674,127,45.8966438638383,127,52.80250234430025,127,51.85345484977782,0
1716381574,127,45.525816353943526,127,49.45006478116738,127,54.9130978528279,0
1716382474,127,40.5396936006247,127,54.177815122410195,127,55.95654559977071,0
1716383374,127,41.053509819709504,127,54.09273212016152,127,55.83230486853374,0
1716384274,127,46.80796843801805,127,57.18258852895214,127,59.49554375727855,0
1716385174,127,57.24049754381744,127,52.67678960663062,127,49.49253310677942,0
1716386074,127,51.15866430737661,127,49.75505427290511,127,51.394053350244846,0
1716386974,127,48.23499094383595,127,53.50384861957954,127,54.12598035151772,0
1716387874,127,52.72323193746571,127,48.79842672937863,127,48.885717156003125,0
1716388774,127,53.340360267140625,127,45.4060346064898,127,49.68690518102718,0
1716389674,127,51.673057996271396,127,49.9278565098115,127,45.343881545964095,0
1716390574,127,49.29477407783333,127,49.11011969346323,127,42.525979998275034,0
1716391474,127,45.75430220651374,127,46.99358105188848,127,44.26369279268846,0
1716392374,127,44.7534738370945,127,54.52550957096676,127,45.73583608697807,0
1716393274,127,45.64123233830357,127,45.91638039693338,127,61.00561466994748,0
1716394174,127,52.95624015282107,127,53.89058458832302,127,45.55761608548966,0
1716395074,127,43.0903072713863,127,44.1832539098428,127,56.46889642808414,0
1716395974,127,51.85606618523143,127,50.64482632793413,127,58.544415212098464,0
1716396874,127,49.39366625129423,127,60.187712538355534,127,51.20742863484481,0
1716397774,127,52.97218264774696,127,53.29591054670847,127,56.254719138341244,0
1716398674,127,54.38702018690032,127,50.382488469284,127,58.11202417538368,0
1716399574,127,51.032870377626416,127,45.812274890377616,127,51.804013240805666,0
1716400474,127,46.34422789111354,127,59.40077632316278,127,43.8748173658023,0
1716401374,127,53.629828711403555,127,57.24157839725695,127,42.14479486887321,0
1716402274,127,54.46432969288613,127,49.11189135705817,127,52.9143346274255,0
1716403174,127,44.45379255540847,127,55.346890565238894,127,58.73580823921462,0
1716404074,127,49.68082765087108,127,48.57835814810815,127,50.604536020921856,0
1716404974,127,58.86777834689951,127,42.95714371096007,127,56.793442105009916,0
1716405874,127,41.10224841543661,127,47.114597405082634,127,59.19480066503268,0
1716406774,127,57.66676098928721,127,61.48490099147146,127,53.08513818049711,0
1716407674,127,52.91579142376599,127,50.00815019051885,127,42.82727090783572,0
1716408574,127,48.34368756191047,127,53.64052304020163,127,49.69378464685687,0
1716409474,127,50.85210476220815,127,46.300374561697176,127,45.20586298443184,0
1716410374,127,57.02106126562804,127,60.379113078463284,127,46.22602883324207,0
1716411274,127,50.28634405027015,127,45.03750782940846,127,55.72377934836335,0
1716412174,127,60.369044461753745,127,52.07222942423465,127,47.54498564392638,0
1716413074,127,54.360212417574154,127,60.87367914139602,127,48.29430519687289,0
1716413974,127,55.7471040562612,127,51.94666834950691,127,48.69209696254016,0
1716414874,127,49.331611653979614,127,51.78322416186451,127,49.025815675137686,0
1716415774,127,44.457278757300045,127,50.22627057495161,127,41.76627766694648,0
1716416674,127,44.506521704195066,127,47.70930533394087,127,54.646986617024154,0
1716417574,127,45.27779745349658,127,61.241367968857844,127,40.53126646031025,0
1716418474,127,44.52995177616634,127,42.3316886054382,127,54.871263081977624,0
1716419374,127,33.6637795894525,127,52.98464796397287,127,47.88515842944972,0
1716420274,127,59.70512312264181,127,51.730741545275166,127,49.03540530899235,0
1716421174,127,54.25419682769983,127,45.52896114620935,127,49.670970824781165,0
1716422074,127,45.47975438917788,127,41.6181043628884,127,59.91392003493437,0
1716422974,127,52.070510571773056,127,53.60849277557932,127,51.67049290453332,0
1716423874,127,52.26473019236928,127,51.974174528095254,127,48.04160452969881,0
1716424774,127,46.74945501019078,127,49.119002477422704,127,47.544710035992715,0
1716425674,127,45.24096932234337,127,52.66129793909979,127,44.20931106923762,0
1716426574,127,46.08578492032372,127,45.60762948639304,127,46.24398012272706,0
1716427474,127,51.25755231544257,127,46.03656374835059,127,54.51550875943756,0
1716428374,127,46.689984887044986,127,51.04993268622891,127,50.551777927386944,0
1716429274,127,48.29538390868826,127,51.67337076615015,127,47.194599284407644,0
1716430174,127,46.548507612069116,127,53.22706213402882,127,60.57439194736123,0
1716431074,127,49.04162614701349,127,47.48169615529067,127,56.940903670958406,0
1716431974,127,43.80970784159012,127,58.59581822106568,127,51.61097452136385,0
1716432874,127,57.60489695228594,127,51.869347775363345,127,46.09670388331746,0
1716433774,127,47.81112846644904,127,48.0016196361901,127,54.76395104722657,0
1716434674,127,49.00839929061124,127,51.17036912344396,127,48.41351479758146,0
1716435574,127,57.07960788335858,127,53.764797579674564,127,53.8979005124133,0
1716436474,127,48.9185068226705,127,49.320882684885774,127,45.193281809277195,0
1716437374,127,43.133890658583155,127,56.0460306141443,127,53.26858321417558,0
1716438274,127,50.16995775564989,127,57.464749363887044,127,56.60368745174139,0
1716439174,127,46.173802810412944,127,44.91117368484743,127,46.818544239207135,0
1716440074,127,56.377848445181584,127,50.04419125209335,127,55.44999739151481,0
1716440974,127,56.11286121057678,127,53.91671538981683,127,52.02153774471567,0
1716441874,127,58.95490054373466,127,48.2600526019571,127,53.91566778285238,0
1716442774,127,42.91048799636056,127,49.4497580152407,127,56.45040302017411,0
1716443674,127,51.2320580284577,127,54.757635841617784,127,48.4506568101219,0
1716444574,127,48.16537513468345,127,50.48900534138945,127,54.4322918690536,0
1716445474,127,49.06101894880733,127,52.851020594793575,127,49.420004571778726,0
1716446374,127,48.24909815825016,127,59.51457186345108,127,51.54999809423862,0
1716447274,127,47.348747458605914,127,46.716998074816026,127,47.656214584456634,0
1716448174,127,54.61208411935789,127,62.352423151681705,127,50.017531883698744,0
1716449074,127,58.30358497387107,127,44.33306998795471,127,50.78651164115288,0
1716449974,127,50.866548806178194,127,51.527670056410294,127,49.29160413417563,0
1716450874,127,51.52807496990984,127,47.40734185302039,127,48.60997302687753,0
1716451774,127,55.50767287251804,127,45.48229691942073,127,47.524094829643055,0
1716452674,127,54.29929406601999,127,55.21490697489553,127,51.3324913662455,0
1716453574,127,49.85057384410616,127,54.266853122514824,127,50.01985727484066,0
1716454474,127,54.782540247948084,127,42.03905521900627,127,45.54304574581666,0
1716455374,127,61.68217697568778,127,44.26526430808917,127,50.338611785989016,0
1716456274,127,45.366197275707776,127,48.97940350088924,127,51.53158825135496,0
1716457174,127,51.107051670392806,127,55.07326946057847,127,48.72069811344593,0
1716458074,127,43.02807537434924,127,50.734251894415635,127,56.648723489659176,0
1716458974,127,45.92870588838592,127,48.93382166245509,127,62.49757178544483,0
1716459874,127,50.4499719778527,127,50.21499012369081,127,49.23104264869354,0
1716460774,127,47.86698096133312,127,54.02800288505794,127,55.945901403760885,0
1716461674,127,51.48726121170797,127,49.272620212316525,127,50.728587121756966,0
1716462574,127,49.80923365742197,127,42.682692915345626,127,43.26892891634323,0
1716463474,127,50.3320015530694,127,46.06701228963236,127,45.3465376392476,0
1716464374,127,51.61645543085065,127,56.75806196810569,127,43.22136826940128,0
1716465274,127,47.117519394565164,127,51.46870393006579,127,53.980222594168026,0
1716466174,127,51.00155183687162,127,51.667718577063646,127,50.57289657557109,0
1716467074,127,42.76322103863215,127,48.224452746511695,127,43.654343453411045,0
1716467974,127,49.256115004611715,127,50.81841518097182,127,54.68012907907608,0
1716468874,127,46.167356287992995,127,52.92103975349821,127,56.15458292818718,0
1716469774,127,45.84856922887398,127,58.192318469069676,127,41.55664173422065,0
1716470674,127,53.62997209673266,127,45.007947318853624,127,55.40286558457076,0
1716471574,127,47.65986573046034,127,48.3205718632644,127,43.26428527697787,0
1716472474,127,38.005400155773344,127,45.7609579513294,127,50.949488771788545,0
1716473374,127,0.0,127,0.0,127,0.0,60
1716474274,127,0.0,127,41.01392929353061,127,48.395474344917545,60
1716475174,127,0.0,127,44.00407643724822,127,44.816667024232444,60
1716476074,127,0.0,127,43.83227187440501,127,43.372600564305145,60
1716476974,127,55.57665670337415,127,47.03193639834179,127,43.822566468554804,60
1716477874,127,52.196730509715785,127,58.49583562345064,127,58.101916364890045,60
1716478774,127,49.87794975727531,127,48.4727557840879,127,54.981891553724665,60
1716479674,127,52.66026733071234,127,55.52566266463767,127,48.19655481076092,60
1716480574,127,52.404738522689364,127,46.89794015814148,127,53.11209583628301,60
1716481474,127,45.08019210373896,127,44.78703866392519,127,54.1427801182029,60
1716482374,127,53.345252411156245,127,47.41468310959759,127,50.61367164188654,60
1716483274,127,47.31674791437446,127,47.88464692329878,127,52.24737053960366,60
1716484174,127,50.40077446924213,127,51.64283579767636,127,42.72358513842231,60
1716485074,127,49.7271925005271,127,51.97550304574618,127,54.37479158356756,60
1716485974,127,53.909082572371204,127,46.28080091044631,127,48.008368818226096,60
1716486874,127,50.38518646950956,127,50.98197287083138,127,54.95819333742871,60
1716487774,127,44.801359126221165,127,39.432334748098455,127,51.2495953969578,60
1716488674,127,54.02438578237146,127,49.94623298518061,127,53.05288545744861,60
1716489574,127,44.50509276793367,127,42.521107414173244,127,52.79517934187111,60
1716490474,127,47.511590240108696,127,50.01936689022974,127,34.15010701396212,60
1716491374,127,47.488494366457346,127,43.86106857915012,127,54.524263012800006,60
1716492274,127,48.346400435538925,127,51.61817895643828,127,48.246553161738056,60
1716493174,127,40.767164218856394,127,51.21189908398966,127,45.64400055339212,60
1716494074,127,52.77621370894115,127,44.87377299365291,127,45.07408224212126,60
1716494974,127,44.831929227667445,127,48.463811142065616,127,48.49217439093913,60
1716495874,127,54.650359791268095,127,44.18273226091299,127,57.618719506449125,60
1716496774,127,52.30198347761232,127,54.92315106040428,127,53.80132577872893,60
1716497674,127,56.3486606235552,127,48.047147752037404,127,42.508391318697946,60
1716498574,127,42.638331387631254,127,46.347546713791104,127,48.7006204869012,60
1716499474,127,54.1252157812851,127,53.77210567403906,127,53.22214109531126,60
1716500374,127,45.80818871778402,127,51.483898707542586,127,53.76156273348677,60
1716501274,127,46.11787818038585,127,53.97930399649135,127,56.028464081223696,60
1716502174,127,45.168679433395894,127,45.33228983527671,127,49.160169186012936,60
1716503074,127,51.37047375286059,127,42.07603661799373,127,46.200919450248584,60
1716503974,127,50.331876924600714,127,52.442968763408324,127,57.16730501533024,60
1716504874,127,50.61169035926269,127,56.37592461029811,127,47.202582830861296,60
1716505774,127,52.267566441829146,127,57.04067341606513,127,47.94494813519551,60
1716506674,127,47.65511236899845,127,50.71143054245401,127,49.61066220955513,60
1716507574,127,53.197944284202556,127,47.26285913049838,127,49.06090107275196,60
1716508474,127,47.116933096703654,127,40.63383576665027,127,49.39393450856345,60
1716509374,127,49.69357082366607,127,49.236003784662735,127,59.013676147280655,60
1716510274,127,57.137941781546715,127,52.26339330014092,127,49.891912866758645,60
1716511174,127,53.81140077741056,127,49.229723261200306,127,52.11411433723501,60
1716512074,127,43.76632840493634,127,47.16257920800926,127,56.347835098344184,60
1716512974,127,45.84576182960387,127,40.32694547192537,127,47.12273920109801,60
1716513874,127,51.291221875049196,127,55.28912863228898,127,47.86537009444145,60
1716514774,127,47.90634342771531,127,47.01294951640985,127,53.75490824287074,60
1716515674,127,55.186206089021084,127,56.08545310897703,127,49.638461862775195,60
1716516574,127,45.272960848177455,127,48.73215604590878,127,49.71695630800752,60
1716517474,127,49.211007446884125,127,53.78432668558652,127,57.2070689609021,60
1716518374,127,52.04386310923725,127,42.475840328331806,127,52.484277913189125,60
1716519274,127,56.49695582073814,127,45.383511812488024,127,47.603528837840756,60
1716520174,127,53.29944370710712,127,59.61932663895185,127,50.2290588334167,60
1716521074,127,58.797493571009674,127,48.81125631593277,127,56.28900503684963,60
1716521974,127,50.451642063075646,127,42.62127283672683,127,46.12624303020024,60
1716522874,127,50.750271748871384,127,52.640880181322565,127,42.473317066598334,60
1716523774,127,56.851322222853064,127,42.328853839542255,127,40.711997345483866,60
1716524674,127,42.22429854045911,127,45.70546985009619,127,61.202939677859256,60
1716525574,127,57.10020338535834,127,48.86042372607464,127,57.92143359314392,60
1716526474,127,47.39665720003369,127,52.65895090940968,127,54.01832147017586,60
1716527374,127,42.20927526508864,127,52.77058482690743,127,51.53736156609739,60
1716528274,127,56.78305556411163,127,46.50181302238991,127,48.955882430180324,60
1716529174,127,48.75193289626393,127,43.58528318394752,127,59.555801249792914,60
1716530074,127,49.724240128020554,127,60.45994003726511,127,46.60922497048554,60
1716530974,127,50.961904771404505,127,44.43590025487196,127,51.787008072649165,60
1716531874,127,49.010695669592096,127,53.48471153857353,127,54.516462038405685,60
1716532774,127,50.794728224843816,127,47.82470591899458,127,48.2437945076306,60
1716533674,127,49.7402703217665,127,54.952216732589186,127,56.49238863688844,60
1716534574,127,53.14220850263554,127,44.24823612940129,127,44.38981517480104,60
1716535474,127,51.91586904920165,127,55.389264115212846,127,51.92196160466475,60
1716536374,127,52.18736110690339,127,53.90496117075557,127,49.88456605318795,60
1716537274,127,54.57280418154835,127,47.37244826628867,127,45.992980013982816,60
1716538174,127,47.42301571984478,127,45.97690505118438,127,54.639429164410664,60
1716539074,127,53.06105513582718,127,40.52172666986053,127,45.340728827791494,60
1716539974,127,47.762149300326904,127,42.9554701323504,127,52.52218369954463,60
1716540874,127,55.233226574125126,127,47.558896978250225,127,58.15759863551639,60
1716541774,127,46.53247706439789,127,67.34191689798395,127,53.37822922255458,60
1716542674,127,52.18190552175863,127,49.87369431703851,127,53.89327508146393,60
1716543574,127,43.40896348896664,127,52.875541272255255,127,61.52916471842691,60
1716544474,127,56.76650080212537,127,43.016030351038054,127,48.17943597653034,60
1716545374,127,44.895365387381915,127,51.06335659341694,127,52.2625722309497,60
1716546274,127,51.268606933902696,127,50.7424240372092,127,45.81109641123358,60
1716547174,127,48.43453650150144,127,39.61304058527249,127,54.17427033550905,60
1716548074,127,52.033052036417104,127,41.43926998623516,127,52.34315496475135,60
1716548974,127,54.730355561763965,127,58.53476457716221,127,46.88303123076074,60
1716549874,127,45.71510571569167,127,50.1515838476983,127,47.121514460284004,60
1716550774,127,50.75022011403941,127,48.87274887904281,127,52.61739356535894,60
1716551674,127,53.750317000847005,127,43.93391697705501,127,51.25500969411311,60
1716552574,127,51.28504185332531,127,55.1789392508435,127,46.783028903543624,60
1716553474,127,57.49116788371313,127,45.46141701484915,127,57.35805242932858,60
1716554374,127,41.07892569941224,127,55.72371549991103,127,46.86681174668935,60
1716555274,127,38.65324697514505,127,51.59116618936807,127,44.69303807245095,60
1716556174,127,53.22134664807092,127,47.49951801714977,127,39.77370700433838,60
1716557074,127,57.15519055211581,127,59.05002689034046,127,46.64933272563793,60
1716557974,127,57.74115389458384,127,47.43145375200249,127,52.54094357237212,60
1716558874,127,43.296848191940754,127,56.84134635219159,127,56.368909221577894,60
1716559774,127,48.06747038664544,127,47.6096547168591,127,53.88978798771841,60
1716560674,127,41.26155708201845,127,44.495587858765,127,50.13157404289523,60
1716561574,127,59.407991726863564,127,51.661588068960356,127,51.33733720860417,60
1716562474,127,43.45600126775234,127,60.559021858638296,127,51.33783287668416,60
1716563374,127,47.538982214988096,127,58.86029017588682,127,46.44497868581451,60
1716564274,127,50.79457471463747,127,47.55934525523063,127,42.10810429307402,60
1716565174,127,49.53723103756585,127,52.9934863209076,127,39.35231680762632,60
1716566074,127,58.73056346018059,127,45.10709309141782,127,51.97779904871721,60
1716566974,127,53.38242201515349,127,45.03271660564849,127,53.626911789566265,60
1716567874,127,63.458993673372525,127,47.27202784321646,127,52.021573440479514,60
1716568774,127,51.70566921628648,127,48.07241796562904,127,58.37183544021393,60
1716569674,127,52.80833565403395,127,57.533979214461894,127,51.39366116091244,60
1716570574,127,54.38988808662922,127,40.73205783338513,127,43.440450343308605,60
1716571474,127,42.74262505998155,127,48.15508964130514,127,46.96587970763795,60
1716572374,127,38.36728861567084,127,48.83772074959878,127,55.001040709342746,60
1716573274,127,46.919576419681775,127,50.08515627125482,127,48.81831345974785,60
1716574174,127,59.826659693484714,127,48.7001312758507,127,43.61347387934662,60
1716575074,127,52.169883221071096,127,46.535685634545914,127,44.97321030974675,60
1716575974,127,49.05198409884383,127,53.443225049374135,127,40.41388112001184,60
1716576874,127,52.46351316497419,127,52.64820595093208,127,51.41514081010059,60
1716577774,127,61.79262726058674,127,50.5077026051606,127,50.94935640730236,60
1716578674,127,48.103486414945976,127,51.13237326952529,127,49.42625541269846,60
1716579574,127,43.64087435345419,127,52.66141923269884,127,49.2453160503492,60
1716580474,127,44.60167333545842,127,51.105785296010225,127,41.825209724442544,60
1716581374,127,53.64480501693349,127,49.5375555283647,127,56.327333016961305,60
1716582274,127,46.147935498418654,127,51.87047858526934,127,46.920864265773346,60
1716583174,127,46.632031689411725,127,46.35930484505182,127,49.40332838641127,60
1716584074,127,53.888088277061684,127,52.21183849913349,127,56.870911170762966,60
1716584974,127,47.962546188922005,127,49.0211275419486,127,52.45445154438207,60
1716585874,127,46.01611404897172,127,42.21782054730167,127,53.04031855673718,60
1716586774,127,55.800352071549874,127,48.00772223630466,127,49.13492601950905,60
1716587674,127,60.21650535041141,127,54.622010552682276,127,55.453696020464875,60
1716588574,127,49.21521906941109,127,45.17449437570854,127,42.41790772482064,60
1716589474,127,49.976997420999034,127,59.255744547858974,127,60.31517454807744,60
1716590374,127,40.70822770850429,127,56.4614575285186,127,44.60917932401559,60
1716591274,127,51.588300066499585,127,42.95168780569117,127,46.718383829738954,60
1716592174,127,49.44118312786096,127,53.14879402222859,127,56.07710200808876,60
1716593074,127,51.44418888503553,127,53.978369268455516,127,51.75527175020305,60
1716593974,127,44.462227599760496,127,60.10744274545457,127,54.95810240734061,60
1716594874,127,52.82351308966416,127,52.996809408085966,127,52.61552004519477,60
1716595774,127,45.941707246274,127,53.28496056620745,127,40.84233063315,60
1716596674,127,46.55725493011728,127,51.67559408004236,127,49.993028545243156,60
1716597574,127,54.13365714849174,127,40.1001718551454,127,46.58599089967519,60
1716598474,127,53.984449472534,127,48.59574485054567,127,50.25630447578733,60
1716599374,127,50.871718738214156,127,46.441760058105885,127,40.10643112585905,60
1716600274,127,52.814430159352945,127,46.94286649023227,127,47.99440735911795,60
1716601174,127,48.80199728041783,127,55.08473171943965,127,45.95435003042947,60
1716602074,127,44.32333359782798,127,50.066786177846836,127,55.10129519738177,60
1716602974,127,51.1133327140614,127,55.704905194116364,127,42.09463622278574,60
1716603874,127,48.15767853620198,127,49.22258002786555,127,38.44972063382208,60
1716604774,127,55.27132852253989,127,58.134839228763646,127,41.48076542169102,60
1716605674,127,43.56032786221719,127,55.201841695227856,127,61.20064436933832,60
1716606574,127,50.85153456166669,127,47.41018993222752,127,55.42297580341541,60
1716607474,127,52.227881078869906,127,51.083537446134116,127,47.58012141897758,60
1716608374,127,54.57596447616278,127,47.444164389370094,127,44.80631124239654,60
1716609274,127,54.02787527081603,127,47.46162809311348,127,50.1641027857548,60
1716610174,127,42.09904497194605,127,47.8008202189096,127,44.34243542813407,60
1716611074,127,51.27231834275501,127,46.68804160782958,127,44.26427655323981,60
1716611974,127,51.32133881287551,127,49.344184243660536,127,50.74488561372288,60
1716612874,127,54.48774182038011,127,48.86096277925974,127,50.55325969828109,60
1716613774,127,47.727046194465196,127,50.45141050402525,127,48.03804714186248,60
1716614674,127,46.01194123838283,127,49.936583570718454,127,48.238289086317366,60
1716615574,127,49.47951984690825,127,48.87285631537929,127,47.527763368994194,60
1716616474,127,52.96731069517799,127,55.61303686493041,127,39.41139209988897,60
1716617374,127,53.17370112415885,127,50.88715409657159,127,50.97130255986716,60
1716618274,127,49.90221398961847,127,49.480692823821705,127,43.55953870582603,60
1716619174,127,40.82280949613497,127,44.9235184711576,127,42.951092269645486,60
1716620074,127,58.84304859346333,127,53.18427830158464,127,49.32060068801388,60
1716620974,127,53.61437638847039,127,45.40758526956862,127,51.013120132391286,60
1716621874,127,41.54884889923134,127,46.2421144006024,127,42.69820548013547,60
1716622774,127,50.71934563051526,127,38.311540732138994,127,54.01422917827716,60
1716623674,127,41.479951613367156,127,54.30451104378564,127,58.739269603694964,60
1716624574,127,43.073367590002945,127,43.76102562790626,127,47.30500447832774,60
1716625474,127,53.890231805540566,127,56.17906622850132,127,45.333073427967896,60
1716626374,127,47.825622606031445,127,43.973444366582015,127,51.213178203113436,60
1716627274,127,55.19898433198981,127,43.84186480737135,127,53.479919315955904,60
1716628174,127,41.22788875933181,127,46.76788875844195,127,47.571732429907584,60
1716629074,127,48.134383602002096,127,39.97433102535361,127,51.266875746064656,60
1716629974,127,43.454802034787,127,54.250421869452886,127,52.75672022104359,60
1716630874,127,57.640928508195486,127,54.99863745900154,127,53.910240720343516,60
1716631774,127,47.71721691252324,127,44.436957719398755,127,52.69145743556486,60
1716632674,127,44.17650392809889,127,51.58215254530629,127,38.03075296500889,60
1716633574,127,44.97775766477581,127,52.32017584604706,127,43.922244176145476,60
1716634474,127,50.882185491182405,127,45.91355732669208,127,43.63011873268102,60
1716635374,127,43.19952050123456,127,54.31303380198277,127,45.041662738900506,60
1716636274,127,43.68785029511973,127,54.937237858330334,127,48.92713581827532,60
1716637174,127,47.45861338564911,127,41.77080004310087,127,48.14871247395508,60
1716638074,127,45.115732824944146,127,51.45220395369314,127,56.62776640681817,60
1716638974,127,56.05010513548838,127,50.61382997145302,127,51.29796548635243,60
1716639874,127,47.66047114902291,127,52.13706092880443,127,43.42254985991232,60
1716640774,127,50.6182860408347,127,45.07260419140228,127,52.72012895955349,60
1716641674,127,47.29890473384141,127,44.48025993667248,127,45.046443817194486,60
1716642574,127,43.46967817588943,127,47.17367163184746,127,54.88810833069173,60
1716643474,127,51.23669620888987,127,54.24979719504158,127,53.52859378979056,60
1716644374,127,43.459811760929625,127,55.09392219049788,127,49.88629560784728,60
1716645274,127,53.04410553190367,127,46.78316049124313,127,53.272449321954106,60
1716646174,127,54.60227441057641,127,36.43145446586254,127,53.66276502245255,60
1716647074,127,50.37616822021506,127,54.18342062522188,127,54.63954336123032,60
1716647974,127,44.201589450890516,127,51.78418124585935,127,48.90157481241073,60
1716648874,127,48.63646354422437,127,52.96418609710027,127,49.11407348531514,60
1716649774,127,48.5584819723478,127,55.53960497315199,127,44.61503887869332,60
1716650674,127,52.37694171969473,127,51.7250497438044,127,48.23809473859836,60
1716651574,127,57.44477996918795,127,48.644860773988206,127,51.198124077512965,60
1716652474,127,53.29321327888857,127,55.24119006393181,127,51.68999774461274,60
1716653374,127,47.6301699851163,127,58.25686166165242,127,45.85191234082498,60
1716654274,127,43.46627550105528,127,46.941085934329074,127,41.3522524274495,60
1716655174,127,45.274122725009896,127,46.55608427022361,127,52.31605610166273,60
1716656074,127,50.410501995257256,127,44.34536362354535,127,49.19819042675017,60
1716656974,127,47.0248447982699,127,51.96187917162328,127,42.373700816500694,60
1716657874,127,52.10547028707791,127,42.4179313073344,127,43.803387778543126,60
1716658774,127,41.0927184106869,127,48.55137370240091,127,39.02507138506462,60
1716659674,127,64.06005176620617,127,45.8714536266135,127,50.96879979567881,60
1716660574,127,55.34060926680208,127,45.94881409421876,127,55.856990540855826,60
1716661474,127,51.658277594758694,127,43.71776753899381,127,43.9487231450676,60
1716662374,127,40.94454715138921,127,48.44068498241444,127,46.50263955505155,60
1716663274,127,42.22623170368796,127,61.03543908953288,127,47.41855885008062,60
1716664174,127,56.889303118563525,127,46.05065773890257,127,51.14979999795699,60
1716665074,127,50.743866824626295,127,45.988677430502094,127,52.81282820689594,60
1716665974,127,45.84561490807513,127,43.89054868453903,127,53.859743044190935,60
1716666874,127,58.39660514138643,127,53.20535795614548,127,52.7761735626926,60
1716667774,127,46.566568556143594,127,38.15701549899281,127,47.035659445867125,60
1716668674,127,43.61950395393864,127,37.30499571474986,127,56.29376766663956,60
1716669574,127,52.44750470413643,127,50.51919259137014,127,52.55504329207927,60
1716670474,127,51.69084163632938,127,53.77440316331862,127,50.63805111810537,60
1716671374,127,53.43462095918162,127,56.16288695525014,127,46.56567168974865,60
1716672274,127,45.80606810603434,127,45.54904440530665,127,45.85006331452192,60
1716673174,127,53.28526078759708,127,45.7514509635233,127,40.40185297132301,60
1716674074,127,50.53709798740474,127,54.954840584923,127,55.406562909253324,60
1716674974,127,56.47873985569729,127,53.75647583518372,127,53.01070688229629,60
1716675874,127,44.25569005763647,127,53.176308280658915,127,50.099379979629816,60
1716676774,127,54.661037276193525,127,42.983635401529185,127,47.01355638440921,60
1716677674,127,44.213914598140306,127,49.304373698501884,127,49.986942802666526,60
1716678574,127,43.960930313026836,127,46.96245034370887,127,49.22017134072728,60
1716679474,127,56.460599630282495,127,46.857444125555986,127,47.13829470588399,60
1716680374,127,49.77953527201821,127,61.32023580978219,127,55.508929426795284,60
1716681274,127,50.892537311449374,127,47.707388751531376,127,42.56078384148949,60
1716682174,127,47.69170026279283,127,63.92147887012027,127,45.71893325022003,60
1716683074,127,45.82597378914757,127,52.562814707088094,127,41.57578791443334,60
1716683974,127,58.49220849170297,127,52.148923144250546,127,53.329769349127034,60
1716684874,127,44.81795679161114,127,45.83795631178221,127,51.10849265205094,60
1716685774,127,52.526174898195045,127,47.556479132600096,127,49.419984773289855,60
1716686674,127,53.631535373007004,127,56.10205586739866,127,50.89541279844888,60
1716687574,127,55.32931811804664,127,51.48887724879453,127,47.06166585318116,60
1716688474,127,46.11878413221364,127,47.42058642779971,127,51.28288472032224,60
1716689374,127,54.404746757358566,127,54.21569053478004,127,47.986455420399416,0
1716690274,127,49.108682013299116,127,49.206032061967555,127,56.66921637992566,0
1716691174,127,42.69688004293537,127,39.810665903456,127,49.26332754953562,0
1716692074,127,55.642895800680854,127,47.889924860494844,127,56.43319887012108,0
1716692974,127,48.86896860606546,127,46.850221164991375,127,46.08137308588669,0
1716693874,127,53.928508087006,127,48.56253865291952,127,46.42770858708691,0
1716694774,127,42.15340589332956,127,52.351380387296146,127,56.73271150781094,0
1716695674,127,55.46131177023277,127,51.646171559106804,127,48.30128532577126,0
1716696574,127,44.1464337526473,127,45.82714558967123,127,50.52679550858452,0
1716697474,127,45.22445064143189,127,49.92078878582378,127,46.633240147343265,0
1716698374,127,52.89015280888239,127,53.515616221959824,127,49.80335877820866,0
1716699274,127,45.308044496187115,127,51.90298502773957,127,53.59808857924927,0
1716700174,127,51.10537210412545,127,52.85772172855457,127,51.30759837407178,0
1716701074,127,57.39209056068776,127,49.81924728007166,127,45.05665357371302,0
1716701974,127,37.259098619968114,127,56.830913566389235,127,48.26399198432844,0
1716702874,127,41.89212055520787,127,39.97859486660509,127,51.100672295227426,0
1716703774,127,49.14125205564037,127,53.18469835390214,127,56.96003197974664,0
1716704674,127,59.105476224021345,127,46.91382964527928,127,50.72418099934807,0
1716705574,127,47.582970433828734,127,55.70720155822055,127,59.21176154880302,0
1716706474,127,57.29231982760394,127,62.53298732222406,127,47.652271071237934,0
1716707374,127,48.698952519768895,127,47.18685835967432,127,59.75220267113836,0
1716708274,127,52.26317024528398,127,52.465315830508665,127,53.18411023946553,0
1716709174,127,46.442110158039284,127,54.57168675089271,127,55.3370025510327,0
1716710074,127,42.647337372573155,127,49.19456164273312,127,50.40936806080787,0
1716710974,127,50.749384180562785,127,58.24559681899578,127,50.036317687875886,0
1716711874,127,53.60188183862942,127,55.881382777023205,127,51.31922470553193,0
1716712774,127,59.995616715369295,127,55.08855555415561,127,51.643072423096385,0
1716713674,127,43.64667150574845,127,49.2765909478507,127,58.82087177605194,0
1716714574,127,54.463572005000444,127,52.448208488466385,127,45.028933909196155,0
1716715474,127,54.91740513472314,127,50.94139762179397,127,53.99852816021749,0
1716716374,127,46.86528074365671,127,46.08026734848124,127,46.30522726259893,0
1716717274,127,53.875704093060946,127,53.896681024513526,127,52.54843912417925,0
1716718174,127,51.15700688014355,127,42.99931921972325,127,43.60806042418068,0
1716719074,127,51.957895534018085,127,41.84216137548822,127,56.26889665777904,0
1716719974,127,46.373839094492936,127,54.593118593887105,127,47.46698480493952,0
1716720874,127,52.68247378159203,127,51.92319532327946,127,46.19557782881822,0
1716721774,127,45.06035322348101,127,55.26849935476635,127,50.61967000956549,0
1716722674,127,46.987692049453955,127,53.86120609362009,127,53.022083476912584,0
1716723574,127,49.49843509862637,127,53.83524822426977,127,47.27074663995689,0
1716724474,127,42.74026689956973,127,51.3855755031702,127,51.75934868720134,0
1716725374,127,50.12476000300885,127,63.02885163128932,127,45.4314431216932,0
1716726274,127,52.609295620687924,127,50.07695173641067,127,63.222427514652395,0
1716727174,127,56.58358944389737,127,51.66383493085637,127,53.29696378034003,0
1716728074,127,51.19505505046667,127,42.55220916258856,127,53.170067125239626,0
1716728974,127,41.804732499583466,127,43.66225082059461,127,55.21652508820211,0
1716729874,127,56.25958907894413,127,51.63182255916739,127,49.1366836484317,0
1716730774,127,52.75951634457484,127,49.4284208016062,127,51.081100413158794,0
1716731674,127,54.67085215925623,127,51.51681049516193,127,47.26803473764329,0
1716732574,127,54.37683409165805,127,56.91692392502257,127,54.145860106929725,0
1716733474,127,43.89089999373667,127,52.95328258635866,127,46.047427235667044,0
1716734374,127,41.237945173860595,127,51.83199395467281,127,60.8046331689694,0
1716735274,127,54.335556219989265,127,47.086797396706515,127,50.90208920196451,0
1716736174,127,53.46780523980377,127,46.84391533665207,127,48.72715377729142,0
1716737074,127,50.68737496797015,127,42.754043615921255,127,49.55845856480404,0
1716737974,127,49.94735099588148,127,43.84054891278013,127,45.85507313009878,0
1716738874,127,48.198958679965884,127,45.64830244619006,127,46.36882447324196,0
1716739774,127,46.68952963280227,127,53.23594863768534,127,50.46832602142437,0
1716740674,127,43.32157636896885,127,40.41851968019674,127,49.3449589009444,0
1716741574,127,54.46352047842775,127,40.60508988527406,127,46.52942507815897,0
1716742474,127,45.599471593100525,127,37.91045949175552,127,48.244845450685915,0
1716743374,127,55.12520672314778,127,39.8734218849454,127,48.914172738868885,0
1716744274,127,46.52802169886072,127,52.30737788516661,127,48.529709383191296,0
1716745174,127,55.496945486770876,127,47.661801790796716,127,44.745888140709816,0
1716746074,127,58.64355409806004,127,46.65842732856114,127,49.35059605822319,0
1716746974,127,60.66219351546097,127,54.83313133520823,127,54.2215555520361,0
1716747874,127,46.99311005165865,127,53.638443028544,127,55.15133835340961,0
1716748774,127,43.63785169533781,127,54.87550040886493,127,49.41450497800162,0
1716749674,127,48.7130339051807,127,50.178237024753855,127,47.350622530701365,0
1716750574,127,45.4764656691688,127,49.45107883235854,127,54.038171054158695,0
1716751474,127,48.48248293669568,127,53.682098403300586,127,49.23362973453741,0
1716752374,127,42.24144095796591,127,56.724341228676046,127,54.5347270432876,0
1716753274,127,44.23239949258433,127,44.08165585377631,127,50.26595516978766,0
1716754174,127,45.106141158034816,127,45.76142255316969,127,57.69764443150154,0
1716755074,127,50.68301581176386,127,55.698155653482935,127,61.73717109891334,0
1716755974,127,49.585975010874165,127,52.793879120317634,127,49.14926886992561,0
1716756874,127,51.281942320708495,127,52.2882861574015,127,47.031693655686226,0
1716757774,127,49.66678387575768,127,43.75223397652778,127,41.12038931655252,0
1716758674,127,44.748202395202036,127,57.12383445315944,127,51.95723080848597,0
1716759574,127,50.38060845857369,127,51.42124593088639,127,53.01947167693226,0
1716760474,127,56.46579227808667,127,48.65592697428385,127,53.41954518982577,0
1716761374,127,49.568202698938606,127,50.760949250952166,127,39.20423050560984,0
1716762274,127,51.723863945604684,127,47.92842843907119,127,51.57809173799507,0
1716763174,127,50.77248218752425,127,56.51284988894182,127,49.68184085634202,0
1716764074,127,53.2488085472869,127,52.69882558883675,127,48.74114160083337,0
1716764974,127,45.01577400784079,127,51.21376779976224,127,41.646434881405575,0
1716765874,127,52.12833402205452,127,52.10076278355071,127,58.32205590397386,0
1716766774,127,49.181362977400156,127,44.951867387570324,127,46.24930231754656,0
1716767674,127,51.94467787261482,127,48.35993944434385,127,50.34177762322354,0
1716768574,127,48.85322933562014,127,50.02984959278564,127,43.58261435031183,0
1716769474,127,42.64009327994595,127,55.17606749660369,127,49.25450852214158,0
1716770374,127,51.26678028719852,127,44.12543338063962,127,52.51435777971246,0
1716771274,127,48.66681587703444,127,53.83914700110078,127,52.695005469634545,0
1716772174,127,50.57189658954882,127,50.18472375175529,127,39.44952050773695,0
1716773074,127,49.482079409940276,127,50.86738287723083,127,47.39686851954498,0
1716773974,127,42.30571042667591,127,51.47210988448445,127,47.22870093412007,0
1716774874,127,51.98046708974914,127,47.169540605689136,127,47.10928725529581,0
1716775774,127,47.66771781727158,127,50.402073554001404,127,52.19521844446627,0
1716776674,127,49.69198544518171,127,53.50153322486121,127,53.239180184413385,0
1716777574,127,48.93736521080827,127,54.670940780150275,127,45.1079475163214,0
1716778474,127,52.09010473294149,127,46.54282379281576,127,53.959807406792045,0
1716779374,127,44.227257675718676,127,49.98541860619559,127,54.082281744005066,0
1716780274,127,39.27470285121905,127,46.42935866140177,127,49.36331311621256,0
1716781174,127,54.53158650785302,127,53.64643224114681,127,42.77734998153582,0
1716782074,127,47.394109931941415,127,53.54375513384385,127,59.06559923839051,0
1716782974,127,43.97925541702299,127,57.470361996638765,127,43.454720517343766,0
1716783874,127,58.58379122395701,127,41.20819296862283,127,51.55432457608394,0
1716784774,127,42.144417940933074,127,46.549288008391365,127,44.920509268123446,0
1716785674,127,52.20086437511305,127,58.496021124496394,127,58.5932477218048,0
1716786574,127,52.841584310709464,127,53.61564724996794,127,50.370461122838364,0
1716787474,127,48.28877315430174,127,47.516464892212205,127,53.527371516152535,0
1716788374,127,56.60573985138459,127,51.36219450263933,127,53.204395570891464,0
1716789274,127,45.18921360044116,127,48.42335372288538,127,43.1253964132542,0
1716790174,127,53.395745295140614,127,46.02961556076844,127,44.95237244662605,0
1716791074,127,43.03764949925048,127,48.98677428599657,127,50.338765892626874,0
1716791974,127,49.24550825381336,127,52.707091609079605,127,53.57216927348713,0
1716792874,127,46.6470341119197,127,43.35070551296845,127,43.293585496977606,0
1716793774,127,47.18277228385612,127,48.54166850349851,127,53.86471903633074,0
1716794674,127,57.57123644953713,127,49.860974814908545,127,47.49076974969143,0
1716795574,127,53.088539250785885,127,50.2122520539263,127,51.38295185054879,0
1716796474,127,53.201775836804515,127,47.487296249715456,127,52.961767196247926,0
1716797374,127,53.23930988832538,127,42.277806824832126,127,43.71012604483979,0
1716798274,127,56.40462901133094,127,53.17692042122806,127,52.06587147282542,0
1716799174,127,51.579371263042596,127,55.90058123031096,127,47.717914575609576,0
1716800074,127,52.0457614096192,127,42.6005109104486,127,56.36469986147799,0
1716800974,127,45.997624491397225,127,47.78393026565994,127,51.84342223682764,0
1716801874,127,53.753713433741964,127,54.71345440186866,127,58.24637134117991,0
1716802774,127,42.27247253135588,127,43.82988262399141,127,45.495016772816754,0
1716803674,127,43.63230104992272,127,49.69225767845293,127,59.32049267687573,0
1716804574,127,48.25343193998526,127,51.08694439647358,127,37.81263510418622,0
1716805474,127,49.808135612497686,127,48.74480287783635,127,46.43021837879588,0
1716806374,127,54.454634968780795,127,56.683369840150654,127,49.584793013518066,0
1716807274,127,62.56519833404988,127,50.49040656028653,127,45.75679505762068,0
1716808174,127,52.49931369861127,127,47.952691144323346,127,52.72929833488838,0
1716809074,127,47.56891889819408,127,39.77249858884424,127,55.19659752552146,0
1716809974,127,50.58424654840807,127,41.41705810585877,127,44.46456122090161,0
1716810874,127,51.25918828557247,127,43.77565647020203,127,52.79491308217537,0
1716811774,127,58.885333658342674,127,42.02033417828986,127,57.70371398574005,0
1716812674,127,47.05134693905428,127,40.92876553907725,127,50.84909829461805,0
1716813574,127,49.35244817226839,127,52.638772827950994,127,51.22306425803699,0
1716814474,127,48.38246151536659,127,56.280929493993476,127,53.77519854282202,0
1716815374,127,50.75694090832528,127,47.89258067781306,127,54.07418188058625,0
1716816274,127,57.15086447179504,127,50.6504482714932,127,52.301943918011276,0
1716817174,127,45.650304618589054,127,49.88134434315349,127,44.38082049666092,0
1716818074,127,50.68866769534788,127,51.22089683121858,127,41.35457296890229,0
1716818974,127,47.51379885713872,127,56.5019910670068,127,47.159992393959705,0
1716819874,127,52.97283770358245,127,53.72125619932643,127,48.71548857655331,0
1716820774,127,45.0747400602896,127,51.18167933724478,127,51.67712205694336,0
1716821674,127,39.915647258324015,127,53.27085981271497,127,50.50477154973014,0
1716822574,127,50.39874004765059,127,58.11024970002252,127,55.639429099663644,0
1716823474,127,57.821700165757534,127,58.663242667868786,127,50.48619409069192,0
1716824374,127,49.65873104890931,127,52.728641537487924,127,40.473233298429264,0
1716825274,127,58.817650070243836,127,42.242490784400914,127,43.89809597816828,0
1716826174,127,49.09932617820374,127,36.53261170906046,127,50.85767273416952,0
1716827074,127,53.0147439124064,127,50.286519147603336,127,61.78671331217436,0
1716827974,127,48.958331719622905,127,47.7417336796085,127,48.79146241921095,0
1716828874,127,52.331621744474916,127,46.83680499387607,127,50.6043876289573,0
1716829774,127,51.07469369464475,127,56.71963185077206,127,56.375750385288754,0
1716830674,127,47.74734181877142,127,47.1218038156998,127,57.03171902108514,0
1716831574,127,42.560989580021705,127,47.48093680859772,127,54.9201177504428,0
1716832474,127,44.57784224441948,127,48.60791364967913,127,52.20775563154648,0
1716833374,127,49.418574891735375,127,50.87891075762995,127,53.70571275762438,0
1716834274,127,48.16559052941873,127,46.39712776483898,127,47.487990561985676,0
1716835174,127,51.031128381172934,127,53.620890843655935,127,57.95138799635869,0
1716836074,127,50.46638690058291,127,46.55476394875446,127,40.00493116761064,0
1716836974,127,47.868887570949866,127,44.13091392015536,127,55.65026432644338,0
1716837874,127,52.09080923732835,127,38.43448055060897,127,52.961402752789496,0
1716838774,127,48.49930934854811,127,58.54891586152964,127,44.20216333424068,0
1716839674,127,39.35333255706637,127,48.34640351967883,127,56.30119746804883,0
1716840574,127,46.44509176939045,127,58.80390812065715,127,46.73593954112943,0
1716841474,127,58.23373491164515,127,45.25870698986361,127,45.82638462740882,0
1716842374,127,46.7297142139454,127,48.44209122769197,127,41.92940378152726,0
1716843274,127,44.634454831508336,127,50.21336653899086,127,44.500525980027845,0
1716844174,127,55.244861112715896,127,57.04018841225878,127,48.06443408453326,0
1716845074,127,51.426312320515386,127,56.770299916155025,127,52.50015465815157,0
1716845974,127,49.90313291610377,127,55.814752174848195,127,58.853533065317514,0
1716846874,127,46.11314955081396,127,54.08057776022706,127,46.962850196898046,0
1716847774,127,59.67425020620923,127,46.340954354964914,127,54.823338812214224,0
1716848674,127,52.4561758964548,127,52.50263874903712,127,49.05659411437569,0
1716849574,127,53.23435084390896,127,46.94208205551304,127,42.98972708155874,0
1716850474,127,48.737675708136656,127,50.00422465519172,127,48.073769200012855,0
1716851374,127,51.29595569313564,127,48.658649264976646,127,42.13845422189473,0
1716852274,127,51.66022552530036,127,66.00344005001503,127,53.07776804622235,0
1716853174,127,54.01172790777549,127,50.59540332523,127,50.589663381321415,0
1716854074,127,49.933389249923636,127,49.26850934790616,127,50.279359719595334,0
1716854974,127,50.03007105143251,127,53.76385604348328,127,51.1622028636981,0
1716855874,127,52.95750220913133,127,44.89427864478428,127,50.73409652356486,0
1716856774,127,54.97386374832035,127,49.423262505415494,127,38.98057754706702,0
1716857674,127,48.1677189854442,127,54.15027387163843,127,53.77033451547045,0
1716858574,127,43.94645393594423,127,51.330849487865144,127,56.75298120876955,0
1716859474,127,59.69760857004587,127,49.03833132843247,127,47.10053298626929,0
1716860374,127,55.54406944047684,127,47.136307259291115,127,53.00940701693551,0
1716861274,127,58.72875668516384,127,46.230189274665726,127,51.69630379510026,0
1716862174,127,40.91857092456589,127,52.351988851176095,127,41.819805659547576,0
1716863074,127,52.59016041633283,127,51.536205686583926,127,48.1391869975198,0
1716863974,127,58.920988192120966,127,58.89064356908595,127,53.62803266731024,0
1716864874,127,47.265372107808055,127,44.42541797903099,127,43.99482117324818,0
1716865774,127,49.53299312882588,127,47.52034902063786,127,48.92102272996547,0
1716866674,127,36.825623076691194,127,46.29140416017522,127,47.47908177736284,0
1716867574,127,40.39409060626363,127,47.60312856034082,127,43.43094022877704,0
1716868474,127,46.84847580788905,127,45.67568122878604,127,42.36445251415091,0
1716869374,127,56.03869704928251,127,56.7688058403224,127,44.850691886454186,0
1716870274,127,51.25838267203163,127,44.07107545849982,127,43.62049227227453,0
1716871174,127,49.33805690669052,127,50.038760162412665,127,44.20278491789518,0
1716872074,127,50.86732142540025,127,45.78972109254458,127,49.43656366906104,0
1716872974,127,47.696645424079236,127,44.15272976261423,127,61.332205584875226,0
1716873874,127,52.196757751743775,127,54.33504009576369,127,46.81829657942219,0
1716874774,127,55.06405280431101,127,52.67649646678064,127,56.490276978959585,0
1716875674,127,48.3169137088602,127,53.7233648565444,127,50.35308202047906,0
1716876574,127,52.66458298026406,127,57.88893781639675,127,46.04356891436837,0
1716877474,127,37.86310655430189,127,49.5002392006351,127,52.20065626167063,0
1716878374,127,48.938114237327085,127,45.940389505279,127,44.257200255055864,0
1716879274,127,47.91149898480349,127,49.050903826359935,127,42.15424065493849,0
1716880174,127,53.56194151401999,127,47.98332549009329,127,50.99629781796239,0
1716881074,127,44.94601828923062,127,46.25640799909627,127,48.26263698826037,0
1716881974,127,52.74511996680134,127,43.44136487844586,127,52.26499278246948,0
1716882874,127,56.32493968383766,127,43.35852316311425,127,61.3474121664211,0
1716883774,127,40.13698434076338,127,49.29126638364766,127,60.244552615219334,0
1716884674,127,53.42402251260295,127,44.06792780728456,127,50.04766800538405,0
1716885574,127,52.756755047087225,127,52.483616085166176,127,47.48889529965064,0
1716886474,127,53.81804256956985,127,53.74674645838949,127,54.94371350992026,0
1716887374,127,55.26730231060495,127,47.395762889715556,127,57.96536341738651,0
1716888274,127,55.973149615937835,127,44.02952625713552,127,46.52943474310748,0
1716889174,127,48.62329549864892,127,51.70923396839693,127,48.00366748438725,0
1716890074,127,50.07217871396702,127,49.202751784039776,127,47.71805903933271,0
1716890974,127,57.01396776173172,127,51.205719650700196,127,50.03623794208719,0
1716891874,127,45.61732259859123,127,52.2807124695804,127,49.50988159975013,0
1716892774,127,44.95704375002332,127,43.23336377150455,127,45.709430421831016,0
1716893674,127,54.03098408618364,127,44.680263703047416,127,49.470911224081185,0
1716894574,127,52.13808435459527,127,45.880198312648204,127,59.04492401541401,0
1716895474,127,42.10068143560129,127,49.848893342031126,127,48.40301926272929,0
1716896374,127,52.63899836397003,127,42.67069654700764,127,52.96962111736336,0
1716897274,127,45.65186856285632,127,51.84178330263882,127,52.2552611600442,0
1716898174,127,52.984281898972405,127,44.27171687702507,127,49.684529022070954,0
1716899074,127,49.63745486727274,127,46.73906683995687,127,59.70355182563473,0
1716899974,127,40.001499222566984,127,47.63328712720638,127,46.58900822488689,0
1716900874,127,39.9660445676506,127,49.01545472679928,127,50.058905653162775,0
1716901774,127,54.31701053338509,127,52.745215751776215,127,52.51813003193563,0
1716902674,127,54.3885973921076,127,47.49501792547149,127,48.761576781301734,0
1716903574,127,53.845998303393586,127,47.805208935430585,127,53.81308984007021,0
1716904474,127,45.02650298504775,127,45.49890007268077,127,48.82090083556487,0
1716905374,127,52.779470605918206,127,47.08220863904544,127,50.21241754030206,0
1716906274,127,52.738373504439906,127,52.2489549888838,127,60.03101948447724,0
1716907174,127,52.815246397377464,127,47.84882326389103,127,48.036225417306376,0
1716908074,127,53.06390838272726,127,48.22529047321342,127,49.767042953989986,0
1716908974,127,53.986200123006874,127,49.85400203555655,127,49.06346725039306,0
1716909874,127,48.66690942064074,127,47.04554283910941,127,52.245303550295866,0
1716910774,127,52.327680694740856,127,56.88522449604528,127,51.87209907259566,0
1716911674,127,60.319727159062516,127,47.482455955411304,127,61.3202583308137,0
1716912574,127,54.10019283827724,127,51.881123193819924,127,50.67493118739692,0
1716913474,127,46.25702254446462,127,46.54016085045994,127,42.459274524727945,0
1716914374,127,45.72461742854419,127,48.326610579834885,127,48.64780381907765,0
1716915274,127,53.7242448532224,127,53.18412728051754,127,55.95470091438207,0
1716916174,127,48.17379204751085,127,50.1333484623577,127,50.92851156499045,0
1716917074,127,39.355487770516056,127,49.69399421523965,127,49.176444453825255,0
1716917974,127,57.99144606389569,127,51.89194409309708,127,45.56015319015832,0
1716918874,127,50.79841618034766,127,54.85104431301909,127,47.83861480765076,0
1716919774,127,53.811496960591654,127,45.04369838843444,127,49.89695918285062,0
1716920674,127,40.66207138596403,127,56.64865922723693,127,48.572174771163404,0
1716921574,127,52.02731492382405,127,46.59539827132349,127,47.433064066517865,0
1716922474,127,40.534644680807475,127,49.609129007406366,127,47.70436430245675,0
1716923374,127,57.19153445346123,127,54.76866022296364,127,45.4506698287413,0
1716924274,127,47.196912667053596,127,44.35469986720106,127,55.126978796873416,0
1716925174,127,43.23827260163251,127,51.697682739097566,127,53.54823600732507,0
1716926074,127,47.6625932797448,127,41.774381014785504,127,54.0537586143423,0
1716926974,127,58.586927171670524,127,49.72315602308455,127,51.94467336611842,0
1716927874,127,43.95659445334931,127,49.91198328004822,127,56.36390444223706,0
1716928774,127,38.19074745114453,127,49.544488281615735,127,46.95036421127645,0
1716929674,127,57.17559496387701,127,48.54152827386777,127,51.27313689696812,0
1716930574,127,57.349784090397335,127,49.826036932736784,127,56.77157582212417,0
1716931474,127,50.29134340210674,127,53.559951512521266,127,56.5208265849043,0
1716932374,127,48.65897857029825,127,48.06417491220722,127,56.1666802055249,0
1716933274,127,44.12069031020551,127,42.12844579891499,127,51.004192040114454,0
1716934174,127,58.279247607621485,127,56.97704868234112,127,51.215993523048425,0
1716935074,127,53.436756148063004,127,42.30077577082709,127,39.493869070677405,0
1716935974,127,45.56287879988771,127,55.43431874701908,127,45.53344238384383,0
1716936874,127,38.091194356234716,127,48.83897643432948,127,52.87245645225647,0
1716937774,127,55.93202365431634,127,60.49057386266725,127,44.928515200408526,0
1716938674,127,48.637118496606625,127,55.70281651091151,127,48.405944943212596,0
1716939574,127,41.552087307992196,127,45.45078867841407,127,45.00380014621882,0
1716940474,127,51.48537112257274,127,52.36960624089467,127,48.02686935411084,0
1716941374,127,54.82874016176781,127,50.857161036764836,127,47.63710250193029,0
1716942274,127,50.396603108314075,127,43.94523110443705,127,45.14250539655988,0
1716943174,127,42.548451188969175,127,52.74058511050032,127,43.3628924798751,0
1716944074,127,50.51683218785578,127,51.620464114425545,127,49.5361792760613,0
1716944974,127,46.070157874701174,127,47.949669951162804,127,50.674921347005935,0
1716945874,127,46.93848571444491,127,47.58905494146286,127,49.9431824789734,0
1716946774,127,46.847294576725176,127,46.7762357411724,127,54.79405667148718,0
1716947674,127,60.42871216142091,127,58.180959889944575,127,49.595344984415284,0
1716948574,127,52.08777851968942,127,52.78823769880439,127,55.773976387910665,0
1716949474,127,45.455910641485644,127,43.339014026595464,127,46.50316653152602,0
1716950374,127,54.19217049619372,127,49.971642152261005,127,50.48157275335197,0
1716951274,127,39.79679038179687,127,47.15033120052091,127,51.05461358102842,0
1716952174,127,50.87931860475087,127,49.43361025974894,127,49.30568014986892,0
1716953074,127,47.16268293087245,127,44.53612892476665,127,52.33241838566896,0
1716953974,127,56.726829798125316,127,54.82149211952253,127,50.86769564235969,0
1716954874,127,46.96694443487744,127,40.81355341130501,127,50.4948876371217,0
1716955774,127,44.702128185063465,127,41.25774638151782,127,56.92187487678734,0
1716956674,127,50.04177271378127,127,51.655572304397666,127,48.83489860639118,0
1716957574,127,47.829027656266184,127,48.01538600875826,127,46.10409574725101,0
1716958474,127,55.79343649467227,127,46.064628147513254,127,43.39234801982291,0
1716959374,127,52.648947541402144,127,47.47870714546969,127,41.99301041724036,0
1716960274,127,53.217051638978646,127,44.44655563785895,127,55.161656749286024,0
1716961174,127,50.126616760875294,127,47.33694013031926,127,46.454249258821726,0
1716962074,127,55.573040354083226,127,51.6230537238717,127,52.16406142865093,0
1716962974,127,50.53075384297571,127,54.984004671986725,127,42.14999066968133,0
1716963874,127,54.555660480538485,127,49.059917640157146,127,50.360093840548615,0
1716964774,127,49.13866299384758,127,43.52179836404223,127,50.81161671534499,0
1716965674,127,54.76668802524025,127,54.22671650343567,127,55.12351237578512,0
1716966574,127,54.157081662990805,127,51.08457666524195,127,44.197216646818035,0
1716967474,127,53.10132530510416,127,53.96143699121227,127,44.27819947331439,0
1716968374,127,49.222264911928406,127,51.02746728969845,127,49.65155852356846,0
1716969274,127,57.83624908614729,127,46.80374050824074,127,53.002306436377864,0
1716970174,127,51.4044082159748,127,54.84881714241177,127,56.99702435612015,0
1716971074,127,45.3150678578099,127,44.70075295831239,127,53.45781527670085,0
1716971974,127,50.12864850684974,127,52.8366498563228,127,40.18881147358606,0
1716972874,127,46.162144427230004,127,51.81274074406055,127,53.99747002311182,0
1716973774,127,49.73965233914189,127,50.34409437283532,127,53.69513267407336,0
1716974674,127,51.305333344262564,127,42.017307959092165,127,51.729149516743675,0
1716975574,127,46.239347024096524,127,43.39552430330537,127,52.56681728788176,0
1716976474,127,53.384621772001296,127,54.20738866543608,127,58.935435638830334,0
1716977374,127,52.508400362345945,127,53.13994423548897,127,49.87041493069821,0
1716978274,127,50.429269703009886,127,49.42527240294926,127,45.040625845800434,0
1716979174,127,56.98334404128772,127,52.65960190348696,127,50.43625575935734,0
1716980074,127,56.119010810757445,127,46.771277702356784,127,53.0744053041522,0
1716980974,127,48.52807557639104,127,46.16182667417541,127,40.021021767305164,0
1716981874,127,50.00310348796147,127,47.858511125552965,127,48.16542873643846,0
1716982774,127,48.83250371486125,127,49.093473352895,127,61.92186779093622,0
1716983674,127,50.13740699305502,127,48.599146945093146,127,50.07475673888501,0
1716984574,127,48.67541820718258,127,51.01112303346993,127,48.076341480972644,0
1716985474,127,44.21192320442038,127,58.23933859048342,127,52.910373541488816,0
1716986374,127,48.96043981000633,127,49.297709711833086,127,54.87533397882321,0
1716987274,127,46.67160120249724,127,44.74224629066325,127,47.40929834827303,0
1716988174,127,49.63824295066275,127,54.62346823653298,127,55.27925872220696,0
1716989074,127,48.69104559541845,127,50.05003942608155,127,57.192270137974944,0
1716989974,127,42.39683073125631,127,53.84804766936974,127,46.08485046074608,0
1716990874,127,46.670917190227016,127,54.293664957004324,127,50.15118086986997,0
1716991774,127,53.66263293441041,127,53.38188154048839,127,45.164978727787485,0
1716992674,127,52.71833254268427,127,49.53551682169579,127,51.36427398064202,0
1716993574,127,53.73825568646619,127,54.09142316560401,127,50.200751169493145,0
1716994474,127,50.351803792363306,127,53.550373728488,127,44.095294322286676,0
1716995374,127,50.762839605133614,127,42.8197044168074,127,45.318547986001356,0
1716996274,127,53.256431690392674,127,62.77991050270049,127,47.55083152157196,0
1716997174,127,47.214760417753176,127,51.54112206231987,127,49.36599403371359,0
1716998074,127,49.154866698975546,127,55.53951565789899,127,52.78885540522814,0
1716998974,127,56.039645715882244,127,51.52879491063528,127,57.352300198872975,0
1716999874,127,42.35049293849098,127,47.81376499323723,127,49.080603858805766,0
1717000774,127,52.05166299935849,127,49.960037441841706,127,42.82454606527799,0
1717001674,127,65.02531393788645,127,59.72012482423443,127,47.34576027975773,0
1717002574,127,53.835031343488474,127,49.152344597036944,127,47.53129974986549,0
1717003474,127,44.96731760603441,127,48.33204462107028,127,51.08228724679762,0
1717004374,127,60.2837506444758,127,55.19295875777389,127,45.41356972639772,0
1717005274,127,50.680339444742934,127,42.620851884210296,127,51.05458511283695,0
1717006174,127,46.85803303808088,127,52.30971647339411,127,56.1980443464629,0
1717007074,127,43.54944945931222,127,47.60602564301193,127,49.758940352603275,0
1717007974,127,43.131326945542746,127,51.79380926527882,127,49.01471412092015,0
1717008874,127,44.05772290678294,127,48.076247454392266,127,47.97037632467786,0
1717009774,127,45.79314007554942,127,48.82684385256119,127,47.37478764016396,0
1717010674,127,45.601143284266776,127,38.781656914226865,127,49.39777320211656,0
1717011574,127,45.47627640424462,127,50.81168250204475,127,49.375333233373574,0
1717012474,127,47.697707066634734,127,49.09692285179114,127,42.090773385819084,0
1717013374,127,53.782038707197415,127,48.236635002223366,127,47.49436467360323,0
1717014274,127,47.55565049712619,127,51.16411859818475,127,45.90497447615791,0
1717015174,127,45.62783958555642,127,41.66134853529314,127,56.82822129294198,0
1717016074,127,56.914727150393745,127,49.33511041534618,127,53.1981542971827,0
1717016974,127,41.7375573719277,127,54.31837234917154,127,46.65257728630266,0
1717017874,127,54.32583180014504,127,45.08254011480658,127,54.94159992283811,0
1717018774,127,43.69167557157167,127,51.06841466121594,127,42.52598450384962,0
1717019674,127,47.2116895142556,127,39.4004681486973,127,36.97437460261501,0
1717020574,127,54.01075286808865,127,51.04615317474176,127,54.32396363526623,0
1717021474,127,44.68263931931795,127,41.14169777664104,127,50.87466675518958,0
1717022374,127,43.47604111480029,127,54.29267870433795,127,49.67324603602924,0
1717023274,127,54.057265375449816,127,45.98695334344662,127,48.82577137415834,0
1717024174,127,49.01387410147367,127,49.134354080719326,127,45.11844207221932,0
1717025074,127,47.787111248553195,127,50.938024368161244,127,51.19509083620796,0
1717025974,127,52.747780457127185,127,47.78475849242555,127,52.59557140679959,0
1717026874,127,51.656606541058906,127,48.63365362312238,127,49.34733297694353,0
1717027774,127,48.2238507869492,127,43.78822863169394,127,47.9226552005659,0
1717028674,127,47.40399540965758,127,44.92655761998192,127,50.436316015507956,0
1717029574,127,55.06641468977269,127,53.67757220753736,127,45.68670887319033,0
1717030474,127,45.4820810698247,127,49.170449747619585,127,47.84776999047529,0
1717031374,127,54.35500736471372,127,51.046724609403825,127,58.78899106105251,0
1717032274,127,42.752064796279356,127,51.694756474271635,127,51.63884901560471,0
1717033174,127,43.08335543964521,127,44.84510450666478,127,52.969017256542934,0
1717034074,127,51.69056650839394,127,46.24682473591068,127,52.9324800681943,0
1717034974,127,53.40930181520637,127,54.595385007836214,127,45.02846586838513,0
1717035874,127,53.780110159195175,127,48.58846195464519,127,52.30984532630488,0
1717036774,127,44.715280601432504,127,41.551638747098295,127,61.484208558420264,0
1717037674,127,50.93151959149241,127,47.66443779052141,127,41.41766133753191,0
1717038574,127,49.6797885950747,127,45.14310250762442,127,54.5151104111326,0
1717039474,127,44.84060341586074,127,53.51138722471912,127,37.031305928847715,0
1717040374,127,54.67378017963888,127,49.79644425632817,127,49.57852501000832,0
1717041274,127,60.92852810577908,127,54.06146045238991,127,49.20112278365327,0
1717042174,127,43.601440300650594,127,37.33949719370557,127,45.0815776089945,0
1717043074,127,48.15931158106279,127,57.33564413803503,127,36.96807273187638,0
1717043974,127,50.70659270971339,127,55.636456055326306,127,48.428330497973576,0
1717044874,127,51.48513775828323,127,45.002493463928424,127,51.9202097286214,0
1717045774,127,45.729436570360946,127,50.63146923026629,127,54.43722387430021,0
1717046674,127,66.60800583323856,127,49.78261680447262,127,48.79880182644979,0
1717047574,127,41.33251969501987,127,44.03872997401091,127,50.19781602803688,0
1717048474,127,51.56165906932942,127,57.57841442168019,127,50.85469865258651,0
1717049374,127,52.041683538664365,127,48.98847378923747,127,57.76127086966874,0
1717050274,127,47.59882826616862,127,58.48425206151635,127,57.22804172657606,0
1717051174,127,51.111023243765985,127,43.182416554133404,127,52.26198292607718,0
1717052074,127,49.25656989100894,127,43.093471590557,127,51.46308188037347,0
1717052974,127,42.59246539337891,127,50.23000218575221,127,50.342757854916194,0
1717053874,127,54.32875861914335,127,47.53689461126726,127,51.80816967035113,0
1717054774,127,51.19214264996965,127,47.468729977865486,127,54.89657956383954,0
1717055674,127,48.44654488934845,127,57.054229919013764,127,57.310262443815624,0
1717056574,127,51.245426251081064,127,56.83938949469672,127,46.50937472038366,0
1717057474,127,55.02107424094926,127,54.989558567917655,127,52.00681694473078,0
1717058374,127,47.352643250311175,127,45.19760886821568,127,53.80838285268434,0
1717059274,127,55.43395515460506,127,62.225582526263324,127,52.50488395730573,0
1717060174,127,52.97052881858221,127,60.784116932891834,127,48.567832726612004,0
1717061074,127,46.3982590319697,127,51.10097995706434,127,50.10596839103963,0
1717061974,127,51.24978090051498,127,47.043150452434105,127,52.10388297023026,0
1717062874,127,52.574665978026985,127,38.66253777527053,127,43.414525298473926,0
1717063774,127,50.40324247767947,127,58.22085990541257,127,41.5940371971943,0
1717064674,127,46.024538057151084,127,47.042666866597024,127,47.63093564268191,0
1717065574,127,56.97206169496879,127,44.0221142727404,127,42.87512910525704,0
1717066474,127,53.217857030419694,127,42.274243900905596,127,49.94926318851175,0
1717067374,127,61.04358568552916,127,45.09959591322484,127,42.6118097235851,0
1717068274,127,53.89138739103607,127,46.10535198540277,127,49.94898253503969,0
1717069174,127,49.55954413189525,127,47.5796363792318,127,53.75728646902394,0
1717070074,127,50.274972458182695,127,37.784943714802345,127,60.957039044287896,0
1717070974,127,44.69091587007462,127,57.02016056360505,127,48.55474057970538,0
1717071874,127,40.62290268877042,127,47.54609207467162,127,49.68486178159306,0
1717072774,127,46.208838687724814,127,44.34825870524241,127,46.08360787588301,0
1717073674,127,47.419792709164746,127,50.35022863269977,127,53.31107802770463,0
1717074574,127,55.96202044109847,127,57.207155988118444,127,53.03258567155943,0
1717075474,127,47.93228013448233,127,49.30664978858323,127,44.86359281392639,0
1717076374,127,52.433015980420805,127,50.765379372413136,127,48.486866701922764,0
1717077274,127,51.423389614208375,127,50.212208619737815,127,52.70050173121644,0
1717078174,127,46.442316287422095,127,57.91557152626015,127,48.662182046963935,0
1717079074,127,49.89312831754784,127,49.97826634659387,127,42.17871103086495,0
1717079974,127,54.84010723916152,127,43.295612154245156,127,50.744428540604574,0
1717080874,127,51.492965579572186,127,47.11226686674917,127,46.02441786940789,0
1717081774,127,47.99640678306637,127,47.41851345932116,127,52.36651267570964,0
1717082674,127,51.497873668046104,127,54.12835116664238,127,56.13600119831863,0
1717083574,127,49.67045597531994,127,52.39283529688807,127,44.364837875809776,0
1717084474,127,47.00339213408325,127,42.066260801537254,127,50.93917362843199,0
1717085374,127,43.51338515019825,127,60.69636959798758,127,47.38149387265214,0
1717086274,127,52.03094935262815,127,50.66066581325278,127,50.90954694047864,0
1717087174,127,51.58309982678878,127,50.91524388763097,127,55.78342816982105,0
1717088074,127,45.3198477281263,127,49.165495557823036,127,47.40117899375063,0
1717088974,127,53.75874346125368,127,50.344865656537266,127,48.41797322140554,0
1717089874,127,51.141992695187824,127,47.639794264490305,127,51.692853349934786,0
1717090774,127,52.36586502244026,127,52.41070914032457,127,46.05759230289679,0
1717091674,127,51.865865614665054,127,46.12050080157768,127,53.751095042824694,0
1717092574,127,55.089877190291354,127,48.93370246612955,127,46.871591813839764,0
1717093474,127,53.281817701447245,127,39.8243743957548,127,41.56698668432739,0
1717094374,127,53.84054145271017,127,44.7308129279749,127,50.48365820092927,0
1717095274,127,43.28370072602155,127,48.7415515833197,127,57.22716350997037,0
1717096174,127,50.76862012826006,127,53.92634162404385,127,50.99324742896214,0
1717097074,127,48.8520189565457,127,51.68872106224428,127,54.990561040142595,0
1717097974,127,53.51673782517794,127,54.089507749338644,127,64.42735198142665,0
1717098874,127,50.72491702875582,127,57.8268607838208,127,45.5848948926507,0
1717099774,127,51.22390738958619,127,41.67134318665315,127,44.79074264028612,0
1717100674,127,49.542646846816744,127,38.70563552083249,127,51.303605074207496,0
1717101574,127,46.54771779504177,127,48.616540689851675,127,52.09938437917606,0
1717102474,127,53.32524246787785,127,56.181114032967734,127,51.15919688754999,0
1717103374,127,41.16780960097176,127,51.10154063251821,127,46.780062721327205,0
1717104274,127,56.971965093019016,127,48.89388859967652,127,52.69826241151142,0
1717105174,127,45.33661648770219,127,44.25805706574824,127,47.220267854797925,0
1717106074,127,39.19738066749824,127,42.38117047367357,127,45.743943620681684,0
1717106974,127,57.27423963630176,127,57.35535718418302,127,49.872047727946246,0
1717107874,127,49.80356583512375,127,54.03332898262727,127,51.302918054886284,0
1717108774,127,49.64145518014882,127,47.53943169370533,127,46.455514334459195,0
1717109674,127,56.553419912934814,127,46.286408390789816,127,52.975325170922865,0
1717110574,127,52.0513659067346,127,46.27481712485218,127,56.22424331571686,0
1717111474,127,54.409525723225926,127,56.464706681359175,127,53.771892254545,0
1717112374,127,57.50623683699161,127,52.506178797518864,127,58.01287227083226,0
1717113274,127,49.377557442120235,127,46.28135609878188,127,53.81282795708263,0
1717114174,127,57.8422380661367,127,45.64222343536662,127,57.82772622286096,0
1717115074,127,47.9944568035469,127,51.52734808574768,127,55.12679560269536,0
1717115974,127,46.64550207291826,127,51.66832420218472,127,46.0957342131921,0
1717116874,127,51.01629486552251,127,52.314944708085534,127,54.15256487962049,0
1717117774,127,56.89607490682294,127,55.33303108496845,127,47.306624205641214,0
1717118674,127,59.19216809713926,127,58.24461299923554,127,47.295938930254216,0
1717119574,127,55.745564070070806,127,51.936129554067996,127,53.689092407365024,0
1717120474,127,52.64609508640152,127,50.783365781632966,127,45.680008291614755,0
1717121374,127,47.728391159543584,127,44.41377477378729,127,49.31319140756514,0
1717122274,127,50.24669306029084,127,46.878933370825955,127,49.62639923045308,0
1717123174,127,49.7906518303736,127,50.643086546988904,127,48.63396178296138,0
1717124074,127,43.60983832107649,127,50.31775166590444,127,47.67909299683863,0
1717124974,127,48.97682854691026,127,41.14769449114726,127,46.853866471898534,0
1717125874,127,42.02261965341717,127,46.937217538747966,127,56.776561360973695,0
1717126774,127,46.892672368089556,127,51.62230377723366,127,49.30386475628844,0
1717127674,127,41.05334028771111,127,41.831031648830354,127,56.2527422870004,0
1717128574,127,48.09106956128785,127,55.10177637571627,127,41.1460179214765,0
1717129474,127,57.89746948063559,127,54.68015810802271,127,53.11954986188301,0
1717130374,127,47.12854920026612,127,51.75959541033436,127,58.07314209866201,0
1717131274,127,52.23894644506467,127,48.42851012146658,127,52.390896036611146,0
1717132174,127,53.303402459287916,127,49.83239080545267,127,47.28632215926171,0
1717133074,127,37.335712158879346,127,60.70760110576284,127,40.52432535624803,0
1717133974,127,48.513337825064355,127,55.525109702804414,127,56.397307352245164,0
1717134874,127,42.64843941493265,127,47.50142803620739,127,44.32980020501442,0
1717135774,127,52.594424138076754,127,57.73093250896806,127,53.41615133886456,0
1717136674,127,44.909236238614916,127,40.85976332043631,127,50.28533020714487,0
1717137574,127,51.34314488327964,127,43.82642057518255,127,53.03304049529929,0
1717138474,127,54.26500402509319,127,51.78421175469267,127,48.227300832012425,0
1717139374,127,51.67897456122076,127,44.389039050698145,127,50.807004928270516,0
1717140274,127,43.624445785428264,127,50.75661999489296,127,53.02611432289638,0
1717141174,127,49.67713416562224,127,51.75360892814542,127,48.12799700262464,0
1717142074,127,36.12051405122653,127,44.35645891482162,127,49.941927441621544,0
1717142974,127,56.990015871644005,127,49.911812678888985,127,49.104409835046006,0
1717143874,127,47.52571999876325,127,47.82580043841071,127,54.801981212356026,0
1717144774,127,45.09934607686461,127,46.6889985000966,127,49.867285241414116,0
1717145674,127,58.46824597445813,127,49.55496923066727,127,49.46811605498852,0
1717146574,127,46.7716162153476,127,46.89476111454329,127,37.68524718972472,0
1717147474,127,52.65012518952485,127,44.3626774353848,127,50.60131455307904,0
1717148374,127,53.76975238852939,127,41.65292089487743,127,54.21611189849174,0
1717149274,127,46.82688441156876,127,52.755589227814326,127,41.57648489802012,0
1717150174,127,48.05112722483533,127,49.100392252484646,127,48.248501105846266,0
1717151074,127,53.98740465243012,127,53.59353332498437,127,52.59588255283868,0
1717151974,127,49.42018748226186,127,54.5786072767419,127,39.43585121213886,0
1717152874,127,52.505092612369225,127,47.96389441047377,127,43.61709184917434,0
1717153774,127,59.93849450583122,127,56.72192834017112,127,51.17488765740886,0
1717154674,127,53.31022653451691,127,56.69698702553464,127,43.98563345623484,0
1717155574,127,44.49060086713784,127,48.61037056305128,127,47.174445538972144,0
1717156474,127,52.27873702580002,127,52.14707801064792,127,51.76499383621058,0
1717157374,127,53.63226158526243,127,57.00138572552434,127,44.99546014623489,0
1717158274,127,50.48266112933775,127,54.60952931283153,127,51.7053577599128,0
1717159174,127,46.28652747314489,127,44.95423991000113,127,57.09091514805181,0
1717160074,127,57.810242831564125,127,52.42641591112405,127,52.284873208507314,0
1717160974,127,42.397178020454874,127,54.30348215809965,127,49.92014842754479,0
1717161874,127,49.02376480364451,127,41.01678032924741,127,56.09818994863577,0
1717162774,127,48.71594500175526,127,50.74680538398914,127,50.73582125725201,0
1717163674,127,49.332536145806934,127,49.52424607391861,127,54.01377186657383,0
1717164574,127,59.230973321187825,127,52.76353071209681,127,56.996090052337465,0
1717165474,127,47.86101926842553,127,56.071173671800224,127,50.44503990166736,0
1717166374,127,55.8624463719262,127,54.21060017280123,127,39.734351046632916,0
1717167274,127,48.09238499291587,127,43.77161565318957,127,48.684289463699045,0
1717168174,127,51.749253265271435,127,66.50683656598706,127,48.302195936854005,0
1717169074,127,54.92222688288918,127,53.89756668385774,127,48.09948901090225,0
1717169974,127,52.371249585466,127,47.242366648623076,127,51.67358435313682,0
1717170874,127,52.30249040998773,127,54.16201647639119,127,49.769013102119565,0
1717171774,127,49.032289843541555,127,44.58258937194548,127,47.45296307294117,0
1717172674,127,57.15653523405897,127,55.50827739471518,127,48.93057307707293,0
1717173574,127,52.34347407633949,127,56.815142528446906,127,47.4499470944967,0
1717174474,127,49.22183036042756,127,51.71487501101259,127,48.3807479675909,0
1717175374,127,44.78679490030247,127,50.72280039592988,127,50.52471733200776,0
1717176274,127,48.88891797359593,127,52.212051945124415,127,49.372878653069286,0
1717177174,127,52.67928341090268,127,57.75402635565561,127,53.38169288356964,0
1717178074,127,53.20398841005198,127,50.93267377865685,127,43.68776655956532,0
1717178974,127,47.540276598048166,127,55.419789179582665,127,54.33753230760468,0
1717179874,127,51.0801850319259,127,57.319778218774935,127,55.69736865228251,0
1717180774,127,0.0,127,0.0,127,0.0,15
1717181674,127,0.0,127,53.48092108889178,127,51.97625108094639,15
1717182574,127,0.0,127,45.71459901538579,127,51.22237419557442,15
1717183474,127,0.0,127,48.4683976307242,127,46.74674733353361,15
1717184374,127,55.06303030013179,127,43.75667092804455,127,47.73441835811327,15
1717185274,127,56.93274810243043,127,54.20017163460099,127,54.443551826418755,15
1717186174,127,50.6659378093734,127,47.525248625140854,127,51.454653041421594,15
1717187074,127,56.85553869464701,127,27.766838793203526,127,48.26946559044069,15
1717187974,127,47.8927519887499,127,48.40444611100663,127,57.16055267104538,15
1717188874,127,52.541425840701045,127,47.55607358419548,127,48.5786929708572,15
1717189774,127,47.91630815599811,127,47.42332638022602,127,50.607999895933524,15
1717190674,127,45.04506658443332,127,51.456376315398025,127,49.84525470820294,15
1717191574,127,50.3433363283359,127,51.55818728021565,127,45.27676666916481,15
1717192474,127,42.84092886690776,127,38.46470695017456,127,50.96725241574713,15
1717193374,127,50.32141630906197,127,58.086627927466466,127,42.99946567031735,15
1717194274,127,54.96534604853686,127,52.4930800263965,127,39.154123119364044,15
1717195174,127,51.63637761672897,127,47.354846144206995,127,51.51480636392887,15
1717196074,127,53.55312600878739,127,47.1858914101384,127,51.766221157948934,15
1717196974,127,43.9140711717923,127,55.112245771275376,127,50.32667882160703,15
1717197874,127,57.471140341279295,127,45.107972188495495,127,54.80135398760777,15
1717198774,127,48.66747124527772,127,52.34110280041056,127,46.789694371362856,15
1717199674,127,46.05184803580643,127,48.645111882667074,127,54.39904102155941,15
1717200574,127,48.778964590248286,127,50.543968609319315,127,48.49885683560853,15
1717201474,127,47.36137003823992,127,52.07005329223887,127,48.517871956927195,15
1717202374,127,57.27251752365511,127,52.064346962812806,127,45.514091941149104,15
1717203274,127,55.33749382890384,127,50.67313657053042,127,44.998855015447774,15
1717204174,127,42.31266422575697,127,32.83892326464772,127,39.45915262339655,15
1717205074,127,58.39097390363982,127,50.21504042290997,127,48.84078125257994,15
1717205974,127,52.06322491402708,127,57.13202773376975,127,47.2584132789507,15
1717206874,127,55.91281262644029,127,50.06420741273006,127,51.68393495339579,15
1717207774,127,42.928153862854295,127,50.50977126429781,127,41.07846574612819,15
1717208674,127,51.47987216561035,127,53.363101521685486,127,47.86692435644848,15
1717209574,127,50.53367098549126,127,51.36948716237303,127,42.23292677483672,15
1717210474,127,45.576566637044905,127,52.19059642109014,127,54.07903852906264,15
1717211374,127,49.67371170352626,127,43.39665990333344,127,53.31753772548868,15
1717212274,127,63.19024180385999,127,46.90600552988802,127,44.93162685647146,15
1717213174,127,59.29207090037857,127,53.26655251983764,127,47.870278968741644,15
1717214074,127,49.11299293256858,127,57.20104246199785,127,49.05052079274186,15
1717214974,127,44.39736425894307,127,47.25729934697666,127,50.849436537854295,15
1717215874,127,50.343577828646936,127,50.15555291718052,127,51.54445379503101,15
1717216774,127,51.893674762488104,127,51.904696379315936,127,50.45729262110476,15
1717217674,127,42.71445208464377,127,54.7250016240775,127,46.27773776416715,15
1717218574,127,46.224457909226736,127,54.624179730881224,127,48.5260070803044,15
1717219474,127,54.9033515411728,127,53.38258192991219,127,47.51970581890409,15
1717220374,127,54.23755504591033,127,53.58658105713836,127,53.91854763653319,15
1717221274,127,52.15880380518971,127,55.051430301523354,127,60.516040617016394,15
1717222174,127,50.788024386526345,127,50.0865016885899,127,53.53999555476594,15
1717223074,127,53.030904522246274,127,46.97623263045207,127,49.070080873746804,15
1717223974,127,45.17556683595354,127,51.80138121225931,127,57.66283989362664,15
1717224874,127,50.32571474577788,127,55.32502003672677,127,62.73007680067727,15
1717225774,127,46.634504934502125,127,51.07678299528866,127,54.98429715720338,15
1717226674,127,47.907601013141694,127,51.95673694000673,127,51.400694238174566,15
1717227574,127,49.05608122720882,127,58.08534091507534,127,51.912672539357345,15
1717228474,127,40.04254687712154,127,52.47092586233672,127,49.442303763745656,15
1717229374,127,50.412095034761286,127,51.1990745251254,127,53.719698998571566,15
1717230274,127,51.11667015111933,127,46.4782831598046,127,64.20378793348245,15
1717231174,127,51.585909384101456,127,49.60954556193685,127,55.058603174656234,15
1717232074,127,43.0148935523241,127,51.35228263724044,127,55.526980955098104,15
1717232974,127,45.72399660584285,127,50.997396327568126,127,46.016184852594954,15
1717233874,127,41.26769985381957,127,42.70614280678899,127,45.152524623170315,15
1717234774,127,52.17398258088622,127,53.56199722160918,127,62.777818550811695,0
1717235674,127,51.08228853785446,127,52.474975316816206,127,54.27427665155865,0
1717236574,127,52.6692390448162,127,59.38672559632116,127,59.420491648723946,0
1717237474,127,46.971291217749716,127,48.539396611590156,127,51.8823081722629,0
1717238374,127,45.68693966890259,127,53.15629832963862,127,50.986075725941376,0
1717239274,127,54.475093038592746,127,60.71626484566143,127,47.495192397566925,0
1717240174,127,49.56489577569092,127,51.49612088280439,127,50.63686080375086,0
1717241074,127,47.18252582236384,127,54.43898639704569,127,38.93585144544037,0
1717241974,127,52.140236934646126,127,48.7482419957795,127,49.70223820658655,0
1717242874,127,49.50471346055946,127,43.23242276914924,127,44.65025310278986,0
1717243774,127,54.80015776743616,127,51.75326517453064,127,49.513910338554375,0
1717244674,127,53.144358617100316,127,43.24518526463285,127,50.55579955442623,0
1717245574,127,51.38144998846983,127,54.05407173359716,127,49.125246357016074,0
1717246474,127,53.09046461667917,127,50.26890352831818,127,52.04165157797405,0
1717247374,127,53.96904374634856,127,56.86766902623915,127,50.56476964819775,0
1717248274,127,53.543792119157686,127,51.27178924801091,127,46.29676112172754,0
1717249174,127,55.80838500113115,127,47.87055341564053,127,52.52720754607035,0
1717250074,127,47.960362969371126,127,45.51344675527867,127,57.88669864892747,0
1717250974,127,50.483719020734924,127,62.70565278858879,127,55.78066141850119,0
1717251874,127,48.05257877612851,127,40.218386194910664,127,48.13951592633578,0
1717252774,127,47.75713628611616,127,57.20382714162433,127,61.48571507500563,0
1717253674,127,49.46253061295613,127,49.14668139332991,127,51.19679707397658,0
1717254574,127,43.551350714640016,127,48.58087114676205,127,57.18347010543182,0
1717255474,127,52.51068144259493,127,43.43977583181121,127,56.68135670687199,0
1717256374,127,45.325398380885446,127,49.10206159838378,127,51.3984897621535,0
1717257274,127,51.63766897571223,127,42.15851304061311,127,49.209394873694386,0
1717258174,127,47.84287372472255,127,52.62860848565952,127,52.68057919315637,0
1717259074,127,54.816569676641905,127,50.19297526524579,127,48.874835609359806,0
1717259974,127,50.19748840980364,127,46.924284658587084,127,47.79895337391096,0
1717260874,127,41.11061206993824,127,44.50631407164105,127,44.44103423205702,0
1717261774,127,42.706489437623915,127,47.200292106257756,127,45.521977551907455,0
1717262674,127,52.50896959368194,127,48.3602395416795,127,50.69470067686931,0
1717263574,127,51.65710920480885,127,54.51504785456322,127,44.249822398257976,0
1717264474,127,40.42997118488684,127,47.729423750173545,127,55.88708415345109,0
1717265374,127,51.77242501056401,127,55.75683892648137,127,44.63142677273166,0
1717266274,127,48.53996814359718,127,42.985672365565904,127,57.528522312526675,0
1717267174,127,51.825414435338146,127,45.901228092948784,127,46.50065974513805,0
1717268074,127,51.90212021402005,127,52.35648835106974,127,52.50286578665379,0
1717268974,127,51.01774384675137,127,54.85831048103809,127,52.716198191076046,0
1717269874,127,56.78694695625636,127,44.951686818902736,127,58.10405540202178,0
1717270774,127,47.36137978268953,127,54.186108036822056,127,59.49505647727341,0
1717271674,127,50.27776365687224,127,46.29265981288642,127,44.94042244088102,0
1717272574,127,49.06673076339551,127,54.10997836537884,127,51.31317106072721,0
1717273474,127,49.74130643512955,127,55.48383642684408,127,52.315982269872755,0
1717274374,127,38.61821141343698,127,45.49711796731643,127,52.251464574948805,0
1717275274,127,56.33777601304271,127,57.01451289901956,127,50.20509632127852,0
1717276174,127,52.306749948990934,127,54.413322399152534,127,40.906855833632974,0
1717277074,127,46.41068879686053,127,49.39622044954516,127,57.3838523534834,0
1717277974,127,49.62209204839494,127,53.84443353686554,127,52.40522467335682,0
1717278874,127,53.473371598683975,127,42.047697559894594,127,46.15394131618776,0
1717279774,127,42.584672988746796,127,37.093721017621505,127,45.21601028997043,0
1717280674,127,42.58981415181617,127,46.76273334600149,127,47.53951763688408,0
1717281574,127,53.33353120834538,127,49.78268144567972,127,47.50478783791276,0
1717282474,127,55.496300282444594,127,53.762645870910774,127,41.98388950031099,0
1717283374,127,52.790599203624495,127,56.53814525143639,127,41.86404174625547,0
1717284274,127,45.057572929250604,127,48.10108386150554,127,43.013043991719634,0
1717285174,127,48.192488341675855,127,40.47295439283246,127,43.52465356563756,0
1717286074,127,48.71779218388143,127,47.66634968343331,127,43.52055316933116,0
1717286974,127,47.23521676916344,127,50.254049767485284,127,47.35562314324211,0
1717287874,127,46.47209160909797,127,56.05680074504786,127,51.971555984612394,0
1717288774,127,51.19364125000891,127,43.812590945143064,127,51.35090803063374,0
1717289674,127,48.01064503866588,127,44.21379858231422,127,65.43946906898344,0
1717290574,127,54.0072650097017,127,59.2288380684605,127,49.65545521356755,0
1717291474,127,54.59709943437871,127,61.30858801463287,127,53.24930792626119,0
1717292374,127,46.24249839397089,127,44.89856245130941,127,48.2311805752269,0
1717293274,127,51.91649723617105,127,66.80229245180506,127,55.03586988486762,0
1717294174,127,44.03209096522634,127,51.33824150116896,127,51.547198996543564,0
1717295074,127,56.043448695441164,127,43.56667369975963,127,53.58403942089955,0
1717295974,127,51.18121860489636,127,47.11735926761091,127,53.769805977210574,0
1717296874,127,56.08125314531243,127,51.48535933072265,127,43.70464952555242,0
1717297774,127,44.34741857402186,127,53.04431781015499,127,52.14287903456843,0
1717298674,127,54.39521365704805,127,55.148799921646265,127,49.92486837019733,0
1717299574,127,52.836258828196904,127,59.97186655604943,127,48.54790079911836,0
1717300474,127,61.4395423372263,127,46.658462131253096,127,45.49286682708901,0
1717301374,127,55.59928062230098,127,48.045668548744736,127,46.44045057224027,0
1717302274,127,49.16387092935771,127,40.61414491466554,127,57.417573525777655,0
1717303174,127,57.7833466231367,127,47.271527218562426,127,48.00355553793527,0
1717304074,127,40.71190904107263,127,49.704335381527954,127,55.95255293665482,0
1717304974,127,46.233418396758786,127,56.8237135950109,127,57.45546672398583,0
1717305874,127,45.64642737234483,127,43.98564991105755,127,50.97365658779547,0
1717306774,127,57.19432073656892,127,46.002559445733176,127,49.39000790642386,0
1717307674,127,56.578061961345966,127,52.23277859094234,127,35.98073195481302,0
1717308574,127,41.8352531266129,127,52.46519401417405,127,55.944843954829196,0
1717309474,127,54.77613543316077,127,45.96963227202428,127,43.864380926972075,0
1717310374,127,57.90807409755532,127,55.35903888414454,127,50.42252421266158,0
1717311274,127,55.15894641005151,127,51.71622322344567,127,52.27579964888387,0
1717312174,127,51.45805468980342,127,43.96960940072933,127,44.29767148504416,0
1717313074,127,50.66255811625714,127,44.23456692794892,127,57.21841142651755,0
1717313974,127,56.51416431866182,127,52.387315332264585,127,38.87255417556409,0
1717314874,127,47.87351351196728,127,48.05106505789935,127,51.687538228947844,0
1717315774,127,54.18339406598539,127,42.408409330507276,127,48.02880292622067,0
1717316674,127,51.709075060802014,127,45.050144183188735,127,58.66896798408328,0
1717317574,127,46.82183911191551,127,42.713517243175545,127,55.53518165204373,0
1717318474,127,48.09789004747868,127,56.08798796823554,127,50.65914058727835,0
1717319374,127,51.613784617757716,127,48.40347318492395,127,55.60328245207399,0
1717320274,127,45.10882149850889,127,62.73509524625447,127,49.863642724788534,0
1717321174,127,56.71221868924515,127,56.828162135080085,127,50.96518476264344,0
1717322074,127,52.31637959527469,127,41.91059107503374,127,52.68236597451927,0
1717322974,127,47.41000435579945,127,54.14478696670086,127,38.58578967737789,0
1717323874,127,46.395955462914785,127,52.53513266745885,127,50.09325792205725,0
1717324774,127,50.15407564376575,127,47.01322294494898,127,48.2433999051727,0
1717325674,127,48.61005232790477,127,66.1854168674549,127,50.05279691468276,0
1717326574,127,44.621480518300004,127,54.92522973353752,127,49.799853159183655,0
1717327474,127,48.729127797159336,127,51.2236654653544,127,49.44452804589182,0
1717328374,127,56.8978192887917,127,48.850096585702914,127,55.00311242074653,0
1717329274,127,52.63611545088027,127,54.45257734109917,127,60.43647612315186,0
1717330174,127,53.26634487838757,127,48.118412582899,127,53.3909385221606,0
1717331074,127,51.828422050253074,127,54.653369828114066,127,51.2084914819239,0
1717331974,127,48.17252876696124,127,59.287686888413724,127,50.663908853347614,0
1717332874,127,57.06916033052975,127,46.31256597749513,127,46.89365210741007,0
1717333774,127,44.48237625261971,127,41.070401637588766,127,48.38161869665985,0
1717334674,127,51.398752083185435,127,41.43668893258854,127,51.87490036585686,0
1717335574,127,48.180863980371214,127,48.83410268613934,127,52.45023380859867,0
1717336474,127,49.19064613097808,127,42.746462326777184,127,52.03159145339368,0
1717337374,127,49.47984399380324,127,53.98301431846754,127,48.345545460405425,0
1717338274,127,60.270055677256344,127,45.90666391959464,127,50.475689419456685,0
1717339174,127,51.58059373625438,127,51.618533727884355,127,48.51463325094944,0
1717340074,127,50.41653613339084,127,57.58364782617014,127,52.66438274760339,0
1717340974,127,51.51424209418199,127,42.89672225808203,127,47.835129424113354,0
1717341874,127,56.823942855266296,127,49.90088132789702,127,55.60223279128486,0
1717342774,127,37.82599832091783,127,53.183086763932806,127,48.21776771468967,0
1717343674,127,53.0699923206928,127,50.45271369326721,127,49.756180141963156,0
1717344574,127,46.48211798733148,127,51.74556657674796,127,41.57579519480985,0
1717345474,127,51.17864182694109,127,55.8586808375126,127,45.75928808400884,0
1717346374,127,48.902487005958754,127,51.593446232088844,127,51.37053691348649,0
1717347274,127,51.86455674655326,127,51.357700275884966,127,47.770782990882836,0
1717348174,127,48.11286211036728,127,53.30487474746104,127,44.78248995397739,0
1717349074,127,44.158462130652595,127,51.11597497612273,127,49.486467662692675,0
1717349974,127,52.66689818107763,127,47.89262569589144,127,45.651612240939514,0
1717350874,127,47.24218287989038,127,49.63515786837411,127,48.20569552743407,0
1717351774,127,46.04865296704588,127,51.452227400542455,127,57.918942416665026,0
1717352674,127,44.618336647435015,127,50.18832775401285,127,42.44098153984457,0
1717353574,127,50.03467406866215,127,48.21785273255813,127,53.018552559788496,0
1717354474,127,50.482399966142246,127,57.681218285075275,127,51.497570799062004,0
1717355374,127,56.10720457319451,127,53.941822528440035,127,49.56001693677303,0
1717356274,127,53.05851435767703,127,48.48950661276525,127,40.87743909534687,0
1717357174,127,48.637655682104395,127,49.417820860179326,127,47.36811417147289,0
1717358074,127,51.02787089586941,127,41.82434904782072,127,49.13938444322904,0
1717358974,127,52.47108837521601,127,46.76096025034473,127,46.08995953257363,0
1717359874,127,56.26702206377266,127,45.265347988013986,127,60.35346660795166,0
1717360774,127,53.26657417876464,127,52.88728904286123,127,40.33014855254227,0
1717361674,127,53.803260673827104,127,58.97238782416909,127,44.58357201512398,0
1717362574,127,53.53924245228182,127,42.29522856416227,127,42.286363993340196,0
1717363474,127,46.65381566880565,127,55.11478883269507,127,57.09679978309038,0
1717364374,127,45.433227767254216,127,52.42003636633668,127,45.12324919690398,0
1717365274,127,51.09324959184219,127,50.76792203810601,127,43.355624555528216,0
1717366174,127,51.58288952004683,127,45.978266658001886,127,46.131068432880575,0
1717367074,127,49.88738319923254,127,39.346505421021405,127,49.996013303467045,0
1717367974,127,49.26850165000979,127,51.87922414483224,127,47.25862074669298,0
1717368874,127,48.54780739975058,127,48.89831643395948,127,49.31963047362041,0
1717369774,127,54.654235432168036,127,52.859705864106374,127,45.846098174224466,0
1717370674,127,58.39001450580068,127,44.05149321295089,127,44.318237885942814,0
1717371574,127,52.721713138374454,127,53.05841610338324,127,54.87333183023685,0
1717372474,127,48.0913109579206,127,59.450264348163614,127,46.28227061870676,0
1717373374,127,62.49887833991895,127,51.28600445093271,127,49.14461244957944,0
1717374274,127,57.575974687146825,127,52.12905548618474,127,53.96732459087301,0
1717375174,127,53.115621960211996,127,47.579511263886516,127,45.399201148244856,0
1717376074,127,47.583520296386176,127,55.68112955901562,127,46.48020991732923,0
1717376974,127,54.0553290838764,127,53.09993203722741,127,43.91328157263024,0
1717377874,127,53.716548404845014,127,43.846013762574714,127,54.08188945195647,0
1717378774,127,56.44937054903029,127,45.279939738155306,127,53.56448848488582,0
1717379674,127,51.91708193674997,127,48.775960011602585,127,47.895514177081274,0
1717380574,127,55.38822698756262,127,45.411458494719284,127,43.09537876991259,0
1717381474,127,49.7253631347863,127,52.162162659138986,127,54.450311549628154,0
1717382374,127,49.48218502591839,127,53.31256280129205,127,44.24056152627184,0
1717383274,127,51.41820668179163,127,56.410969237455525,127,48.63010164179501,0
1717384174,127,52.00528863071117,127,48.396365624377346,127,58.630759222292035,0
1717385074,127,52.70002824874099,127,50.85435584419717,127,53.42063803592375,0
1717385974,127,52.919163039527554,127,44.26246306139667,127,54.808626498763395,0
1717386874,127,47.363778841672406,127,48.46912202208494,127,48.5987777075437,0
1717387774,127,43.652423475125914,127,41.78895224760298,127,51.529357939801905,0
1717388674,127,49.93564803566804,127,36.8531222649807,127,48.21081471227689,0
1717389574,127,47.9984566659033,127,54.53741938974282,127,54.67299337760117,0
1717390474,127,54.83953042176717,127,51.50942765288034,127,50.18091818670294,0
1717391374,127,50.48688194491556,127,41.96175278467355,127,42.97896666532498,0
1717392274,127,46.44072609189999,127,52.780509444171024,127,49.817540425686744,0
1717393174,127,42.41357713494084,127,62.00376623103176,127,49.15913460069038,0
1717394074,127,45.43123735169857,127,42.82238282496243,127,53.76223626061805,0
1717394974,127,60.93713098947324,127,52.525268399903496,127,47.95905244884105,0
1717395874,127,48.56506690253218,127,46.09280432356056,127,45.40868694619856,0
1717396774,127,61.895729175699444,127,44.08780903482088,127,50.17883358430265,0
1717397674,127,44.972547411982134,127,51.41001817959893,127,48.66439451272062,0
1717398574,127,49.178764999673554,127,57.058681486027254,127,48.76979805477707,0
1717399474,127,46.0448175184358,127,54.85466290675848,127,56.06132292230483,0
1717400374,127,51.86817789006717,127,54.77336757017372,127,47.40505457349205,0
1717401274,127,54.1725761829594,127,50.932617410692195,127,54.63384658986623,0
1717402174,127,46.031774111227264,127,49.03413643793917,127,43.909118392493866,0
1717403074,127,44.22530009202104,127,48.446002559663114,127,51.914230062489075,0
1717403974,127,39.269000058155086,127,53.24514990848526,127,60.83380353563589,0
1717404874,127,52.598802279825605,127,44.57788619984403,127,47.22416897612913,0
1717405774,127,52.97075886981671,127,54.17755662745454,127,50.119020677901574,0
1717406674,127,49.271678792368064,127,41.232520745919,127,55.106860638469094,0
1717407574,127,39.7783368299515,127,45.602585364624794,127,45.61523194301485,0
1717408474,127,48.86886290559559,127,61.25835199025239,127,56.446734415263165,0
1717409374,127,44.25095136500222,127,40.38333778151794,127,52.39797851645183,0
1717410274,127,44.7615653782317,127,49.1981488159622,127,43.06500251988949,0
1717411174,127,47.76697315792801,127,49.164951738477384,127,43.70644747140251,0
1717412074,127,46.6642614715648,127,49.030642724085396,127,56.928553304067286,0
1717412974,127,51.63255084233943,127,51.553969833993875,127,60.046655996800055,0
1717413874,127,54.15570223812587,127,48.18328020846021,127,54.60126806745659,0
1717414774,127,58.49102739373785,127,55.39271522686651,127,44.000799081864706,0
1717415674,127,55.218544236292864,127,54.56465382627155,127,49.48161908488926,0
1717416574,127,54.54136124441378,127,49.45122477983654,127,44.49759477012628,0
1717417474,127,44.980456934927645,127,47.187129400148926,127,46.490770388716626,0
1717418374,127,55.40059578410879,127,51.12514454248662,127,53.260202203363534,0
1717419274,127,48.792941997031484,127,43.452007402618634,127,48.96150889957478,0
1717420174,127,50.63108032665799,127,47.10017813983491,127,50.596064710957904,0
1717421074,127,44.13380865687279,127,54.55209070971668,127,44.453415907522086,0
1717421974,127,56.86329540393809,127,52.96298347662985,127,47.320170408933514,0
1717422874,127,53.93979734111566,127,47.41101249092364,127,49.320230574203144,0
1717423774,127,54.36216347229877,127,56.13354911900317,127,48.63668809912714,0
1717424674,127,43.631265174268286,127,51.57662466645326,127,48.1580477850606,0
1717425574,127,48.248905655792484,127,48.652069641474,127,48.08288177920869,0
1717426474,127,46.257935481957844,127,40.51734139081109,127,52.359031736641114,0
1717427374,127,54.18603776130217,127,40.946641635307984,127,37.449856436216976,0
1717428274,127,55.11421314321097,127,48.714357868388404,127,52.280682911093464,0
1717429174,127,50.507372895844824,127,40.03019348889057,127,57.635179054890976,0
1717430074,127,63.66801627353391,127,52.620816225742544,127,50.35315096964701,0
1717430974,127,57.682417352637934,127,52.28191233008718,127,48.76188332871786,0
1717431874,127,54.74128906567104,127,52.09203704503933,127,52.326278057233345,0
1717432774,127,47.907204450762244,127,41.03771004014213,127,49.59185477995219,0
1717433674,127,50.61551961397007,127,39.49313387486646,127,51.53787375773821,0
1717434574,127,54.85171028264376,127,44.29018427433293,127,48.80447909425086,0
1717435474,127,50.903793407590555,127,56.762823375001666,127,39.305144845137235,0
1717436374,127,40.89974547114008,127,57.1105764456616,127,45.7370372350248,0
1717437274,127,49.10122599277862,127,45.784445938881674,127,45.04929204095314,0
1717438174,127,58.75939630688943,127,46.9855409769975,127,56.436412469432284,0
1717439074,127,48.90419869733324,127,54.98162262924266,127,44.57347170997117,0
1717439974,127,52.90707258040674,127,48.792234343545466,127,48.52544757290855,0
1717440874,127,49.30655086173209,127,54.54843254369013,127,48.85102198861098,0
1717441774,127,47.43881382476419,127,53.12863111270918,127,47.038556381109686,0
1717442674,127,46.315423392591285,127,49.69430290928714,127,47.51426479408114,0
1717443574,127,52.160511569562786,127,54.88938324476375,127,50.60414704081373,0
1717444474,127,51.24744718982417,127,50.33698257782462,127,49.11629420232327,0
1717445374,127,54.935715101848515,127,51.40575160886049,127,59.514067140242304,0
1717446274,127,48.786274398655515,127,45.44128432405162,127,43.36085862279192,0
1717447174,127,50.116292128673535,127,41.68295864434572,127,52.848616382609215,0
1717448074,127,46.05594748761321,127,51.02851814351919,127,51.7145816614188,0
1717448974,127,46.22049338600303,127,54.59535401639924,127,57.670918397003746,0
1717449874,127,55.31579627727275,127,46.45525944554538,127,59.27045330711164,0
1717450774,127,53.41214500562185,127,45.61175893878803,127,45.0986917298815,0
1717451674,127,61.97018551436934,127,58.26383948029212,127,60.09080489190896,0
1717452574,127,50.33484229110274,127,63.682376572442344,127,44.93501658477498,0
1717453474,127,51.35830870517978,127,49.45501360607371,127,49.713703736736136,0
1717454374,127,44.7053436917847,127,48.36735778801077,127,51.65022944737661,0
1717455274,127,49.99760010282928,127,54.09057948840402,127,52.141068540050156,0
1717456174,127,37.48026339164592,127,50.60240566280458,127,54.03946428442082,0
1717457074,127,53.01060489139057,127,45.674049998841774,127,49.23339824595883,0
1717457974,127,48.7975472052086,127,49.69618326867466,127,52.66433061853525,0
1717458874,127,53.822004720337326,127,45.71958320199257,127,41.58829751702205,0
1717459774,127,53.265347312753,127,54.65127540021564,127,52.02591305384476,0
1717460674,127,51.02001240612437,127,45.88617204885163,127,43.615628462393246,0
1717461574,127,48.867815628232286,127,44.91973645144071,127,46.7135260921608,0
1717462474,127,51.46995450808948,127,53.10026262591833,127,53.89816826047709,0
1717463374,127,52.27492008670524,127,43.48282129589847,127,47.177751417448285,0
1717464274,127,46.514338056755065,127,55.18919871164056,127,57.80077210800423,0
1717465174,127,42.69896942049776,127,40.30162070311541,127,52.63292884680398,0
1717466074,127,58.30169384375882,127,48.18095471933791,127,49.84477404316023,0
1717466974,127,48.18188795872843,127,56.209008172367774,127,41.656639369227676,0
1717467874,127,53.0660508160303,127,50.217345547498,127,50.582741095477346,0
1717468774,127,47.10697578192532,127,43.67660636272262,127,49.41256305324578,0
1717469674,127,47.5740674885853,127,55.11533515462443,127,50.74177725199259,0
1717470574,127,49.85289688171581,127,54.37916401593485,127,50.674038986928544,0
1717471474,127,50.42032207580362,127,54.46557988536247,127,49.30781807559332,0
1717472374,127,48.74235277879578,127,52.74513574933775,127,58.277847979261665,0
1717473274,127,43.363632114378795,127,49.33736470910564,127,39.62257481565721,0
1717474174,127,53.01393892218747,127,52.43063524533406,127,60.22484984656011,0
1717475074,127,46.552622397270234,127,51.89495520921753,127,51.947415554692725,0
1717475974,127,56.060906321261456,127,50.56828102484665,127,44.81060056458891,0
1717476874,127,57.53384341319914,127,47.61612568318368,127,56.458175750687616,0
1717477774,127,56.48086736020659,127,55.572162402033356,127,50.886809769518514,0
1717478674,127,48.5622894586575,127,57.284260528159315,127,54.250955602938475,0
1717479574,127,48.08458529508309,127,46.89348010983523,127,61.04514646883136,0
1717480474,127,55.39601665020673,127,55.63413897021265,127,50.732232325200634,0
1717481374,127,44.77880722121762,127,51.55643766479188,127,54.76364501939023,0
1717482274,127,49.315496772130494,127,50.7898992457211,127,54.73423534164815,0
1717483174,127,55.8095220332063,127,50.55856365373232,127,43.726008867017505,0
1717484074,127,50.02096779817747,127,40.56459353303276,127,59.05462378146904,0
1717484974,127,56.23380995719478,127,44.14690641089754,127,45.90072404602592,0
1717485874,127,44.80574528769935,127,48.10241934094797,127,51.23592838152071,0
1717486774,127,50.48918771345399,127,48.15616533534348,127,57.14051992818,0
1717487674,127,43.665868454251296,127,46.34262600173019,127,48.81902289204742,0
1717488574,127,49.67977226141178,127,57.925031305319344,127,52.84204916067156,0
1717489474,127,44.94357443473034,127,44.19620003136256,127,58.19334309363144,0
1717490374,127,50.00508191575737,127,53.29980393513459,127,47.47955996987095,0
1717491274,127,58.80395833795054,127,48.506424248128226,127,49.65016040415088,0
1717492174,127,48.80465211854157,127,50.24043485114936,127,49.71922957315418,0
1717493074,127,42.99386765447327,127,47.962654136761344,127,55.22818641129435,0
1717493974,127,38.9420670127073,127,50.50181636531895,127,44.14090239831518,0
1717494874,127,59.9717934961291,127,46.29776110941014,127,40.76383256186561,0
1717495774,127,48.16814240755216,127,58.39089390899991,127,48.177826697339924,0
1717496674,127,51.15802125720242,127,46.82505320365723,127,44.70412205641179,0
1717497574,127,48.16703629686538,127,43.314543840459976,127,56.52729741955964,0
1717498474,127,50.27498554881546,127,44.21705954850836,127,49.06086852233241,0
1717499374,127,41.42336801206647,127,48.59584731053175,127,51.80118669599899,0
1717500274,127,46.39373116610206,127,52.60195457405185,127,53.09654344973574,0
1717501174,127,50.29858122235495,127,56.70995078065384,127,58.80509126230096,0
1717502074,127,47.85315468034491,127,53.552517707927024,127,48.85039035184371,0
1717502974,127,44.02270544637245,127,57.71679877891982,127,51.18957088358977,0
1717503874,127,53.83606845681215,127,39.450928807351005,127,53.20779071918245,0
1717504774,127,42.847748304141675,127,47.4836586210485,127,49.09568585345672,0
1717505674,127,45.150690618542555,127,54.643104180873664,127,56.12285341150331,0
1717506574,127,45.73379467754083,127,51.94009919107034,127,43.51213244767971,0
1717507474,127,46.321682653762444,127,50.98488610829537,127,56.416548504487096,0
1717508374,127,48.946629793308716,127,49.234871490989164,127,49.0053817147428,0
1717509274,127,53.280499680769076,127,50.83774727170972,127,52.07507665734922,0
1717510174,127,48.52999604760435,127,47.95310904078446,127,45.8919238950754,0
1717511074,127,47.61534473786722,127,54.520302750772586,127,56.06913011945993,0
1717511974,127,54.3260974451814,127,44.35394695060893,127,55.35080915724808,0
1717512874,127,49.28743675321883,127,45.6376635289129,127,41.93468992337495,0
1717513774,127,50.37596166528477,127,52.140948625741345,127,50.665621959470485,0
1717514674,127,39.29463326762381,127,45.46834926826935,127,48.17808623777101,0
1717515574,127,42.79402967049756,127,45.508435091482475,127,52.09418759593804,0
1717516474,127,46.87686469816619,127,55.06856997724021,127,49.77014253743821,0
1717517374,127,43.9234425920653,127,45.594575038395796,127,54.53711813940683,0
1717518274,127,37.22004871278911,127,60.788130434716976,127,47.70485342530306,0
1717519174,127,45.03484722189356,127,59.33479935619024,127,47.913238447086016,0
1717520074,127,54.867560826114406,127,47.40291973891374,127,59.15562613768447,0
1717520974,127,48.9284657381847,127,48.36649611698045,127,46.430369872071424,0
1717521874,127,39.80949358973953,127,47.46847478948998,127,53.35964066593742,0
1717522774,127,56.12760234997896,127,44.87369096363268,127,51.4567271364546,0
1717523674,127,47.041148044891116,127,53.74409524842591,127,58.36230510272394,0
1717524574,127,54.19797381999703,127,58.58974118829,127,41.77065544924043,0
1717525474,127,41.38247686600094,127,58.390936391064045,127,53.1399260425618,0
1717526374,127,43.84971011298488,127,51.03184250979173,127,58.71683745394599,0
1717527274,127,51.173265053832374,127,53.80356981377649,127,48.30719404441871,0
1717528174,127,48.94851239988563,127,50.02979427578637,127,57.13038429411374,0
1717529074,127,50.07107918796058,127,47.796692301608665,127,51.35248592831666,0
1717529974,127,44.62628998855649,127,43.28674751679119,127,49.14155982242744,0
1717530874,127,43.777586889872545,127,45.51277450943822,127,49.86347821762451,0
1717531774,127,56.74259375511,127,48.60516769251696,127,55.12585236056456,0
1717532674,127,50.59044085492409,127,48.11059737903257,127,48.92936991003471,0
1717533574,127,52.03920243424607,127,51.586850203332745,127,51.84819289262264,0
1717534474,127,32.24072363562421,127,49.87514140129737,127,55.10770939470153,0
1717535374,127,53.05828686602577,127,45.63219584104856,127,59.5790182876659,0
1717536274,127,55.379078086258524,127,55.20377527861844,127,49.36859750700941,0
1717537174,127,49.19240957863049,127,44.487331423497444,127,53.58482571632028,0
1717538074,127,59.557210311444706,127,46.41240943812825,127,48.58069472773618,0
1717538974,127,50.90765221965088,127,50.254990244108455,127,50.80050091397653,0
1717539874,127,56.603010904541975,127,39.962626116666925,127,55.70255987043076,0
1717540774,127,55.38733342600437,127,48.494915404884665,127,49.92065741515375,0
1717541674,127,51.47456208075869,127,45.422254286453544,127,50.25564769636862,0
1717542574,127,45.40815289595715,127,52.0297501780616,127,45.076104625304346,0
1717543474,127,48.468179991732995,127,51.38427915314517,127,53.39957613156075,0
1717544374,127,50.687189947551055,127,41.11591402111945,127,55.22946911131082,0
1717545274,127,42.49802463264307,127,51.42979067392384,127,52.22838887733015,0
1717546174,127,63.55773546780089,127,50.15817044998136,127,50.118791022679694,0
1717547074,127,56.929709971429695,127,48.94971492081915,127,52.628239143225024,0
1717547974,127,49.53712443047323,127,42.71676373108408,127,58.03704377740307,0
1717548874,127,47.93893921324586,127,45.99951098238662,127,47.585497812695685,0
1717549774,127,53.562439712913786,127,60.64957905805521,127,49.87015509351034,0
1717550674,127,48.66261523216263,127,47.369505726271804,127,49.22789534242495,0
1717551574,127,54.30979133006683,127,50.71637801751205,127,55.9773756988302,0
1717552474,127,47.96423744735718,127,44.332788291365695,127,49.08602823346634,0
1717553374,127,49.41363577624794,127,50.71453319559225,127,46.871871520447314,0
1717554274,127,44.23367873279939,127,46.482512222644495,127,52.84033888914187,0
1717555174,127,51.444353690807226,127,50.878191811211465,127,52.90198068910113,0
1717556074,127,47.435340034523065,127,50.07489861518927,127,54.55824028239492,0
1717556974,127,49.46245379642154,127,61.6181426755795,127,44.08939645940388,0
1717557874,127,56.68035870343901,127,52.890873497108466,127,51.438597096017645,0
1717558774,127,52.29438530418513,127,49.34164720834084,127,50.025232820396546,0
1717559674,127,52.65590614823776,127,46.30657747159209,127,58.25184928572621,0
1717560574,127,54.43140969932081,127,56.34470635911674,127,57.475276579818825,0
1717561474,127,50.352262294532494,127,54.55456685505451,127,50.473242266598355,0
1717562374,127,44.75106417317486,127,53.93359769113531,127,51.09569733624275,0
1717563274,127,54.07512369233903,127,50.315290295236494,127,50.50219893582451,0
1717564174,127,57.481002202724696,127,51.90948323410438,127,48.39153918290698,0
1717565074,127,58.11622379403946,127,52.31636975894146,127,51.739871578225355,0
1717565974,127,51.42738085957778,127,50.45268938300456,127,50.0394247008585,0
1717566874,127,55.70910250087031,127,48.96795083809519,127,50.7320308387788,0
1717567774,127,49.18987917481635,127,44.40715778972155,127,50.275516451947226,0
1717568674,127,50.47797272390244,127,50.95749100177063,127,48.7774850023079,0
1717569574,127,55.38695285803644,127,53.8859237202042,127,39.986523818581745,0
1717570474,127,43.06031634933029,127,59.08407248959521,127,43.279288811765085,0
1717571374,127,49.045349806528016,127,48.73121024866361,127,47.8332132972715,0
1717572274,127,47.47814097103617,127,44.03288559147059,127,54.44178183444124,0
1717573174,127,56.898371887056925,127,45.97081887409416,127,53.151437015014224,0
1717574074,127,42.71852474655156,127,48.79345531242195,127,44.38049521632996,0
1717574974,127,45.7828590745916,127,46.9444056164882,127,48.3928924557076,0
1717575874,127,58.953323099364596,127,48.52306839865315,127,44.50195602448093,0
1717576774,127,49.85999372869939,127,57.59795328951518,127,52.19288496020216,0
1717577674,127,49.64219499365249,127,43.89216489441216,127,44.22448387914844,0
1717578574,127,47.436984606615354,127,52.53991479322029,127,42.006064989351046,0
1717579474,127,53.2035385616673,127,56.13203965105503,127,47.23935653775756,0
1717580374,127,52.69157724523257,127,54.78263632844708,127,44.248750076691145,0
1717581274,127,52.298523728531606,127,51.63024436149429,127,37.222734389455596,0
1717582174,127,50.26957752124875,127,54.980743333999555,127,38.05277007912398,0
1717583074,127,48.47916765460189,127,48.65813437319275,127,45.54715081877793,0
1717583974,127,49.52763728426049,127,52.80286699527032,127,53.71549261027772,0
1717584874,127,46.91489321317419,127,57.30938746967076,127,47.551649493107895,0
1717585774,127,41.61249984876846,127,54.638334310544806,127,48.3248538485876,0
1717586674,127,48.56078236329363,127,51.24988026970576,127,45.831600360184964,0
1717587574,127,55.347853734089895,127,45.62012029288489,127,54.40245703375775,0
1717588474,127,47.79310398304516,127,42.76144265249252,127,51.60355922781203,0
1717589374,127,46.669941775037834,127,49.980101124964285,127,51.298024114274796,0
1717590274,127,43.00573396322223,127,50.108633525771346,127,48.41708834515695,0
1717591174,127,57.052298953559784,127,45.70516983542693,127,51.911522243473705,0
1717592074,127,52.558663004366316,127,52.89951999410667,127,46.0173963589113,0
1717592974,127,44.60293151181072,127,47.26965233470622,127,42.800384760560966,0
1717593874,127,54.68670495220421,127,46.87546725960824,127,46.336695392662854,0
1717594774,127,58.6764233698681,127,46.48048865556205,127,45.69039455965884,0
1717595674,127,51.38772823160112,127,59.14894061274731,127,43.24768023430931,0
1717596574,127,50.83948500056458,127,58.294115175371,127,42.636646324488865,0
1717597474,127,51.206499829867134,127,49.558030125942196,127,54.27683747566438,0
1717598374,127,44.19894716898049,127,49.66431133403992,127,51.082453240976335,0
1717599274,127,40.03409511390329,127,50.026628238330986,127,48.77930904312955,0
1717600174,127,58.710988725367756,127,51.30814285385423,127,53.063598980701315,0
1717601074,127,46.57990333111109,127,48.03695224689209,127,52.479194499758,0
1717601974,127,47.92124389722141,127,40.98978390865209,127,52.67432527477592,0
1717602874,127,47.7701486952029,127,44.9339496236439,127,58.09199385635825,0
1717603774,127,59.456154131282034,127,57.18239712207112,127,52.47559573717478,0
1717604674,127,51.51517331267218,127,53.01929244859244,127,53.23778540643433,0
1717605574,127,48.9822467947575,127,52.391015327189024,127,54.210700250471234,0
1717606474,127,58.36047984916158,127,45.717180374883306,127,47.50217704414653,0
1717607374,127,49.60590562528315,127,63.09549914196709,127,50.08638284978024,0
1717608274,127,54.01515076961279,127,59.6048397360528,127,53.02134482998054,0
1717609174,127,41.88514760626869,127,42.30095227102219,127,56.07952580846069,0
1717610074,127,49.75431208592542,127,53.35078803610067,127,39.60697590888722,0
1717610974,127,51.198434231576904,127,49.16827648054437,127,52.436875649718985,0
1717611874,127,58.31774483316504,127,46.40594323428956,127,38.0204351871657,0
1717612774,127,58.663603766175505,127,47.32519272548593,127,49.63551665159496,0
1717613674,127,48.52569855281393,127,42.612889250995835,127,52.41722130611179,0
1717614574,127,51.840704203118236,127,54.91181798538107,127,52.82031642999992,0
1717615474,127,49.74726889304509,127,51.518081572788915,127,54.88039248217413,0
1717616374,127,48.97351788342254,127,50.301948710181506,127,49.88613216359869,0
1717617274,127,52.280413011883034,127,46.26031743932603,127,52.19322648278869,0
1717618174,127,57.883870460720026,127,56.31341749196291,127,52.82607873116077,0
1717619074,127,57.63794824934899,127,50.07304469214727,127,45.8471655226663,0
1717619974,127,49.753511067137,127,47.87360358279109,127,56.181324505016896,0
1717620874,127,50.43743333045808,127,52.11322008437862,127,50.361904109265794,0
1717621774,127,49.537192166294155,127,47.239229266914975,127,47.31764457019358,0
1717622674,127,47.46472208471707,127,50.56098273413423,127,44.35089148693852,0
1717623574,127,46.314186590289324,127,54.466335117215976,127,46.68120930668229,0
1717624474,127,52.278993315095384,127,46.80149814718618,127,48.47832853705243,0
1717625374,127,44.00749019953946,127,47.4654030967421,127,52.9093590098256,0
1717626274,127,54.85654584727624,127,47.011126105229025,127,50.07312428430384,0
1717627174,127,37.54130160516195,127,39.528126943426265,127,56.23697817051781,0
1717628074,127,40.14354273922652,127,43.11336461749619,127,50.903728519016994,0
1717628974,127,56.37743558779966,127,46.757477880907345,127,62.733096437237826,0
1717629874,127,43.29390489746763,127,50.98076709407945,127,58.68225235158321,0
1717630774,127,50.692105568377684,127,48.917849409693,127,57.17010505310419,0
1717631674,127,44.16256150278729,127,61.40250789246364,127,53.63592814450032,0
1717632574,127,41.79706338047311,127,41.19312125545636,127,56.23905586196884,0
1717633474,127,46.46677642115551,127,52.281110654183756,127,55.05311268727903,0
1717634374,127,53.14460532293697,127,48.72743802302457,127,54.037784880328104,0
1717635274,127,54.96673543184348,127,46.45449084432034,127,62.396523868693755,0
1717636174,127,49.470776311071475,127,57.31306360930203,127,44.2437397962762,0
1717637074,127,61.409997843379976,127,50.990454200915075,127,39.804013606943705,0
1717637974,127,52.31172176532929,127,47.73592301473454,127,48.48261416519066,0
1717638874,127,53.1265253947375,127,45.01965573658761,127,50.924381751022025,0
1717639774,127,50.9961513817084,127,56.98496199236757,127,39.06009626517158,0
1717640674,127,32.37055093963262,127,48.2499362105311,127,50.80406984019121,0
1717641574,127,52.95551224763614,127,53.48972259425045,127,47.952951073292525,0
1717642474,127,50.53140141923252,127,57.68405127691537,127,43.90436950945372,0
1717643374,127,49.2959999342368,127,48.137092022853196,127,44.789123738023356,0
1717644274,127,49.46904180963998,127,40.88838535745769,127,53.46129345306545,0
1717645174,127,50.23310069369769,127,60.122746577351464,127,59.20209625529746,0
1717646074,127,47.34185084537284,127,59.01938580886034,127,45.054070862208796,0
1717646974,127,46.06398269865441,127,45.19910445790216,127,57.78597905965452,0
1717647874,127,49.974165974038826,127,58.00592331217295,127,49.26735380974055,0
1717648774,127,56.08032842706316,127,52.181836940213415,127,50.16065754637114,0
1717649674,127,53.64528592799606,127,47.15001535490718,127,49.077593106607644,0
1717650574,127,49.553232155580446,127,52.26148392046441,127,57.33476976263263,0
1717651474,127,48.738880616138225,127,52.33050630262501,127,57.21649022283103,0
1717652374,127,36.28275212102296,127,51.93377589722788,127,39.93384965930688,0
1717653274,127,58.43310597941375,127,53.75362293705511,127,55.08628056009563,0
1717654174,127,48.75607029011037,127,53.79284296364297,127,52.8779664275051,0
1717655074,127,56.17622909705175,127,54.489125207688375,127,56.48335795753753,0
1717655974,127,46.714092328770576,127,57.335903872641595,127,53.92660383025457,0
1717656874,127,51.878240215216465,127,53.09735683917619,127,51.63641872687672,0
1717657774,127,48.161842306497256,127,49.86616474980615,127,48.7956593096121,0
1717658674,127,46.265739212881066,127,53.120169758303014,127,60.9262391498914,0
1717659574,127,55.60719907198164,127,60.000632432945274,127,42.13355685125567,0
1717660474,127,49.90808863002388,127,45.95648540251849,127,54.74881116928718,0
1717661374,127,44.627780142607406,127,54.95222445072952,127,57.36858238773444,0
1717662274,127,50.56657125415705,127,51.86390203601145,127,47.490579324845896,0
1717663174,127,53.41651479885356,127,51.600737936807974,127,51.21415733508018,0
1717664074,127,45.98140987234394,127,51.141313773299856,127,46.712870869334765,0
1717664974,127,59.39336159293448,127,46.36024867586836,127,52.61831132072573,0
1717665874,127,51.860622201357984,127,53.84008101629974,127,53.64503939680609,0
1717666774,127,41.77575312976825,127,43.22248437116039,127,45.239874646761606,0
1717667674,127,53.629140771424275,127,48.752283788923236,127,48.32813776161861,0
1717668574,127,49.4820701762879,127,42.197955005718775,127,49.73332220519624,0
1717669474,127,56.13317639713318,127,40.10990671218348,127,43.582463297247145,0
1717670374,127,55.48861954871447,127,49.5950771924392,127,49.37277349795653,0
1717671274,127,56.12011467645662,127,54.081339296195154,127,55.864419247294514,0
1717672174,127,47.57142990967068,127,60.32623493197208,127,44.68990783447147,0
1717673074,127,52.49396993092681,127,50.93763957110309,127,49.19737943005899,0
1717673974,127,51.488493464824415,127,41.37306597201026,127,43.58901815259779,0
1717674874,127,47.27260672509607,127,46.644405862514446,127,52.43601772853813,0
1717675774,127,56.50620426657352,127,49.7125294912257,127,55.42617377442005,0
1717676674,127,51.08206718130263,127,45.6808931092165,127,50.014594083661336,0
1717677574,127,48.00128682452596,127,54.3541811048306,127,55.247466524781736,0
1717678474,127,56.06109257964945,127,55.404395612305535,127,50.44454493842515,0
1717679374,127,51.829866894351866,127,53.133373383191746,127,46.39422475503083,0
1717680274,127,49.52619206115789,127,62.970915472055836,127,46.763745245545444,0
1717681174,127,49.553668778720564,127,44.15598603767752,127,46.12218176322173,0
1717682074,127,49.05571887712563,127,52.306743678142034,127,49.43324786310303,0
1717682974,127,44.71031507978711,127,48.16931948864466,127,45.32789566325125,0
1717683874,127,57.05277347952947,127,51.83102738110393,127,49.09994316408361,0
1717684774,127,45.856428341220955,127,47.70570285689923,127,47.3256701749742,0
1717685674,127,50.96381878865033,127,49.155952954627395,127,44.50717048576125,0
1717686574,127,58.60433353225193,127,45.02541252093577,127,50.0358200594053,0
1717687474,127,51.09054864438966,127,47.35337623689291,127,43.76144240349157,0
1717688374,127,47.888625488932384,127,45.94856603937603,127,57.86154855794679,0
1717689274,127,53.93615656176279,127,41.383414841629275,127,52.903523427375866,0
1717690174,127,50.53180292649764,127,47.33052102940763,127,39.17332866444013,0
1717691074,127,52.287696680155854,127,47.212153133932,127,45.9136871994247,0
1717691974,127,48.29689562037061,127,50.30170830398206,127,42.43998331094404,0
1717692874,127,55.88492583366002,127,48.784329511733254,127,45.56963297539531,0
1717693774,127,51.001372462803914,127,50.31244961112048,127,38.60605557788148,0
1717694674,127,41.37856268965395,127,48.169910300253584,127,42.105849425690934,0
1717695574,127,45.360027143038494,127,40.86710946025252,127,45.51225268689868,0
1717696474,127,51.41916711195779,127,59.60467517527021,127,49.21194224442425,0
1717697374,127,47.34115596094677,127,41.870053545818976,127,50.07665403773484,0
1717698274,127,45.444523782564396,127,49.173085352948355,127,47.846642200358914,0
1717699174,127,46.972141108951995,127,45.986936610929035,127,56.545102119972306,0
1717700074,127,43.92171781365559,127,49.74034156106668,127,46.64317315001147,0
1717700974,127,46.32330258016847,127,57.06560803235686,127,55.58522190067996,0
1717701874,127,44.05926377514713,127,51.17498789260537,127,48.88061540964345,0
1717702774,127,51.23051111812397,127,50.56031880306185,127,51.16844295584679,0
1717703674,127,47.37836029078165,127,39.281477884186025,127,48.78418787641857,0
1717704574,127,43.767502554762196,127,52.33751025748184,127,46.236195866118294,0
1717705474,127,52.81209964715369,127,56.6829366107513,127,53.64472716688027,0
1717706374,127,58.97925182339923,127,51.464030232766056,127,53.608281724499406,0
1717707274,127,54.697399998001096,127,46.95354773451653,127,52.56159553620019,0
1717708174,127,58.35363693370276,127,58.76844544565573,127,56.06293868364004,0
1717709074,127,54.47192799125583,127,45.55962018599739,127,43.18742453323942,0
1717709974,127,48.939371349620544,127,46.951808451475955,127,49.153508088464314,0
1717710874,127,50.817889340657494,127,49.29183814665565,127,51.76144279884356,0
1717711774,127,44.873362802073004,127,50.49048410163597,127,49.01664956762344,0
1717712674,127,53.76269296330627,127,50.43763568663491,127,47.67182466645201,0
1717713574,127,47.57669992649864,127,55.24016499722863,127,39.24144842478253,0
1717714474,127,52.065740589624724,127,51.17549546252959,127,54.333146374493424,0
1717715374,127,49.56870472756691,127,43.192126402414246,127,51.76178846984509,0
1717716274,127,53.426658664492614,127,48.431986022739174,127,50.94009570045504,0
1717717174,127,52.049927123809624,127,52.8404439190971,127,52.844583811715395,0
1717718074,127,58.102446281897016,127,49.2024405875934,127,49.46660310265911,0
1717718974,127,44.22994353621179,127,53.05533505204493,127,46.426477669536084,0
1717719874,127,41.37069274855693,127,53.99140527213758,127,46.36650002080311,0
1717720774,127,50.8376787377453,127,45.82699266317756,127,56.240795655057426,0
1717721674,127,45.44333884306809,127,42.419477804794646,127,49.21975970100892,0
1717722574,127,48.303845637498576,127,49.20323482321169,127,49.08600096695283,0
1717723474,127,47.27896292783736,127,56.98810289176768,127,55.21147042410132,0
1717724374,127,48.7845216995844,127,64.73237500403056,127,44.64458200171395,0
1717725274,127,43.54306256193879,127,52.31674652535167,127,55.16010550577155,0
1717726174,127,49.02817701827242,127,52.02771290262048,127,54.08781965539257,0
1717727074,127,46.751201831633885,127,56.225795650711035,127,51.50236666950411,0
1717727974,127,55.83775655646206,127,46.83328329559479,127,45.01741168084797,0
1717728874,127,55.48167638190745,127,56.95586643463923,127,48.93236877701189,0
1717729774,127,50.01451093035943,127,50.265710636845554,127,51.51697611445746,0
1717730674,127,52.58652584891375,127,49.948649974023155,127,49.52656897867939,0
1717731574,127,51.46922687455057,127,56.56757550643316,127,52.431867049046495,0
1717732474,127,45.50536543791896,127,46.40272028683919,127,49.204873114967064,0
1717733374,127,52.421580410388735,127,44.48636904966753,127,50.42456662860488,0
1717734274,127,52.844143885112395,127,51.33988479423237,127,52.40591885042482,0
1717735174,127,46.43274554298658,127,51.00447666365682,127,45.83223513906704,0
1717736074,127,46.3992440512088,127,52.62139590002482,127,50.055084873797156,0
1717736974,127,52.21359479982826,127,52.36844632712644,127,47.308975271579506,0
1717737874,127,58.26346705136599,127,48.52875536696485,127,47.54801691641116,0
1717738774,127,56.36963710899743,127,55.90277968832042,127,49.012148427394834,0
1717739674,127,52.41853160498969,127,38.1276991239357,127,51.44854719516067,0
1717740574,127,53.04249106770051,127,41.897850325598085,127,56.57133565513765,0
1717741474,127,53.17221489201822,127,47.90498895090755,127,47.55566648477116,0
1717742374,127,53.03617469907984,127,54.754461443830195,127,46.7999425063883,0
1717743274,127,57.49038005700346,127,39.06387203884861,127,45.37327514934838,0
1717744174,127,41.51977635217172,127,57.77015230899245,127,55.53815540016311,0
1717745074,127,52.05138741924637,127,51.78586029098915,127,50.12224120696584,0
1717745974,127,55.71635452982185,127,58.18911205260822,127,50.5194553917458,0
1717746874,127,55.95367611377784,127,46.495798084664436,127,47.96791976281835,0
1717747774,127,55.69990929998875,127,54.241220857323654,127,45.86069059673734,0
1717748674,127,56.08295947277557,127,49.078903625443246,127,52.69180231610814,0
1717749574,127,50.06823187775556,127,41.88300793480818,127,48.104439482245674,0
1717750474,127,45.74446530662432,127,43.566876828371484,127,40.970420795639185,0
1717751374,127,55.501297973491965,127,46.534229159839825,127,48.95462219856073,0
1717752274,127,50.033955819682404,127,44.884078663976624,127,42.64992892737087,0
1717753174,127,57.714701175144995,127,52.65292894734881,127,53.64987279135369,0
1717754074,127,52.26759357312117,127,50.84064952754681,127,58.012074957806355,0
1717754974,127,45.07166387652096,127,41.63594098935073,127,55.9022411709856,0
1717755874,127,58.90701473203624,127,50.15669152048438,127,50.62280287131863,0
1717756774,127,57.67048135801558,127,50.74378173437137,127,43.41247806664405,0
1717757674,127,52.86137164411916,127,45.72087753184096,127,55.22324375719725,0
1717758574,127,45.11299242134689,127,57.007289605097526,127,43.561571182121796,0
1717759474,127,59.826542885781414,127,48.71268863398936,127,54.37070323781111,0
1717760374,127,50.96176633643704,127,52.385563142176,127,52.609863192309156,0
1717761274,127,55.2841254790564,127,50.6375079954541,127,51.76741256960979,0
1717762174,127,47.60446306913156,127,50.26329446507446,127,54.16156312349025,0
1717763074,127,53.69538817527615,127,56.59892351634882,127,51.60317948713763,0
1717763974,127,45.74575342616156,127,50.53974818480158,127,50.25539449877907,0
1717764874,127,54.11674617163203,127,48.613748111689915,127,44.51787026500264,0
1717765774,127,44.69093397196681,127,50.078921524859986,127,45.31721937678243,0
1717766674,127,46.33665582101054,127,50.538884314537185,127,48.96332030919318,0
1717767574,127,38.41375411376588,127,56.78037616440407,127,57.55191552876954,0
1717768474,127,49.020765363912076,127,55.256048040079065,127,49.802796440652365,0
1717769374,127,51.92907506870332,127,49.983809057195444,127,54.57161060003758,0
1717770274,127,54.71093420081473,127,58.03200077487777,127,52.32718536698954,0
1717771174,127,48.72997528514408,127,57.48954829537613,127,53.45481496057348,0
1717772074,127,52.20582168028574,127,44.934425533648145,127,49.13307106141729,0
1717772974,127,41.45652019957633,127,48.37017098213184,127,39.98762363849355,0
1717773874,127,46.64653793090941,127,53.334107160542,127,40.42201960183275,0
1717774774,127,48.42756040144237,127,43.77153885697797,127,43.60187606830305,0
1717775674,127,38.95452703953043,127,53.69830279577281,127,50.14829502579181,0
1717776574,127,54.71695537928239,127,60.61563376423966,127,44.56779098868146,0
1717777474,127,46.98477541955663,127,51.71915149130521,127,46.69567245039599,0
1717778374,127,44.568692540971455,127,56.9436128966025,127,46.00567326179078,0
1717779274,127,56.53770032683799,127,54.776063563112025,127,51.71600988315914,0
1717780174,127,48.507696488108024,127,49.35551320757304,127,53.699818467457256,0
1717781074,127,50.115949684798686,127,53.22523936156916,127,43.49340987285805,0
1717781974,127,43.48775275615239,127,44.50203063446807,127,48.76655910722964,0
1717782874,127,48.11200197658777,127,52.4616253449329,127,50.84720141423008,0
1717783774,127,54.55228077676444,127,53.33275183892991,127,47.41581668659611,0
1717784674,127,48.11897820583785,127,45.435392736393396,127,48.605604914542646,0
1717785574,127,47.699549031828944,127,45.587761211979604,127,52.68095174430626,0
1717786474,127,53.05659408752762,127,56.7270152908375,127,45.86229258657917,0
1717787374,127,52.44102072480629,127,54.10271087017158,127,54.39919780982352,0
1717788274,127,46.761015758622285,127,62.037479995165114,127,52.894274901495386,0
1717789174,127,49.78132173585941,127,46.21049083082469,127,54.8402129503978,0
1717790074,127,52.520229044697544,127,55.81803925614202,127,59.38587146684384,0
1717790974,127,53.10021181985526,127,57.960087208667886,127,40.75131842223027,0
1717791874,127,45.78194498327994,127,51.57498722673249,127,47.70341354684662,0
1717792774,127,54.2368609676616,127,50.23934333201632,127,52.20245409396583,0
1717793674,127,51.69042605172773,127,44.35000313076023,127,49.383444929470365,0
1717794574,127,45.466537734059145,127,52.15059656990447,127,48.266814650827385,0
1717795474,127,44.7174797255986,127,51.49668192146137,127,38.88785986734045,0
1717796374,127,44.43191577536996,127,47.34121977677997,127,40.206536353980106,0
1717797274,127,56.43804476615835,127,52.76689910307371,127,54.41077889794521,0
1717798174,127,55.92008779569176,127,49.00171372998606,127,41.356741713133246,0
1717799074,127,40.754031839627594,127,52.58934737735263,127,58.99436539616928,0
1717799974,127,48.73847186394506,127,47.51483634503913,127,42.86097495753997,0
1717800874,127,51.69978823834313,127,53.511698071950796,127,46.00091595578033,0
1717801774,127,53.650893864648836,127,52.68120976419406,127,54.288862589286346,0
1717802674,127,45.0912596787151,127,45.12221727064498,127,51.6496305441041,0
1717803574,127,57.490421385578344,127,53.9777155896823,127,54.09269818553796,0
1717804474,127,50.285044035256035,127,49.27378226032011,127,47.70074199297821,0
1717805374,127,47.59820594759761,127,46.58941781599439,127,52.316455540689844,0
1717806274,127,49.78810421898231,127,59.071049314797136,127,56.95094572244106,0
1717807174,127,44.65105484563422,127,49.85501321572074,127,46.7971725026692,0
1717808074,127,50.37656381888136,127,47.364844687107166,127,50.92955848544222,0
1717808974,127,49.168354737563725,127,52.52408006547442,127,41.338893449225424,0
1717809874,127,58.206545044829454,127,46.439635909496374,127,47.541750741138515,0
1717810774,127,54.05359705847802,127,54.963099963133836,127,49.473677162345176,0
1717811674,127,49.55969911944888,127,53.343676203669254,127,42.59948970519779,0
1717812574,127,46.43122276855487,127,48.10310468211863,127,49.198039076792725,0
1717813474,127,53.53445422742093,127,56.085053915235704,127,47.94889300601313,0
1717814374,127,52.39282106384386,127,51.75046439873864,127,52.16275151312861,0
1717815274,127,46.59156507613446,127,51.29425226038941,127,38.0983879052831,0
1717816174,127,50.38724168739842,127,47.38660828276771,127,48.256849224160355,0
1717817074,127,50.65381917032962,127,47.84598326787865,127,55.1615833617607,0
1717817974,127,53.65443276823206,127,44.74536438455819,127,48.14710042510609,0
1717818874,127,42.73679418573502,127,53.79129608173407,127,49.44378341281358,0
1717819774,127,51.06167224780387,127,49.14829773908762,127,52.84247790428301,0
1717820674,127,56.43965244792197,127,52.47788278679898,127,54.881112100953374,0
1717821574,127,52.984586669253694,127,55.14704704346822,127,47.991945907260025,0
1717822474,127,57.17710984571847,127,47.737332879882615,127,54.622088527403044,0
1717823374,127,40.94325729582441,127,40.72762313711373,127,53.35829049063975,0
1717824274,127,49.18122627473438,127,44.54353189488582,127,55.19244682457539,0
1717825174,127,39.8373685105539,127,53.37518287443318,127,50.929656815633834,0
1717826074,127,57.177771849402205,127,54.636291734374616,127,51.740894337824656,0
1717826974,127,41.11750134288424,127,53.23051303020134,127,51.67178728474783,0
1717827874,127,44.03397229449041,127,46.442950907007486,127,44.446406301176566,0
1717828774,127,51.157298947347286,127,48.38159276099325,127,48.95961715514204,0
1717829674,127,42.75752870320184,127,52.363249864810186,127,56.3529430463483,0
1717830574,127,50.231042811745766,127,45.90197854890115,127,47.80075453591161,0
1717831474,127,47.093005378671386,127,50.05452469754584,127,48.21048877225883,0
1717832374,127,48.00081356317672,127,56.77429609951919,127,40.35339710408606,0
1717833274,127,46.84048736136476,127,46.11085206704694,127,39.71535906338212,0
1717834174,127,46.25037543868377,127,54.78135955171246,127,53.76325343631351,0
1717835074,127,51.829811990409965,127,38.88941969245237,127,47.49740425314167,0
1717835974,127,50.14697546569688,127,50.22553950468895,127,51.43911584423004,0
1717836874,127,55.53898383952137,127,37.339912658876194,127,36.973904657292096,0
1717837774,127,52.71437969451326,127,48.336784239844334,127,48.5113073608295,0
1717838674,127,48.05687465596201,127,51.91859081426135,127,34.577746399863045,0
1717839574,127,49.83671357728981,127,59.92036596046147,127,49.50453562678609,0
1717840474,127,39.59348261999644,127,54.68225678653484,127,42.490889338907884,0
1717841374,127,46.436324165131914,127,47.90787373900446,127,41.95741075368696,0
1717842274,127,47.14364371418999,127,51.585329303869635,127,56.851177189132564,0
1717843174,127,51.237314351829895,127,58.3664677263381,127,51.50972311739435,0
1717844074,127,47.446905487692,127,41.85165416121922,127,50.413544347095424,0
1717844974,127,48.79266177510065,127,50.058602744403544,127,48.01145315903276,0
1717845874,127,45.72431571389645,127,52.99597742325125,127,52.0810247062289,0
1717846774,127,57.915208609641894,127,49.327903787221985,127,45.95982625697562,0
1717847674,127,54.13508703630691,127,48.91124710589764,127,53.60654209958127,0
1717848574,127,63.77138679527724,127,40.48110466903992,127,44.11707708330641,0
1717849474,127,54.787475733261836,127,38.814708008068344,127,49.17940570314524,0
1717850374,127,42.465569344116545,127,47.49009526431242,127,51.238138278676644,0
1717851274,127,43.23882668723316,127,57.990536743687336,127,49.99188182397767,0
1717852174,127,50.36355691195331,127,42.607265059767904,127,45.73390386344446,0
1717853074,127,56.97564192727082,127,44.66790830586597,127,52.22118297012025,0
1717853974,127,47.96688478841608,127,51.326691063778235,127,55.288238162773105,0
1717854874,127,48.95343686171193,127,50.48248210816102,127,50.593947518679165,0
1717855774,127,49.38217892136904,127,50.60633735011244,127,46.96826807049825,0
1717856674,127,41.01182407478844,127,48.52772691341126,127,52.70749618627363,0
1717857574,127,52.87801193777311,127,47.65709749229695,127,46.26869157760123,0
1717858474,127,48.267658292389164,127,51.115138899446485,127,54.92729865911595,0
1717859374,127,50.38397420543498,127,47.56273390547335,127,49.39023878287085,0
1717860274,127,54.16374350956904,127,49.14196162573471,127,48.027413502848226,0
1717861174,127,44.10402429288375,127,47.77366086109949,127,56.814514315464706,0
1717862074,127,44.46677419333848,127,51.786673162675285,127,53.16191943533466,0
1717862974,127,48.46447637618107,127,58.205926272105884,127,54.32154777183129,0
1717863874,127,48.87739379074295,127,57.148529616280676,127,56.83581312941753,0
1717864774,127,51.14406311796738,127,39.52586587103794,127,54.560999600389245,0
1717865674,127,50.58010843735668,127,49.87137134936257,127,51.25491833715289,0
1717866574,127,49.19994951998564,127,46.98263357752684,127,49.30750575906569,0
1717867474,127,49.58033969485688,127,46.527091985489854,127,59.713046892575576,0
1717868374,127,50.22627717617474,127,51.633361280309806,127,56.2877749452386,0
1717869274,127,55.546602936523456,127,54.28680145495579,127,43.8050265586763,0
1717870174,127,39.55830619550413,127,60.613722942391554,127,55.758221761701925,0
1717871074,127,51.33767160735601,127,48.31538705316279,127,47.622194024710765,0
1717871974,127,44.05284864697889,127,48.56304288638056,127,49.261100149626145,0
1717872874,127,49.067377513883855,127,54.80714915992841,127,50.561068300781756,0
1717873774,127,49.24629944270473,127,46.2519986454422,127,45.668418345467586,0
1717874674,127,59.05205110461498,127,50.88579959766464,127,46.25460498672816,0
1717875574,127,50.18324884677709,127,60.491927936482625,127,44.85467399247373,0
1717876474,127,47.0865495530474,127,55.82900074990502,127,56.25330660589077,0
1717877374,127,49.088549850135195,127,50.132377821562386,127,43.35261813131774,0
1717878274,127,50.92881124712331,127,50.93004979849462,127,53.40634382070955,0
1717879174,127,49.6173253772548,127,47.224347592157216,127,51.091663087754704,0
1717880074,127,55.191281187030356,127,46.23752550566314,127,43.86639659191316,0
1717880974,127,47.422541037541436,127,45.02120581839369,127,45.84852142375819,0
1717881874,127,55.63653005304107,127,46.034258977531046,127,50.1453924181155,0
1717882774,127,40.62286904830924,127,53.305601608610765,127,53.7688181040744,0
1717883674,127,57.252054985456674,127,52.1642598703424,127,49.293379291599,0
1717884574,127,48.135660403579365,127,53.14789252202523,127,48.58686838874654,0
1717885474,127,50.50874358975163,127,50.50244519598951,127,46.20030004839634,0
1717886374,127,55.79319475486966,127,47.93782511080788,127,45.179050172050424,0
1717887274,127,54.985169806351195,127,53.230041537108235,127,47.58382074368817,0
1717888174,127,46.57917497128231,127,49.84845790894523,127,52.783396426208895,0
1717889074,127,56.28027271118861,127,56.35975446340934,127,49.868422014326654,0
1717889974,127,50.03523064721197,127,45.987936154873054,127,50.54430464484821,0
1717890874,127,40.55534213042553,127,58.53783343160544,127,52.3818387185788,0
1717891774,127,54.46181309604724,127,49.20905786513513,127,51.64757358255438,0
1717892674,127,46.99738134498608,127,46.115614976203254,127,47.77697766600478,0
1717893574,127,60.135537672121075,127,56.783260980539765,127,50.44731240381578,0
1717894474,127,37.329183525732915,127,61.8961641844137,127,48.74705516216356,0
1717895374,127,43.16787293432312,127,47.17780691555772,127,39.03441748419404,0
1717896274,127,55.88472276185499,127,55.180815299735244,127,59.03292697051132,0
1717897174,127,56.92653430565328,127,54.15519373123716,127,46.64059995643874,0
1717898074,127,50.41971784268703,127,52.96639673283698,127,48.361017043500716,0
1717898974,127,52.11359425409325,127,45.01284787956374,127,50.62573506249299,0
1717899874,127,47.99906613538022,127,51.43313266562443,127,41.37343883103744,0
1717900774,127,52.39138209958573,127,53.90323753664069,127,47.14600401845604,0
1717901674,127,52.46936295481886,127,60.68190674011532,127,46.806581363076724,0
1717902574,127,39.02585579958908,127,56.13142032141492,127,49.74472332355034,0
1717903474,127,44.627689507330075,127,52.72569090565285,127,40.11065487325947,0
1717904374,127,54.62152588148797,127,48.81845806210586,127,45.76861478805558,0
1717905274,127,47.8301762572949,127,57.60937329707813,127,48.75184785594574,0
1717906174,127,43.99214873289669,127,52.174361210499185,127,46.1487747559063,0
1717907074,127,48.19199732223275,127,45.16587964312432,127,46.112441161819504,0
1717907974,127,58.29245520896207,127,56.07895434549349,127,49.708953365762326,0
1717908874,127,52.437044942236945,127,47.824228935962964,127,43.509434758535875,0
1717909774,127,52.09811324016927,127,44.24797666130908,127,43.14286820649099,0
1717910674,127,44.23138088899683,127,51.05692560153096,127,54.974149670258846,0
1717911574,127,49.70506577792067,127,48.94730593415268,127,49.36765757456966,0
1717912474,127,44.888232868430414,127,49.45242998171505,127,51.51871050626585,0
1717913374,127,48.848024277474835,127,48.21784252911318,127,48.54062163699841,0
1717914274,127,51.621304944564685,127,57.16651331731836,127,59.264558478619776,0
1717915174,127,51.06897267333244,127,59.73932226571236,127,53.304883378589565,0
1717916074,127,51.053791485660106,127,49.55471562737868,127,44.68005155388512,0
1717916974,127,57.800299644581024,127,44.48062161952422,127,43.7249518338118,0
1717917874,127,50.54196901333237,127,52.70342311323644,127,48.739435622981524,0
1717918774,127,52.48838280673389,127,42.41743963020151,127,53.81342485886585,0
1717919674,127,51.08386581025613,127,53.33198007703426,127,52.100533979040314,0
1717920574,127,47.28302617243135,127,51.53657324759541,127,53.759976909625465,0
1717921474,127,47.298541759966994,127,52.51620256027884,127,46.328731354374575,0
1717922374,127,45.27750292234253,127,47.50855448856948,127,56.614372131514735,0
1717923274,127,49.271093644807664,127,52.531632326150245,127,52.586280894716424,0
1717924174,127,57.54455901027773,127,59.401467438241866,127,44.325312298580066,0
1717925074,127,50.743260132893965,127,48.420315951945256,127,45.219495083072445,0
1717925974,127,49.25805497549229,127,46.99884458043441,127,54.09178203487584,0
1717926874,127,54.623291350129996,127,48.645507523815446,127,49.32777708344064,0
1717927774,127,48.012050156292354,127,51.29407931652177,127,45.53456673058551,0
1717928674,127,41.65674446160739,127,47.0399515401629,127,49.86910315959909,0
1717929574,127,44.98036398450179,127,52.66214665351938,127,46.16964871198257,0
1717930474,127,42.366088589381505,127,49.775436903675676,127,47.21088823479937,0
1717931374,127,52.205983254051425,127,64.1807637012427,127,44.57645108365614,0
1717932274,127,52.97553880647769,127,53.25686610143782,127,52.745279827492396,0
1717933174,127,51.194702148017136,127,46.62859639705012,127,51.40150783498125,0
1717934074,127,47.10706924149218,127,47.728110245388955,127,46.779800456042345,0
1717934974,127,45.41084255685668,127,51.71694838603915,127,49.60931744938822,0
1717935874,127,49.944672454425714,127,55.150757766437096,127,51.462024634357945,0
1717936774,127,54.72523854735292,127,46.32860010867682,127,47.57323311734755,0
1717937674,127,49.92381334727497,127,51.64870309786313,127,45.20416974501064,0
1717938574,127,53.26777824592495,127,53.33638933504908,127,52.7368415999672,0
1717939474,127,49.65483732791803,127,58.63301598394688,127,46.583153341063344,0
1717940374,127,49.61448400446225,127,56.66341704628821,127,53.36435979834656,0
1717941274,127,54.290736175303685,127,46.002535463112885,127,58.965829347268716,0
1717942174,127,48.75566066708702,127,45.28226237288307,127,43.22493494093416,0
1717943074,127,49.17118361449957,127,59.051722916430506,127,58.21097229308672,0
1717943974,127,47.34604853965209,127,51.588824444648594,127,45.86272897777003,0
1717944874,127,42.36294364054694,127,55.09978448856471,127,45.53009659918999,0
1717945774,127,44.41569588827838,127,56.769801179353664,127,51.30447533710374,0
1717946674,127,42.4872710385221,127,49.82476792165107,127,58.18503924922537,0
1717947574,127,48.98822489761692,127,45.057565364709035,127,46.0615461464218,0
1717948474,127,51.515214330080966,127,45.72822270493932,127,39.6201166037867,0
1717949374,127,54.03737100272137,127,50.0462087515679,127,46.25687085275272,0
1717950274,127,54.65309194240784,127,57.614366875930926,127,55.31297780994755,0
1717951174,127,44.680590519374135,127,54.500252156033,127,54.88662670349867,0
1717952074,127,57.45743134424749,127,45.22909928491744,127,49.40597583240964,0
1717952974,127,50.26003174666582,127,46.38458603878338,127,52.26006562104437,0
1717953874,127,46.90408968142052,127,45.22742831024862,127,50.94228208419724,0
1717954774,127,51.53082850275158,127,52.2383021837486,127,50.20905272867392,0
1717955674,127,49.34521591897967,127,52.09023599107131,127,56.30681973069352,0
1717956574,127,46.195307569427136,127,51.84294975378668,127,48.99361464899388,0
1717957474,127,47.53193217348279,127,55.799035502627255,127,51.86850892580731,0
1717958374,127,49.28912495492311,127,51.24758972608284,127,45.72039519942742,0
1717959274,127,46.51775067110951,127,48.81258454486939,127,45.37165143153838,0
1717960174,127,41.36681183046202,127,51.34780974622339,127,42.962932288668945,0
1717961074,127,54.03401658523398,127,53.23596700653186,127,47.03795216094096,0
1717961974,127,50.55867799302929,127,51.18300026225156,127,42.785259083810594,0
1717962874,127,54.35588826696759,127,57.5875167699773,127,48.61867829157146,0
1717963774,127,43.51586870409719,127,43.85026153593667,127,54.89545273288685,0
1717964674,127,46.90105201617695,127,51.02806098289752,127,55.94337096074305,0
1717965574,127,53.34873719542876,127,50.54356781341963,127,56.33208800067808,0
1717966474,127,50.955408411627985,127,48.49702567938379,127,53.02579919899999,0
1717967374,127,50.66899836521305,127,61.49352205482158,127,48.50543393402849,0
1717968274,127,50.26675574335607,127,57.16848550297101,127,51.80135544687235,0
1717969174,127,42.551119934417365,127,59.834681742402644,127,58.73730034597209,0
1717970074,127,53.55038274986606,127,51.474825628261556,127,49.74279881763364,0
1717970974,127,48.21086348954178,127,51.79107472795198,127,43.26207706268723,0
1717971874,127,50.12763665756129,127,46.169268571166825,127,53.16542331474631,0
1717972774,127,57.16616208866974,127,54.584749925685955,127,54.41965592979481,0
1717973674,127,53.759635703032984,127,49.378819923111436,127,48.15443656622469,0
1717974574,127,45.86069111176996,127,51.71734569890913,127,57.41584586238958,0
1717975474,127,54.183388764100194,127,55.36962420845213,127,55.036029107090506,0
1717976374,127,46.91236997095641,127,43.3455430976202,127,55.56050362868139,0
1717977274,127,45.91750207713472,127,54.41784525898262,127,45.03051475857245,0
1717978174,127,54.999272334466674,127,52.30809710413312,127,44.314842893125466,0
1717979074,127,54.53134033074761,127,55.628592676325994,127,40.40299364676822,0
1717979974,127,51.382498153391666,127,52.86877728347617,127,57.33468051771741,0
1717980874,127,57.13367871124335,127,55.040556640672314,127,53.759363568254855,0
1717981774,127,54.68711852264477,127,53.0110948987073,127,54.818414454362305,0
1717982674,127,53.05243878080802,127,56.022102290473164,127,54.83894908775031,0
1717983574,127,47.176316705852614,127,55.052838749372995,127,48.43888135108923,0
1717984474,127,51.66749622108903,127,40.48321516060243,127,45.184786301639356,0
1717985374,127,51.32612037720655,127,52.59952175934676,127,44.22954633980563,0
1717986274,127,53.680576313852775,127,56.369118498284706,127,50.940383352114594,0
1717987174,127,38.513272763255586,127,52.64575420448672,127,50.00467595224493,0
1717988074,127,46.98785317884806,127,48.88342185248544,127,57.665533761945476,0
1717988974,127,45.05754921724181,127,57.5390461743669,127,53.69917655427556,0
1717989874,127,61.943775900116485,127,48.439935086401476,127,52.71674890577221,0
1717990774,127,50.14448119208376,127,48.99392693447821,127,55.28187974630519,0
1717991674,127,50.227765847918256,127,49.462995352255,127,45.282089102157386,0
1717992574,127,54.23729289987697,127,60.57547402889297,127,47.39195787117365,0
1717993474,127,53.11173860755236,127,47.582005524818136,127,50.16197281028911,0
1717994374,127,50.666224283120656,127,46.94141628495266,127,56.41093661789235,0
1717995274,127,53.414889880661505,127,58.97642001486822,127,57.36768258832164,0
1717996174,127,49.859283866682944,127,51.67214817053545,127,50.24946540976187,0
1717997074,127,46.373316666520545,127,49.05862333670349,127,53.75007693633868,0
1717997974,127,51.54234201658695,127,43.70195080354766,127,52.49915412247458,0
1717998874,127,48.50678419226105,127,53.923366401072826,127,47.39239772898473,0
1717999774,127,52.063565819227335,127,42.88320800273008,127,51.795910979740604,0
1718000674,127,54.05042980827064,127,53.336941464209666,127,42.62120596651122,0
1718001574,127,38.50181732158385,127,47.32289934082322,127,46.869806428082,0
1718002474,127,50.30398302739323,127,45.39787527542025,127,48.10206755504605,0
1718003374,127,49.87717324588768,127,52.321404361592,127,48.92141783174855,0
1718004274,127,54.22793211697021,127,61.04921269241266,127,47.98393132117024,0
1718005174,127,56.28259977903964,127,51.50565724490004,127,47.74231192576238,0
1718006074,127,38.73949374783158,127,51.4878993982101,127,46.695093995773654,0
1718006974,127,56.16241687820997,127,48.700128175220726,127,53.49749849168234,0
1718007874,127,45.25875396287786,127,49.7789421601476,127,49.15849551702158,0
1718008774,127,58.88927069087315,127,57.5643305982966,127,55.58273477261376,0
1718009674,127,45.21064337209168,127,52.930841951475195,127,52.43847376748497,0
1718010574,127,49.870956978150694,127,54.1119172399988,127,55.115763728775974,0
1718011474,127,57.69757353376009,127,52.791895316451594,127,47.38568210679556,0
1718012374,127,54.41390993331474,127,52.41770621462501,127,52.28861583790053,0
1718013274,127,52.56315786430814,127,46.292847203436445,127,40.92974855751328,0
1718014174,127,43.22771149223018,127,54.35442842771976,127,55.08527706903961,0
1718015074,127,55.00537760137279,127,46.585667824562215,127,49.50839239317216,0
1718015974,127,51.16474242659846,127,47.100285045874614,127,45.259222368546034,0
1718016874,127,56.9536338977133,127,53.206857421877444,127,51.911819248083674,0
1718017774,127,54.93506422510812,127,47.63738324628514,127,42.10810843876434,0
1718018674,127,46.7647843563026,127,45.48110554913316,127,50.49958801154177,0
1718019574,127,46.917373508589,127,47.21630890956462,127,53.239621122408074,0
1718020474,127,52.8173000442182,127,52.279574350072,127,46.490988992607555,0
1718021374,127,52.50380140095874,127,46.086604231617756,127,51.75841744648724,0
1718022274,127,47.227509298900245,127,54.84050530458179,127,46.73429065555701,0
1718023174,127,49.75334483816563,127,48.00600784568666,127,49.61588007709971,0
1718024074,127,56.01428246526111,127,54.5266104985134,127,42.30196820988539,0
1718024974,127,42.394874344176486,127,50.04782838695462,127,52.007723250368954,0
1718025874,127,52.47637885959789,127,40.152211653278485,127,45.04766985668395,0
1718026774,127,50.02173783715483,127,48.083520396142205,127,57.962021954843344,0
1718027674,127,50.80935987469101,127,55.619114679358724,127,48.27154977572101,0
1718028574,127,53.794763500647925,127,48.72096613306855,127,49.448465871523354,0
1718029474,127,51.67403850645334,127,48.917087487874255,127,41.420899598752214,0
1718030374,127,38.814687079848646,127,53.613399148839214,127,50.7230478031165,0
1718031274,127,48.22413446595114,127,53.957378477780274,127,44.8010662825354,0
1718032174,127,51.85072937928615,127,57.66431315869811,127,50.85590373186998,0
1718033074,127,50.45020679099604,127,49.23337522268325,127,53.63537682301239,0
1718033974,127,50.856325158073105,127,56.215530946641394,127,51.379606221851546,0
1718034874,127,42.624030055503276,127,50.88181549237248,127,68.18050850126752,0
1718035774,127,42.37850719269831,127,49.86011815348364,127,45.19804993582821,0
1718036674,127,55.899861577972445,127,51.36349743277709,127,48.83455647581892,0
1718037574,127,46.586623086863575,127,55.235606759356436,127,55.9945827640735,0
1718038474,127,47.97669397821724,127,46.26726216240462,127,54.1783025222881,0
1718039374,127,44.67813532213795,127,48.28843480760478,127,56.77629680176225,0
1718040274,127,50.26892888666267,127,42.23278854601882,127,47.02201096016807,0
1718041174,127,55.7166405040664,127,51.13293411804814,127,48.97257634496118,0
1718042074,127,57.24403609181373,127,45.285970073168194,127,51.24823139134771,0
1718042974,127,47.33339695619947,127,54.59864056683236,127,50.0836600811934,0
1718043874,127,47.34551192752522,127,48.00924076916151,127,50.9840783702623,0
1718044774,127,56.28261778484931,127,49.24999195589459,127,58.75931383837892,0
1718045674,127,47.14450939422862,127,46.19622219066978,127,47.17993310597892,0
1718046574,127,39.49235251411692,127,51.16953048943443,127,51.78030982871425,0
1718047474,127,48.93309423479667,127,58.232328131998415,127,54.39134215664299,0
1718048374,127,53.4756765760654,127,45.53485974448456,127,47.41320627014976,0
1718049274,127,44.6497626614439,127,46.926479009596854,127,37.23260746210856,0
1718050174,127,52.297104033635534,127,35.37405008056348,127,46.57795594394143,0
1718051074,127,49.494672606839096,127,45.187920582514934,127,44.929567803754814,0
1718051974,127,49.621306414414526,127,55.791910787680834,127,47.30764370119053,0
1718052874,127,45.25975505660784,127,54.847058811818684,127,43.16544336278562,0
1718053774,127,43.6460861773733,127,53.79793863818497,127,54.597046725707784,0
1718054674,127,45.09140307776363,127,46.0382027624367,127,45.24215787534411,0
1718055574,127,50.951727116080534,127,46.70519444890784,127,51.42203736982164,0
1718056474,127,49.56676879363212,127,57.36034168660113,127,49.421924709328195,0
1718057374,127,34.10303416727709,127,57.715607517948705,127,46.866288842899785,0
1718058274,127,47.295916011870986,127,42.96312724063914,127,50.01018645790735,0
1718059174,127,45.19742763774975,127,50.32677775890675,127,49.96374775915759,0
1718060074,127,48.975996970960765,127,45.62074592185411,127,53.39745047363571,0
1718060974,127,47.359914098396565,127,48.517752897543055,127,46.597259248025445,0
1718061874,127,53.8975728566021,127,59.555235611169195,127,43.09538083739723,0
1718062774,127,49.755012137827684,127,57.00384942198226,127,52.041964718613755,0
1718063674,127,51.130387058159556,127,46.75129348354424,127,44.53335830773282,0
1718064574,127,48.8443547815529,127,55.68940619763094,127,46.004851561739756,0
1718065474,127,46.09748931977975,127,60.797032691723615,127,50.4362948471764,0
1718066374,127,48.46604627987231,127,47.065651866759836,127,52.32599540838239,0
1718067274,127,50.13890324985247,127,51.797847335202604,127,41.08323856495635,0
1718068174,127,45.38240605742246,127,49.34743962393962,127,56.21060325029508,0
1718069074,127,53.80109499337341,127,56.97689721876855,127,51.52486458032067,0
1718069974,127,47.2212164183199,127,44.699560861726994,127,42.28281553533827,0
1718070874,127,47.57566538865014,127,53.381150777810774,127,51.987897257069704,0
1718071774,127,57.197861956675666,127,53.405835367240016,127,42.46057111621144,0
1718072674,127,48.68633333917365,127,52.18082707941003,127,49.995544025093196,0
1718073574,127,55.0935611769035,127,44.81242013373097,127,41.97617053640184,0
1718074474,127,49.57629565109083,127,43.25659732805858,127,40.50461630419134,0
1718075374,127,46.32535987751637,127,49.467333139524506,127,53.3328318242846,0
1718076274,127,52.60727100156881,127,49.96921569659428,127,54.82968996535693,0
1718077174,127,53.76237889207511,127,49.554096182730085,127,50.63661214964005,0
1718078074,127,54.134351698099906,127,49.41171706923728,127,46.45381893642633,0
1718078974,127,51.47624728245456,127,48.85022004003573,127,44.78749959738244,0
1718079874,127,56.49409291064303,127,52.713121648040335,127,52.36989378554725,0
1718080774,127,54.03015226963913,127,57.9242834895518,127,49.92254553755527,0
1718081674,127,40.201626430926474,127,50.304332396311246,127,45.88793846991041,0
1718082574,127,51.02866744018734,127,48.32740846879886,127,46.40022955590329,0
1718083474,127,44.92567461457881,127,56.2850444308199,127,58.66611602968976,0
1718084374,127,63.53419776013207,127,52.66762732307339,127,39.92717003557603,0
1718085274,127,56.92520959054911,127,45.703835602390015,127,53.30027174886943,0
1718086174,127,47.89070419307947,127,49.946452716544165,127,46.77115330797091,0
1718087074,127,54.78013353318452,127,52.89504293499197,127,50.30899155085333,0
1718087974,127,51.613376975658916,127,55.34276945444121,127,43.68970532813724,0
1718088874,127,48.82637014782103,127,48.78922284947393,127,43.31006597217214,0
1718089774,127,54.770081059459685,127,52.68771297613899,127,49.07245992685165,0
1718090674,127,45.92201444908545,127,56.214405435715236,127,41.02726822346098,0
1718091574,127,49.53927029851743,127,42.78269501492336,127,50.712949932810986,0
1718092474,127,50.14421782657807,127,46.25745888436711,127,44.98391763070349,0
1718093374,127,53.594486387203176,127,45.17825152881221,127,55.743804031490065,0
1718094274,127,53.52100016414461,127,55.05238287633391,127,43.490589240042496,0
1718095174,127,58.55217271166036,127,48.68238872110899,127,43.20869758452455,0
1718096074,127,42.479955797861024,127,44.865166902837494,127,46.8933675030032,0
1718096974,127,50.916360531110215,127,48.06766071848519,127,52.03559282173889,0
1718097874,127,52.352976439308556,127,47.881571297488925,127,49.09922446282289,0
1718098774,127,53.76485678061342,127,54.42940920219851,127,51.34897978906629,0
1718099674,127,57.05934048333618,127,61.86103168772074,127,45.404185564128,0
1718100574,127,45.346066912170656,127,51.514727305065435,127,54.952102429286064,0
1718101474,127,56.14475924056784,127,52.04465260011364,127,45.82496129792525,0
1718102374,127,52.70985306192039,127,47.23176516323318,127,50.5140300532382,0
1718103274,127,51.82053893466121,127,35.432175539217155,127,44.011860377787876,0
1718104174,127,58.63434604067801,127,55.274053759047014,127,54.97855879162651,0
1718105074,127,42.759480603903356,127,38.99965122039631,127,52.37334623441683,0
1718105974,127,48.49319416686679,127,62.965948387099715,127,50.892507189415014,0
1718106874,127,45.47888286340948,127,53.610097074998606,127,52.73987654498732,0
1718107774,127,54.044782834260495,127,51.41250972665638,127,58.15090364061596,0
1718108674,127,45.35534957545269,127,53.87916316850323,127,58.9367627973109,0
1718109574,127,41.37391440769177,127,36.98962672565087,127,52.557719780099944,0
1718110474,127,66.2485539205642,127,47.40380093956173,127,44.78817850924939,0
1718111374,127,50.16237545568924,127,52.143848898504174,127,54.49128140382753,0
1718112274,127,56.67467476477333,127,51.560731199791526,127,48.031336977842436,0
1718113174,127,60.31540682118279,127,42.84750245413556,127,43.42047459107454,0
1718114074,127,49.87920058251583,127,46.3531061472582,127,48.17248175969838,0
1718114974,127,57.01380906667288,127,50.62817697279078,127,49.5667103386439,0
1718115874,127,58.34923989972076,127,53.07368614492904,127,60.75716678994144,0
1718116774,127,49.56996324391177,127,52.91040731961094,127,43.698149899223644,0
1718117674,127,50.182799804424256,127,50.54706888720317,127,44.73294885277333,0
1718118574,127,51.80366997005742,127,45.0208809937096,127,42.842168123675805,0
1718119474,127,53.896888386578425,127,50.73054374413157,127,49.1859272335295,0
1718120374,127,51.55379773834015,127,56.843822719211765,127,52.88629938518695,0
1718121274,127,47.8316222368776,127,55.587504320787886,127,48.64280786103385,0
1718122174,127,49.48274067473611,127,48.622837288272976,127,54.534718753741814,0
1718123074,127,49.858321309246286,127,49.09987715536501,127,49.174202173719095,0
1718123974,127,47.06906423242113,127,47.69924200870708,127,49.69672698026803,0
1718124874,127,57.88190618685169,127,44.60755390231281,127,54.78247782269241,0
1718125774,127,54.72759737176659,127,53.88180409136215,127,52.45147753391217,0
1718126674,127,48.717534433197066,127,44.992368158678815,127,51.80190339757152,0
1718127574,127,46.309025065676835,127,51.05222102026759,127,48.636957363540134,0
1718128474,127,42.66661917573718,127,39.71611994219437,127,55.55270155587695,0
1718129374,127,51.87443473970533,127,45.59455281513077,127,49.695176637566995,0
1718130274,127,44.03354139446603,127,50.06478359316429,127,52.71569172406581,0
1718131174,127,53.28633473805291,127,46.80901781657617,127,53.413585979120505,0
1718132074,127,51.02780846248304,127,47.62260524039754,127,63.424540353290226,0
1718132974,127,54.95439359072986,127,52.11154469445757,127,45.23362190283457,0
1718133874,127,42.84190615313665,127,52.14179050049034,127,43.159419445168325,0
1718134774,127,49.52062257356463,127,52.72086357244153,127,55.405352732527724,0
1718135674,127,49.79246278434437,127,62.8461588178527,127,48.38619777159666,0
1718136574,127,52.12054830863415,127,57.16926831428849,127,47.94286786008675,0
1718137474,127,50.0059200450228,127,51.69846830826252,127,46.48364775441546,0
1718138374,127,50.18482031897467,127,59.9823522918377,127,44.90164277675272,0
1718139274,127,51.20515317323445,127,46.67724950444869,127,40.08362880561532,0
1718140174,127,60.64332481779644,127,48.591652864608776,127,53.10047523336416,0
1718141074,127,37.351373725729786,127,51.391527012085106,127,38.70518303363571,0
1718141974,127,57.51384213376911,127,46.604214161992815,127,53.973374511700364,0
1718142874,127,52.79714200011208,127,47.92264503982991,127,50.43418683696232,0
1718143774,127,44.134051991306485,127,44.51724497151815,127,52.33387704652341,0
1718144674,127,51.739773525719265,127,52.95861352905829,127,49.3957103414175,0
1718145574,127,40.05206366386946,127,50.38366719067604,127,50.41389293535939,0
1718146474,127,42.25577900452301,127,52.48138002773128,127,53.48183560515363,0
1718147374,127,46.943699663280434,127,40.21132319246397,127,54.83728905312623,0
1718148274,127,53.76890993246934,127,62.28166094369327,127,49.87382473814474,0
1718149174,127,42.433580677392506,127,56.108841497074295,127,46.15451212195783,0
1718150074,127,48.934742973109344,127,43.88841318267144,127,47.31440021701655,0
1718150974,127,44.862662318394726,127,55.876479754121625,127,50.29352403039214,0
1718151874,127,43.81238598351731,127,52.39957162962137,127,45.75578399545124,0
1718152774,127,46.9783064098163,127,55.651875919926866,127,48.38300452321906,0
1718153674,127,46.67595638016763,127,54.76994815023752,127,48.28359051348535,0
1718154574,127,47.271543112340844,127,56.46404590316844,127,53.291268659006576,0
1718155474,127,48.31633389369911,127,50.61023412711756,127,42.23360268591388,0
1718156374,127,41.40230992648357,127,44.82941872566853,127,51.49949915865311,0
1718157274,127,54.02339884752532,127,52.480960964723906,127,46.657655025878135,0
1718158174,127,42.49530599221981,127,56.15917657485625,127,51.82164649816388,0
1718159074,127,52.27902843347132,127,46.26513670673821,127,49.46757531860891,0
1718159974,127,44.3663720372528,127,51.32558095071898,127,48.086295993141434,0
1718160874,127,45.95670550861618,127,50.23099665921257,127,57.06196740818256,0
1718161774,127,50.7579274917992,127,57.786036719109724,127,56.6204974525017,0
1718162674,127,42.31382641660599,127,48.67571339670984,127,42.06950401414619,0
1718163574,127,50.15989743522254,127,45.41226620735279,127,45.87667053920924,0
1718164474,127,48.75817207718379,127,50.62769808784086,127,47.071232794418165,0
1718165374,127,40.028617407872126,127,50.09134610622014,127,41.19898802380058,0
1718166274,127,51.661866373726824,127,42.8822880166344,127,49.615125636519664,0
1718167174,127,46.77579203824896,127,55.891381085212764,127,45.980722350838995,0
1718168074,127,52.91107534902951,127,42.82310729798311,127,50.58506665282129,0
1718168974,127,45.905320954650925,127,43.766727872958775,127,53.234832429559305,0
1718169874,127,54.874959747207996,127,56.12201557626494,127,48.63964086781575,0
1718170774,127,49.54220754956057,127,46.930278672654985,127,63.67897988416827,0
1718171674,127,53.16083102422736,127,47.76577891395272,127,50.335341947760035,0
1718172574,127,49.923675536023204,127,57.00052724494056,127,54.082091994845456,0
1718173474,127,51.46536627497631,127,46.9594399938167,127,45.403914195606035,0
1718174374,127,49.37710901846806,127,61.94672521793064,127,37.61098122461783,0
1718175274,127,52.98825479268117,127,42.85801119906723,127,52.07717099891013,0
1718176174,127,47.77266788629732,127,51.94679955870692,127,51.02289934563546,0
1718177074,127,50.59858100289293,127,49.63650484268965,127,49.55397650846323,0
1718177974,127,51.214477777001235,127,53.143933519167526,127,45.63302158371081,0
1718178874,127,50.774084000740146,127,45.99895483565743,127,43.02698218120103,0
1718179774,127,52.995214368655496,127,44.1320166266444,127,62.74738994435297,0
1718180674,127,46.20463225748148,127,50.970336912525454,127,47.78410629228476,0
1718181574,127,42.92176465037681,127,40.26553118102228,127,51.72554394958942,0
1718182474,127,52.97943232072012,127,55.67874231140735,127,54.12938764001906,0
1718183374,127,47.16962254916002,127,59.95105952036677,127,56.90081455350229,0
1718184274,127,41.082896756997975,127,54.32066077663211,127,38.04851685975873,0
1718185174,127,53.082381159315446,127,44.7274986420759,127,53.182700462264435,0
1718186074,127,46.60876310859319,127,52.78159571269192,127,53.681918947156895,0
1718186974,127,40.5542194857673,127,50.10745019843838,127,46.08785035745965,0
1718187874,127,48.96951080071148,127,51.88173153068291,127,57.35370534166792,0
1718188774,127,52.019977487764606,127,53.37143097964321,127,46.985696325893606,0
1718189674,127,56.35998774969072,127,46.30460697776896,127,37.88772500858427,0
1718190574,127,43.938285870657744,127,61.611087058620626,127,47.697494500371704,0
1718191474,127,65.67630693987739,127,51.39715301758431,127,47.25335836827692,0
1718192374,127,55.256405597258045,127,50.50665229429602,127,51.51392174164444,0
1718193274,127,53.6090425204246,127,51.479607852012734,127,53.060089263953394,0
1718194174,127,38.2659576578971,127,44.16833133496527,127,45.92622564864794,0
1718195074,127,47.7040073159129,127,56.69476524120931,127,49.958432986073355,0
1718195974,127,50.310591318217526,127,56.19946308972321,127,44.200261196414594,0
1718196874,127,50.10053076527547,127,57.97158859576506,127,42.52321679964744,0
1718197774,127,50.41524514860635,127,51.235035990839364,127,40.43971257706236,0
1718198674,127,49.42321115601645,127,47.886494811366646,127,54.04967502220192,0
1718199574,127,50.363263327655964,127,54.394849245613926,127,53.27026796054355,0
1718200474,127,46.58583685928479,127,47.87591512785564,127,51.97077723326151,0
1718201374,127,46.67361665172892,127,50.368336428800326,127,52.4931514449395,0
1718202274,127,56.38665195938431,127,48.86158970201589,127,41.47794243752964,0
1718203174,127,45.18592465144981,127,61.751939451876694,127,45.4572972375889,0
1718204074,127,49.31513218896583,127,52.499929052825784,127,37.744265764266636,0
1718204974,127,49.21268644458607,127,43.933512220209494,127,53.5273017737946,0
1718205874,127,45.87889951325415,127,54.69218122551278,127,50.111000371863575,0
1718206774,127,52.92359114797812,127,58.80851596764472,127,46.21931728520708,0
1718207674,127,49.515330827896655,127,60.25302455751388,127,46.73904816172863,0
1718208574,127,47.376009458010905,127,45.592249126396595,127,48.92270332993945,0
1718209474,127,42.384021499572064,127,50.586557837916345,127,54.49195560648877,0
1718210374,127,42.024080291953425,127,41.30319535858637,127,47.86431077374635,0
1718211274,127,51.23438168520748,127,46.56151564592742,127,45.6499084991835,0
1718212174,127,48.153122691952746,127,44.85053533562085,127,52.01245871885032,0
1718213074,127,47.61250006372635,127,45.92898019921888,127,57.44702564650258,0
1718213974,127,53.42407641533194,127,46.658679180168704,127,52.57822405713776,0
1718214874,127,49.58188034679628,127,49.202086218651225,127,45.35786379809419,0
1718215774,127,58.17355367826842,127,47.30017948045018,127,55.0866696226386,0
1718216674,127,51.31151870094094,127,47.813122279016284,127,56.486078749193936,0
1718217574,127,54.874597067797495,127,54.85323678093109,127,53.22310027330295,0
1718218474,127,54.08316262136761,127,55.54246150527321,127,49.42445024682978,0
1718219374,127,49.51467554376088,127,41.547767652642946,127,56.6126123419514,0
1718220274,127,46.12677272432764,127,38.89399132988773,127,55.680508735366296,0
1718221174,127,43.326660556231104,127,52.37880109919799,127,45.16149213659992,0
1718222074,127,47.6846869835679,127,50.34759569286584,127,56.69469350122028,0
1718222974,127,49.308315938482174,127,43.340308951644985,127,53.20254557513164,0
1718223874,127,56.17014460740193,127,46.565421593467306,127,47.62093377659359,0
1718224774,127,40.26438145314527,127,43.556689697155825,127,56.04209843031794,0
1718225674,127,47.34470595080963,127,43.38623118253582,127,46.11414918033079,0
1718226574,127,49.81575002366432,127,52.079403926077084,127,51.907013415319895,0
1718227474,127,55.422003360288855,127,67.06034710586695,127,58.672669338387955,0
1718228374,127,49.51187268038869,127,48.62113095545724,127,45.82082370507888,0
1718229274,127,50.67779495299498,127,53.65932070231433,127,48.17767517618457,0
1718230174,127,51.604739299476435,127,51.3930117325058,127,53.965777936957025,0
1718231074,127,47.24400378409323,127,47.81792701824783,127,43.827209122632034,0
1718231974,127,51.76594844141729,127,49.37075289579549,127,59.86313299284157,0
1718232874,127,57.53480517378888,127,55.37249502100594,127,53.756180217845156,0
1718233774,127,52.86346050615865,127,50.22990550615208,127,53.1246796801337,0
1718234674,127,58.5717900366268,127,54.52408066561223,127,49.02257355759843,0
1718235574,127,50.07943302888674,127,47.67834067377787,127,44.15843118456799,0
1718236474,127,38.861885770767444,127,54.066856633215586,127,47.26134387049298,0
1718237374,127,55.64383571079132,127,52.13409946649447,127,47.827584856314594,0
1718238274,127,52.98214299220254,127,47.146113910519084,127,50.52123790602488,0
1718239174,127,48.80380788205728,127,48.03288066305322,127,61.51806670731115,0
1718240074,127,45.24758704442447,127,46.76503187387422,127,44.72937906489701,0
1718240974,127,50.168634779504664,127,46.09469734994091,127,54.844875780914315,0
1718241874,127,59.51564937820467,127,51.262598924213954,127,50.919293117879995,0
1718242774,127,48.80219573336843,127,47.3810185398996,127,44.23353418375373,0
1718243674,127,52.31944073621006,127,52.425520669809714,127,60.53068321035248,0
1718244574,127,42.05824733938803,127,53.38673389424434,127,54.54962882946584,0
1718245474,127,52.33786527513186,127,47.124025480923436,127,54.38169009959651,0
1718246374,127,53.72130966922561,127,50.20317071239395,127,38.65523861390806,0
1718247274,127,53.54419198865117,127,51.04297008522306,127,41.76974853324498,0
1718248174,127,43.9077532522126,127,45.92292984478151,127,48.59680130249739,0
1718249074,127,51.19194508175971,127,53.89001114811959,127,53.63503484738452,0
1718249974,127,43.22124230206541,127,56.3540852673121,127,49.303618223651675,0
1718250874,127,48.06146388333254,127,42.912515955398824,127,51.70020434958791,0
1718251774,127,45.58541467376054,127,40.28850721030158,127,57.05260573916248,0
1718252674,127,52.099120452756544,127,51.62286415541256,127,50.01619960743736,0
1718253574,127,47.94809582874668,127,49.193746242171684,127,48.05305933070971,0
1718254474,127,52.96240291171302,127,50.38423029620387,127,51.295780236008035,0
1718255374,127,46.19259985479681,127,47.59074615730809,127,51.93807926128673,0
1718256274,127,40.96378522965542,127,53.22415293482877,127,47.50448843405717,0
1718257174,127,51.495461213211435,127,53.80569606309148,127,51.340061881764264,0
1718258074,127,59.99719829155673,127,51.82037424719741,127,48.702831857031576,0
1718258974,127,44.43444694521422,127,45.89014599628407,127,55.94553786525497,0
1718259874,127,49.0304795367409,127,41.413099344963925,127,51.011046057975825,0
1718260774,127,47.08539861725034,127,52.677832312698335,127,42.52682253461951,0
1718261674,127,54.932927822721865,127,45.64162271418188,127,45.31108269367674,0
1718262574,127,51.94637038612726,127,53.33759336183947,127,60.181540478745845,0
1718263474,127,54.607805777296534,127,39.50406596694796,127,44.91720293199839,0
1718264374,127,60.0795963455235,127,52.12304662610752,127,43.17515382355208,0
1718265274,127,54.08876960222737,127,50.70380561886395,127,46.00353936232125,0
1718266174,127,48.66355140285874,127,53.82095318176193,127,48.31209567747399,0
1718267074,127,51.215380591358,127,48.93488353787526,127,47.629528906218795,0
1718267974,127,58.32997305911473,127,57.844404035333575,127,50.92068933286335,0
1718268874,127,52.319767050390695,127,47.28755006220673,127,57.37485496028734,0
1718269774,127,43.1963534736764,127,46.94114373928718,127,43.56764112670168,0
1718270674,127,53.586506965524656,127,45.896637847041355,127,45.916956644806035,0
1718271574,127,44.39993115606362,127,49.215293989192226,127,52.35187550217518,0
1718272474,127,46.46741581074886,127,52.137985981594426,127,48.26244242157217,0
1718273374,127,46.41128709148192,127,56.16558571152987,127,50.6491561558553,0
1718274274,127,45.44495525528991,127,49.419717765599934,127,49.4964865600947,0
1718275174,127,50.73674400942373,127,49.86724209422871,127,49.43284941672406,0
1718276074,127,46.83233109017907,127,55.18361510543973,127,56.00963532060224,0
1718276974,127,51.451881204591906,127,54.43590426902133,127,43.39448481153467,0
1718277874,127,43.68132682221339,127,48.260590222472416,127,63.156292258502106,0
1718278774,127,49.61036575413274,127,49.98329522044303,127,46.618955341321566,0
1718279674,127,48.78010629247729,127,54.0889083949688,127,57.30212467480446,0
1718280574,127,42.16009504150724,127,49.33008271153805,127,49.184179265509975,0
1718281474,127,57.87375387907025,127,50.542494098674275,127,57.01928512453593,0
1718282374,127,41.831237814857914,127,50.08878794218456,127,55.08397510713428,0
1718283274,127,41.52511155728041,127,50.378612528192534,127,57.209528465973605,0
1718284174,127,51.27802448605723,127,46.70319952266169,127,48.7254921689614,0
1718285074,127,45.280041800975006,127,40.681984260664834,127,51.54015243788784,0
1718285974,127,52.16439627211843,127,46.03330318746923,127,48.803703322177405,0
1718286874,127,52.227906777164236,127,44.45423876395723,127,53.416539763618296,0
1718287774,127,49.42304117940207,127,42.85011584656329,127,37.84672652965431,0
1718288674,127,47.70549951290383,127,45.116484258976364,127,44.237201891883906,0
1718289574,127,44.44289422244029,127,46.886364836201814,127,48.029852046531424,0
1718290474,127,44.06451306835403,127,51.7703820506731,127,54.106543690649744,0
1718291374,127,52.56189608488789,127,49.95116210490823,127,53.76398589314002,0
1718292274,127,52.36423981688354,127,56.42828825354968,127,42.40873512942511,0
1718293174,127,53.67349038492803,127,49.076443960874435,127,46.39156111327279,0
1718294074,127,56.64587508367528,127,55.631782745046856,127,46.2579786156525,0
1718294974,127,48.681576055496905,127,50.10868139242534,127,45.31211558450581,0
1718295874,127,46.376283435803614,127,49.79248763109559,127,50.24631152817367,0
1718296774,127,46.27032111789248,127,55.610449510243384,127,47.422803746682405,0
1718297674,127,47.61154223914624,127,57.90242028307135,127,54.0201035781143,0
1718298574,127,61.2260533307982,127,58.667500353108196,127,37.98315453272596,0
1718299474,127,48.546241007402,127,55.31025562502257,127,54.88394259602542,0
1718300374,127,51.31616725915419,127,52.61880096174617,127,47.32130748319718,0
1718301274,127,52.434017337277545,127,37.86489367160034,127,56.28507155984837,0
1718302174,127,51.0053533131131,127,53.11753911270827,127,53.53576739086071,0
1718303074,127,43.91197769948447,127,47.423736050990115,127,51.990665223151865,0
1718303974,127,51.27824323133414,127,47.10146432063943,127,46.86641643409076,0
1718304874,127,45.157646972296284,127,51.05220807105254,127,45.93774496374236,0
1718305774,127,53.93373404213221,127,52.513280181561456,127,49.70902502851726,0
1718306674,127,58.106803633121004,127,49.585807471678145,127,59.664175541731424,0
1718307574,127,58.97714019348652,127,51.220834126891205,127,52.38183887252765,0
1718308474,127,36.83951499564344,127,49.69529016106449,127,52.06920600632013,0
1718309374,127,35.88795938383876,127,54.27206004007866,127,51.70324808120618,0
1718310274,127,43.39188189632248,127,49.41685877263406,127,50.30750555246699,0
1718311174,127,45.386137108043684,127,46.1118454730509,127,53.13071470134749,0
1718312074,127,53.22339456445514,127,48.57373330412121,127,52.433443503286746,0
1718312974,127,41.39602895001665,127,51.51612281921292,127,46.25698060385576,0
1718313874,127,51.21903167793909,127,48.66441045335944,127,48.05032977848916,0
1718314774,127,50.400193608078844,127,55.88594627154257,127,35.51108461365041,0
1718315674,127,52.70888123203609,127,52.92133864193057,127,52.50791616286486,0
1718316574,127,47.52963556329942,127,42.865655100612464,127,58.84481093062057,0
1718317474,127,58.69637487186769,127,48.07510636218888,127,45.176872760144974,0
1718318374,127,49.15947762268243,127,50.91135469862881,127,53.14747432191377,0
1718319274,127,47.69632623987943,127,47.891187189194405,127,52.24568988465681,0
1718320174,127,40.11858714829476,127,45.88193800308616,127,46.9476951327238,0
1718321074,127,48.162348362858545,127,46.272503295642615,127,62.03664503377079,0
1718321974,127,55.53168792350634,127,62.054228667606885,127,51.45213286394089,0
1718322874,127,49.84036407583438,127,49.050978169525216,127,44.19754207877886,0
1718323774,127,55.52153235221221,127,47.88851461529305,127,50.6505312963463,0
1718324674,127,51.979603205291816,127,49.19122988692681,127,55.161053978609374,0
1718325574,127,41.27456403367505,127,51.24064046538676,127,52.50504633793763,0
1718326474,127,44.55187574304871,127,56.459140131049004,127,50.627072631184966,0
1718327374,127,45.28089674417231,127,52.59881047035683,127,54.06850174081488,0
1718328274,127,47.311848516468366,127,51.233673422839466,127,46.51377717474423,0
1718329174,127,54.51844042657577,127,41.49375224130367,127,50.74508760170904,0
1718330074,127,58.25727100415786,127,48.498537409006126,127,53.141060411378874,0
1718330974,127,49.60510042800647,127,47.175346768764335,127,55.68134276158912,0
1718331874,127,49.295142565311735,127,53.71679696506772,127,47.669137102743086,0
1718332774,127,55.05574548640537,127,49.342642278875864,127,48.60263798510608,0
1718333674,127,47.210221330001374,127,34.59631986274051,127,53.314137031685924,0
1718334574,127,47.545930812585134,127,51.44973905925432,127,49.521652424598045,0
1718335474,127,52.18627638184077,127,44.78099308891336,127,49.292660890163326,0
1718336374,127,50.221696726246286,127,49.71989089520589,127,47.72032711836256,0
1718337274,127,40.37529424307257,127,39.713316400655536,127,49.83290292901511,0
1718338174,127,50.465301540446134,127,56.770908289400964,127,49.93389707207108,0
1718339074,127,50.52215302898077,127,51.36585127815235,127,44.666358270402775,0
1718339974,127,43.19690822940656,127,48.107727619732096,127,57.45282088897328,0
1718340874,127,56.71480102129101,127,46.095361334687745,127,48.437708572767455,0
1718341774,127,50.80152068558782,127,53.58168474394067,127,47.36083423268144,0
1718342674,127,45.691170368512545,127,50.35365316327337,127,52.5391290683282,0
1718343574,127,52.671734737002275,127,63.96025913890391,127,55.54021376997317,0
1718344474,127,53.136167407143965,127,48.6293383449543,127,52.859908427668955,0
1718345374,127,53.77513684914689,127,54.47157287806192,127,50.61458770556141,0
1718346274,127,46.61744609307134,127,57.62705513272204,127,61.96841092339156,0
1718347174,127,54.11846511185252,127,49.17051197939879,127,47.21472969679105,0
1718348074,127,50.72365108817372,127,49.94075631587635,127,51.18574146118171,0
1718348974,127,51.30376354408019,127,48.31341075181817,127,50.16727663295406,0
1718349874,127,52.1124312278018,127,61.789649759857994,127,48.79560349991213,0
1718350774,127,40.12367064266351,127,44.81786539664014,127,69.15895081200526,0
1718351674,127,45.39954806827358,127,46.660325245658456,127,41.603029919591386,0
1718352574,127,55.925377952491424,127,50.03119032814136,127,54.64228416148458,0
1718353474,127,49.22698336743882,127,45.967211942639636,127,48.0630662043461,0
1718354374,127,53.21215272609037,127,51.0340989513821,127,50.76887106233556,0
1718355274,127,39.658126309576204,127,41.10284321012878,127,45.460828315103726,0
1718356174,127,51.63836087801686,127,50.158755030051594,127,45.418640752154396,0
1718357074,127,45.30874913427867,127,54.29593901975485,127,50.10298632915267,0
1718357974,127,51.58049332349921,127,52.39555157157338,127,61.79298813829877,0
1718358874,127,56.13324382981771,127,50.337510396926874,127,49.646883083031724,0
1718359774,127,50.666249553642366,127,43.93746562508182,127,54.68272588664665,0
1718360674,127,50.56893662301987,127,51.060591275431875,127,54.59359919294878,0
1718361574,127,45.39469803195997,127,43.1909069442254,127,45.90684630242408,0
1718362474,127,51.26583638158787,127,55.03488144157925,127,54.21671864852563,0
1718363374,127,55.989585773843714,127,47.22332547872052,127,55.38642158416626,0
1718364274,127,51.62198375048494,127,57.00484745254025,127,46.39392760775602,0
1718365174,127,51.08248866620271,127,50.81770888850892,127,47.5606691095497,0
1718366074,127,51.0083156804577,127,53.35242905383254,127,50.67182749713144,0
1718366974,127,54.693971577754596,127,50.24741614058565,127,49.480617522948386,0
1718367874,127,57.10334980051934,127,50.7910802944029,127,41.61358733238291,0
1718368774,127,60.0669245033946,127,50.70312389080635,127,47.8204808197317,0
1718369674,127,59.97959099933364,127,50.12142847048313,127,45.086554972046756,0
1718370574,127,45.75146455081533,127,54.86913150394378,127,45.43790208910603,0
1718371474,127,57.655380025239786,127,55.95395049284234,127,54.40937391355798,0
1718372374,127,48.74386603139242,127,47.99928206371729,127,41.92897452647652,0
1718373274,127,53.58086214827557,127,50.54983489123307,127,46.156179568315856,0
1718374174,127,50.73042854989956,127,43.70310763236885,127,44.21127286835646,0
1718375074,127,45.63025096253419,127,49.00884097064785,127,47.96306617640159,0
1718375974,127,43.48941428792724,127,49.43198504335986,127,42.046477033021056,0
1718376874,127,44.28560929422338,127,50.60672780119423,127,51.54601741871794,0
1718377774,127,50.16701316811499,127,37.89969073299151,127,66.61901729347775,0
1718378674,127,55.93964126252545,127,59.715060003953504,127,51.49637033848205,0
1718379574,127,58.354563917183995,127,48.363050460274714,127,57.45071856311213,0
1718380474,127,46.920650675309076,127,54.597355899418666,127,41.22974179466965,0
1718381374,127,52.4190714703842,127,56.415122962886585,127,52.63791998533176,0
1718382274,127,54.462544860109425,127,47.7963974227957,127,49.95065528630746,0
1718383174,127,57.70526097049352,127,51.39361327544414,127,53.149100409194105,0
1718384074,127,43.65151636904563,127,49.15471687980649,127,43.2350397026266,0
1718384974,127,52.125274707752844,127,59.72516703497712,127,54.95714242775683,0
1718385874,127,41.808733246355054,127,47.749349937480545,127,49.762680799209555,0
1718386774,127,41.65114544560908,127,56.572812437434465,127,45.914943786187195,0
1718387674,127,45.94410353502825,127,44.60789153565723,127,48.27172902016497,0
1718388574,127,52.49986759025188,127,47.675647168208236,127,46.333160381851265,0
1718389474,127,50.424337919776136,127,41.95939472738051,127,50.086824451316765,0
1718390374,127,49.94822246804635,127,54.234119053017736,127,44.29365176412774,0
1718391274,127,51.83076113769881,127,47.774873753207416,127,54.14546840515086,0
1718392174,127,55.98400129890236,127,52.73780355732531,127,50.43093217416051,0
1718393074,127,52.80091484072924,127,42.394237609387766,127,47.31494036849633,0
1718393974,127,47.017999336680944,127,47.39313596506174,127,55.02817903931469,0
1718394874,127,51.57686701610392,127,45.50400172606842,127,47.30162949285985,0
1718395774,127,54.79077416396407,127,47.12108055766653,127,44.74323103800094,0
1718396674,127,55.80561686661971,127,59.31731715399907,127,52.23872918534638,0
1718397574,127,48.77512673261847,127,57.885001945830254,127,48.842394790356984,0
1718398474,127,48.14849883683983,127,50.02821421288839,127,47.502687732044095,0
1718399374,127,50.14778102455729,127,49.97910566422162,127,54.14649343136946,0
1718400274,127,49.96528886953096,127,52.477191113810186,127,46.37602880850638,0
1718401174,127,55.84107146589722,127,50.372720915127175,127,50.47088640632528,0
1718402074,127,46.411958042774906,127,54.14006698386878,127,41.708905371832174,0
1718402974,127,53.21520863854295,127,50.6839632703118,127,53.52470918127578,0
1718403874,127,50.28568859296142,127,55.815615877027156,127,53.14834758467685,0
1718404774,127,49.67635461476912,127,43.60161064577672,127,47.05243350957546,0
1718405674,127,54.30540962506416,127,51.871882211496846,127,45.964025014413096,0
1718406574,127,56.53059984020761,127,45.59833172146892,127,49.96044164756604,0
1718407474,127,47.18313074122507,127,51.95601567174725,127,49.09188138268201,0
1718408374,127,49.20241269367496,127,45.83901366089621,127,51.48225880666646,0
1718409274,127,54.614909876332796,127,57.35077081171574,127,53.36821294685337,0
1718410174,127,52.76626326268219,127,49.4462636053456,127,58.64677858188797,0
1718411074,127,47.423165482366606,127,46.618059778814064,127,51.17073138092452,0
1718411974,127,47.473049511315324,127,49.25724733969086,127,56.019611159388376,0
1718412874,127,52.165107858729826,127,58.33649559128457,127,51.89929206665566,0
1718413774,127,52.99711764051722,127,48.152346132418174,127,53.04521130547878,0
1718414674,127,40.57144242620045,127,55.17873492928185,127,46.79519705523131,0
1718415574,127,52.540931619538654,127,54.1681438774999,127,51.23211688092244,0
1718416474,127,50.94614402133115,127,42.113085508777324,127,53.817826174059604,0
1718417374,127,58.35523650668247,127,48.13821674037175,127,49.532446800449044,0
1718418274,127,52.002327734810386,127,58.25815545668698,127,49.880424376701455,0
1718419174,127,56.73009639980212,127,49.721943213616846,127,53.50738965238889,0
1718420074,127,44.29500697860626,127,40.07529338238756,127,53.931592606884664,0
1718420974,127,50.52029196668213,127,47.44342559928897,127,46.92600451365177,0
1718421874,127,49.33280468737865,127,45.711060608378816,127,41.55165500313814,0
1718422774,127,50.151678878023645,127,55.174651976070834,127,43.05616130793701,0
1718423674,127,57.23255362148207,127,57.23109946859309,127,54.84776709629844,0
1718424574,127,45.101960266038866,127,55.299622375147315,127,48.091049603058075,0
1718425474,127,52.862901496149476,127,44.595630208928704,127,53.49683777462591,0
1718426374,127,50.29235558864901,127,47.4237404548275,127,48.113155420281174,0
1718427274,127,45.38423188236203,127,49.69637454096212,127,62.27758120281692,0
1718428174,127,38.961044853306596,127,57.52563912373244,127,43.86979261400366,0
1718429074,127,48.83521849875963,127,43.816550728210096,127,48.38518649184067,0
1718429974,127,42.9022582819011,127,49.08420267759331,127,58.95313022794583,0
1718430874,127,51.147771418585876,127,51.08981496905436,127,51.73578782187811,0
1718431774,127,51.15697215572099,127,49.69539518981899,127,49.46074641117743,0
1718432674,127,52.33251843204637,127,55.621997054549496,127,54.5874996862874,0
1718433574,127,51.04689583707626,127,58.19502351426106,127,43.40210319489011,0
1718434474,127,49.159826659901235,127,47.41329958940476,127,53.14802381174904,0
1718435374,127,55.464650685708264,127,42.46660680572066,127,56.34127176798832,0
1718436274,127,48.16500602602912,127,49.68574333316516,127,48.20574755935598,0
1718437174,127,45.848936736499724,127,51.27119921731321,127,48.22905271168131,0
1718438074,127,54.253604803895996,127,46.90190859709326,127,44.49622316181919,0
1718438974,127,52.507224590157854,127,45.696669346250665,127,52.249319801114126,0
1718439874,127,51.0959315670456,127,42.73708027568106,127,49.213341636984325,0
1718440774,127,48.16480034608041,127,55.97491774417428,127,56.39050214761979,0
1718441674,127,48.115277397853184,127,45.50052178801623,127,49.334770924847746,0
1718442574,127,39.44145633017004,127,48.025235890520435,127,57.07173625518504,0
1718443474,127,50.069493548384976,127,60.22837584501952,127,41.12780100444919,0
1718444374,127,49.95421549682666,127,36.58489397541669,127,48.58489201635502,0
1718445274,127,52.91732495021892,127,61.729936984837835,127,45.33169112081317,0
1718446174,127,44.72778203551222,127,54.989188463523504,127,54.06836971864731,0
1718447074,127,54.3528709172127,127,47.75474148664805,127,47.769864138770934,0
1718447974,127,45.790429383262754,127,51.29231062466572,127,51.27311046209701,0
1718448874,127,50.414746584353814,127,50.98621853329394,127,38.68134859172102,0
1718449774,127,48.350061222993666,127,40.357281286922706,127,55.13512236768162,0
1718450674,127,42.24644601232894,127,47.61604748487292,127,51.938426923264394,0
1718451574,127,54.90471347945159,127,46.754083172783254,127,51.01572672197104,0
1718452474,127,54.30668742646671,127,54.63967954048014,127,51.58303498955016,0
1718453374,127,51.79811717076032,127,50.27829966475723,127,63.30234099763063,0
1718454274,127,48.220152433943746,127,45.929714676861764,127,56.30494548793173,0
1718455174,127,53.504768837768985,127,58.01173790383574,127,41.566897589002856,0
1718456074,127,48.23021895690269,127,51.02669933420612,127,49.41332255246841,0
1718456974,127,50.43063711780076,127,32.55234657483389,127,47.51632749361633,0
1718457874,127,49.9273798804966,127,51.872183019662835,127,45.412316178005355,0
1718458774,127,42.71592004325331,127,53.93861365507218,127,53.484378483998945,0
1718459674,127,44.169698909663204,127,57.37598870115301,127,49.03082384819211,0
1718460574,127,49.86762830870987,127,43.36850400020579,127,50.11885129672725,0
1718461474,127,37.947818360246174,127,46.76140954200258,127,52.529973297351866,0
1718462374,127,51.75540697050415,127,51.93756307455409,127,56.0935928881351,0
1718463274,127,48.795953206410736,127,53.04448218090107,127,48.3453291391323,0
1718464174,127,59.16343001682888,127,51.18498883123603,127,48.3589184241197,0
1718465074,127,48.86263783376639,127,48.96333867861011,127,44.580560232281655,0
1718465974,127,39.07956703470607,127,47.66823844890916,127,60.10920220513022,0
1718466874,127,54.7249088195985,127,45.01051155520654,127,56.83124682140058,0
1718467774,127,58.574595676183655,127,48.64924743208425,127,45.77425681622698,0
1718468674,127,41.84760123205413,127,46.01964683405552,127,56.13852076443166,0
1718469574,127,41.07362532490222,127,56.24043749224014,127,48.00905806771058,0
1718470474,127,46.31647460796591,127,47.932380934689405,127,52.53954259758622,0
1718471374,127,50.45031692763529,127,43.5045234638042,127,46.51941537546148,0
1718472274,127,51.89018129663116,127,54.809837560484894,127,60.90904535607241,0
1718473174,127,52.11852308367318,127,53.420080805952445,127,53.49247842861438,0
1718474074,127,48.74287505154561,127,41.35310683415895,127,51.8338713214259,0
1718474974,127,55.66263235658737,127,53.84188287004037,127,44.235107819547885,0
1718475874,127,52.1619090437799,127,61.57591743081365,127,51.540529273839134,0
1718476774,127,46.87550086432667,127,52.523921925237005,127,53.24901085116313,0
1718477674,127,58.98938524569698,127,51.94988590146881,127,47.501138895819096,0
1718478574,127,49.21096821479658,127,40.16376514591505,127,48.412005723849575,0
1718479474,127,49.57183190852558,127,45.406162606741276,127,54.73147253152964,0
1718480374,127,49.05485499143626,127,50.263024043901666,127,53.83595300220514,0
1718481274,127,50.02606438413802,127,53.049904549513386,127,52.75398307523298,0
1718482174,127,43.321647930879315,127,55.592564007287315,127,44.5432808159903,0
1718483074,127,56.04573993247067,127,53.69990595649069,127,50.562571280984855,0
1718483974,127,39.51815704580585,127,48.73195153212767,127,42.54185147223961,0
1718484874,127,53.49414361996711,127,55.251562541138654,127,46.48206466816747,0
1718485774,127,47.67512399621573,127,51.89718710430942,127,53.830827982299134,0
1718486674,127,47.01386773860943,127,44.68830089018821,127,49.85784503248313,0
1718487574,127,56.50938513875659,127,45.285908676271816,127,48.87389549124606,0
1718488474,127,48.09333377052983,127,45.248678682155564,127,50.3838108391671,0
1718489374,127,53.84479622771435,127,49.60288114537582,127,51.2101711365399,0
1718490274,127,57.16826092714593,127,57.625489087851385,127,43.224699422901814,0
1718491174,127,52.71011397740499,127,53.79754218282659,127,50.92526256936702,0
1718492074,127,54.62886666687436,127,51.35100723565629,127,55.84841057157558,0
1718492974,127,54.05315444130789,127,44.58074106646148,127,52.36719338360175,0
1718493874,127,47.71714892808181,127,56.528841395050264,127,57.240371187956846,0
1718494774,127,47.36020290187891,127,53.23369979606537,127,58.27405504572783,0
1718495674,127,49.70582240770529,127,42.63949198553001,127,45.4978293083664,0
1718496574,127,50.482151794703974,127,46.75258186908265,127,43.7416368644136,0
1718497474,127,42.284859775475724,127,58.34971706549613,127,48.9404332108389,0
1718498374,127,48.091190897033684,127,51.9691803058232,127,61.95776883747643,0
1718499274,127,44.60735603464501,127,56.91650885847628,127,47.143826862591396,0
1718500174,127,50.45599943592788,127,55.00984125432381,127,52.19144879987061,0
1718501074,127,55.737062780832524,127,55.846977371645195,127,50.51594015813918,0
1718501974,127,53.9775014014828,127,56.702630952980634,127,50.104521016653855,0
1718502874,127,58.130010101156,127,51.9729588948497,127,48.08372062286528,0
1718503774,127,53.96223086094682,127,50.15615041718698,127,53.551393582272475,0
1718504674,127,41.18296481860874,127,43.028005484993585,127,46.11512687359085,0
1718505574,127,38.71448628852555,127,44.002696243776434,127,55.22524700756448,0
1718506474,127,51.634127301798394,127,46.554824216420585,127,39.85988476450512,0
1718507374,127,47.897763844725525,127,52.26566807160205,127,50.61976190501835,0
1718508274,127,44.72513820029978,127,47.90484660613319,127,55.47686174389549,0
1718509174,127,51.00935723336601,127,53.99395802996772,127,48.535288332837695,0
1718510074,127,49.161728012083806,127,52.98517159177531,127,43.61315759208802,0
1718510974,127,56.118163602956265,127,54.92021666058106,127,50.61287027030328,0
1718511874,127,55.98413799964132,127,48.292056719847835,127,46.797392673203085,0
1718512774,127,53.819309236372824,127,57.71823319995395,127,44.99682053691422,0
1718513674,127,50.569249701568886,127,44.62914811088042,127,42.294003189488095,0
1718514574,127,46.12483849138186,127,45.08795820178966,127,55.10475725926117,0
1718515474,127,53.77861110359859,127,55.26205296935144,127,51.267804458762164,0
1718516374,127,48.44351389652645,127,58.96649814645262,127,43.9303687353182,0
1718517274,127,60.47344907992467,127,49.95476486553765,127,53.22378167934321,0
1718518174,127,46.2027784025569,127,49.32252306744511,127,50.3303457025082,0
1718519074,127,44.66984736216284,127,54.093742869665114,127,48.20608861214562,0
1718519974,127,52.23594301871138,127,54.205591711665214,127,52.84662117015892,0
1718520874,127,42.591669064475006,127,46.15540940693285,127,46.10579129861412,0
1718521774,127,45.393825611281066,127,53.788045348838985,127,43.805346278440126,0
1718522674,127,53.025740723679014,127,44.12180857041647,127,43.60032412280054,0
1718523574,127,40.934142844122874,127,49.7275119236475,127,42.02620626286643,0
1718524474,127,50.96755996213785,127,48.129562245283104,127,44.057076568520706,0
1718525374,127,49.60380669163155,127,55.56282586909497,127,51.89689779575014,0
1718526274,127,52.92059630995088,127,50.285873446303576,127,49.43156844941273,0
1718527174,127,47.17354311970515,127,53.8899117351335,127,52.16365239179563,0
1718528074,127,44.5886622079075,127,55.13166116447414,127,47.56713555581876,0
1718528974,127,50.243775254178836,127,48.828103662906514,127,48.82188006431992,0
1718529874,127,50.12941406095966,127,42.25013987460483,127,51.41991876894671,0
1718530774,127,50.0726736469606,127,49.2780349328952,127,55.746934795884016,0
1718531674,127,46.86873152623886,127,41.40183571293655,127,41.43247274134637,0
1718532574,127,52.14761360383943,127,43.16861023957463,127,47.55204315936648,0
1718533474,127,51.246525228602195,127,33.44871433653994,127,52.102115890922875,0
1718534374,127,44.54471220606065,127,45.1206303290049,127,49.28161400059155,0
1718535274,127,39.0054464412406,127,51.50083605801044,127,41.288399494973724,0
1718536174,127,47.17382088949313,127,57.101613871430764,127,51.72732875866815,0
1718537074,127,45.75882239881642,127,44.99446983011278,127,54.28576950318237,0
1718537974,127,47.50374687365394,127,53.77660513394949,127,45.64805980766302,0
1718538874,127,53.727061136468635,127,57.37156413592132,127,48.008235556747934,0
1718539774,127,54.4963404500426,127,45.637964858692875,127,47.702521677088235,0
1718540674,127,48.55430137208246,127,58.23201798917497,127,47.09972598542421,0
1718541574,127,50.5961894908226,127,51.62589887832032,127,57.85954445233749,0
1718542474,127,51.216842715258295,127,58.11937639208159,127,54.58448549513975,0
1718543374,127,41.436229590352546,127,52.15515579515984,127,48.616862477640844,0
1718544274,127,57.972618126063445,127,53.530249871392314,127,48.71694994703968,0
1718545174,127,55.055301321103684,127,57.047294612790935,127,54.54000159144982,0
1718546074,127,60.875569377752264,127,58.027482803292315,127,54.80833261410775,0
1718546974,127,61.405474722624376,127,52.06063702515854,127,49.92330142489112,0
1718547874,127,48.459622227181896,127,57.183450350086694,127,47.98074423106673,0
1718548774,127,53.60099958815423,127,46.33628467166724,127,60.47461876331899,0
1718549674,127,50.196586802253506,127,61.08345263442514,127,56.24189955701955,0
1718550574,127,52.35568427119104,127,47.99459160151536,127,53.87675543623114,0
1718551474,127,47.41392497831809,127,51.520301941959175,127,48.74981288517003,0
1718552374,127,44.66525400668956,127,49.554315763589905,127,50.02797097453633,0
1718553274,127,45.113385705181,127,55.511597445866045,127,52.469249189660694,0
1718554174,127,47.22835077940404,127,50.453166090620876,127,50.25262450522437,0
1718555074,127,52.63382586761942,127,47.26194363749552,127,43.47522951739346,0
1718555974,127,54.28917900000464,127,39.85053142615649,127,49.16274468761016,0
1718556874,127,44.66446801303012,127,42.93922732735113,127,45.14548512982665,0
1718557774,127,48.42451697291926,127,59.622230395098924,127,52.46958263385323,0
1718558674,127,49.76738523289774,127,52.0989315286827,127,47.72255649883923,0
1718559574,127,45.55552632662763,127,47.58536649944516,127,40.092298004823576,0
1718560474,127,49.46973232554362,127,42.614791257532964,127,53.30563107086878,0
1718561374,127,45.99960987406665,127,49.995743813729995,127,50.45216205794273,0
1718562274,127,38.403349150896524,127,56.369241280570705,127,54.480174981614624,0
1718563174,127,51.66907920244317,127,45.72942819392603,127,51.58992972985315,0
1718564074,127,48.525765668211825,127,62.13128433293042,127,46.98620238601573,0
1718564974,127,49.431245312697946,127,51.95695206900146,127,42.52132210406603,0
1718565874,127,52.316003086715625,127,42.46916100801951,127,49.79686384071621,0
1718566774,127,56.83643909185634,127,54.54438680490608,127,50.14010081387277,0
1718567674,127,48.120369806138406,127,47.366854058644826,127,41.608305005182466,0
1718568574,127,53.94289116512705,127,51.94240747364492,127,52.75293854197618,0
1718569474,127,48.936157341795926,127,57.528663284110046,127,48.31241006977344,0
1718570374,127,47.79076704928069,127,53.834904477684866,127,52.32273094458922,0
1718571274,127,47.63305081490562,127,50.33330831169929,127,53.03069331885101,0
1718572174,127,47.565724423955615,127,52.024928952492225,127,41.708868986157306,0
1718573074,127,57.45615840818943,127,50.625897355647496,127,43.657472330992874,0
1718573974,127,51.7922988931927,127,49.96913705211723,127,50.59126491129336,0
1718574874,127,47.770037336889146,127,50.32483455426494,127,47.08610335201396,0
1718575774,127,45.04728343079552,127,45.41827371252237,127,58.86873196879591,0
1718576674,127,47.79007019061768,127,59.74038574668254,127,57.076273303352096,0
1718577574,127,54.94264106711778,127,46.022841668237554,127,46.66879083394981,0
1718578474,127,44.10498331582935,127,48.629247383430204,127,39.660501234110484,0
1718579374,127,51.633150157012594,127,56.65185361725923,127,48.566045296025365,0
1718580274,127,45.489096244225465,127,51.35735691993783,127,47.078451332458535,0
1718581174,127,56.04883775227345,127,51.48315476294725,127,44.68855613467538,0
1718582074,127,53.16685518252483,127,51.916933793509074,127,51.45867897341349,0
1718582974,127,47.448092284840655,127,48.37791428338729,127,56.288290982837815,0
1718583874,127,54.95656083051363,127,49.34145171420344,127,47.47018114992489,0
1718584774,127,55.542628640445415,127,50.76148432584229,127,55.82269802111806,0
1718585674,127,43.976053663724485,127,61.20760245237416,127,50.5048177985732,0
1718586574,127,49.40541282615064,127,48.37205295037626,127,42.45581327819873,0
1718587474,127,49.119272445809074,127,43.52072743933498,127,52.31599980426498,0
1718588374,127,42.784078895308966,127,49.59238727858288,127,50.13205716825342,0
1718589274,127,49.93260279597331,127,41.32016392008179,127,45.79718495282843,0
1718590174,127,49.914054411184104,127,42.39355358731251,127,43.36389665954466,0
1718591074,127,51.64752193710729,127,48.42012717109219,127,47.79747044949479,0
1718591974,127,43.61244833006097,127,39.669797531412826,127,43.02423453763106,0
1718592874,127,48.064468084171935,127,40.1822882789023,127,51.93919916262595,0
1718593774,127,51.120045633454616,127,46.84428093524744,127,55.570854710229874,0
1718594674,127,51.414849288368686,127,50.65974174378271,127,45.42317346622803,0
1718595574,127,57.175661281503,127,46.59398743318804,127,50.6738725936639,0
1718596474,127,54.144832053914214,127,49.1807535568882,127,45.62385365228312,0
1718597374,127,53.37097610922147,127,45.75929883459251,127,47.90515852214426,0
1718598274,127,45.882533283550295,127,51.43824935227321,127,50.27662126997108,0
1718599174,127,43.20900734512631,127,50.862671580688534,127,57.12880033851452,0
1718600074,127,51.53844879568529,127,46.95151995353562,127,46.69800781994382,0
1718600974,127,51.32851024303408,127,48.312454058725336,127,55.09659521198353,0
1718601874,127,51.53427265014908,127,51.52484938070196,127,45.996121288835084,0
1718602774,127,42.72506301297722,127,46.30751430414306,127,43.26495931326484,0
1718603674,127,40.84294700665082,127,50.359532912078784,127,47.71448835416594,0
1718604574,127,55.39624618339576,127,61.429553308716606,127,51.13953820410884,0
1718605474,127,45.0540919042219,127,46.950175266858,127,46.734298679893676,0
1718606374,127,52.48865303618623,127,54.13150821665507,127,59.0789861575695,0
1718607274,127,38.21913083923846,127,53.517340333638465,127,51.608456837309305,0
1718608174,127,48.86379164996218,127,45.98643179013003,127,36.09511610722343,0
1718609074,127,46.371360641326646,127,48.86343731166186,127,51.452657141289,0
1718609974,127,48.3923429629359,127,40.97203069222732,127,57.1715866398667,0
1718610874,127,45.47557238502492,127,50.95258108278298,127,50.234482820384756,0
1718611774,127,54.24043647584586,127,58.54266454848884,127,52.16637951286939,0
1718612674,127,48.18566377379092,127,46.63235534933354,127,44.41832666809485,0
1718613574,127,56.997219529406564,127,47.75758493406338,127,45.49359395456912,0
1718614474,127,47.69990938059395,127,47.83412701808238,127,50.76941404234444,0
1718615374,127,61.34516111792314,127,49.03110975472129,127,50.50783470743112,0
1718616274,127,47.4995045423413,127,50.54592654583188,127,53.117334286669745,0
1718617174,127,47.876639189313174,127,49.693027399140085,127,45.54927476189478,0
1718618074,127,44.30132820036182,127,45.59554022962545,127,44.83396182963007,0
1718618974,127,44.20023559341422,127,50.29127975075951,127,57.22984309267268,0
1718619874,127,50.6190587464277,127,40.08619971783298,127,42.42065550573345,0
1718620774,127,46.64483454531075,127,40.94077999183161,127,41.881008450010086,0
1718621674,127,50.339636733893485,127,43.47952854549699,127,51.50911375777028,0
1718622574,127,55.953670973423904,127,49.7924098295403,127,34.65449847400494,0
1718623474,127,43.140062973221305,127,55.33169015743241,127,52.406266688028474,0
1718624374,127,52.15504832432262,127,57.41426120071601,127,47.10136594878462,0
1718625274,127,52.29105029769206,127,46.899423972075844,127,50.54825010474374,0
1718626174,127,46.50287178754471,127,51.96163836328689,127,57.93204545538541,0
1718627074,127,45.38982753627821,127,36.80847597201456,127,50.98615002753067,0
1718627974,127,41.112091143928794,127,58.44912207894169,127,52.854996990965574,0
1718628874,127,47.277315252379026,127,48.975087553258845,127,47.77189724556411,0
1718629774,127,52.42169623237897,127,42.98943804194543,127,44.42577639905801,0
1718630674,127,56.99460375559111,127,49.446349197205855,127,59.988588879719664,0
1718631574,127,50.02411484346584,127,53.402468877360484,127,47.528067071553785,0
1718632474,127,50.02797712095802,127,45.91049525257455,127,53.07558880609222,0
1718633374,127,58.73550117719546,127,52.814180321147205,127,46.93210653620427,0
1718634274,127,50.99149271335877,127,51.90682595029631,127,50.78974305977969,0
1718635174,127,46.33573132843803,127,49.624728509763315,127,49.08778816091773,0
1718636074,127,55.027074514918496,127,49.885855109341506,127,48.256400478436326,0
1718636974,127,44.52974526966039,127,46.38873461720951,127,46.954008886402306,0
1718637874,127,46.98175676252917,127,48.974701160322866,127,55.65637043074529,0
1718638774,127,60.34083259765306,127,55.93221868769275,127,48.88155492868206,0
1718639674,127,45.68719745410399,127,46.36821494097815,127,51.517887502247596,0
1718640574,127,50.321122696630006,127,52.168520451997125,127,48.630362292319376,0
1718641474,127,48.018547671442256,127,54.201741591755834,127,55.24455137630607,0
1718642374,127,47.53127283185115,127,47.38898758783726,127,63.05832672084354,0
1718643274,127,50.6764928332103,127,50.3093172324054,127,48.48768311200677,0
1718644174,127,45.856605687955266,127,50.7256099469093,127,52.94042244119453,0
1718645074,127,46.952554371310654,127,51.609618193405424,127,43.152147978342136,0
1718645974,127,49.70741147195772,127,50.850326533476625,127,52.48234864623662,0
1718646874,127,45.33947677011138,127,49.24629164016117,127,48.31935902200624,0
1718647774,127,40.2669814644593,127,55.864555787290705,127,48.63044684798582,0
1718648674,127,58.15658933259667,127,49.33539617634587,127,51.01917447074609,0
1718649574,127,46.35452922161315,127,54.21177383312751,127,49.23891207424158,0
1718650474,127,50.35645571537593,127,54.8492262492321,127,46.477095996058495,0
1718651374,127,48.21948329281479,127,50.44182908822953,127,47.848960776730884,0
1718652274,127,43.760640684059624,127,52.49471063223963,127,41.16501746726965,0
1718653174,127,47.90054302350572,127,53.48772092744739,127,52.369304196512054,0
1718654074,127,49.67445507277698,127,55.111275798871546,127,47.24009704867922,0
1718654974,127,48.305341686874286,127,57.88204529781028,127,46.47323061874162,0
1718655874,127,43.555980607259805,127,51.61733656129863,127,49.29133023485554,0
1718656774,127,54.63926226057627,127,48.86290111354012,127,53.75422562496047,0
1718657674,127,57.233166325957946,127,53.24413460041214,127,45.02268571704669,0
1718658574,127,46.67396040916375,127,51.43243451380305,127,48.1634830284548,0
1718659474,127,42.52091447878616,127,51.16350381231346,127,42.25996591103079,0
1718660374,127,43.1847427348853,127,47.778225641620814,127,58.01230467273376,0
1718661274,127,44.97335084885057,127,53.67408925144433,127,54.40024414733229,0
1718662174,127,54.20953124549783,127,50.497689925398646,127,48.87567714603631,0
1718663074,127,47.352910119763536,127,51.5801603017569,127,50.462002218621656,0
1718663974,127,47.97848161569074,127,54.47570140078381,127,43.900586049022614,0
1718664874,127,49.66563863536215,127,52.45861093206029,127,52.94479342517937,0
1718665774,127,40.637250562284436,127,41.0056828185897,127,51.57564955167073,0
1718666674,127,43.34414655981676,127,47.568488661748596,127,48.34240005859559,0
1718667574,127,49.02891671116489,127,58.75879007925345,127,51.184218838528196,0
1718668474,127,52.82836552246215,127,49.858671601813235,127,58.911836948352764,0
1718669374,127,49.13976017074713,127,43.218746431954145,127,55.080842143227265,0
1718670274,127,45.409216045974816,127,46.61433881416522,127,48.66098199761021,0
1718671174,127,46.79245313979251,127,45.046809519103185,127,56.673236641443474,0
1718672074,127,46.33991018937627,127,53.46674236049138,127,48.44744379252399,0
1718672974,127,50.46885100922221,127,52.68428768488245,127,50.06504226310492,0
1718673874,127,45.163305645733466,127,52.69323529618314,127,50.502594926608936,0
1718674774,127,60.16243293435777,127,56.02772678952357,127,54.11041963305647,0
1718675674,127,42.219989538563794,127,50.94123275652851,127,58.06746743468295,0
1718676574,127,49.71005812665066,127,47.85295641100604,127,61.58218707230937,0
1718677474,127,56.73400992834111,127,53.511216919726365,127,51.38973864202463,0
1718678374,127,47.49829759628414,127,54.47266485917585,127,51.03724253074347,0
1718679274,127,50.08325964008715,127,54.679277388038244,127,48.37505460751762,0
1718680174,127,57.34928331423695,127,47.91656897592095,127,47.08811290350546,0
1718681074,127,53.342465555320786,127,50.14032458696648,127,48.32195312215793,0
1718681974,127,52.65908033317358,127,42.60688023152257,127,44.92598578892313,0
1718682874,127,55.92480977965409,127,51.19587259413137,127,46.90587412194719,0
1718683774,127,55.1432525688376,127,46.49477179224467,127,47.140214448951745,0
1718684674,127,50.776831145102584,127,55.3445161346403,127,50.0708346802661,0
1718685574,127,49.591036642493066,127,56.435748063732134,127,54.48668527660592,0
1718686474,127,55.16770381641514,127,52.65587157182389,127,51.084019150593065,0
1718687374,127,51.85550891034329,127,46.369132980525336,127,46.58169656167882,0
1718688274,127,47.84834968015891,127,45.188255604065105,127,48.883761673639206,0
1718689174,127,35.95936249303437,127,49.34467031996094,127,49.32298325178766,0
1718690074,127,56.59971397819922,127,47.813790540004035,127,51.999503306821204,0
1718690974,127,36.493193189046764,127,51.30968214362782,127,50.75350154627566,0
1718691874,127,50.35775348796619,127,54.14493178834615,127,56.20089184788493,0
1718692774,127,44.72627255605571,127,49.93053624435796,127,44.487101652698826,0
1718693674,127,43.24778927593897,127,57.34889995959116,127,47.96254870591265,0
1718694574,127,44.39632588726128,127,50.493394241818685,127,51.62303553272215,0
1718695474,127,45.8038624409932,127,55.29114815601782,127,51.117572610334584,0
1718696374,127,47.30125473826324,127,55.84438846883836,127,51.00494591230706,0
1718697274,127,50.51952333080683,127,44.995369246288064,127,45.62545371854661,0
1718698174,127,48.65740946929717,127,44.84491256173605,127,47.97508529726408,0
1718699074,127,34.39746146698886,127,48.45089761486255,127,52.967642739130994,0
1718699974,127,50.95157856781243,127,55.90207926242422,127,48.26327101220714,0
1718700874,127,54.0749696469528,127,46.193946260848364,127,45.86853132570147,0
1718701774,127,53.46224750644736,127,43.317177762636604,127,46.05382470299693,0
1718702674,127,50.67170919985142,127,53.96303170624127,127,49.33875290966423,0
1718703574,127,47.85626408675584,127,48.17854460683171,127,50.65193040431681,0
1718704474,127,49.290957189394575,127,42.043741672929194,127,49.861968546587256,0
1718705374,127,52.18063120747413,127,55.04770424612556,127,49.62529186893563,0
1718706274,127,51.14280135222301,127,49.084397113244435,127,49.76960941406209,0
1718707174,127,51.392475329266404,127,40.96179738244352,127,48.375473002140346,0
1718708074,127,46.46406909729481,127,44.3360660882333,127,49.649753328360696,0
1718708974,127,59.36387012897207,127,45.48355495446345,127,47.825197004718454,0
1718709874,127,52.05216674504163,127,53.15814271206459,127,55.03832241814192,0
1718710774,127,45.61434077354042,127,45.15898927118426,127,52.488180520279265,0
1718711674,127,54.04551044315237,127,49.59272652687723,127,50.79398993720716,0
1718712574,127,52.548998011589795,127,52.94148838856757,127,52.65446565945336,0
1718713474,127,49.575259640293055,127,57.713611198141386,127,48.003089963205156,0
1718714374,127,46.638843256466096,127,53.398660837792534,127,51.638567522543084,0
1718715274,127,49.95705165376749,127,48.16917684302187,127,45.463881445803686,0
1718716174,127,47.68834848754757,127,48.988395009102476,127,53.29977928818457,0
1718717074,127,46.2300631224173,127,54.00982044610369,127,49.451727749334914,0
1718717974,127,50.093908468452206,127,48.52848367850607,127,55.52459275396609,0
1718718874,127,54.25039920563145,127,45.954782366758636,127,45.08489663345562,0
1718719774,127,48.73315826580662,127,57.81238163263456,127,45.97874715178612,0
1718720674,127,50.49796913311496,127,44.848369452929056,127,55.36585440734332,0
1718721574,127,52.56325150213513,127,48.06464279032111,127,44.7635782454104,0
1718722474,127,51.53861515968996,127,41.14198823449173,127,49.148321025956584,0
1718723374,127,48.095312822039446,127,51.16005045973447,127,44.9111578460294,0
1718724274,127,56.123023449922385,127,46.78164850338129,127,48.909320360999374,0
1718725174,127,57.71029843509349,127,43.905842230119895,127,52.95653924436332,0
1718726074,127,44.652388214836144,127,44.61297979101626,127,52.22447525048554,0
1718726974,127,55.6447821674361,127,43.83891573094833,127,45.01927441135742,0
1718727874,127,50.62669139691336,127,43.571055796315626,127,54.01538987115585,0
1718728774,127,52.79158176423075,127,46.609549233322234,127,49.853721594479,0
1718729674,127,53.07837013499933,127,53.31873090461786,127,48.70339526690305,0
1718730574,127,50.78856415331249,127,46.87238793830453,127,47.41715083184452,0
1718731474,127,56.717045515120866,127,49.31311513500593,127,54.2788813983135,0
1718732374,127,53.84966492340122,127,50.291560939722004,127,42.28174055470014,0
1718733274,127,56.483133543629826,127,52.91192445136685,127,48.47082520899319,0
1718734174,127,49.34959952709131,127,48.040378810824635,127,44.038757181852816,0
1718735074,127,44.77842011373113,127,42.2351574611884,127,36.017782334404615,0
1718735974,127,56.26146424320486,127,56.14642377491066,127,48.75158007252882,0
1718736874,127,41.56203426252225,127,48.916621614866735,127,44.31657283392404,0
1718737774,127,55.67404640175741,127,55.14615514097054,127,51.4657029476532,0
1718738674,127,49.79921325440579,127,45.415741076627114,127,65.60437393442645,0
1718739574,127,34.876472598469675,127,50.576668244735494,127,48.70467508059464,0
1718740474,127,47.09193782302131,127,59.17961194076349,127,54.180780400689585,0
1718741374,127,56.862033575039966,127,59.66018178084996,127,45.65023251079608,0
1718742274,127,51.66152241975615,127,54.62726782746096,127,54.59538414706746,0
1718743174,127,60.19071051832826,127,55.45733182288402,127,53.699794597612204,0
1718744074,127,53.2055352855811,127,50.58927077212701,127,45.72997749264539,0
1718744974,127,56.02342037583961,127,41.25078545948403,127,50.8447850503952,0
1718745874,127,46.23296727424257,127,42.95989759086695,127,56.55048188756189,0
1718746774,127,60.8052653804694,127,46.79712929009832,127,44.47519479601966,0
1718747674,127,47.275060880319565,127,48.56965400262854,127,51.625449023612774,0
1718748574,127,45.39958114330397,127,54.9422293890223,127,47.33318480674553,0
1718749474,127,46.57410088963396,127,44.99816135782795,127,42.35332288086879,0
1718750374,127,50.310756518968816,127,49.7109574911909,127,53.136498144535025,0
1718751274,127,60.309303502723864,127,48.60275034899926,127,47.759950659303335,0
1718752174,127,50.85401663100107,127,54.24423771380347,127,49.76996149688846,0
1718753074,127,55.60017818979475,127,51.929454744691164,127,49.26843413240073,0
1718753974,127,45.749952498520486,127,55.93832478766657,127,54.14357255213975,0
1718754874,127,48.10596522830673,127,51.34998344265481,127,53.92056039560965,0
1718755774,127,54.81054704967488,127,55.44304291511211,127,42.89604223144205,0
1718756674,127,54.33992984572614,127,55.68509694056663,127,55.73904881221855,0
1718757574,127,49.55369124406139,127,52.21026646005111,127,52.18428730733322,0
1718758474,127,49.19166704874401,127,56.10382664340712,127,51.602920022188854,0
1718759374,127,43.109064097657466,127,47.2802719187437,127,53.31627153823585,0
1718760274,127,48.65677929099406,127,44.98094184453612,127,49.4925612299951,0
1718761174,127,52.751966032948644,127,43.05041205818233,127,50.00517887713162,0
1718762074,127,57.86686655268179,127,52.16774339797245,127,50.22823473060206,0
1718762974,127,59.56408891795769,127,63.078842881019526,127,51.77532600433254,0
1718763874,127,63.51918459104377,127,55.08128000145104,127,53.283583791702,0
1718764774,127,57.3569608309831,127,43.44118596864418,127,55.10794992470393,0
1718765674,127,45.483457591533025,127,49.3669773552784,127,42.80307718983261,0
1718766574,127,56.31952836941833,127,53.79459204595731,127,54.36207029335022,0
1718767474,127,51.976048767900096,127,60.99603574811175,127,47.21810885984566,0
1718768374,127,55.16515488465633,127,61.433696186353785,127,46.97618152065394,0
1718769274,127,58.896337549514364,127,45.96327730326601,127,52.43899902462825,0
1718770174,127,48.947973380467516,127,46.49183976298144,127,57.21700106986281,0
1718771074,127,50.116791921989915,127,52.28148683343781,127,47.6241583455788,0
1718771974,127,52.45377357800533,127,49.352797613023164,127,52.69124591234238,0
1718772874,127,43.11757008093208,127,43.40975315920431,127,53.29923448556672,0
1718773774,127,45.1157544554303,127,47.195930518248716,127,53.58819550081826,0
1718774674,127,55.875277397842495,127,49.45608052929757,127,54.30392445803257,0
1718775574,127,50.118424415425544,127,42.17494111176701,127,45.86807118321981,0
1718776474,127,51.18828756574358,127,48.39179194849239,127,49.690902038059264,0
1718777374,127,52.972687365153064,127,51.61154598764521,127,57.169422974769596,0
1718778274,127,41.201621072360695,127,50.26070558750739,127,53.3906939914657,0
1718779174,127,43.802502281673384,127,45.112273136008696,127,58.927649153841045,0
1718780074,127,52.37715111051287,127,55.358112807539314,127,49.540219722764476,0
1718780974,127,55.086118993907476,127,48.14526627861799,127,50.58768859927587,0
1718781874,127,51.762026302990186,127,49.58414590252875,127,42.54157838633063,0
1718782774,127,49.74800099199771,127,46.700387857606,127,48.586654537261204,0
1718783674,127,58.50316063950501,127,46.84142557507943,127,48.33221935643887,0
1718784574,127,40.64681053563755,127,52.209329146745695,127,45.27938179134164,0
1718785474,127,48.108378422844986,127,45.036040887811915,127,48.2264127617077,0
1718786374,127,46.8847104725874,127,51.00607327450286,127,47.692249061269735,0
1718787274,127,53.110749509441646,127,48.74437608446933,127,42.99583430945682,0
1718788174,127,51.576604654700105,127,49.33604327652853,127,40.34675974782241,0
1718789074,127,51.44421470366715,127,49.23360701662773,127,46.28417877390956,0
1718789974,127,51.94695225742009,127,52.50192358562704,127,52.79362108773516,0
1718790874,127,46.49716912479729,127,47.4247090702405,127,53.217842150231846,0
1718791774,127,51.62440999012035,127,45.848001367604176,127,46.77414751776884,0
1718792674,127,42.18318961653927,127,52.21841055670645,127,47.08266581690082,0
1718793574,127,57.03920085651611,127,54.83045346058371,127,48.58746215639149,0
1718794474,127,35.25674641312333,127,52.31254760037355,127,51.531509819513225,0
1718795374,127,47.66559112733747,127,45.633810307362715,127,48.4109569934006,0
1718796274,127,56.57835196874757,127,55.866506862651306,127,50.0695232562945,0
1718797174,127,46.13360091989407,127,58.07722571276114,127,46.310008782226504,0
1718798074,127,51.03266916852275,127,45.22829750903305,127,54.020243806723684,0
1718798974,127,47.90644599514664,127,56.55069246674179,127,49.718711418814564,0
1718799874,127,55.19851545068068,127,54.04368200293501,127,55.18848750086906,0
1718800774,127,53.10365758160125,127,49.8161376498111,127,50.516350229146596,0
1718801674,127,46.16792097379966,127,53.889884248518634,127,41.40290219901612,0
1718802574,127,45.018915053428515,127,47.70004863583445,127,44.63119283065907,0
1718803474,127,52.46220231604168,127,52.531496303787854,127,38.118471714819165,0
1718804374,127,51.628391930973756,127,55.14752520029436,127,44.5182080997321,0
1718805274,127,55.25448337424934,127,61.065523097466425,127,48.489679548355085,0
1718806174,127,51.64037613890315,127,49.92873472146131,127,50.370587617851,0
1718807074,127,51.616488225238975,127,59.25554778530332,127,49.53391173419739,0
1718807974,127,49.12640570363202,127,40.11301683167966,127,54.1063966902978,0
1718808874,127,56.85497587190184,127,56.50856896008561,127,52.60680754506888,0
1718809774,127,40.754149952835036,127,38.65894036098034,127,53.866977561340114,0
1718810674,127,51.093753398550824,127,56.75768641333254,127,47.01058474144597,0
1718811574,127,49.0697541979813,127,53.87548413090902,127,44.19288073089513,0
1718812474,127,52.57534943388953,127,38.44242216392835,127,44.01694424145783,0
1718813374,127,50.900965973668555,127,51.36316873915564,127,49.15385459768653,0
1718814274,127,47.02391939694357,127,50.00261856660281,127,53.04420785503845,0
1718815174,127,48.18052232868257,127,38.94046589317455,127,46.956231246407235,0
1718816074,127,54.453500546910846,127,46.123480536193405,127,50.98467395214016,0
1718816974,127,52.10353245385352,127,45.83458850270483,127,50.24194256165463,0
1718817874,127,59.77495393376465,127,41.829055151737144,127,50.73712571469264,0
1718818774,127,51.81856878641713,127,54.75599816571743,127,44.473838208995446,0
1718819674,127,45.02301197957603,127,42.56695735170971,127,48.537503187296245,0
1718820574,127,49.62167122380808,127,54.17347206563706,127,49.88712943035881,0
1718821474,127,39.579697513493755,127,52.47476825043536,127,48.0925633189999,0
1718822374,127,55.80665519343613,127,48.32278648267986,127,44.98027894734179,0
1718823274,127,44.20007612274244,127,62.632500534675756,127,48.4043035189802,0
1718824174,127,51.94217765778689,127,50.51657241520432,127,57.16519805565687,0
1718825074,127,49.92080747870001,127,47.27385219903157,127,49.452081608527514,0
1718825974,127,46.323639741929995,127,45.38648175531961,127,50.387215120866564,0
1718826874,127,50.476516417707764,127,48.136304695107626,127,44.67569711297168,0
1718827774,127,48.5174490051063,127,54.03200369856435,127,54.32015919318061,0
1718828674,127,55.30741823055919,127,47.63366957462806,127,45.13280441129484,0
1718829574,127,47.79533579077962,127,47.54637613278599,127,47.86988878795681,0
1718830474,127,48.39289447537166,127,43.653671172039324,127,46.57825173414913,0
1718831374,127,44.77483446474677,127,54.633995760183964,127,55.02164539836204,0
1718832274,127,40.28317169491078,127,49.38270231190637,127,49.82063339602435,0
1718833174,127,44.61051438083896,127,54.215191953691544,127,41.85109590650423,0
1718834074,127,52.336050384236216,127,50.65133067372392,127,43.475910801391585,0
1718834974,127,53.583057539624804,127,47.79729605456339,127,41.72185297859875,0
1718835874,127,46.230565486820296,127,45.97300494637718,127,58.69908262045875,0
1718836774,127,54.23528295141892,127,44.83969696155084,127,53.24929510226892,0
1718837674,127,53.06425102937656,127,48.951206462668665,127,58.634195160759774,0
1718838574,127,47.83277612524424,127,45.11253267719468,127,50.086672458080585,0
1718839474,127,45.74002581247552,127,48.6316114478861,127,55.91139032929725,0
1718840374,127,46.235431728733424,127,56.46893126696457,127,47.82894064699623,0
1718841274,127,47.60827848876174,127,49.3162819821912,127,55.824434902039904,0
1718842174,127,43.19635611126343,127,43.87601403463163,127,52.53126146472321,0
1718843074,127,48.249095756194286,127,38.05377285674373,127,48.223461754306236,0
1718843974,127,50.3928956689195,127,47.65774423403133,127,45.43075967180262,0
1718844874,127,46.24204297631088,127,51.95523338740888,127,59.316619898068424,0
1718845774,127,50.49189435832391,127,47.23519920172453,127,45.903702182857664,0
1718846674,127,50.061642776429224,127,54.52576809670264,127,47.35175246886426,0
1718847574,127,53.09688139648288,127,46.212322620735485,127,46.705686006434696,0
1718848474,127,57.24148282240144,127,50.902258866009596,127,49.51522680539411,0
1718849374,127,45.71921100949829,127,49.18177844442829,127,53.999446683552954,0
1718850274,127,52.28583894911618,127,49.76180569590582,127,42.78696543144408,0
1718851174,127,49.12885611810455,127,47.383090007417806,127,53.94187931637008,0
1718852074,127,51.92609464667576,127,51.545563046247764,127,52.71531715937782,0
1718852974,127,52.36866943977216,127,44.54136311596393,127,44.54934074931771,0
1718853874,127,52.035056026627146,127,45.45771451827742,127,46.141008699130346,0
1718854774,127,50.09617951469572,127,54.53080052072486,127,52.56317715291901,0
1718855674,127,43.016085423971056,127,53.88724759229972,127,52.688427144942956,0
1718856574,127,50.55588263140377,127,45.65641039877155,127,46.67606503424563,0
1718857474,127,49.605907284163635,127,48.53123607861717,127,40.12870117526867,0
1718858374,127,54.764252454996296,127,46.80458088664896,127,56.35363065405038,0
1718859274,127,46.658845068217765,127,52.35765934132109,127,39.52867685334843,0
1718860174,127,58.954294789211914,127,51.037074977264425,127,47.844350262495546,0
1718861074,127,52.34829613312121,127,46.72598242216167,127,52.4293660189116,0
1718861974,127,44.23846533764846,127,52.79815660960085,127,42.548894199136555,0
1718862874,127,41.00200497164414,127,58.31146349145058,127,48.87747987618084,0
1718863774,127,47.365469698384544,127,49.785780813872194,127,43.60363616169193,0
1718864674,127,46.261725736651755,127,50.46925587850554,127,54.165559762163156,0
1718865574,127,56.53010096792532,127,51.96938184554139,127,54.96188474892573,0
1718866474,127,41.594472115734696,127,44.35241186447529,127,51.3672445085194,0
1718867374,127,41.651270362524144,127,46.807719624433766,127,54.97473849032946,0
1718868274,127,47.468796293006626,127,55.017140607389074,127,50.49700885034872,0
1718869174,127,49.638097521384005,127,49.88645539496342,127,60.87874230851208,0
1718870074,127,50.516837246135346,127,43.51898821050753,127,58.14911687194375,0
1718870974,127,50.15541687627711,127,50.02170394529513,127,46.07392659341467,0
1718871874,127,46.100803380383894,127,46.05854399201535,127,44.582355345909704,0
1718872774,127,51.51900243629079,127,49.53945203993035,127,42.68708673144119,0
1718873674,127,42.06773025858457,127,44.79925546976683,127,51.78900349636599,0
1718874574,127,46.7801237267308,127,53.06150221855673,127,45.69866863195506,0
1718875474,127,49.66008034621161,127,40.12216038506726,127,55.29145565158589,0
1718876374,127,50.498900118221925,127,44.2111585590317,127,42.29332654393152,0
1718877274,127,48.080959358339925,127,52.10500120877633,127,52.32138203194705,0
1718878174,127,49.8300723497836,127,50.649430328690215,127,48.057674442500506,0
1718879074,127,45.56703247475614,127,41.92838099295638,127,68.02829356121418,0
1718879974,127,50.73123201240825,127,57.60666421042063,127,44.68393278298,0
1718880874,127,47.16802757374562,127,49.0239895951094,127,43.48224434893265,0
1718881774,127,49.78188353968356,127,47.55849429123754,127,44.70920947915824,0
1718882674,127,58.20190770888536,127,48.7265925353193,127,51.93726190571894,0
1718883574,127,51.38864897951541,127,55.89481514004222,127,48.51803436035078,0
1718884474,127,38.350282779827616,127,44.858035698103606,127,52.080747221846366,0
1718885374,127,53.503205287363784,127,58.590235819159005,127,55.14735960375197,0
1718886274,127,54.2496539687914,127,49.02131751969782,127,39.56310895190968,0
1718887174,127,45.133734630073704,127,51.75864253127925,127,53.14101474929413,0
1718888074,127,53.90970629413863,127,46.58397560274997,127,44.86663059526024,0
1718888974,127,57.52860977878642,127,45.33416331051825,127,39.864642352671474,0
1718889874,127,46.14491117233534,127,46.79380037073547,127,48.91179927008586,0
1718890774,127,59.980354725753244,127,50.65607294009411,127,53.69712816771789,0
1718891674,127,56.90201430472638,127,34.38156262695259,127,54.24428286551667,0
1718892574,127,53.915103337647324,127,43.54129529787935,127,52.46273374152785,0
1718893474,127,50.79369059210306,127,44.41762633489947,127,57.825916239071915,0
1718894374,127,44.51107995172599,127,46.69395343783512,127,59.47389900671292,0
1718895274,127,46.17323795919094,127,48.49366955497863,127,52.35968496466472,0
1718896174,127,45.5402148460972,127,50.57526550825059,127,51.38129436111724,0
1718897074,127,47.579234316128485,127,56.57188288690194,127,51.34848862678217,0
1718897974,127,48.93402145944989,127,46.708275152950506,127,43.28740026364136,0
1718898874,127,51.38159414051995,127,55.86891730106456,127,45.9431606394932,0
1718899774,127,52.40421413409128,127,45.6040739540281,127,51.31748406388819,0
1718900674,127,46.79458476163759,127,49.593792787102586,127,46.59294212202846,0
1718901574,127,57.55213150959574,127,52.58895414026355,127,46.608268290786555,0
1718902474,127,49.37161473896842,127,48.52522730072759,127,46.20613950959198,0
1718903374,127,45.67310248920485,127,51.93043115907139,127,56.08283822282735,0
1718904274,127,56.33558664688496,127,51.42623529539019,127,47.36890490263448,0
1718905174,127,56.08024545169111,127,48.51587374480448,127,53.076653472201514,0
1718906074,127,46.619779174027585,127,49.60162001921888,127,55.26613405484545,0
1718906974,127,56.77171373753046,127,57.60335472028904,127,48.63282509659108,0
1718907874,127,58.03413604857948,127,43.92048365936681,127,52.085098653724685,0
1718908774,127,47.75173580539021,127,52.9133177250401,127,49.01463873943906,0
1718909674,127,48.75196165144989,127,43.77487193300228,127,49.01747238056471,0
1718910574,127,47.36407612232635,127,52.18595994074296,127,39.424493093845996,0
1718911474,127,48.69563265431941,127,50.0763508609544,127,52.861866850140416,0
1718912374,127,50.34076879560145,127,50.30699299364242,127,51.7056198888424,0
1718913274,127,43.615826981793944,127,51.666331423298644,127,52.71521355851847,0
1718914174,127,49.78395420695243,127,58.392864128182325,127,46.14207493571484,0
1718915074,127,49.142601801698305,127,48.16276712293146,127,53.1030077731896,0
1718915974,127,41.585596839617466,127,55.79982487193624,127,52.370664397596606,0
1718916874,127,54.24710313593854,127,55.327591766381886,127,54.3322128543658,0
1718917774,127,54.27115410243353,127,51.26534347941949,127,57.304000831845435,0
1718918674,127,42.67947807161681,127,54.93330887428254,127,58.51625166959092,0
1718919574,127,54.6052254104615,127,54.00744136670978,127,51.661210862090336,0
1718920474,127,42.48815079440613,127,48.24726858080374,127,50.194928197410235,0
1718921374,127,50.415500251488155,127,48.071406175002025,127,42.32007161446684,0
1718922274,127,56.307822189638344,127,56.379313192208144,127,50.74019912607647,0
1718923174,127,56.47723024992689,127,46.069896397771736,127,44.069960887323575,0
1718924074,127,38.969029098602945,127,44.76485206186093,127,51.676123840894064,0
1718924974,127,52.651246345813114,127,49.79735431077894,127,57.06000093608715,0
1718925874,127,52.008145176991285,127,49.23042282052807,127,54.562596421218814,0
1718926774,127,47.27699781842942,127,56.09134449422217,127,45.56781747474196,0
1718927674,127,55.959102848594135,127,55.02275043779888,127,41.811748238552774,0
1718928574,127,54.68036273750517,127,43.96351298894634,127,46.16964957469014,0
1718929474,127,52.65745534567376,127,45.53366098256235,127,55.94520032559226,0
1718930374,127,51.59352931005798,127,58.105083723490495,127,52.07871990482467,0
1718931274,127,47.776690002211694,127,46.57769886698033,127,45.92717252582832,0
1718932174,127,53.265605746481214,127,54.07905424094489,127,57.399117063310634,0
1718933074,127,52.00319755717487,127,46.16678594703237,127,54.627055853896366,0
1718933974,127,48.257990107981655,127,44.265346208517705,127,46.48168106367892,0
1718934874,127,49.778886504032805,127,48.80889844639861,127,52.05673441620106,0
1718935774,127,47.10507378746028,127,53.560154488454984,127,46.992394781615005,0
1718936674,127,44.30381201675568,127,55.58871546188974,127,52.29737939869388,0
1718937574,127,57.957258060195805,127,44.69059397124269,127,45.89236956750273,0
1718938474,127,46.25292257397249,127,53.516281606957456,127,49.38282427261528,0
1718939374,127,50.35090927947665,127,47.22322754364432,127,50.38059576940414,0
1718940274,127,51.66968177938296,127,39.04049224264868,127,48.44173594707316,0
1718941174,127,54.08254310363396,127,51.449997673950044,127,51.43420484096043,0
1718942074,127,60.56216872556392,127,44.25637312410337,127,42.821091041974626,0
1718942974,127,48.26154050515105,127,43.0027823615539,127,54.20250684143031,0
1718943874,127,45.44256983318756,127,52.19593020876101,127,41.561140073446694,0
1718944774,127,48.9017237148776,127,56.99404814921765,127,46.795833670387694,0
1718945674,127,49.03851034095072,127,48.67286430242166,127,50.43024035580934,0
1718946574,127,51.23293026883151,127,51.26019969270054,127,64.53817678767908,0
1718947474,127,42.55637082634455,127,53.44542983510823,127,52.22718726505721,0
1718948374,127,53.09743975747283,127,49.516472415999274,127,55.72061172855141,0
1718949274,127,50.7248315980472,127,47.12949943043437,127,50.25791585631176,0
1718950174,127,64.05595813166782,127,51.25040342801671,127,44.91581200542152,0
1718951074,127,50.229515461987745,127,52.50320373305556,127,56.121688922222894,0
1718951974,127,47.202527907074824,127,57.617116974876176,127,47.07150578398165,0
1718952874,127,54.232941901980105,127,49.46870490392715,127,53.84986041150307,0
1718953774,127,53.75416767131804,127,47.19677842976654,127,41.198668397436364,0
1718954674,127,52.185283896449945,127,51.51060891337504,127,50.73372889206102,0
1718955574,127,53.050770033131165,127,57.760832498527556,127,50.060959317653385,0
1718956474,127,50.00096527814547,127,46.29001327318567,127,43.09922898742052,0
1718957374,127,49.62252977490943,127,55.837244716664046,127,49.858353673145096,0
1718958274,127,43.8728164080247,127,58.46888598079572,127,53.50440237246104,0
1718959174,127,50.73601463288597,127,48.95572596806982,127,45.40964850106182,0
1718960074,127,45.04574012440638,127,45.720209082354906,127,52.87201524211737,0
1718960974,127,51.48586297674575,127,53.79638281829975,127,52.898522061250084,0
1718961874,127,48.385668472821564,127,48.28616695400697,127,49.40650400950347,0
1718962774,127,51.09146732424322,127,54.8934397714865,127,42.66937801028557,0
1718963674,127,53.82835734511073,127,48.04266622532211,127,47.64621542137037,0
1718964574,127,49.882691197421956,127,39.220757420110935,127,45.829836400302185,0
1718965474,127,47.61904204301869,127,49.208055047247434,127,43.46182527145206,0
1718966374,127,53.09569172426306,127,48.16307559781618,127,52.10586432634996,0
1718967274,127,50.197646985324255,127,48.91045052581563,127,50.69050994776401,0
1718968174,127,49.841018478825305,127,47.68035899896333,127,49.67917892421879,0
1718969074,127,44.22989035093478,127,45.18607036367383,127,41.614815861291596,0
1718969974,127,47.070640156076976,127,49.58716411303174,127,42.02212201770202,0
1718970874,127,49.749916096274134,127,49.619575884990866,127,49.88134916688528,0
1718971774,127,49.865942301287205,127,51.04303440036112,127,41.943561597542065,0
1718972674,127,50.17547647486563,127,42.88104992417007,127,43.62190141999867,0
1718973574,127,41.627728317018295,127,43.02897090093981,127,42.994384370181685,0
1718974474,127,52.786123698288044,127,41.87400662762727,127,50.31218374579897,0
1718975374,127,45.13277063763097,127,59.995633049739695,127,51.98770885479657,0
1718976274,127,59.70421942284992,127,47.877939344631905,127,46.27535685490247,0
1718977174,127,57.82422728447614,127,49.34249530192011,127,44.114519318244206,0
1718978074,127,49.06290172957448,127,44.585844267679654,127,47.86293587421335,0
1718978974,127,48.118374217718944,127,40.6462944766639,127,48.23264626179876,0
1718979874,127,49.87839789881421,127,59.62746881745859,127,52.50037445643851,0
1718980774,127,49.95466378025007,127,49.3854519187822,127,49.22246014595349,0
1718981674,127,55.62393863353606,127,53.254286277503006,127,56.71516754925656,0
1718982574,127,51.914263404245574,127,46.3793421971542,127,49.89785524679799,0
1718983474,127,43.969866733085055,127,59.02761014649572,127,49.845295618097296,0
1718984374,127,58.266647441674365,127,54.583888570311586,127,53.2915266078413,0
1718985274,127,62.467636410514686,127,50.91034007906924,127,47.923080887755106,0
1718986174,127,41.320421329493286,127,45.49823945721452,127,56.597600767868954,0
1718987074,127,55.736354339337076,127,48.10577221913483,127,51.91237523857424,0
1718987974,127,52.56951091026694,127,58.560540860532114,127,55.813418237686236,0
1718988874,127,50.73819251138749,127,47.091770656128666,127,51.203934399720474,0
1718989774,127,42.213769829129575,127,45.06090708662217,127,41.604413140625596,0
1718990674,127,49.28694784712649,127,46.704875544329695,127,46.8946467659602,0
1718991574,127,54.79725241220557,127,51.43383942459319,127,49.622125610979225,0
1718992474,127,49.52746614887,127,59.312703567716184,127,55.2641487606767,0
1718993374,127,46.832771963060104,127,47.46074686308874,127,43.36271662942054,0
1718994274,127,46.44628864851041,127,48.53699053719458,127,39.981940513144266,0
1718995174,127,50.55765996416707,127,49.76197441830274,127,43.33769470685561,0
1718996074,127,46.09728384845406,127,51.61001090982038,127,54.72307265953099,0
1718996974,127,58.24182184400137,127,48.746093283115336,127,42.637329410126135,0
1718997874,127,36.965997691859485,127,44.992921198397234,127,44.90848039362652,0
1718998774,127,56.05966424085092,127,45.58480310363465,127,52.880097154237596,0
1718999674,127,52.16335272159998,127,46.597668211400645,127,59.467689626122166,0
1719000574,127,55.1798288988535,127,37.916921376672946,127,55.91974703601746,0
1719001474,127,48.865608528710524,127,47.469039666990014,127,54.68856888102348,0
1719002374,127,43.94263520341462,127,46.246540686690125,127,52.490212396259864,0
1719003274,127,54.38062675978154,127,47.92587521801212,127,55.70149554862601,0
1719004174,127,50.924095881338864,127,40.729892747952235,127,45.63524660270034,0
1719005074,127,54.36975912383993,127,59.790839175931076,127,62.09331646467786,0
1719005974,127,44.336608425702266,127,52.9658255240755,127,44.27274464071367,0
1719006874,127,50.65315497815197,127,46.264510574022395,127,47.471059392638615,0
1719007774,127,45.341721127161605,127,50.49696303813631,127,46.22316927926241,0
1719008674,127,50.609610096906515,127,48.772479043835006,127,51.82830897427974,0
1719009574,127,45.69183686825566,127,50.99976184702871,127,50.766159439312176,0
1719010474,127,46.49669203218681,127,52.306571292007206,127,56.89292777861165,0
1719011374,127,53.360729260661856,127,51.86711308779335,127,43.072182639711585,0
1719012274,127,52.46683868492808,127,39.70665362352024,127,40.84362073743329,0
1719013174,127,47.31061718398564,127,50.867371056078476,127,55.88236240266805,0
1719014074,127,41.96888341518145,127,54.92105733266984,127,49.42379979207528,0
1719014974,127,49.95978184191032,127,60.77282760947276,127,54.777176847751704,0
1719015874,127,50.88041494530486,127,47.86928014114993,127,44.84342449152257,0
1719016774,127,47.77536616219268,127,41.74228615992768,127,54.33182081907865,0
1719017674,127,48.01613966981187,127,48.4621277338861,127,45.63228848072046,0
1719018574,127,53.31013350673815,127,44.81548910503471,127,52.67345188753268,0
1719019474,127,42.25829996351467,127,48.19652540476253,127,42.36220876483836,0
1719020374,127,49.36954563095263,127,55.91374939065092,127,43.4992066148852,0
1719021274,127,45.52662936513953,127,47.65725523351204,127,44.796369117998424,0
1719022174,127,51.18001473639375,127,49.15902741190686,127,53.66133783559075,0
1719023074,127,49.21371534316936,127,56.06356940699568,127,50.18758152722334,0
1719023974,127,44.94233614374444,127,49.60363203203237,127,44.95649030156221,0
1719024874,127,48.56876955111329,127,54.95315179825323,127,56.163920509457895,0
1719025774,127,56.69798797036635,127,49.1912948447921,127,34.400988565468694,0
1719026674,127,56.37605804884198,127,45.206231768215616,127,50.226324043699776,0
1719027574,127,44.92364445523579,127,47.38955707140435,127,56.10445003981935,0
1719028474,127,49.697744496172156,127,53.01244133907827,127,52.4744731534425,0
1719029374,127,50.19989620449259,127,48.73224334935578,127,57.61640516472714,0
1719030274,127,43.958913234185005,127,50.74713405186631,127,53.917923457205305,0
1719031174,127,48.94814813891217,127,49.75884594880427,127,50.76862881028922,0
1719032074,127,56.23190469203382,127,53.497123515345045,127,52.65760468459673,0
1719032974,127,60.92512724028311,127,52.06533973736456,127,40.28370617401012,0
1719033874,127,55.80624535581383,127,52.66918846465554,127,49.7677051487003,0
1719034774,127,55.99437311809988,127,45.24075095696968,127,50.907574423175205,0
1719035674,127,46.071761311453,127,43.34625283579812,127,56.172239646250546,0
1719036574,127,55.10824858220246,127,53.47449963970551,127,56.59999986849611,0
1719037474,127,48.26637590864553,127,46.73671870412631,127,48.73836743004481,0
1719038374,127,47.995905518506376,127,54.461363839012705,127,47.51908261276644,0
1719039274,127,48.97544331667782,127,58.13847497661584,127,49.4046927283027,0
1719040174,127,50.97658987225954,127,49.763256317283904,127,48.08926733103884,0
1719041074,127,55.39647411500215,127,47.32929695115721,127,46.21562543261682,0
1719041974,127,48.8789247770388,127,40.44684186665804,127,52.47466362464888,0
1719042874,127,54.20195021214175,127,52.28687397425679,127,45.55896314448158,0
1719043774,127,47.272859681305654,127,56.614960966544636,127,49.52317564275898,0
1719044674,127,50.8076770470576,127,51.55572070843952,127,43.99182292108726,0
1719045574,127,44.38573692036392,127,57.95699953072038,127,52.27752946956921,0
1719046474,127,49.57684467221034,127,50.34838588303897,127,56.992201312833316,0
1719047374,127,54.488843045660694,127,49.62842529549252,127,45.69460620441837,0
1719048274,127,49.98282729885835,127,52.321858407524225,127,53.25016797922076,0
1719049174,127,51.986186843370405,127,53.02802761535117,127,44.43119256248537,0
1719050074,127,56.3109692550984,127,44.98500587547017,127,53.72707668394511,0
1719050974,127,45.10136943224663,127,44.888753552058056,127,51.14093198376467,0
1719051874,127,48.86043821861237,127,56.486528355891465,127,53.504828941721826,0
1719052774,127,49.38128568675805,127,53.300985459059014,127,58.08430734497685,0
1719053674,127,49.297325343656695,127,52.271942749737384,127,45.46330125765293,0
1719054574,127,43.323275112065154,127,42.93567886577632,127,45.66558119708968,0
1719055474,127,51.0702806253062,127,53.35205892365398,127,51.49192803682709,0
1719056374,127,50.85561424195406,127,50.020192227334796,127,51.13746558116683,0
1719057274,127,47.18532496552434,127,48.927363891023,127,46.74955927084095,0
1719058174,127,55.090868091440264,127,44.5064634211379,127,44.15218362825386,0
1719059074,127,57.228679194112075,127,54.543323770198164,127,52.62539071620983,0
1719059974,127,55.60543214366735,127,47.09286915311889,127,40.465681774764406,0
1719060874,127,56.35878253097201,127,51.88973785900655,127,55.93778050873993,0
1719061774,127,60.55615944128523,127,56.84642264352539,127,52.45372860516193,0
1719062674,127,49.47300538632145,127,58.8601004178684,127,51.58993588084052,0
1719063574,127,53.010764845763134,127,60.26107801393891,127,45.9400120027279,0
1719064474,127,43.546540239127076,127,59.61076566902922,127,51.30973318090242,0
1719065374,127,57.27201532281944,127,49.864985680590735,127,44.60076665061433,0
1719066274,127,62.26597156643162,127,52.40837633417282,127,61.78834601965225,0
1719067174,127,54.106053209285704,127,53.44266638762285,127,44.380364399619005,0
1719068074,127,48.075767458941314,127,47.32317459451697,127,56.368280698827114,0
1719068974,127,47.69516081575497,127,50.98431550933044,127,52.7503290207899,0
1719069874,127,60.20880430837871,127,52.63876491246153,127,47.88488569945649,0
1719070774,127,42.41626281328352,127,47.57398481071936,127,55.34723977284378,0
1719071674,127,51.78943634571266,127,51.83537795822392,127,51.923704953933346,0
1719072574,127,52.720794983709716,127,44.24072406457394,127,48.186391327143234,0
1719073474,127,48.88184149273099,127,49.34527569272111,127,51.59499679265508,0
1719074374,127,53.62179569950941,127,53.064067805106184,127,53.416640775485426,0
1719075274,127,50.52938747224863,127,44.76164106020331,127,56.17448644176403,0
1719076174,127,50.92491199319065,127,44.698305007923494,127,63.73070007976495,0
1719077074,127,55.05722371513264,127,56.78301245314717,127,46.50707590435092,0
1719077974,127,54.959929787708504,127,49.40245939629673,127,47.11470668278918,0
1719078874,127,41.69404931016241,127,42.7545192404232,127,49.229845846094896,0
1719079774,127,49.80252669458756,127,42.225093248533895,127,52.007393514604125,0
1719080674,127,42.76958611753145,127,51.9175369233226,127,48.61521658008306,0
1719081574,127,49.087209660693,127,43.102054218508464,127,44.577301932272945,0
1719082474,127,51.419161940156414,127,40.333150871295814,127,42.4668052489139,0
1719083374,127,45.954848297216884,127,38.23727071472265,127,51.71592088980391,0
1719084274,127,40.83651402452983,127,52.479390305948655,127,46.95194780570662,0
1719085174,127,49.35881680226613,127,50.27796318181724,127,54.13233095736624,0
1719086074,127,47.34022397846833,127,43.252661968165654,127,50.08911359254691,0
1719086974,127,51.328686010428385,127,57.679107038765835,127,57.18906926134504,0
1719087874,127,42.285519267556644,127,44.98956057952485,127,49.16783182300821,0
1719088774,127,51.860306991294465,127,45.13850143325455,127,52.23923279664095,0
1719089674,127,47.197734929596606,127,35.86628974519595,127,49.13385517311618,0
1719090574,127,43.402536424349776,127,53.622789827924294,127,47.94266128695967,0
1719091474,127,44.90702839731511,127,50.08555660946314,127,48.36261624492385,0
1719092374,127,54.496684665248786,127,52.082539280342694,127,47.79546537998499,0
1719093274,127,61.659439335322496,127,55.1506769662551,127,50.053136814999334,0
1719094174,127,52.582637449770296,127,51.847151979693926,127,46.41519973563512,0
1719095074,127,39.9195621116404,127,42.050373591435545,127,46.36043927155057,0
1719095974,127,55.4437938357482,127,51.323125387280484,127,48.71253204503484,0
1719096874,127,51.18460707161144,127,49.29713605159994,127,55.70428253294569,0
1719097774,127,56.87458292444459,127,48.06353538147333,127,51.87092464014011,0
1719098674,127,44.13423588490991,127,45.61445165804776,127,58.51420889931817,0
1719099574,127,53.711320658508455,127,53.97645456966543,127,46.82024849231844,0
1719100474,127,50.31288392783864,127,42.80618170307019,127,53.763205043235374,0
1719101374,127,52.9719146482223,127,46.582534111257765,127,52.17625112444261,0
1719102274,127,50.1806698955864,127,48.270314651837204,127,43.35891926346521,0
1719103174,127,48.037472743183805,127,48.06206256867564,127,47.786194793002615,0
1719104074,127,53.173955166458256,127,53.80168438034393,127,47.76885284224984,0
1719104974,127,51.24703063242633,127,41.400708252609206,127,37.37947798390315,0
1719105874,127,55.19719593775196,127,45.93559273878593,127,43.27953214504654,0
1719106774,127,45.24508799243665,127,52.59299900738169,127,53.30615656377686,0
1719107674,127,48.117071059236245,127,56.292603769733574,127,48.635435005544764,0
1719108574,127,49.202759996299434,127,45.58779418183845,127,51.897394000006074,0
1719109474,127,55.042658690260836,127,51.65828861651163,127,52.605010026499606,0
1719110374,127,48.73272394907391,127,41.747527900225705,127,50.95258402295462,0
1719111274,127,51.71307618744621,127,47.925134767960344,127,52.11480321637187,0
1719112174,127,52.50305111238383,127,46.55771394531469,127,49.95735303390569,0
1719113074,127,51.01799691779775,127,58.31408319826093,127,46.28892544904231,0
1719113974,127,52.274831784820144,127,54.85067675503501,127,42.66428013569529,0
1719114874,127,55.153321042046514,127,49.124478018673024,127,48.45914139752109,0
1719115774,127,49.45688454281977,127,48.27704738927414,127,51.509261506508125,0
1719116674,127,52.66556106592375,127,42.90793187089483,127,43.47041769298736,0
1719117574,127,50.06661078748979,127,47.71902119119908,127,60.053599002366425,0
1719118474,127,50.084227229524444,127,47.3655818584111,127,47.41845754166513,0
1719119374,127,48.56890570064752,127,59.5408688379068,127,51.904382453615376,0
1719120274,127,55.52652500943471,127,49.14926199298552,127,59.01438391441352,0
1719121174,127,56.72720240951696,127,45.1419141487098,127,60.07570094620711,0
1719122074,127,52.17672716089992,127,51.010648148057484,127,51.547485040078115,0
1719122974,127,43.934856346499785,127,46.96911688830443,127,45.710355571901054,0
1719123874,127,47.05259664017435,127,50.81571605182196,127,50.59392382095395,0
1719124774,127,47.50395905489718,127,53.46891204775824,127,48.14501253395092,0
1719125674,127,51.628894462224366,127,48.00642416354711,127,46.257019224244466,0
1719126574,127,48.853251193443526,127,44.92694096119512,127,50.055235545026456,0
1719127474,127,58.66414647869709,127,55.33874001420143,127,56.10358405050427,0
1719128374,127,40.36794902042285,127,57.6116288742112,127,51.89802041707759,0
1719129274,127,48.10917465661026,127,50.99554286531996,127,43.56065517290029,0
1719130174,127,57.20628221060596,127,48.339388508186175,127,49.9234975503528,0
1719131074,127,44.60971167956406,127,54.90380153031708,127,49.45820480894435,0
1719131974,127,51.60968553025782,127,44.99430458285694,127,44.530450992019425,0
1719132874,127,55.06258371313921,127,51.30897972769067,127,40.112877758962384,0
1719133774,127,54.08829260315369,127,47.29991416039554,127,54.26151630400444,0
1719134674,127,50.13855713148917,127,60.520046657808166,127,42.83392794334663,0
1719135574,127,54.07679912285185,127,52.16837482384553,127,53.414767276192684,0
1719136474,127,53.30147120018146,127,52.13843974269749,127,35.636817698380035,0
1719137374,127,45.38113013987235,127,47.77402929160369,127,49.354211672636275,0
1719138274,127,50.41330229705246,127,51.45080122312601,127,50.753803166188504,0
1719139174,127,52.48845925201622,127,59.6526759309344,127,53.4529076491587,0
1719140074,127,55.630733217200586,127,50.56845093963959,127,52.46359826955504,0
1719140974,127,60.996346154896116,127,46.32969941177556,127,46.76351632789617,0
1719141874,127,56.24317728668248,127,52.41062185490406,127,39.82965615234236,0
1719142774,127,46.3803351714878,127,49.77817118016915,127,50.87288251868161,0
1719143674,127,46.7086771692708,127,52.320167592040924,127,43.685269943173196,0
1719144574,127,41.690848844824416,127,50.900042868531905,127,54.63872694189482,0
1719145474,127,48.70450960569733,127,46.29304908598675,127,46.53214507442989,0
1719146374,127,47.062032461735114,127,56.18864176427629,127,51.6333820572635,0
1719147274,127,50.393590075061,127,47.22890244490636,127,45.12913460985474,0
1719148174,127,47.92495006195271,127,42.24231531434832,127,55.32394624348702,0
1719149074,127,53.11758237442092,127,56.65013646773985,127,48.25527429244737,0
1719149974,127,56.85915765923707,127,46.61590507749196,127,56.9258121628716,0
1719150874,127,54.1788601803159,127,46.558873828445314,127,44.847129154712505,0
1719151774,127,50.3561256412373,127,51.565342525747866,127,46.653537974241765,0
1719152674,127,54.526383213228364,127,59.90008334905825,127,54.77544011926153,0
1719153574,127,46.20504295433345,127,42.06872251422855,127,57.80202763626954,0
1719154474,127,55.35584010962041,127,49.47475997151934,127,55.93144171087724,0
1719155374,127,38.35998491965673,127,41.70867519604725,127,48.22220562242714,0
1719156274,127,54.429827085611215,127,60.75942937324293,127,46.27880796525919,0
1719157174,127,53.342954112004165,127,44.37457899759978,127,36.43063834902357,0
1719158074,127,50.068732018882415,127,56.68320367186,127,47.69815647937918,0
1719158974,127,45.80032771303883,127,47.746103886657586,127,42.50810003151352,0
1719159874,127,45.98639230880483,127,58.48331432324458,127,52.14794108436336,0
1719160774,127,57.54223133263895,127,52.17104279997018,127,50.84379245829516,0
1719161674,127,48.7797701540974,127,49.466810203733274,127,55.619405532067624,0
1719162574,127,41.58866655859484,127,45.241063638379345,127,52.440639684655636,0
1719163474,127,49.52068349605954,127,47.63105562721667,127,52.06527154903881,0
1719164374,127,43.5658394533717,127,50.14113712371773,127,49.730737373364676,0
1719165274,127,46.94995112245758,127,47.81594168804296,127,52.707068919653594,0
1719166174,127,46.82583538569034,127,46.86425643038471,127,55.72622265505325,0
1719167074,127,48.06288734928731,127,44.54691788017835,127,51.76679100009778,0
1719167974,127,41.25507675065373,127,54.05447543295823,127,50.64067511822284,0
1719168874,127,54.88016394560968,127,44.651851521427524,127,54.16562666752297,0
1719169774,127,45.43559897320175,127,47.06622606803151,127,49.07293049152703,0
1719170674,127,45.99179973402607,127,49.938770010087985,127,48.594224989042964,0
1719171574,127,57.86225546668546,127,54.466711958619584,127,57.61805763436399,0
1719172474,127,55.659195008512285,127,39.17817831032058,127,44.16053797633435,0
1719173374,127,47.348466486993225,127,50.50051040403463,127,57.91369052642538,0
1719174274,127,48.278231799751886,127,52.14990305857983,127,46.559805485046404,0
1719175174,127,61.740876437157894,127,54.399513997141995,127,49.39568796945188,0
1719176074,127,51.580612220441466,127,50.9298605088474,127,56.55160760631364,0
1719176974,127,52.68549590678606,127,51.064025368709935,127,41.958923787559954,0
1719177874,127,44.694729621444225,127,48.46163762217491,127,43.04386761186299,0
1719178774,127,60.10197627063903,127,56.41992269061425,127,49.286441211832454,0
1719179674,127,53.62357978831407,127,42.595447248833075,127,52.07599544979846,0
1719180574,127,53.566534782038815,127,45.08876795914773,127,55.1280235203909,0
1719181474,127,54.48033245607802,127,51.228262202971685,127,61.43598419561977,0
1719182374,127,44.33385906727338,127,45.03261595140267,127,50.400681002164774,0
1719183274,127,42.86041900068721,127,49.163250153736186,127,59.77623759421607,0
1719184174,127,46.17543966510654,127,49.39277930792818,127,45.747494298399246,0
1719185074,127,50.060267486489785,127,48.66758938820912,127,50.50500704399337,0
1719185974,127,49.87525883089284,127,52.30481502272819,127,47.64501345357585,0
1719186874,127,53.64692804407772,127,51.844145719081574,127,38.94519229001447,0
1719187774,127,56.434668281968165,127,48.12966291335563,127,50.00868611339758,0
1719188674,127,50.63713756180576,127,49.7256058859444,127,52.49075615287445,0
1719189574,127,60.25742440811585,127,48.22558828017268,127,47.16048664852075,0
1719190474,127,38.67418004120195,127,45.03302198613067,127,47.8868706858536,0
1719191374,127,52.862072037733064,127,53.233824861004464,127,47.47000364702465,0
1719192274,127,53.121755378623476,127,43.165635550071066,127,47.20959948130448,0
1719193174,127,48.845563155205056,127,47.92682721828539,127,45.79289571690944,0
1719194074,127,45.56259705234307,127,54.04269963784589,127,46.1349249799177,0
1719194974,127,55.384798941123684,127,38.67774291356145,127,41.00373452106541,0
1719195874,127,42.40310480231206,127,53.255833798028476,127,60.00536855279546,0
1719196774,127,47.82442582397263,127,52.561704737222016,127,52.39899325185348,0
1719197674,127,48.10885983794712,127,51.522967054313284,127,55.040963656099876,0
1719198574,127,60.54451599470322,127,57.09744298515125,127,46.0830301731964,0
1719199474,127,46.27654177411193,127,50.90495673609202,127,42.89916289940659,0
1719200374,127,57.68296552046405,127,57.66600286020894,127,49.522141484003384,0
1719201274,127,49.60404661426609,127,56.39689178072041,127,51.17344202246794,0
1719202174,127,53.04277452001059,127,46.349694770649265,127,46.22780412096879,0
1719203074,127,49.514287398701214,127,58.8140674035141,127,47.15488476286428,0
1719203974,127,48.60607988014499,127,48.77867762687939,127,56.897517015560766,0
1719204874,127,53.17205111651784,127,52.1242026627329,127,49.34152422529227,0
1719205774,127,47.994821739536846,127,54.97967933783717,127,52.0288145766358,0
1719206674,127,55.12380138202881,127,41.8448258892792,127,49.07826803088963,0
1719207574,127,49.6244154344806,127,55.241526738768336,127,54.291709905793574,0
1719208474,127,55.29094073001887,127,52.85485074962154,127,50.56095819211743,0
1719209374,127,43.678757605133455,127,46.162836742257724,127,39.48144943563203,0
1719210274,127,48.39880021919823,127,46.640323105587605,127,45.869423978470834,0
1719211174,127,53.55063882527335,127,63.062394506689564,127,49.29084524344308,0
1719212074,127,43.36140811966362,127,55.393672261818935,127,43.858861773711844,0
1719212974,127,49.394662578271856,127,51.45595872299477,127,53.09029445006519,0
1719213874,127,42.883566357785384,127,52.97065810655026,127,55.006994563471025,0
1719214774,127,49.584063121794266,127,42.924706059944015,127,48.427737029487965,0
1719215674,127,51.37472980299158,127,57.52197776758539,127,45.75324621081162,0
1719216574,127,48.2823809351013,127,50.5456543297185,127,42.82564763093514,0
1719217474,127,46.952718217467016,127,48.00466514628345,127,50.8531287337963,0
1719218374,127,44.55455357304776,127,56.602779802965316,127,51.48619063839727,0
1719219274,127,46.13868978766902,127,48.381957023561576,127,52.23336698764538,0
1719220174,127,47.707444567488174,127,54.45368309606384,127,51.5567775288417,0
1719221074,127,44.850599547299964,127,53.29709136579407,127,60.753969480938736,0
1719221974,127,47.16102702783352,127,51.52595997899753,127,48.114421612293626,0
1719222874,127,47.02972637108296,127,56.076132316886884,127,41.37034928806492,0
1719223774,127,44.58808326910567,127,56.62786792010206,127,45.54494847037646,0
1719224674,127,49.86532271818843,127,49.235504717403764,127,57.09193371692781,0
1719225574,127,41.77116922677221,127,54.43439737145508,127,45.762560725025054,0
1719226474,127,43.03171909629031,127,50.309450077665126,127,47.41391208739627,0
1719227374,127,65.50113469698934,127,42.52090336558325,127,51.551093038365124,0
1719228274,127,45.11013464384907,127,55.55313021788359,127,53.71882038982375,0
1719229174,127,57.46632247019071,127,55.02795314588836,127,46.18751835805136,0
1719230074,127,47.72082907800168,127,56.239499537132346,127,49.74316707068911,0
1719230974,127,44.57365674796468,127,62.531749223994844,127,57.3519922775877,0
1719231874,127,48.24988382391521,127,53.337480103101505,127,51.11615512127008,0
1719232774,127,53.71504088292862,127,57.36960837037956,127,48.597227329167495,0
1719233674,127,50.479666442611276,127,43.67599998314508,127,45.770693171598936,0
1719234574,127,53.06080004461724,127,51.82709076282479,127,47.31509428912378,0
1719235474,127,47.80430695368941,127,39.27690485195125,127,54.29071714046413,0
1719236374,127,56.66559999548985,127,50.15192163841736,127,53.045609630936454,0
1719237274,127,55.56446226006202,127,46.652174978769686,127,48.6448640038827,0
1719238174,127,41.89599375872528,127,46.87553893000913,127,52.555691678143596,0
1719239074,127,52.187385751598164,127,49.69934705488433,127,48.38891665119075,0
1719239974,127,57.60993472345823,127,48.97806090062153,127,53.64720558783644,0
1719240874,127,52.59207337044693,127,57.38171412175754,127,54.88624980312101,0
1719241774,127,44.371196288183384,127,50.585997274248,127,47.038206901320805,0
1719242674,127,48.322144921770665,127,44.62944433932083,127,47.37664575087531,0
1719243574,127,38.893339632612474,127,49.303916987327874,127,47.90425288900534,0
1719244474,127,44.95503891756322,127,48.29806856303901,127,52.741476625927646,0
1719245374,127,44.17980419852731,127,48.11604557099669,127,52.5217512060566,0
1719246274,127,56.1760342868032,127,49.94787442142687,127,49.494164725839596,0
1719247174,127,42.61526023031918,127,55.49582112037162,127,54.815761157875414,0
1719248074,127,49.457139896771444,127,48.355202970974865,127,49.1070216675433,0
1719248974,127,49.13899188888251,127,45.446604989997425,127,49.621173889531406,0
1719249874,127,58.006530994185034,127,64.41279384300509,127,50.14150913863782,0
1719250774,127,42.78986736394889,127,44.71660223251687,127,51.592474386304886,0
1719251674,127,46.41780048032529,127,46.753407544853616,127,45.424590053885005,0
1719252574,127,50.50042685341858,127,53.10427525862982,127,49.11096268802155,0
1719253474,127,55.885204133269134,127,43.03357500047447,127,57.10636153889799,0
1719254374,127,52.6855451384139,127,52.27336300787776,127,52.02477185986759,0
1719255274,127,51.9905843882709,127,50.24443287171851,127,54.31039495153786,0
1719256174,127,44.022287002366625,127,56.27020733845465,127,39.80689728762003,0
1719257074,127,49.870548158853936,127,43.02679306007641,127,58.746425217600745,0
1719257974,127,48.386268144522845,127,49.542404202209006,127,42.61718183879737,0
1719258874,127,49.64264994527486,127,47.571809877754475,127,48.41969903818041,0
1719259774,127,44.49036032218403,127,42.589744552942534,127,52.258700601397294,0
1719260674,127,43.260656319963466,127,42.01413984113651,127,52.107431635631364,0
1719261574,127,43.59120636625336,127,48.03489825526191,127,49.209275633290275,0
1719262474,127,53.15735520412182,127,43.524188652252356,127,49.129796983085406,0
1719263374,127,44.94553934242586,127,56.404638897258515,127,53.41653351298226,0
1719264274,127,53.30819124914472,127,58.57689157254133,127,46.92334353400975,0
1719265174,127,57.921447305247476,127,53.77200647562094,127,58.151648510469045,0
1719266074,127,50.650958736927755,127,36.39128284885933,127,51.699297231828936,0
1719266974,127,45.918107651831995,127,50.73286627833768,127,43.54714367551587,0
1719267874,127,47.94903100917915,127,58.327224196475015,127,48.94013009193753,0
1719268774,127,46.119790780383276,127,47.88636591287552,127,53.281653588716075,0
1719269674,127,51.32977390803167,127,49.98123219441139,127,44.93419811390015,0
1719270574,127,48.825330373367144,127,54.6307361665267,127,51.65941343016712,0
1719271474,127,51.626868113012456,127,36.81392675485246,127,51.33729560783499,0
1719272374,127,49.02975256323044,127,56.78590387082161,127,41.54208665476676,0
1719273274,127,52.88627462764209,127,54.49875189043056,127,43.29836377615066,0
1719274174,127,53.6731170761754,127,57.53120102972805,127,49.16032639450351,0
1719275074,127,56.07060208388426,127,41.75567252947568,127,53.45759741675088,0
1719275974,127,48.713994487690925,127,49.00452839024349,127,51.249416836444965,0
1719276874,127,56.225386691452066,127,51.7424313000673,127,48.7052325934417,0
1719277774,127,53.55800993795043,127,49.890540845813625,127,52.85100005701642,0
1719278674,127,45.27111662501273,127,53.35154402906629,127,49.11662773228673,0
1719279574,127,56.567036895434285,127,49.14452823679791,127,48.53969966923144,0
1719280474,127,54.94443684918485,127,53.157215600918384,127,46.69287643839467,0
1719281374,127,54.647082919973066,127,51.25439343058737,127,52.70710955464622,0
1719282274,127,51.47730100527285,127,54.40295614272448,127,49.634036550381374,0
1719283174,127,58.63838206720099,127,51.57273942290645,127,55.803056830663344,0
1719284074,127,55.49955446820198,127,42.4783144380892,127,42.066941819953605,0
1719284974,127,50.18545583177127,127,56.607417520455314,127,50.373069018678024,0
1719285874,127,54.95316985355689,127,50.749620523158384,127,54.62091373024687,0
1719286774,127,42.97109362042888,127,43.65295736888269,127,43.84200679473297,0
1719287674,127,44.603969477136744,127,54.61946542739879,127,51.83072996844531,0
1719288574,127,41.72047537164878,127,51.77630023969484,127,50.79542749267029,0
1719289474,127,39.581859487551625,127,48.12440869934165,127,54.33395956869509,0
1719290374,127,51.051384578458176,127,57.37828922727066,127,47.407951069552276,0
1719291274,127,49.81685272844974,127,54.41606204736971,127,44.72690272875663,0
1719292174,127,49.09405805293818,127,49.39458761473746,127,39.11773300539289,0
1719293074,127,42.15392965750841,127,60.35347163381461,127,45.12362195332846,0
1719293974,127,50.73135079097113,127,49.106527976393785,127,45.381478237220385,0
1719294874,127,51.05197821781289,127,49.27896857254295,127,56.13097410714077,0
1719295774,127,42.4435621950739,127,57.531279175824196,127,50.47218051701152,0
1719296674,127,53.653313814217015,127,53.32163445231373,127,61.06663848638795,0
1719297574,127,54.16549828325806,127,42.592515519737766,127,48.15859005378,0
1719298474,127,47.50418642498022,127,52.76345918337651,127,51.79981469330869,0
1719299374,127,53.12243807772187,127,44.69118260057722,127,44.77241576966725,0
1719300274,127,44.300803910115775,127,43.38915853055158,127,50.092004997164175,0
1719301174,127,47.16611719603924,127,59.060642703140445,127,45.336802810484556,0
1719302074,127,46.32924542137595,127,44.20378063289459,127,56.14989526733517,0
1719302974,127,58.67415282730286,127,46.332333550392946,127,54.49464909034344,0
1719303874,127,56.01356830590512,127,55.9833107191486,127,49.18717483411109,0
1719304774,127,49.49111923760601,127,51.415859479491736,127,52.34768472653823,0
1719305674,127,55.645614374956935,127,53.40278672777153,127,49.50460799834955,0
1719306574,127,46.44695603258366,127,51.19774445681312,127,50.512453849118685,0
1719307474,127,58.61232683577517,127,45.24058932886374,127,41.37433048213717,0
1719308374,127,54.9573895906128,127,45.07228100263394,127,48.49549133853156,0
1719309274,127,54.541274776096934,127,50.20501542850452,127,49.69739493168867,0
1719310174,127,55.829142387980326,127,45.34587459173064,127,54.368708409953086,0
1719311074,127,43.95741423708525,127,55.173097639401895,127,47.32762604742092,0
1719311974,127,48.83375993528547,127,53.45151679601536,127,50.51443121097847,0
1719312874,127,54.41407190651929,127,59.45441385474327,127,46.31952090312659,0
1719313774,127,48.86704169662818,127,47.41447173936275,127,53.48337524739602,0
1719314674,127,51.72363927202839,127,49.83800211476164,127,46.55687393345032,0
1719315574,127,33.645481648641564,127,45.62113062819934,127,42.98935321682519,0
1719316474,127,50.91890429736799,127,45.21144322847272,127,56.125733055835475,0
1719317374,127,48.56208936899717,127,48.942737690050514,127,42.87176222327147,0
1719318274,127,54.32085447232672,127,50.264190582960104,127,49.627713541854476,0
1719319174,127,57.8989074635253,127,44.132657870640365,127,49.608120563035754,0
1719320074,127,51.36495263412779,127,52.92835381469053,127,44.98882607260701,0
1719320974,127,43.72709037568037,127,55.15139609323094,127,48.20976421952611,0
1719321874,127,45.328772226858014,127,40.093472858725704,127,42.000862805241404,0
1719322774,127,56.533203701533076,127,52.415287999185416,127,58.16230382582768,0
1719323674,127,50.53980875631695,127,47.51321049286147,127,47.40274970501946,0
1719324574,127,48.44269030452103,127,50.59630300276466,127,39.73719395912903,0
1719325474,127,51.09343347963828,127,42.33638973493017,127,47.51644863985418,0
1719326374,127,49.474948975325105,127,49.71053643532599,127,39.26997720884245,0
1719327274,127,56.797637637364815,127,51.16316834188403,127,49.16707789175326,0
1719328174,127,47.550454227876635,127,53.62675223595429,127,48.879405723104185,0
1719329074,127,50.170580993434434,127,41.297960307388536,127,52.50172379182598,0
1719329974,127,52.343659537740535,127,57.66731322563084,127,51.426092931247176,0
1719330874,127,42.49264626110045,127,47.87914116608859,127,43.822215509910514,0
1719331774,127,50.328775996260795,127,56.446459598237944,127,56.45585178225909,0
1719332674,127,53.0552535123461,127,49.89726375435978,127,43.86533481778114,0
1719333574,127,50.44155806179199,127,44.55314116093062,127,46.81159019052965,0
1719334474,127,52.78065211460296,127,50.416283602720576,127,58.36445454346788,0
1719335374,127,43.781708653552016,127,50.860925103356564,127,53.12114571543453,0
1719336274,127,51.569073444954874,127,38.966640959394816,127,51.39809799664263,0
1719337174,127,55.35534513053116,127,56.57815988107701,127,49.524772045181884,0
1719338074,127,42.039249133306704,127,45.04303431320978,127,50.64894028226326,0
1719338974,127,57.33190684038548,127,49.22152108783712,127,45.66958568664252,0
1719339874,127,47.898909521254296,127,45.01051893901521,127,52.72269084253388,0
1719340774,127,42.42910547020739,127,59.85596705180909,127,52.95525648830963,0
1719341674,127,45.359908777452695,127,46.813472017257794,127,52.14305868288102,0
1719342574,127,53.90771652071105,127,49.56904873017332,127,50.077002187810265,0
1719343474,127,57.79174980701654,127,47.23398992858184,127,51.21439360265666,0
1719344374,127,43.4888304631137,127,46.815376633305576,127,49.14820941397597,0
1719345274,127,48.286980338863984,127,54.382202463606575,127,52.8258288819592,0
1719346174,127,44.23424885933868,127,56.571688443663845,127,46.73351449561362,0
1719347074,127,56.71220403960135,127,47.033813192850744,127,48.42580989985274,0
1719347974,127,51.708711933087045,127,50.40373192587965,127,53.6926225750452,0
1719348874,127,50.892552792773124,127,44.81138656196782,127,62.86027022255675,0
1719349774,127,41.98912968303095,127,51.86548998765659,127,44.955091286166585,0
1719350674,127,51.03729061761443,127,53.845180536830185,127,50.70722145877344,0
1719351574,127,49.67053618739846,127,56.49086525915145,127,52.81892641010087,0
1719352474,127,46.04226000267696,127,55.85731337699525,127,44.83626664277236,0
1719353374,127,56.49016132411074,127,40.904308298347104,127,42.02499433415412,0
1719354274,127,49.762469583720446,127,50.85055257073936,127,49.41330152874143,0
1719355174,127,44.1787484030741,127,38.70373010550318,127,44.88516312865817,0
1719356074,127,50.13607183307116,127,49.826741305679214,127,59.58175829453816,0
1719356974,127,48.245972672692965,127,47.402030527396704,127,53.82126778355926,0
1719357874,127,37.28777147481664,127,50.46026003645708,127,47.445956034338046,0
1719358774,127,45.67737010242722,127,54.34848966347022,127,57.667598842684775,0
1719359674,127,50.78735322240468,127,54.317023894049875,127,46.013497212202,0
1719360574,127,46.361714001536605,127,49.95866839491791,127,53.084835443468336,0
1719361474,127,56.40991455920816,127,55.3527800987091,127,48.2617006077254,0
1719362374,127,54.01792938986337,127,48.72293809955592,127,57.623696196892325,0
1719363274,127,48.28617026241524,127,48.609011187305036,127,49.80636862128976,0
1719364174,127,48.93758439507272,127,44.930540593481275,127,55.997864142771945,0
1719365074,127,48.1156050750012,127,44.68731217291094,127,56.20639309310184,0
1719365974,127,49.72372786119532,127,46.28725263432595,127,52.75177363728234,0
1719366874,127,48.86748916104544,127,47.11192887422513,127,44.786612297169675,0
1719367774,127,50.31765219375298,127,44.60541787292419,127,49.847287985965444,0
1719368674,127,47.942589262761174,127,54.25757024911129,127,45.98059088144955,0
1719369574,127,50.97411885222314,127,50.58757303080929,127,44.079295092548406,0
1719370474,127,57.49999448468592,127,53.62863446722362,127,55.74356841736654,0
1719371374,127,58.26562454412026,127,45.180060175939474,127,54.71015817545991,0
1719372274,127,46.75687783584742,127,51.179173628493515,127,51.225910315937504,0
1719373174,127,45.02699042986919,127,47.989396060163166,127,53.304695014703974,0
1719374074,127,46.73576056181825,127,46.44325733945014,127,51.32504424241523,0
1719374974,127,53.46572965179789,127,42.371387604836215,127,47.3499294018564,0
1719375874,127,52.11544621501659,127,49.10969821291391,127,46.45748951758501,0
1719376774,127,39.83686870492241,127,55.77193607798888,127,46.80888466138871,0
1719377674,127,50.633597223803505,127,55.83688332443617,127,49.402900288641455,0
1719378574,127,52.58696958494151,127,56.792833519107404,127,55.87882728978412,0
1719379474,127,56.43762925685955,127,58.509852118300415,127,48.37950996172087,0
1719380374,127,51.928099958046296,127,47.360570758906896,127,42.80206644519994,0
1719381274,127,47.59823014566728,127,46.08373137111077,127,62.86437743597081,0
1719382174,127,53.060246147655334,127,50.54427928357742,127,42.92705155524618,0
1719383074,127,49.55305322199795,127,44.01397200380442,127,45.77167128874339,0
1719383974,127,62.71050598180545,127,54.07101942401136,127,47.899911042318784,0
1719384874,127,43.11072381345432,127,49.15222417916665,127,42.89294690689216,0
1719385774,127,51.693163141726764,127,52.381022936106255,127,45.92790327510983,0
1719386674,127,39.92737623971683,127,56.872357029839804,127,49.5439838645363,0
1719387574,127,47.36134521630073,127,51.63431250058369,127,50.066925881768874,0
1719388474,127,47.37750280283045,127,36.99145571495645,127,59.521821521699096,0
1719389374,127,55.509397597142424,127,42.77540905710323,127,50.49435737364852,0
1719390274,127,50.54015605062585,127,51.43636479010954,127,44.91156323014152,0
1719391174,127,42.17062066735119,127,42.6231877540763,127,53.06636481827733,0
1719392074,127,46.94536896799604,127,53.9772788159294,127,51.78059380058226,0
1719392974,127,46.791532474719624,127,45.981100207641596,127,44.50688436711056,0
1719393874,127,53.021327144973846,127,49.81887631950565,127,47.887033411254286,0
1719394774,127,49.64405693026229,127,47.125130755086374,127,55.14606016780235,0
1719395674,127,49.929173676304934,127,51.69056650221677,127,51.07525099236402,0
1719396574,127,47.81698192842175,127,55.92392249436593,127,56.067054209317725,0
1719397474,127,50.48511065898343,127,48.006535203707266,127,48.29498248498233,0
1719398374,127,52.92451207605172,127,54.1636894957202,127,48.18347214115601,0
1719399274,127,55.70672813138641,127,48.32625509891931,127,42.60709786965498,0
1719400174,127,46.95254490962278,127,54.468372621169834,127,48.721932632691754,0
1719401074,127,49.024167493766065,127,46.68149798526848,127,45.11905912385397,0
1719401974,127,52.586168352773754,127,55.25252320667247,127,55.17589591872952,0
1719402874,127,54.7641256747061,127,46.67474188167324,127,47.42351350901397,0
1719403774,127,47.442823312432665,127,47.43140520095919,127,50.67129457535543,0
1719404674,127,47.9720872954232,127,54.93537068040469,127,55.519926743861376,0
1719405574,127,53.95305809704398,127,50.515758925102126,127,47.0544586962296,0
1719406474,127,52.088496259944925,127,55.829244420095606,127,54.82986009752734,0
1719407374,127,50.373195183230386,127,44.730385069143765,127,54.30295218207697,0
1719408274,127,55.46852661765572,127,57.3283047677703,127,49.684287118093984,0
1719409174,127,48.78180977979163,127,52.61002376331422,127,47.371286823021315,0
1719410074,127,48.24423962000518,127,50.948451713611554,127,55.61647075506886,0
1719410974,127,54.541649176987995,127,53.160792420007496,127,48.85110222079422,0
1719411874,127,52.19678822312046,127,44.332175899730686,127,49.1160937056262,0
1719412774,127,45.06120575888348,127,46.83180374084159,127,53.13533142308226,0
1719413674,127,52.93877314400598,127,48.51228100453225,127,46.83505872510717,0
1719414574,127,54.53797048863565,127,50.71032228904116,127,52.09063568789957,0
1719415474,127,45.79011756892876,127,56.91368974869839,127,48.71788242016959,0
1719416374,127,52.45723246344598,127,43.90593491389145,127,41.441817869589656,0
1719417274,127,40.97575404076555,127,40.768493157307965,127,51.96437703674124,0
1719418174,127,57.223098716129826,127,58.87096629056521,127,48.83019182846897,0
1719419074,127,54.257127069222825,127,46.06735637023302,127,47.606018442528836,0
1719419974,127,54.055901441247016,127,52.7279025235729,127,42.566916957596604,0
1719420874,127,52.59625232595265,127,52.83660530049478,127,48.73417481795889,0
1719421774,127,52.39880429580702,127,41.179557404750135,127,41.20271310800563,0
1719422674,127,44.79737553865612,127,46.77805365560263,127,49.76811693196729,0
1719423574,127,57.96151896281853,127,45.075483581607415,127,54.63441260815202,0
1719424474,127,48.33369521096136,127,50.87678849004492,127,47.66752996024995,0
1719425374,127,55.86777933437072,127,47.52576781841455,127,47.077718117223114,0
1719426274,127,53.95271473202002,127,54.91743704085086,127,47.301062362593555,0
1719427174,127,48.36929668045925,127,52.696197277235775,127,47.124361501072656,0
1719428074,127,48.87609747788301,127,44.29833660953363,127,45.4238403849945,0
1719428974,127,48.400182372175195,127,44.718193398990145,127,52.39929947661577,0
1719429874,127,42.252493858078,127,48.65835891612794,127,55.25500010067093,0
1719430774,127,45.66411735709124,127,41.04779752372207,127,47.67213660823205,0
1719431674,127,45.872102588497526,127,56.274640448001584,127,47.43600642167526,0
1719432574,127,51.99020546873125,127,52.80333358593505,127,51.07637628720373,0
1719433474,127,41.500188221865834,127,49.85443385821422,127,59.32444751581178,0
1719434374,127,53.06961143069031,127,50.122284629553114,127,45.25217869757695,0
1719435274,127,49.96276497108556,127,45.11474281161043,127,43.0639895636623,0
1719436174,127,50.55309931918816,127,42.07694793942258,127,47.73019608469157,0
1719437074,127,44.37704221317829,127,43.651935626462645,127,56.63232762116143,0
1719437974,127,46.75891095911766,127,55.09876877538214,127,46.019756547641684,0
1719438874,127,50.263276123024504,127,50.9056803006573,127,41.99930884188441,0
1719439774,127,43.60469084947993,127,46.313631402029785,127,54.04887699354511,0
1719440674,127,59.326057024793045,127,53.00081541060445,127,52.01876760520475,0
1719441574,127,49.753818053926146,127,55.61416893827949,127,46.75058882627498,0
1719442474,127,55.05802699953961,127,48.72912163322466,127,47.36101242058799,0
1719443374,127,48.79874604693741,127,49.43492077548005,127,55.66930433406406,0
1719444274,127,46.3987638853381,127,52.74973941572731,127,45.13510422346452,0
1719445174,127,45.62108949317964,127,40.923130936862044,127,46.579750005213825,0
1719446074,127,50.47996590036765,127,52.626891271861766,127,55.3061471801248,0
1719446974,127,50.040380292752495,127,57.2885879636442,127,43.497778545084145,0
1719447874,127,59.502723770212654,127,46.17068537558417,127,49.94728329933092,0
1719448774,127,54.18368465450659,127,46.66168480003204,127,54.64877193242854,0
1719449674,127,54.84267834509451,127,49.806771779673966,127,47.73417549149035,0
1719450574,127,50.539812395257165,127,49.537735910410156,127,53.343022641738976,0
1719451474,127,58.79771460549403,127,54.085202675816355,127,46.86626357878724,0
1719452374,127,37.32315197740045,127,46.89568054374753,127,50.206483222275594,0
1719453274,127,52.706421847116374,127,46.64290940285565,127,49.385599371426984,0
1719454174,127,48.341669694704464,127,49.17343484938403,127,57.27064441372535,0
1719455074,127,53.02852576908108,127,53.99125551524594,127,50.6904290673986,0
1719455974,127,42.59071657577623,127,59.49466655641121,127,45.07007956669846,0
1719456874,127,43.927490688634386,127,53.80731985411735,127,46.15839186047618,0
1719457774,127,47.927200043112244,127,47.961797155100804,127,48.7982365206665,0
1719458674,127,47.26450182512073,127,54.98238181736174,127,40.88834697737471,0
1719459574,127,52.37362410567571,127,57.83276644059154,127,54.570131381403186,0
1719460474,127,50.86460919344333,127,52.72223238420422,127,49.18181729893248,0
1719461374,127,45.563280597417226,127,52.21971186183665,127,53.11356399373354,0
1719462274,127,58.7770392514348,127,47.50593731271757,127,43.403443040489954,0
1719463174,127,37.14246001068397,127,50.874489896137085,127,44.201433283839805,0
1719464074,127,54.658463801995175,127,50.5916711549193,127,55.094567710982375,0
1719464974,127,55.12212893874073,127,47.07320381762611,127,54.61779397897807,0
1719465874,127,56.36079203949634,127,54.259504848449694,127,47.81793373858103,0
1719466774,127,43.92793863085629,127,51.321195807446216,127,48.030053765976206,0
1719467674,127,49.59731747259021,127,52.08492397285908,127,41.85048334965505,0
1719468574,127,40.46847260599051,127,45.27777570048593,127,54.932311002614874,0
1719469474,127,33.57756150072831,127,52.197162955310205,127,52.73682427743978,0
1719470374,127,48.994000048963315,127,53.25220150272879,127,51.70291263361104,0
1719471274,127,52.6339400817768,127,58.88501689416554,127,52.61113732221616,0
1719472174,127,54.64099277660159,127,48.905271772913245,127,51.86740723954358,0
1719473074,127,43.99685497213924,127,51.462789468156586,127,55.99422364755941,0
1719473974,127,53.61735237478179,127,47.69637130233306,127,45.52321386354491,0
1719474874,127,49.65550803510482,127,49.00190660096843,127,62.852097589209805,0
1719475774,127,51.143502781197704,127,57.526589118309026,127,50.493536807065865,0
1719476674,127,52.10398257574292,127,49.165841307341346,127,48.04287494068466,0
1719477574,127,50.23616886912384,127,54.48131195482993,127,46.9775109554197,0
1719478474,127,48.82983824100226,127,51.97862561592702,127,42.559333309520795,0
1719479374,127,52.00446115402273,127,48.86036413534075,127,60.35994267435142,0
1719480274,127,47.35549296808485,127,51.620940313014096,127,36.58866528673872,0
1719481174,127,58.522825016910836,127,49.083954024932716,127,43.280597794514875,0
1719482074,127,49.05990973419856,127,55.36504365890163,127,51.76093728603638,0
1719482974,127,51.057337802369034,127,52.80615878098203,127,54.86509805392229,0
1719483874,127,42.63959788015065,127,49.63715934617361,127,42.64127349607757,0
1719484774,127,58.2027100746129,127,42.55156112347462,127,50.264346873094986,0
1719485674,127,41.11607094791975,127,54.650596641935664,127,58.91880390895447,0
1719486574,127,51.39083144316043,127,50.702798160263534,127,48.47144942348623,0
1719487474,127,48.96012059423994,127,52.61718546097039,127,47.18141037450222,0
1719488374,127,42.7918454383147,127,44.97593785912879,127,52.113739288679405,0
1719489274,127,55.12384775727555,127,37.92573871698501,127,56.1439766336157,0
1719490174,127,60.253219963480504,127,48.10195917098372,127,57.16509246321043,0
1719491074,127,41.869404096569866,127,47.84490102763781,127,48.17442898320224,0
1719491974,127,45.93405292818944,127,50.70432062375217,127,49.56883077058228,0
1719492874,127,44.57863000088595,127,47.5120797575328,127,45.843031244807904,0
1719493774,127,48.33752339259617,127,35.25015897626992,127,43.192985611673606,0
1719494674,127,49.67395476110822,127,57.668475274451964,127,53.310309055401746,0
1719495574,127,42.93102507445582,127,55.450443548686565,127,50.97632427740706,0
1719496474,127,52.306958653840695,127,43.48739083202455,127,55.586404598568166,0
1719497374,127,44.66227868048517,127,42.22525024298062,127,48.877817069969545,0
1719498274,127,52.833263843913784,127,40.97320316839463,127,51.2958969448391,0
1719499174,127,55.55250602121386,127,40.05592099728223,127,43.49756177211744,0
1719500074,127,54.74217999608955,127,49.47739023580054,127,49.32267325129851,0
1719500974,127,53.922368084034034,127,48.43373264181318,127,41.44081829812205,0
1719501874,127,49.005166452482975,127,48.63736303738767,127,57.725387350629276,0
1719502774,127,43.66338792552805,127,58.45981829166878,127,51.08577074357526,0
1719503674,127,61.012943574380216,127,57.49199949532837,127,52.751846510368686,0
1719504574,127,56.70088844663922,127,57.27213036685265,127,40.335006384999915,0
1719505474,127,50.60022572373707,127,45.27967857545878,127,48.00128055135097,0
1719506374,127,53.786477976777235,127,49.855038067825326,127,52.49016237648129,0
1719507274,127,52.49093133124267,127,53.044530244161564,127,51.10784527955412,0
1719508174,127,64.22998308868905,127,48.25227831082158,127,51.9491337005621,0
1719509074,127,43.44441027539978,127,42.52515341225276,127,57.711890644733295,0
1719509974,127,52.177668860740056,127,48.66636928354414,127,46.51778678056902,0
1719510874,127,49.842324684740255,127,49.657773239288545,127,56.402336413471986,0
1719511774,127,48.26174667819458,127,51.8398317600214,127,40.21152179031763,0
1719512674,127,42.232095991330404,127,51.5003110714382,127,44.98074660669381,0
1719513574,127,50.375619296809774,127,50.118623486960544,127,59.02299659373535,0
1719514474,127,45.27310139279516,127,48.999183538177874,127,60.807186125054315,0
1719515374,127,45.10943629861913,127,44.87106995527965,127,51.61446245411295,0
1719516274,127,49.67177119131795,127,47.31183724053612,127,47.456941816835666,0
1719517174,127,60.57621263184906,127,47.629056373238114,127,54.66797352818126,0
1719518074,127,45.399088166298824,127,42.23715889521812,127,45.875165656767265,0
1719518974,127,48.6160826221206,127,51.97737628642213,127,37.43599748414743,0
1719519874,127,47.40624751425309,127,58.74162611486398,127,42.399664181203875,0
1719520774,127,63.58321988128271,127,48.01484249640447,127,45.783054982414015,0
1719521674,127,62.13614210256406,127,51.48847964408353,127,43.00031688365379,0
1719522574,127,54.66580412068152,127,46.70057716674239,127,53.52350192255484,0
1719523474,127,52.30858251276142,127,56.024610574586674,127,47.699993299653265,0
1719524374,127,53.98134827677737,127,57.40921951949546,127,52.004423618669676,0
1719525274,127,47.98173964776679,127,59.206156680222215,127,49.19784740894442,0
1719526174,127,50.49582330245107,127,52.31419154506569,127,45.47823163587857,0
1719527074,127,45.54193944107782,127,52.15786116233825,127,56.662844353001915,0
1719527974,127,59.6320542634066,127,46.557134286907925,127,51.66068798676869,0
1719528874,127,48.79322807609171,127,55.4564470232296,127,55.718330036243245,0
1719529774,127,42.52805835726663,127,52.11316349512194,127,48.01143087758917,0
1719530674,127,53.03343406868963,127,50.90847191964547,127,49.86060127282122,0
1719531574,127,46.438823037403054,127,53.88675035389783,127,48.314515551392425,0
1719532474,127,49.59011323639285,127,51.92989735584493,127,50.098729509335215,0
1719533374,127,53.91948420341864,127,55.52709638638317,127,49.75373848198439,0
1719534274,127,44.40825940375753,127,60.22885680776787,127,57.22026771964974,0
1719535174,127,57.04423060808287,127,48.246977016353156,127,54.70952536765526,0
1719536074,127,47.74153426643629,127,49.884057164084645,127,48.84425545638237,0
1719536974,127,47.3464448164184,127,46.95148410223758,127,57.844187097599686,0
1719537874,127,49.69086214676353,127,48.079709907886645,127,49.26891905914774,0
1719538774,127,46.25459698293294,127,47.65779480736666,127,44.1328440435663,0
1719539674,127,51.38074106835196,127,58.23422045954118,127,47.81505313249039,0
1719540574,127,53.09349488354454,127,52.53778775045336,127,51.04696845826971,0
1719541474,127,49.96335952213784,127,57.0794326457689,127,56.971540862255864,0
1719542374,127,44.19686197041585,127,49.037207247136685,127,53.93032503013434,0
1719543274,127,49.37208750153379,127,53.64559392046151,127,49.808982253665114,0
1719544174,127,54.39837323197885,127,66.33299151864732,127,49.213589251347095,0
1719545074,127,56.41350453377611,127,48.991508807711,127,50.1451925233728,0
1719545974,127,56.03278212252834,127,52.510257956787314,127,49.620955472264995,0
1719546874,127,47.195908131148165,127,37.581890206889426,127,53.784004569138,0
1719547774,127,58.905695034839454,127,58.41761240508045,127,44.44461534400002,0
1719548674,127,51.54381392528616,127,47.34684514044994,127,57.20688244752006,0
1719549574,127,50.47037182905586,127,44.25475496240358,127,58.75954659516316,0
1719550474,127,55.83276836595093,127,47.01378204767688,127,45.17703982684725,0
1719551374,127,40.58433887470496,127,51.86575124788152,127,53.548669701652166,0
1719552274,127,54.3167076725797,127,50.28620690300135,127,48.163522176935665,0
1719553174,127,50.37145864630856,127,47.23792211233834,127,49.50465290734473,0
1719554074,127,56.376944429342736,127,50.50723476153379,127,48.63978780507504,0
1719554974,127,53.745017538068446,127,49.84094745534531,127,37.44055233470693,0
1719555874,127,46.254844153004875,127,58.44439246689966,127,42.18356032390304,0
1719556774,127,51.56027900765354,127,62.17573283570897,127,54.719716891967735,0
1719557674,127,58.84282547195963,127,41.20315277159149,127,45.26444763818179,0
1719558574,127,48.27410816683669,127,53.84894480088471,127,46.62718543385305,0
1719559474,127,49.2117954649088,127,46.175203484149165,127,53.52555937904198,0
1719560374,127,52.26123799842848,127,50.79840837518637,127,48.04490354506516,0
1719561274,127,59.457227074426314,127,50.56079282183087,127,41.37158160614638,0
1719562174,127,62.65034106078187,127,51.04134509874148,127,40.70036221141315,0
1719563074,127,53.877259388169946,127,58.07706585070714,127,56.7033583874369,0
1719563974,127,53.8094954089864,127,49.14405308969592,127,49.844662403528105,0
1719564874,127,49.751789180492906,127,52.10038315371264,127,42.29284831720516,0
1719565774,127,48.122691664998854,127,55.12435383911475,127,53.90996091973221,0
1719566674,127,54.47162397583856,127,44.82569059029156,127,48.03183322495133,0
1719567574,127,62.337990682522516,127,55.89440003261268,127,37.78912488102558,0
1719568474,127,46.468796875255194,127,47.90074605113903,127,50.40151212794408,0
1719569374,127,46.68349639878306,127,49.46231349763029,127,47.745799520390456,0
1719570274,127,52.03701616066007,127,46.0752703292902,127,43.64436505669467,0
1719571174,127,56.59656082348265,127,52.41349910063182,127,52.69385851838054,0
1719572074,127,48.681503801797355,127,39.722711279481004,127,51.591305305101365,0
1719572974,127,49.280231227318,127,49.85024153236679,127,52.44458518987849,0
1719573874,127,53.46160617656797,127,53.06822243176827,127,44.02960290819445,0
1719574774,127,52.329026258055805,127,49.85973588250904,127,48.17494110457065,0
1719575674,127,47.33058475384813,127,53.66045499550403,127,53.448399783383636,0
1719576574,127,43.86888914881678,127,53.30665557659837,127,45.59499306915609,0
1719577474,127,50.33974700591581,127,51.539208406483034,127,47.22875124135061,0
1719578374,127,44.55049288353805,127,49.15583073699113,127,53.18189922696844,0
1719579274,127,54.61319910351408,127,51.027434308523674,127,51.23022283759214,0
1719580174,127,45.40716833362374,127,50.59455858350836,127,49.72159354321667,0
1719581074,127,56.44586512553744,127,37.93258621606683,127,42.472990148872114,0
1719581974,127,44.425687191736074,127,52.76820484810325,127,46.20880744116602,0
1719582874,127,57.68569141393117,127,52.76916837412885,127,51.091400061388946,0
1719583774,127,44.11840118361941,127,52.87485774706341,127,53.909522994475765,0
1719584674,127,54.03105564135777,127,49.273785304333764,127,48.992570269141396,0
1719585574,127,52.627008934941266,127,50.80275830581458,127,41.209282183893734,0
1719586474,127,52.5611299849583,127,46.692763192699545,127,47.042298255700906,0
1719587374,127,60.008773331969955,127,42.6613482403513,127,40.87129960591206,0
1719588274,127,55.03208946829694,127,47.08595763701023,127,47.929033392676345,0
1719589174,127,40.42974774433531,127,49.6916637404606,127,49.909890433842016,0
1719590074,127,47.98089021846347,127,53.15636677391968,127,56.03334487051056,0
1719590974,127,47.77517748054342,127,35.64676971453256,127,43.98738197691485,0
1719591874,127,55.46265318985803,127,53.91343475787338,127,46.194317822408955,0
1719592774,127,51.65148027481987,127,52.98678354313963,127,49.831688192313294,0
1719593674,127,52.48999402760332,127,46.554707277537865,127,43.65220456478878,0
1719594574,127,54.66694676817299,127,55.61036294875882,127,46.47418076318799,0
1719595474,127,48.266277633648514,127,54.97662608931536,127,52.777727605753256,0
1719596374,127,49.54315554744368,127,54.955724590071,127,50.28247503249146,0
1719597274,127,55.88195489284202,127,52.134052635146126,127,41.57639609685525,0
1719598174,127,52.1902940214038,127,45.79877350228359,127,54.135130738005465,0
1719599074,127,49.845012369161296,127,46.420511852465204,127,51.03841272394308,0
1719599974,127,51.07419866036379,127,46.82261409463047,127,48.704723272096686,0
1719600874,127,59.54030030282743,127,36.76276859812795,127,41.521313834735544,0
1719601774,127,50.3382022441741,127,49.079537626268205,127,50.07219947909204,0
1719602674,127,46.384779613678326,127,42.75020244651796,127,48.28427890899766,0
1719603574,127,53.50614246992194,127,58.00037522218092,127,44.38962646172844,0
1719604474,127,53.2382264969575,127,56.113759096401566,127,46.86923447711046,0
1719605374,127,39.94075215759666,127,52.793891669622596,127,52.79376768550523,0
1719606274,127,46.4523442533187,127,54.84525137831118,127,49.693561965067,0
1719607174,127,44.91535072808795,127,40.79282590036165,127,57.19438762900021,0
1719608074,127,56.379665546835234,127,47.411567688173214,127,48.4670475350546,0
1719608974,127,49.47261418046029,127,45.53318341653415,127,58.564799089092276,0
1719609874,127,44.69991020230107,127,41.39837291675285,127,60.873862894114744,0
1719610774,127,52.80433851493577,127,44.99518279824436,127,41.843668294200626,0
1719611674,127,49.28153842027641,127,55.411340497423666,127,45.50978706944346,0
1719612574,127,44.14563975887702,127,54.055861213607415,127,57.1592187459418,0
1719613474,127,53.81123584224513,127,49.167148570438776,127,46.24002813302712,0
1719614374,127,54.67737943569879,127,52.39717453095842,127,45.035511598949775,0
1719615274,127,56.05098712376987,127,42.56643075735997,127,53.07339408078776,0
1719616174,127,48.63012949784882,127,53.72907004310567,127,47.861780346027544,0
1719617074,127,46.43517245814422,127,55.145661602832405,127,50.8145398329835,0
1719617974,127,52.60239511313838,127,52.25038705464683,127,53.298551397872025,0
1719618874,127,39.26174412154191,127,53.67722742242168,127,60.16893165293146,0
1719619774,127,47.73556566179214,127,50.235201339495255,127,46.76650508045888,0
1719620674,127,37.83918558430965,127,54.726033016929556,127,45.500018770540464,0
1719621574,127,48.99126167826844,127,52.60467748756933,127,50.61135124445425,0
1719622474,127,51.683679814918825,127,46.8876046772206,127,61.59463004638482,0
1719623374,127,54.34019573804018,127,47.411863623181205,127,52.58757934266367,0
1719624274,127,42.87622115357942,127,51.015939549169744,127,37.36478297101847,0
1719625174,127,44.299886827188004,127,56.45588721867838,127,52.285901947043754,0
1719626074,127,57.70575257489025,127,51.8875534854298,127,55.06975672252,0
1719626974,127,45.41343477346951,127,39.14404901013827,127,49.75950265809185,0
1719627874,127,42.050136328357844,127,50.62259299190787,127,49.266611396036886,0
1719628774,127,55.745740501987704,127,59.03417244382693,127,43.61843554013421,0
1719629674,127,51.237899580608776,127,54.82520117356699,127,42.17097667718251,0
1719630574,127,56.02863530979367,127,39.1060912620632,127,40.418612531499605,0
1719631474,127,51.811048807867664,127,46.92569213639864,127,61.121837909843826,0
1719632374,127,44.52917440976558,127,49.34040806910052,127,51.57000432426053,0
1719633274,127,50.74841962307489,127,42.44396600532466,127,57.81947357081046,0
1719634174,127,49.608232524155575,127,55.54463871592446,127,50.246833449664344,0
1719635074,127,48.32191684560965,127,51.20317171720627,127,48.71336321671543,0
1719635974,127,41.53982468518904,127,48.221057909072734,127,52.68315733420305,0
1719636874,127,54.700287590241075,127,45.18778463135589,127,55.38454339076414,0
1719637774,127,44.7383319790262,127,49.56102884560656,127,49.973898288936155,0
1719638674,127,57.13928873682819,127,53.9306727243096,127,43.21759051378335,0
1719639574,127,50.56641641884362,127,51.71225215673238,127,52.87907413534575,0
1719640474,127,46.342302116292316,127,48.8518404278975,127,53.99861291388482,0
1719641374,127,44.97656417918474,127,48.52084002071685,127,56.01731157571252,0
1719642274,127,40.073235834436005,127,49.7997922878204,127,46.45162154606478,0
1719643174,127,52.51472312594035,127,51.83950274012142,127,46.76652252994241,0
1719644074,127,54.21461540284747,127,48.23563335934475,127,45.54327771450482,0
1719644974,127,62.106495519659916,127,52.11282899413356,127,57.938657689405055,0
1719645874,127,55.00526146189876,127,54.437697038619966,127,50.48942951733748,0
1719646774,127,54.69352469341078,127,54.60105346915725,127,43.551198108708334,0
1719647674,127,60.09430009581411,127,57.105829879057616,127,46.83669653797987,0
1719648574,127,51.52874745306054,127,60.111081913376786,127,54.77357428177199,0
1719649474,127,49.39490681749046,127,55.468361902239536,127,52.44758455511169,0
1719650374,127,47.98757853406341,127,56.45901662185062,127,46.36383684346458,0
1719651274,127,52.640461237768726,127,54.89633702140598,127,45.42373259162925,0
1719652174,127,47.890693387734665,127,53.50672478556742,127,53.55266279209748,0
1719653074,127,52.24888896282971,127,49.24911998967081,127,52.09667779246246,0
1719653974,127,50.35709603206908,127,49.642241443613806,127,48.2286149656794,0
1719654874,127,48.42585137369378,127,51.003597626151965,127,52.26333299107977,0
1719655774,127,56.41855329578773,127,53.14400182171372,127,57.49706035041669,0
1719656674,127,50.91210973623178,127,54.53068349554149,127,57.81288347844667,0
1719657574,127,48.01447247297418,127,48.54352213359045,127,49.99476851392178,0
1719658474,127,53.335535512717925,127,46.059054927560354,127,36.27461636586514,0
1719659374,127,52.03034817176959,127,49.39142606711486,127,49.73634587751111,0
1719660274,127,47.2020062570823,127,44.66817693814448,127,41.9276619099455,0
1719661174,127,45.774451817752976,127,46.258385700618994,127,47.853966741180756,0
1719662074,127,46.4160980700731,127,51.62479627369573,127,55.08008270407305,0
1719662974,127,52.580448168137345,127,52.981801358045914,127,59.13402650343983,0
1719663874,127,48.6116093999546,127,47.95793202725479,127,55.65839207237082,0
1719664774,127,49.93344964702821,127,37.7587593732272,127,49.70665653468859,0
1719665674,127,45.56080502328541,127,56.83754260469038,127,49.90534816639137,0
1719666574,127,48.4274858143316,127,38.45017677991577,127,41.04335297910513,0
1719667474,127,47.565911141022326,127,45.04223005301219,127,45.69451315659726,0
1719668374,127,52.53534482571933,127,46.54032300470961,127,52.402735649036195,0
1719669274,127,60.29272848382644,127,51.41113728906049,127,46.74275973391519,0
1719670174,127,49.15750003712057,127,45.229921627842906,127,47.05212202201712,0
1719671074,127,47.974732146374414,127,40.53248945918011,127,48.70358799602554,0
1719671974,127,47.21789099472193,127,47.339316739298496,127,48.19463221148198,0
1719672874,127,53.75763398750822,127,44.76765477377539,127,51.31144649166267,0
1719673774,127,59.93844295900909,127,51.78413230920415,127,46.3273270084387,0
1719674674,127,49.90224230252222,127,43.115087362606445,127,51.64844678300279,0
1719675574,127,48.66873935498551,127,52.15258012380124,127,54.270059495380025,0
1719676474,127,49.80458876215128,127,51.5360839048797,127,51.12902700219052,0
1719677374,127,53.24621453241637,127,39.40105769907566,127,46.081294592175965,0
1719678274,127,56.19198922994747,127,52.35532988630514,127,55.86405682326698,0
1719679174,127,45.24643526121877,127,51.1583174745352,127,57.925910486050725,0
1719680074,127,54.88080651090522,127,46.87108549440991,127,53.854725442064044,0
1719680974,127,43.9468992217814,127,49.21182254785975,127,62.961032144074224,0
1719681874,127,52.97320447354785,127,45.90001490479959,127,56.80819499799447,0
1719682774,127,54.44069063377822,127,50.80691668824393,127,46.076209194477286,0
1719683674,127,49.377490636604314,127,48.46009093087261,127,48.846335499700324,0
1719684574,127,55.12900969050617,127,48.22764479656223,127,52.30189661759682,0
1719685474,127,50.57918149629943,127,42.32505623567727,127,52.662900489271024,0
1719686374,127,48.38090799373531,127,46.07615928516467,127,44.55843537504995,0
1719687274,127,48.20002365618405,127,51.73941017726539,127,54.17447472312115,0
1719688174,127,49.03969748854209,127,41.920989122876236,127,47.86234979454598,0
1719689074,127,45.42196996228813,127,42.26400533667945,127,49.831179760835454,0
1719689974,127,51.64865509100456,127,50.75616982387044,127,49.411958271243336,0
1719690874,127,50.220279804150806,127,50.360657071720546,127,49.76547545435516,0
1719691774,127,47.25601121279156,127,46.60054726770794,127,50.8710832895327,0
1719692674,127,45.28022264495475,127,52.95884280847061,127,49.99642807768952,0
1719693574,127,46.61511929827449,127,54.52751268768167,127,56.43662660358221,0
1719694474,127,54.044677579817716,127,50.55038920320351,127,54.95330937643155,0
1719695374,127,52.88076622757904,127,51.88156704879212,127,55.40892281880525,0
1719696274,127,48.802309849422876,127,54.3899254126859,127,50.78244433483581,0
1719697174,127,48.12084391605529,127,45.363714006813744,127,59.58346365100395,0
1719698074,127,44.83602971284073,127,50.75548828432986,127,47.059414936166355,0
1719698974,127,53.966554530113726,127,47.115482515679886,127,60.11017658721296,0
1719699874,127,46.24746169766058,127,54.60008650768304,127,51.95809686868965,0
1719700774,127,51.234152375025936,127,58.09545367294169,127,49.65392807405673,0
1719701674,127,64.57509512169844,127,53.12104943840617,127,53.430776442609016,0
1719702574,127,51.645268048636375,127,49.76703817567355,127,49.15464855606831,0
1719703474,127,51.075338655667935,127,54.01112521803296,127,47.71492401810103,0
1719704374,127,48.20732624916518,127,45.854798561612924,127,54.61020918918156,0
1719705274,127,51.5831637659992,127,56.89375296194039,127,47.88059684023964,0
1719706174,127,46.58361445711751,127,38.03662133210327,127,56.71695233806005,0
1719707074,127,47.8478897959674,127,50.05308892111846,127,50.09498724605307,0
1719707974,127,50.65793905840253,127,51.20005997416398,127,51.67782080190769,0
1719708874,127,47.96366974663607,127,54.95191663865287,127,50.879509817575354,0
1719709774,127,55.82217483865618,127,50.50027070879633,127,47.659959324696935,0
1719710674,127,43.104625798656315,127,51.75238922419233,127,50.45610625064215,0
1719711574,127,46.452061139244826,127,52.41271814947901,127,40.14623145867088,0
1719712474,127,41.130947582978266,127,56.390526790745945,127,55.35452514225095,0
1719713374,127,44.20996393227347,127,49.593137691887314,127,43.18821583438636,0
1719714274,127,51.76277131808971,127,46.450707595008154,127,43.34852143691272,0
1719715174,127,44.63359240274345,127,53.51561405563214,127,58.13930449972757,0
1719716074,127,51.60846192552314,127,41.68859257549923,127,47.069139859945025,0
1719716974,127,53.581309700432136,127,52.79843058992878,127,51.98006793035913,0
1719717874,127,49.21836924561948,127,53.781739362171415,127,54.39146686824891,0
1719718774,127,53.30680325551124,127,45.41846902985513,127,59.96842581579312,0
1719719674,127,53.52300926396402,127,52.64948794915583,127,48.24126430289906,0
1719720574,127,48.73514800793996,127,46.590324015953726,127,52.25581109991594,0
1719721474,127,48.152468706311744,127,51.417915456606075,127,50.48253833813125,0
1719722374,127,54.75064309988159,127,37.19276168039465,127,52.89543215955779,0
1719723274,127,52.043961906347256,127,43.76205371410241,127,43.40697830826823,0
1719724174,127,61.53394751256814,127,47.35477721876302,127,47.73386278427692,0
1719725074,127,42.89001198361299,127,52.12123283462602,127,44.426439271971965,0
1719725974,127,55.80897159559596,127,56.80379549208348,127,49.176059637737445,0
1719726874,127,46.747456286625685,127,56.500858597601244,127,47.88679765136239,0
1719727774,127,50.050603745660986,127,54.09030329631502,127,49.26066807095775,0
1719728674,127,44.305677764513376,127,45.37850128174412,127,58.290839445106414,0
1719729574,127,53.07829712468749,127,43.22196942009312,127,55.19859037522312,0
1719730474,127,50.02871407771687,127,44.631962676596636,127,49.253201908336415,0
1719731374,127,50.37583307122828,127,52.42606744498025,127,49.68107666780589,0
1719732274,127,56.014280590130106,127,50.15522259466863,127,49.18412186674206,0
1719733174,127,52.52715783816433,127,46.96589187174716,127,46.36968154537155,0
1719734074,127,54.66850608014498,127,52.24521981561272,127,54.80608400149576,0
1719734974,127,47.64313791354628,127,50.37850089736555,127,43.749058897903645,0
1719735874,127,50.492637039251264,127,49.65840095480076,127,57.251218090398005,0
1719736774,127,50.924548063723925,127,46.219756996883696,127,40.85716525508252,0
1719737674,127,53.04663739502232,127,50.29331813819641,127,51.01429920813712,0
1719738574,127,53.28152708538953,127,47.17380117918412,127,61.38329603536768,0
1719739474,127,45.45735738720202,127,53.17843931939598,127,52.55824511408132,0
1719740374,127,42.03531715645749,127,50.663509914691666,127,50.906415793281006,0
1719741274,127,58.753633486654856,127,54.61915271621494,127,59.018334245126375,0
1719742174,127,51.34941993373275,127,49.319704375731106,127,40.754218404292594,0
1719743074,127,42.36542114606306,127,42.954364831797804,127,47.97028812290824,0
1719743974,127,55.84184860177453,127,51.97539604233564,127,48.134784953599706,0
1719744874,127,54.71648333629379,127,47.74616793843147,127,60.73645897198347,0
1719745774,127,52.36961812086456,127,58.155322106303714,127,52.103304590956704,0
1719746674,127,42.12143477148037,127,45.48686985925981,127,57.12609734763091,0
1719747574,127,55.431452747029745,127,47.42858775197349,127,54.61422672236693,0
1719748474,127,45.18873175243452,127,52.75996906234187,127,49.83648068429154,0
1719749374,127,56.031160631493584,127,49.095863697708495,127,42.90296965137271,0
1719750274,127,54.81564366935186,127,46.701474853649884,127,44.625208177097974,0
1719751174,127,57.35233747568211,127,59.12386044805869,127,46.39842451559667,0
1719752074,127,44.87264308077661,127,57.070923919427244,127,65.2712033303127,0
1719752974,127,44.60025244879462,127,46.6326188565784,127,49.22630509008914,0
1719753874,127,54.04994732044368,127,49.70801128629924,127,44.962222026369425,0
1719754774,127,41.31809586310418,127,48.906929147931095,127,63.027357754849376,0
1719755674,127,48.2396627584864,127,42.937264824754145,127,45.0665344380744,0
1719756574,127,48.43184215237618,127,51.37931103219111,127,49.80873386259348,0
1719757474,127,48.545487149891926,127,43.83282555050387,127,46.529128750387926,0
1719758374,127,52.23011302769843,127,48.32780973990114,127,51.270645014455035,0
1719759274,127,46.122785687192504,127,53.491097298203705,127,49.01464731658903,0
1719760174,127,47.883915376225524,127,48.5786081088527,127,39.3729269759049,0
1719761074,127,41.50636761451422,127,54.456468078466806,127,50.18470991434952,0
1719761974,127,47.6230100303371,127,54.73700642892,127,44.15272517996191,0
1719762874,127,50.478860799637296,127,40.17643076789655,127,54.225340504410596,0
1719763774,127,44.680506439917494,127,41.02044704454047,127,55.16790297572071,0
1719764674,127,44.824633039842944,127,56.715486598032186,127,52.806757742662946,0
1719765574,127,43.07051185921422,127,51.386412058190125,127,51.01864385994716,0
1719766474,127,47.633886945490985,127,45.29712690657029,127,53.68316661165163,0
1719767374,127,56.80666829716538,127,50.10449226567811,127,52.046893695877515,0
1719768274,127,50.43590792511726,127,39.76488519565801,127,46.907204004808555,0
1719769174,127,52.684638405465925,127,45.2206473954556,127,52.39786422938416,0
1719770074,127,40.03475368029157,127,56.23721756652203,127,50.034479277348574,0
1719770974,127,57.8951595589205,127,55.490267595016256,127,49.68107679650983,0
1719771874,127,47.048517040653735,127,49.96937733616766,127,60.31869304800349,0
1719772774,127,47.296467598476504,127,45.794649809093386,127,48.40717565172745,0
1719773674,127,48.28050824426977,127,39.87422416611232,127,50.79229551737185,0
1719774574,127,47.67308168266769,127,52.45132661213768,127,55.79343437737345,0
1719775474,127,46.80971182140065,127,48.308863442692456,127,50.85925882600866,0
1719776374,127,59.0244997786356,127,46.93301123127588,127,55.91379542353467,0
1719777274,127,47.72684974320026,127,52.77325637857604,127,44.62073471609964,0
1719778174,127,51.63115991578612,127,41.937286871916385,127,55.70254143087908,0
1719779074,127,54.98132219639442,127,48.045686678703575,127,51.271030795265986,0
1719779974,127,47.34569977354627,127,54.11039840557103,127,57.36498658524206,0
1719780874,127,53.49020040413899,127,59.80752465132251,127,56.43849107623428,0
1719781774,127,51.09141454085909,127,60.64890394593238,127,44.47094311881325,0
1719782674,127,45.5351998632042,127,41.56454299502005,127,45.20258586562598,0
1719783574,127,58.17286396829997,127,48.88275619519449,127,51.38492342703825,0
1719784474,127,47.586372473587375,127,53.094339549644744,127,46.235477476628134,0
1719785374,127,40.74308332641087,127,47.27516894679359,127,48.855325174148135,0
1719786274,127,48.8622057110747,127,50.79236106752123,127,45.43004328021035,0
1719787174,127,47.90112639484579,127,54.681211097533016,127,54.335044683360415,0
1719788074,127,49.89083954286569,127,49.431371036093694,127,54.12013586747484,0
1719788974,127,44.532525006245656,127,49.027356911605494,127,54.00176663721218,0
1719789874,127,48.801515590468824,127,55.772120323360774,127,50.92187286723428,0
1719790774,127,59.074116858129614,127,43.560167327254405,127,48.895130965982034,0
1719791674,127,54.02291744608613,127,49.52171828742569,127,47.39166230032908,0
1719792574,127,50.193411361292505,127,49.95771661656283,127,53.76635999171112,0
1719793474,127,47.22580278598309,127,43.70172337125404,127,53.35472911164469,0
1719794374,127,52.61365142432352,127,51.82032118172809,127,47.90736115250267,0
1719795274,127,48.62630201827142,127,43.23245669203112,127,46.416548453495864,0
1719796174,127,47.65595437814997,127,46.46766735472076,127,50.64894979671595,0
1719797074,127,52.410216698367066,127,58.11417250050947,127,49.67705552826216,0
1719797974,127,55.530062162836586,127,56.73704502140747,127,49.916217123223774,0
1719798874,127,50.859422808339914,127,46.428525297427605,127,42.00781071491469,0
1719799774,127,43.18385277284297,127,52.45873894794646,127,51.03226458880905,0
1719800674,127,53.950668167120824,127,54.06900000663557,127,53.9019814046076,0
1719801574,127,44.045526867782606,127,53.82946060194941,127,51.43948072346465,0
1719802474,127,47.72358671292323,127,49.90359618212299,127,51.29274074083781,0
1719803374,127,49.299209847723105,127,52.330020959910364,127,48.77125397934919,0
1719804274,127,44.73466269631711,127,49.232660176945025,127,42.51091495786795,0
1719805174,127,52.52185956486989,127,50.771190927178736,127,47.33093564322045,0
1719806074,127,48.26949783412156,127,50.745607567538556,127,53.74278548197791,0
1719806974,127,49.57741575136693,127,48.50541908139781,127,42.47498311031522,0
1719807874,127,48.879808361316215,127,50.65032408072688,127,51.73761809366319,0
1719808774,127,49.24989608166445,127,53.2265939229594,127,50.21939432655523,0
1719809674,127,53.188216240703184,127,47.175518489007075,127,53.4482920648251,0
1719810574,127,60.1163992532056,127,44.50968468325563,127,49.21073615119316,0
1719811474,127,55.48226065460073,127,53.175345282578355,127,58.11507930625105,0
1719812374,127,43.73021798441279,127,40.633633628698455,127,51.0975034775133,0
1719813274,127,42.942328394225555,127,48.40016570876669,127,52.61958926411714,0
1719814174,127,42.63119566906345,127,45.53340854004332,127,43.06640430858236,0
1719815074,127,50.67260150405797,127,44.89155471490878,127,54.76870536698157,0
1719815974,127,47.93534683913274,127,48.69395184972813,127,39.79516796004248,0
1719816874,127,49.83293424949027,127,49.83298607439146,127,54.5849882390852,0
1719817774,127,46.047564080131494,127,56.12995139050692,127,55.87582254276941,0
1719818674,127,47.857451148044234,127,52.58451925084093,127,42.831761268731,0
1719819574,127,45.73654967942328,127,52.418266965844346,127,52.81376184839985,0
1719820474,127,56.16156276340186,127,57.403365501516376,127,54.23494002224994,0
1719821374,127,52.21292633142787,127,45.073257965041094,127,50.14655585330367,0
1719822274,127,42.44295565953294,127,54.969657166392075,127,47.431843923228755,0
1719823174,127,59.21156954634486,127,48.38754888548334,127,56.74319230390246,0
1719824074,127,50.804126095064866,127,61.64056281216753,127,51.84125125305107,0
1719824974,127,54.25019492155001,127,43.9568972093667,127,58.21286984401267,0
1719825874,127,58.28394594731176,127,62.58189450030904,127,47.241641039142316,0
1719826774,127,46.45499095112314,127,52.768038746625166,127,50.52219264149323,0
1719827674,127,52.92445657925699,127,47.13085282739737,127,44.33255923222389,0
1719828574,127,52.48223281068191,127,47.78515052391661,127,47.2778744282275,0
1719829474,127,49.90776199164542,127,55.2443400393352,127,43.10688936587991,0
1719830374,127,43.29550706332805,127,45.71967941068803,127,39.938848454924525,0
1719831274,127,60.68632910565934,127,52.53847353613672,127,45.44742747647207,0
1719832174,127,55.01743134972039,127,47.2531660970132,127,54.05350826428924,0
1719833074,127,52.55788545747854,127,57.17496145345381,127,48.68931948724437,0
1719833974,127,45.79178840092905,127,48.00721701154009,127,57.22520044518339,0
1719834874,127,47.21567831889028,127,40.2691965776439,127,50.58314586810812,0
1719835774,127,49.54521446628371,127,53.59768106900722,127,51.123187367155744,0
1719836674,127,46.97105279475142,127,43.53215120288301,127,48.359310774503825,0
1719837574,127,50.31158863292429,127,63.41649443712275,127,45.118149942038414,0
1719838474,127,49.34864704603792,127,47.504726167306885,127,50.20308943624581,0
1719839374,127,46.25356114286122,127,50.23118382609188,127,50.6853300467029,0
1719840274,127,54.918068967167414,127,43.49716914733342,127,48.28499540249991,0
1719841174,127,41.510494031003056,127,46.76385348335607,127,47.17683334803544,0
1719842074,127,51.55321128799268,127,45.05528835924994,127,41.42165427146272,0
1719842974,127,53.15698657712424,127,40.0104208034311,127,51.918005953874626,0
1719843874,127,48.0586031541873,127,41.07977988160607,127,53.715356324297716,0
1719844774,127,53.99737225719829,127,43.73118717761131,127,56.746533833889586,0
1719845674,127,44.8245246619398,127,44.49082315990552,127,40.655264411678814,0
1719846574,127,42.98387498578159,127,50.985955098863606,127,47.60298265511195,0
1719847474,127,51.081233140104914,127,55.86432423337895,127,51.20703744159668,0
1719848374,127,40.62402227936875,127,46.97062663011443,127,51.94754362516547,0
1719849274,127,48.18489967730102,127,46.19450951418884,127,43.02643451893742,0
1719850174,127,51.873177435487705,127,46.097408988284464,127,45.99552716347715,0
1719851074,127,44.47747547348207,127,45.687464399676244,127,51.31247468548265,0
1719851974,127,45.92769462734982,127,44.29844821865225,127,42.83743128129437,0
1719852874,127,43.51521390560238,127,55.5394636136741,127,56.19336651827942,0
1719853774,127,44.95146416669221,127,52.333393519399344,127,40.472883764636826,0
1719854674,127,48.310280942963736,127,45.26095295583507,127,49.092417756414164,0
1719855574,127,39.37285634609574,127,51.90310351109774,127,51.80662140288153,0
1719856474,127,48.096361247481845,127,53.254584828627785,127,44.4298179202938,0
1719857374,127,41.90246225343313,127,50.686364757166196,127,54.08867649921634,0
1719858274,127,41.66811029095686,127,58.08225638486621,127,52.649416218642166,0
1719859174,127,46.78501418983209,127,52.225170814664395,127,48.193395655093695,0
1719860074,127,52.12603314966129,127,48.404329215132755,127,46.84815550401374,0
1719860974,127,46.7526248809582,127,51.9706123615208,127,53.896127522845774,0
1719861874,127,46.410672343677454,127,52.674657712584015,127,48.10092294671248,0
1719862774,127,48.28041634815676,127,53.05754470867207,127,54.12254303151804,0
1719863674,127,50.74184542031418,127,54.32956541329405,127,47.78859468156924,0
1719864574,127,51.18303197637289,127,45.868269979740035,127,48.72794585320562,0
1719865474,127,53.55281100197109,127,56.4683312329556,127,49.96941363531294,0
1719866374,127,43.00442505217627,127,48.65761131889598,127,52.73910390307462,0
1719867274,127,47.06901447856281,127,56.054184143324626,127,56.41550714032872,0
1719868174,127,62.311661106606266,127,58.901661424504695,127,50.402570050598996,0
1719869074,127,49.019862238630864,127,50.18112434942552,127,49.28436809028114,0
1719869974,127,52.32709157567823,127,46.43976225293224,127,42.74125500870657,0
1719870874,127,48.08740836325087,127,51.88388534788611,127,48.77996964809742,0
1719871774,127,51.32387664658442,127,47.36772890959762,127,49.074070811989884,0
1719872674,127,47.316504166485345,127,56.071418490489435,127,50.19110792240738,0
1719873574,127,51.491773465077,127,43.16931270061209,127,53.290996272423875,0
1719874474,127,48.155184704390365,127,44.238154713388084,127,51.10361795288003,0
1719875374,127,48.20589491105105,127,47.45754528147816,127,52.118586546963265,0
1719876274,127,48.74267135862101,127,42.63129059710044,127,51.99343635043285,0
1719877174,127,57.17311460200712,127,46.942666939445935,127,49.764091814838196,0
1719878074,127,53.54575585118668,127,43.98148181442842,127,43.76213172844996,0
1719878974,127,48.78526128396358,127,50.0524122128417,127,54.943919996017485,0
1719879874,127,47.383563941525466,127,46.72969286942496,127,64.85885291830692,0
1719880774,127,45.950667373717856,127,43.88953761838845,127,53.18337489301755,0
1719881674,127,51.71852679841645,127,51.19246931943195,127,42.075596182372365,0
1719882574,127,50.841149390991625,127,53.695370287940015,127,44.23820166702713,0
1719883474,127,52.57511114010376,127,51.43785983025756,127,48.17529182993535,0
1719884374,127,52.825857608956035,127,42.5516328892575,127,54.38637817272721,0
1719885274,127,43.33163407574502,127,46.10988506497761,127,59.24868873706728,0
1719886174,127,51.30528643092468,127,53.87949663848483,127,50.10335211327291,0
1719887074,127,44.85899235314956,127,65.98318993649815,127,51.40946162729598,0
1719887974,127,43.94539629738025,127,45.83929128914801,127,43.41264002427647,0
1719888874,127,56.19000068505958,127,48.8428725330345,127,45.682135106840065,0
1719889774,127,49.0848633428659,127,45.91226182917178,127,47.933110022429666,0
1719890674,127,42.24558240125087,127,50.81226932673517,127,44.79990235152495,0
1719891574,127,48.588317197455204,127,46.23421957589094,127,36.551856852739036,0
1719892474,127,38.78483503065992,127,49.72721364956068,127,50.810421372353595,0
1719893374,127,49.30379099566907,127,44.55917920534375,127,48.832808695487714,0
1719894274,127,55.03670506416212,127,54.88932033793655,127,50.42647323251271,0
1719895174,127,48.15310804828871,127,44.23091380864219,127,54.59428313729947,0
1719896074,127,43.95022061860303,127,46.60892976846075,127,49.43062628026495,0
1719896974,127,47.52293533990451,127,46.48791955544682,127,50.77916619618038,0
1719897874,127,49.07067525842075,127,57.81698124847412,127,51.21792015470054,0
1719898774,127,51.08172250952339,127,40.348267849003555,127,47.62838535795567,0
1719899674,127,45.25086665131998,127,51.61877936785785,127,48.769692106465776,0
1719900574,127,47.723197431327655,127,46.35089582580175,127,48.208876582260956,0
1719901474,127,60.5876591741139,127,45.61720090208899,127,52.81726470376102,0
1719902374,127,50.31276103464167,127,45.153533330400194,127,55.921088166313304,0
1719903274,127,52.115267488639034,127,52.43719088116836,127,47.15640538405162,0
1719904174,127,59.46892403466092,127,49.02709548344261,127,57.39719880167172,0
1719905074,127,43.368696214591736,127,45.696599381010074,127,51.09566011308604,0
1719905974,127,53.59403485288739,127,50.00459105156719,127,53.28840040737699,0
1719906874,127,54.03197216836945,127,54.40508415762395,127,47.482478284789295,0
1719907774,127,46.11957410204196,127,50.833272379898865,127,50.57666890118191,0
1719908674,127,45.82169882853433,127,47.04900440762039,127,48.39202420297789,0
1719909574,127,45.01222311952695,127,46.906406858154966,127,51.350157644355185,0
1719910474,127,56.41232694532353,127,49.209311665433646,127,39.23317798648776,0
1719911374,127,46.41450007892404,127,46.67592849893467,127,51.340189402672365,0
1719912274,127,47.589173347150286,127,50.349175346624975,127,53.394046338920724,0
1719913174,127,56.25854710725656,127,50.02317824138996,127,50.04306922464007,0
1719914074,127,46.79115793029548,127,37.92185771031201,127,47.92220020131993,0
1719914974,127,46.83065943387994,127,53.75036159959798,127,47.43485373821909,0
1719915874,127,52.8734643640973,127,49.40799042290142,127,48.67585495291434,0
1719916774,127,39.59080206852302,127,46.4311740495687,127,45.130171346526716,0
1719917674,127,53.768606329681546,127,51.26790955749451,127,53.084872482081465,0
1719918574,127,42.72261517763333,127,51.75323279021491,127,53.71652124592316,0
1719919474,127,56.84341185102404,127,57.042630867746084,127,54.68469860917225,0
1719920374,127,44.244875630978584,127,45.85259932695962,127,34.570696465661065,0
1719921274,127,55.769074235143236,127,44.84229609591409,127,52.03587593882416,0
1719922174,127,38.330436241355244,127,37.813351259766044,127,42.16115446267897,0
1719923074,127,52.98956735504443,127,54.74788106371714,127,44.34875094710192,0
1719923974,127,57.84933976973905,127,49.94379421362717,127,47.567018039019445,0
1719924874,127,46.83883867122001,127,61.099134348821586,127,49.082736846302375,0
1719925774,127,44.367413315561954,127,56.50245440797866,127,45.64085766530553,0
1719926674,127,44.91209800631826,127,50.61536074112032,127,56.42257038223216,0
1719927574,127,48.00405015037531,127,44.08983208615241,127,42.11319422396078,0
1719928474,127,40.54228650655125,127,55.241387596035885,127,52.3158154484867,0
1719929374,127,52.72663691625449,127,43.89181494658871,127,43.694916648771965,0
1719930274,127,51.86165395000783,127,46.47161809743617,127,52.749636543881905,0
1719931174,127,42.9621359403158,127,48.764356545090486,127,49.001695112173046,0
1719932074,127,46.792877256210495,127,39.58850764111114,127,55.28639024552203,0
1719932974,127,48.784511576255646,127,54.83857864750034,127,51.39420419414368,0
1719933874,127,49.71102945151732,127,53.373366618633355,127,46.15608602041215,0
1719934774,127,50.85500920768205,127,51.15412466025743,127,42.995546051293694,0
1719935674,127,42.17228690849263,127,38.55031758118754,127,55.98792348356523,0
1719936574,127,53.82866455825005,127,41.970374381584044,127,53.46587742005137,0
1719937474,127,53.007505731521576,127,42.18134454266104,127,48.2073727697325,0
1719938374,127,58.67338446317518,127,47.86388100283443,127,53.28646142550451,0
1719939274,127,53.60411424839516,127,52.08520568751064,127,58.492532264465694,0
1719940174,127,46.96508079721111,127,50.992871410699145,127,56.700507401248245,0
1719941074,127,50.77443322343408,127,55.53237190854042,127,56.82553347540389,0
1719941974,127,43.53084474229043,127,50.56418618642258,127,52.0762025157321,0
1719942874,127,59.31597858722054,127,53.499028898855016,127,46.072860303538626,0
1719943774,127,53.87243439745342,127,55.51504962775739,127,46.592339514351316,0
1719944674,127,46.61665285091004,127,53.631367002618546,127,50.85267217766967,0
1719945574,127,57.544289355700286,127,42.611925677451026,127,49.706759776402535,0
1719946474,127,55.503476975809605,127,53.7101809658155,127,58.29387338358791,0
1719947374,127,50.602622611983335,127,49.98995300667914,127,61.106415095695326,0
1719948274,127,55.16702416844602,127,53.58389038479831,127,53.83766739672823,0
1719949174,127,47.885121622948525,127,40.728535573266136,127,49.1023996105123,0
1719950074,127,48.024742363386316,127,49.1030716783621,127,51.338757905037845,0
1719950974,127,48.92704822638966,127,54.94196452000055,127,53.047952723505254,0
1719951874,127,54.201783363228444,127,36.36363930943816,127,37.07988922379376,0
1719952774,127,52.14373541831913,127,45.77705446198933,127,52.69906975552101,0
1719953674,127,50.60535500909453,127,54.68912841772514,127,48.341007054757036,0
1719954574,127,44.50195028440567,127,50.207975072153005,127,48.38034498528053,0
1719955474,127,51.69768347296068,127,53.16814027845683,127,53.595800748267465,0
1719956374,127,46.1201210089375,127,50.85449750705824,127,67.40165338390615,0
1719957274,127,45.39658969980283,127,47.975724351737234,127,44.62225161381265,0
1719958174,127,45.585831084700246,127,47.0212860152441,127,39.35809877114698,0
1719959074,127,47.49479559855482,127,52.190400108688486,127,50.72571134083808,0
1719959974,127,50.274134812680316,127,53.97329069988738,127,57.8690958325337,0
1719960874,127,52.11915658384897,127,55.68905777529812,127,38.298825371766206,0
1719961774,127,51.310578823673595,127,47.03766524410754,127,53.20844681670661,0
1719962674,127,49.5002565100035,127,50.39674140153357,127,56.04667672760457,0
1719963574,127,53.09105225690305,127,49.388557269594784,127,55.74160779323038,0
1719964474,127,43.734953724553435,127,54.16820892871068,127,47.07322341360668,0
1719965374,127,45.69072726998982,127,44.93818705917634,127,48.645011140958346,0
1719966274,127,55.904456665107226,127,55.333395255572825,127,47.29490000155151,0
1719967174,127,51.20900569851112,127,49.674772761299835,127,43.156276267382545,0
1719968074,127,53.32196245629345,127,56.117998184295026,127,43.846914643073724,0
1719968974,127,48.144855390973966,127,38.18475479658447,127,49.58820880014859,0
1719969874,127,43.20372138986078,127,49.869611103365784,127,52.16732354106809,0
1719970774,127,51.1795004167417,127,41.70470559632011,127,46.64552298244056,0
1719971674,127,55.18705944637589,127,52.947313645970716,127,50.69514793321787,0
1719972574,127,52.30627976003662,127,44.20925066332792,127,46.810391896583326,0
1719973474,127,47.383060820015,127,51.22676185719749,127,46.656666531138804,0
1719974374,127,48.63522928579366,127,50.291438007245816,127,49.17929720332958,0
1719975274,127,63.34677193936423,127,46.412507627603084,127,55.54434109403997,0
1719976174,127,52.66478671418755,127,50.22227876684391,127,47.045800061143986,0
1719977074,127,58.50261786963564,127,49.295460665037446,127,44.16506810281435,0
1719977974,127,53.41494088468473,127,49.127040905357205,127,51.4323729550138,0
1719978874,127,40.832474008923334,127,52.39922718627838,127,51.77802272003493,0
1719979774,127,52.633865873980945,127,52.300861139857176,127,52.935539183903664,0
1719980674,127,49.7102279533257,127,44.71257019251515,127,54.84953860329739,0
1719981574,127,49.26271928435871,127,54.60916179402882,127,44.05255808391912,0
1719982474,127,46.96662831923669,127,45.87977433515796,127,53.06811286529791,0
1719983374,127,53.20346230794833,127,43.650473665100776,127,46.01414361884859,0
1719984274,127,53.87316905063537,127,45.27981624548818,127,49.9334740625202,0
1719985174,127,48.36715352689013,127,44.27427085655732,127,36.50396840363932,0
1719986074,127,44.26416445614619,127,58.26341108187964,127,49.18167268496716,0
1719986974,127,46.22104571377659,127,55.356200758307104,127,54.52901046506732,0
1719987874,127,53.0080695808376,127,40.857936478660974,127,58.544348166915434,0
1719988774,127,49.28052003056023,127,54.87171994397904,127,55.877832462693846,0
1719989674,127,46.573276683272944,127,45.097429751431676,127,46.3366158409995,0
1719990574,127,53.390924220239484,127,45.14097794238604,127,42.906076070395535,0
1719991474,127,57.95789423240166,127,58.19296611804628,127,53.4099525131446,0
1719992374,127,54.724834630065224,127,39.01408220943325,127,53.05679557114962,0
1719993274,127,44.08957461747889,127,48.15500489459586,127,57.75663834758105,0
1719994174,127,47.046611596644894,127,47.616439177396266,127,54.10165650434099,0
1719995074,127,55.44401300938296,127,55.790723968154566,127,42.22092636580638,0
1719995974,127,44.302379193364196,127,54.43536975864097,127,50.92949123744186,0
1719996874,127,51.34852907543039,127,45.451817216899485,127,51.53475930778676,0
1719997774,127,56.079810505001134,127,48.7677620838963,127,51.93147664505703,0
1719998674,127,48.387628073606436,127,51.22202533214411,127,46.58765778441831,0
1719999574,127,50.49956039428206,127,46.598764311149424,127,44.080947935389766,0
1720000474,127,52.81606989625017,127,53.185696570803316,127,55.126552022416305,0
1720001374,127,51.73569405970301,127,42.8944452713676,127,48.42041888772367,0
1720002274,127,47.126881202119975,127,49.268121781727324,127,52.59973557080118,0
1720003174,127,52.190642097746164,127,45.28000089181339,127,44.4148475403568,0
1720004074,127,41.93886985045002,127,57.884816494567474,127,56.953569836738076,0
1720004974,127,55.99977970210546,127,56.51118346006408,127,46.82966910114743,0
1720005874,127,49.50202000453565,127,41.80002446629892,127,46.94025004084595,0
1720006774,127,50.69038206443769,127,46.88118620586172,127,55.508341217112694,0
1720007674,127,40.32177829413246,127,52.81730537111748,127,52.32465349240256,0
1720008574,127,52.84472502919449,127,46.54679282860132,127,55.21402219974083,0
1720009474,127,45.09187407240862,127,49.52795970233329,127,54.512771951389,0
1720010374,127,45.033859545289076,127,53.62363701927562,127,41.96970724347628,0
1720011274,127,53.02609962137496,127,49.62698705654693,127,51.34639728603446,0
1720012174,127,50.41811796556409,127,46.852578775785965,127,48.82253470395683,0
1720013074,127,48.2554417019258,127,57.45485939743022,127,61.28257835105498,0
1720013974,127,55.500586550536646,127,50.59582934113626,127,51.48687650049116,0
1720014874,127,46.598586794156176,127,52.41451379382958,127,53.38531442977161,0
1720015774,127,45.603577321286394,127,47.488862709578406,127,52.34032944406165,0
1720016674,127,50.2620613648694,127,56.009268413665694,127,56.00861272223605,0
1720017574,127,51.07891888019466,127,53.41774841959125,127,47.48401215243585,0
1720018474,127,45.7122515984952,127,46.00944838592335,127,43.47590844273555,0
1720019374,127,44.54688056700772,127,39.466140858354166,127,51.35079104060655,0
1720020274,127,49.3221154294277,127,50.964320014619034,127,53.50776555204788,0
1720021174,127,48.709245689551565,127,50.22593878952601,127,54.14515868170048,0
1720022074,127,62.46078718891314,127,53.37760816166014,127,53.119926959144316,0
1720022974,127,59.54035849930169,127,48.70051800963119,127,60.13140280468698,0
1720023874,127,53.33618598415679,127,50.963947167437105,127,47.03239659898677,0
1720024774,127,56.45311066506889,127,55.65174014811285,127,59.10643361567003,0
1720025674,127,50.81381348466673,127,46.1594768625767,127,48.68583811986903,0
1720026574,127,49.05851613131311,127,47.67930632366147,127,55.582715974507515,0
1720027474,127,50.061940102985,127,55.912312832562925,127,47.18210423421016,0
1720028374,127,52.04725294415272,127,52.749735044394605,127,53.365266410568324,0
1720029274,127,55.69245908011595,127,49.840632807746786,127,52.62484798913229,0
1720030174,127,54.78213326311331,127,49.08513241555711,127,45.75786950346412,0
1720031074,127,50.924762074067,127,46.94161714924655,127,52.02003473267677,0
1720031974,127,55.628261652262935,127,56.60360913958385,127,60.242695969840035,0
1720032874,127,51.011122107835675,127,55.29867602886983,127,56.15797801262191,0
1720033774,127,51.871330571555895,127,57.33224017657614,127,55.13072119957055,0
1720034674,127,54.72278214341388,127,46.394885305115,127,51.66538478639966,0
1720035574,127,55.76023897183089,127,50.171446771564554,127,49.44723314128955,0
1720036474,127,44.01332132490144,127,48.29129033685815,127,54.110078688123934,0
1720037374,127,53.88637754133333,127,42.156652538166675,127,58.01134360691019,0
1720038274,127,41.828978827921816,127,54.70015103193919,127,47.59934379434815,0
1720039174,127,50.668538768506146,127,49.90594817343315,127,50.37145251900546,0
1720040074,127,46.26710380984705,127,44.92974444090509,127,58.716640800197126,0
1720040974,127,48.83739124205949,127,48.5829093810056,127,45.89764877754219,0
1720041874,127,43.77682451840505,127,48.968733676243524,127,54.240638348260255,0
1720042774,127,54.42609617152484,127,45.543610700193355,127,51.541545134875825,0
1720043674,127,40.69802997747399,127,51.79510214346712,127,49.26851589002955,0
1720044574,127,54.081583589560104,127,56.89094901481825,127,47.40089050358307,0
1720045474,127,46.57618558087498,127,45.63788455347593,127,48.56445031267137,0
1720046374,127,50.483873465254206,127,49.90420843681285,127,52.95374080184001,0
1720047274,127,42.047846110973154,127,56.985156485889114,127,48.91206047696604,0
1720048174,127,53.943777755859315,127,54.262856078554485,127,54.54663525251469,0
1720049074,127,55.612109061700146,127,39.30824958497864,127,54.324656202081414,0
1720049974,127,54.411935341117044,127,44.47559354118866,127,45.21866468847418,0
1720050874,127,45.80712923794243,127,42.69041035887284,127,49.21024261844076,0
1720051774,127,48.93931543990115,127,56.11378420722235,127,52.87113741385501,0
1720052674,127,50.179819537253124,127,26.700235163005214,127,49.51072218588384,0
1720053574,127,54.38643400004485,127,54.6269574498995,127,42.04653162104709,0
1720054474,127,51.59344378563613,127,53.98364961123539,127,44.537169757890695,0
1720055374,127,49.321986704283724,127,36.438084671300004,127,53.611934593631126,0
1720056274,127,43.154969234596436,127,43.987483122932424,127,53.89628296715297,0
1720057174,127,44.01344702480921,127,58.58851534915133,127,50.47410191165872,0
1720058074,127,62.53623058256283,127,42.16822474989634,127,46.933886421162086,0
1720058974,127,50.81515346628912,127,52.68938475343911,127,52.61905274978417,0
1720059874,127,51.43031229737389,127,44.367937157637876,127,50.72251755541539,0
1720060774,127,47.2553923604534,127,48.37628045526325,127,43.1741541276612,0
1720061674,127,46.640296955201606,127,48.146369726116944,127,45.83515391825345,0
1720062574,127,56.869996032631505,127,57.02744762277793,127,53.07131370978354,0
1720063474,127,51.900645809972424,127,40.087538114342465,127,52.75930622348814,0
1720064374,127,45.30159249562037,127,47.86095799751909,127,50.31863572360716,0
1720065274,127,45.93980245984206,127,47.15355456393672,127,54.52665778567116,0
1720066174,127,42.74719253630327,127,53.55179852855478,127,43.720099967773095,0
1720067074,127,50.24555353917872,127,62.26068722952824,127,45.39972406089834,0
1720067974,127,51.201654955290735,127,50.09933855564265,127,56.24901885691698,0
1720068874,127,56.35273933420912,127,48.45987967414655,127,54.403558559119304,0
1720069774,127,41.422950856758405,127,48.7171579647598,127,50.8203260305758,0
1720070674,127,42.99164271063147,127,53.5489707994311,127,59.547814519765936,0
1720071574,127,54.99760226264711,127,47.836534042787775,127,46.716386696390565,0
1720072474,127,50.910547468186195,127,55.01716046614423,127,48.00943735773528,0
1720073374,127,60.268316776880106,127,59.30919940549324,127,56.80149677286245,0
1720074274,127,47.750523714395015,127,60.322006765013555,127,54.60603394263461,0
1720075174,127,48.7141425266456,127,48.13487922591214,127,54.036515294384344,0
1720076074,127,56.59124491003162,127,50.58471756723784,127,56.804718584064126,0
1720076974,127,49.29400277482007,127,49.48505012240502,127,40.2691858079273,0
1720077874,127,52.3597499016721,127,42.9909808680792,127,55.28326178474368,0
1720078774,127,60.665263863608764,127,46.07017888698493,127,50.41127190295026,0
1720079674,127,43.13392728769946,127,58.73651430028427,127,44.68049492657029,0
1720080574,127,43.6701524890194,127,51.1149488702644,127,52.123882272395065,0
1720081474,127,52.402843250058254,127,45.76255517096205,127,48.30801927095719,0
1720082374,127,54.01125229913864,127,47.22004547517406,127,47.979318766592876,0
1720083274,127,47.432391670362044,127,43.41828914221058,127,49.397034513360666,0
1720084174,127,57.56103407186643,127,49.94766222163338,127,48.90384788904552,0
1720085074,127,49.36807765020921,127,44.31447906599668,127,47.455222127487914,0
1720085974,127,49.0269412305434,127,54.30001436578859,127,50.319199906264444,0
1720086874,127,32.39319147527332,127,55.022772857548006,127,52.78373914265663,0
1720087774,127,46.55734242647755,127,42.972373998860164,127,48.161884115620175,0
1720088674,127,35.39807852822726,127,44.37833769135902,127,48.476672780026945,0
1720089574,127,46.41487506465564,127,46.9329052643018,127,55.90348485571902,0
1720090474,127,49.88936361315585,127,55.90083132196334,127,51.62281303246593,0
1720091374,127,48.556445624424725,127,39.86519862774016,127,42.53179509654029,0
1720092274,127,50.62642560959033,127,52.61797143645956,127,53.84733112979623,0
1720093174,127,50.86699863620189,127,56.93993783842876,127,54.668365889454435,0
1720094074,127,48.94414871146153,127,44.74849021675321,127,39.58680921731171,0
1720094974,127,57.304697541696314,127,49.571559245237005,127,41.464127025553275,0
1720095874,127,44.06647832227253,127,60.68805765814302,127,54.17431384684409,0
1720096774,127,51.03492134298393,127,58.76960881243467,127,51.76779185755778,0
1720097674,127,40.62847606074642,127,49.72301870473385,127,54.24082934512836,0
1720098574,127,45.00219130827376,127,51.95099290004877,127,50.671796507567386,0
1720099474,127,58.32445707661924,127,56.06893768961372,127,51.60880594280947,0
1720100374,127,57.44207337438661,127,50.777838914954074,127,55.29334182568049,0
1720101274,127,49.85577594306919,127,41.41843207542929,127,47.71589777488071,0
1720102174,127,53.29842482221309,127,51.831731873311305,127,44.9949855282727,0
1720103074,127,53.497263041340055,127,43.935785404355016,127,47.318585922709204,0
1720103974,127,55.02876694882003,127,44.72404597566701,127,47.27584203569405,0
1720104874,127,48.498828288129694,127,51.273425414285775,127,48.65278676024229,0
1720105774,127,41.484841817488416,127,45.74403894729993,127,52.05433289982206,0
1720106674,127,54.470382598349595,127,52.29800401863822,127,39.636484441890495,0
1720107574,127,42.05292686139379,127,53.034006190754255,127,43.24486441949091,0
1720108474,127,54.48030172972936,127,46.76298341341033,127,51.24325037209805,0
1720109374,127,43.64278859480949,127,49.980558647111145,127,43.654883125096646,0
1720110274,127,46.30171168471445,127,49.8675146570219,127,48.464725014452064,0
1720111174,127,51.56661200052019,127,49.606309021778294,127,54.020582179828644,0
1720112074,127,51.27768056459869,127,40.29196772937422,127,45.12068327889201,0
1720112974,127,55.79742913929082,127,53.046834855076355,127,54.548850766925135,0
1720113874,127,44.46872570405843,127,54.29648136477002,127,48.576682318460044,0
1720114774,127,53.03186419784153,127,48.667791548230255,127,51.75839083480286,0
1720115674,127,49.88058495248048,127,53.127924579924425,127,46.048727198383155,0
1720116574,127,39.86761513587182,127,44.216350642338156,127,50.61478258409587,0
1720117474,127,50.37521335429874,127,51.92024200400834,127,53.05253116447722,0
1720118374,127,57.143028595744155,127,57.69500365881291,127,50.10796376188679,0
1720119274,127,46.807884550985754,127,49.836709529888324,127,47.62256101199463,0
1720120174,127,49.70333699396962,127,51.15347157336077,127,42.14298027521217,0
1720121074,127,51.1668851796394,127,55.58765638394988,127,47.86188648995778,0
1720121974,127,48.84976504200873,127,46.007612016956635,127,52.53192899675943,0
1720122874,127,53.54783126914587,127,50.35390425489001,127,51.63066231946553,0
1720123774,127,47.416901961140915,127,53.87767409357436,127,57.10479120339971,0
1720124674,127,52.23641428902555,127,57.56578433536063,127,47.45434250953505,0
1720125574,127,49.26818135565449,127,43.846445903264,127,54.08388520538452,0
1720126474,127,45.881489217264715,127,58.1348541194582,127,43.29202675557632,0
1720127374,127,50.243744141469804,127,45.99768294426383,127,46.865330334013954,0
1720128274,127,59.2255071132832,127,52.47453116479316,127,43.392192421693565,0
1720129174,127,53.17233247870225,127,51.044833292089116,127,47.6087600753696,0
1720130074,127,51.53848309647597,127,41.702821124895465,127,56.86511630211793,0
1720130974,127,48.89566503730735,127,47.39475249940537,127,51.42581194409606,0
1720131874,127,54.49835067060234,127,37.188785690733965,127,49.66274286295167,0
1720132774,127,50.11709618393537,127,55.072378010513624,127,45.226510588349115,0
1720133674,127,54.2308068423804,127,49.675472915230145,127,46.81396105737765,0
1720134574,127,56.987125878553904,127,51.87348840143945,127,53.840507998070656,0
1720135474,127,51.29717086417326,127,58.52861930536835,127,50.806714794987066,0
1720136374,127,50.427004494522926,127,45.93285925130094,127,54.71827893471153,0
1720137274,127,45.28809122894167,127,52.90054584397587,127,50.65938761520869,0
1720138174,127,48.5759610117497,127,50.66777981374784,127,52.938278202319616,0
1720139074,127,48.41050988107512,127,49.93584255327012,127,50.432693187499915,0
1720139974,127,51.659547356185605,127,48.87594164323476,127,50.12016356710986,0
1720140874,127,53.09384633278954,127,51.78727098128563,127,54.54413959322246,0
1720141774,127,50.348574040487556,127,52.203326555622446,127,49.01641836283686,0
1720142674,127,47.649782840402366,127,39.12953686348779,127,48.249578347953246,0
1720143574,127,50.75848856278288,127,51.11679615934634,127,51.42637656043712,0
1720144474,127,53.120041269118246,127,50.562986415515475,127,51.701671991441884,0
1720145374,127,42.718180323955174,127,51.86656830191263,127,60.67313320372067,0
1720146274,127,45.36691600604681,127,51.966081876783036,127,39.94506414444011,0
1720147174,127,49.8247597101384,127,52.82001515500636,127,48.210886831309615,0
1720148074,127,50.65369248847207,127,48.505201674517316,127,46.44549492842025,0
1720148974,127,56.522355294558366,127,52.00730930232182,127,47.42413931044198,0
1720149874,127,49.54357844909154,127,45.613055342062815,127,51.739482816734494,0
1720150774,127,44.64950397979424,127,43.7420893575469,127,53.11737339986678,0
1720151674,127,52.618121767439796,127,41.87369770248656,127,43.58279053135944,0
1720152574,127,44.53236093050717,127,55.3304204299237,127,57.12116542718113,0
1720153474,127,50.860612759875494,127,47.652155076092306,127,51.83206686707904,0
1720154374,127,58.88601084031964,127,45.22980931277246,127,55.18364582433024,0
1720155274,127,38.08600868820243,127,48.03932948528949,127,47.07485331511092,0
1720156174,127,48.91600635949099,127,56.71393001708413,127,53.026685842316766,0
1720157074,127,46.857367320045874,127,51.70861530490367,127,56.97324016607136,0
1720157974,127,48.074479393969106,127,47.394754109440505,127,45.829112306918795,0
1720158874,127,59.390830097463095,127,52.4967042898737,127,54.59842001111166,0
1720159774,127,57.35430180607831,127,43.35647120157098,127,40.624876558490115,0
1720160674,127,46.73071898453235,127,47.78170807266114,127,51.573548903161594,0
1720161574,127,48.8181726642026,127,44.21800078762978,127,46.33852798003582,0
1720162474,127,45.95252251377547,127,50.983427628386735,127,59.46084406595741,0
1720163374,127,50.505583002400904,127,55.35713870240062,127,44.43873878718069,0
1720164274,127,45.75425804014409,127,55.013271483100525,127,40.65047933542601,0
1720165174,127,52.45523196844699,127,43.496244728751265,127,46.220646561829405,0
1720166074,127,43.968897961559314,127,43.492077278029534,127,61.49072715479019,0
1720166974,127,48.078981634221904,127,47.95684627000125,127,47.45928010684027,0
1720167874,127,55.11906609027271,127,49.88354043987307,127,46.47981255431038,0
1720168774,127,46.622846765000254,127,47.31580690989822,127,52.20766247424186,0
1720169674,127,48.88437790340083,127,57.92827293227321,127,51.863464882852476,0
1720170574,127,45.83001608091684,127,48.29935887168478,127,52.177947939109565,0
1720171474,127,52.06101043837312,127,52.521028032733795,127,43.59587469292419,0
1720172374,127,48.45531015098883,127,51.04756910832544,127,45.05610023616019,0
1720173274,127,52.93618532247156,127,47.79122956375769,127,41.322333948098006,0
1720174174,127,57.8185101571012,127,55.753087162807276,127,50.20096096217287,0
1720175074,127,54.07455456978148,127,58.493581783868144,127,44.783382496213456,0
1720175974,127,47.90620526810841,127,51.8054844980892,127,42.201618989197996,0
1720176874,127,48.132120461203826,127,51.01092166498587,127,53.1449510136853,0
1720177774,127,54.39881287409205,127,52.67243354401287,127,50.75177350945402,0
1720178674,127,46.09307143786968,127,51.48817712187679,127,53.66627005910146,0
1720179574,127,46.47087239687135,127,50.18406894565496,127,51.88860823399343,0
1720180474,127,47.19176267413084,127,50.16680494002652,127,53.81613324144552,0
1720181374,127,44.17278680790665,127,47.88707405723429,127,47.90896533706383,0
1720182274,127,41.30162937169279,127,56.291850371842926,127,42.606598771188814,0
1720183174,127,51.03991668222496,127,46.60541343449821,127,60.04978817206023,0
1720184074,127,51.245893498676566,127,42.34991876465298,127,48.470202755188176,0
1720184974,127,43.40323131638321,127,59.783399713934585,127,53.429831157411925,0
1720185874,127,51.01995282966089,127,50.620666230699264,127,49.97020858632589,0
1720186774,127,52.44790158937935,127,39.033811319678975,127,52.26769410054033,0
1720187674,127,43.12159378936786,127,46.429867957333116,127,52.917294332475336,0
1720188574,127,47.867031501471516,127,46.14424567035559,127,49.682590944289096,0
1720189474,127,39.631591310384955,127,52.438861290256106,127,53.845083933636566,0
1720190374,127,38.92968479978302,127,49.38207389165876,127,46.291731683493516,0
1720191274,127,55.81844103088537,127,53.75568920222448,127,49.04220568041954,0
1720192174,127,46.77336266209182,127,47.85464393343764,127,46.385826584052374,0
1720193074,127,44.94718397624111,127,47.42023400370721,127,47.655895717463274,0
1720193974,127,53.035235652126694,127,51.48022123223441,127,53.90564535352797,0
1720194874,127,56.096921269129496,127,46.31785754816547,127,47.119084133199884,0
1720195774,127,50.010287947701094,127,47.6233198310767,127,43.83730233419218,0
1720196674,127,60.541533036668696,127,51.76171444784121,127,45.05259577718598,0
1720197574,127,52.10646535682868,127,48.06396833929058,127,46.30050992475059,0
1720198474,127,53.13275998106091,127,55.957574127250055,127,52.955148866874126,0
1720199374,127,54.69103845206022,127,41.755904222443775,127,54.67908542020733,0
1720200274,127,49.60564818533384,127,46.33990895629015,127,52.06559783061803,0
1720201174,127,46.91340597622406,127,47.04822231605453,127,48.605305883713214,0
1720202074,127,49.263929881918436,127,43.617562993895746,127,49.39104788709338,0
1720202974,127,56.39566434144652,127,46.69080087871553,127,53.31251486827369,0
1720203874,127,52.660415130785296,127,47.72433408418188,127,47.49116452169983,0
1720204774,127,59.11822821311325,127,53.45705832804104,127,51.51314354652441,0
1720205674,127,50.907810732812145,127,51.249439728070094,127,43.74689628892936,0
1720206574,127,49.778823034896824,127,49.39185442755615,127,52.64946270215133,0
1720207474,127,42.278094706781815,127,47.98969270630696,127,49.668983109444774,0
1720208374,127,49.59088019896793,127,42.9073185341238,127,43.15802865773253,0
1720209274,127,49.555705378302996,127,58.605979519804485,127,48.000954749048574,0
1720210174,127,50.22012046074645,127,53.470868953863956,127,49.918390298069596,0
1720211074,127,48.61535114652947,127,51.52316242671096,127,48.74815427366862,0
1720211974,127,48.34343974928635,127,51.3723267076758,127,43.68871303575674,0
1720212874,127,48.838362228085956,127,50.08900506994089,127,45.85884549018992,0
1720213774,127,55.4820958005424,127,51.22579945564908,127,57.51491750972625,0
1720214674,127,42.856625170104074,127,52.91692487867654,127,52.617602933147865,0
1720215574,127,58.921736065424035,127,51.78616462863769,127,43.78473904432636,0
1720216474,127,47.024176375924796,127,58.89171942121767,127,45.41232894726218,0
1720217374,127,57.839485433387445,127,58.752098761602994,127,58.9157195163956,0
1720218274,127,46.360122039546226,127,52.186700790544094,127,43.79915600011738,0
1720219174,127,50.05827688236668,127,50.02961786684116,127,42.08883524235808,0
1720220074,127,52.27327812169614,127,44.15736494203603,127,51.12954437136894,0
1720220974,127,47.48192371386512,127,47.67017982268724,127,50.46388558293307,0
1720221874,127,62.26528434518971,127,53.14624386628985,127,58.26897087663137,0
1720222774,127,51.50148575721264,127,51.5484981145196,127,46.677488017539105,0
1720223674,127,42.2382170605132,127,47.98423982848531,127,41.96901714581473,0
1720224574,127,63.909834691405116,127,44.708250702912856,127,49.30210588227039,0
1720225474,127,49.398182538886054,127,50.51131339731824,127,54.36042989881921,0
1720226374,127,57.415299872741635,127,47.51871695010293,127,55.16449211601051,0
1720227274,127,51.68665169847346,127,61.99314216223837,127,50.61480287694963,0
1720228174,127,53.002295861402644,127,46.302462464154026,127,57.03959380932329,0
1720229074,127,49.65571027976906,127,48.55567429556762,127,50.29262157899762,0
1720229974,127,53.801766522409814,127,46.2990664828861,127,46.7281838386688,0
1720230874,127,55.620756091842175,127,56.92778242183441,127,51.250982785069,0
1720231774,127,49.877514098566564,127,53.787400640688,127,56.39063634612574,0
1720232674,127,57.64221796707865,127,53.09274829019257,127,52.52013765263669,0
1720233574,127,48.59765007405164,127,50.6082720878884,127,46.57741828116279,0
1720234474,127,53.97087069120667,127,49.81695354776004,127,46.508151416660816,0
1720235374,127,40.738663163756534,127,51.27144849831977,127,33.58425725287385,0
1720236274,127,51.976783497363144,127,47.49221027818299,127,53.24933551822338,0
1720237174,127,44.361988882078776,127,55.75299213991213,127,50.95184012385055,0
1720238074,127,43.88406000031403,127,46.713104006550445,127,47.58330796214016,0
1720238974,127,47.68071625141408,127,56.930393884839134,127,46.73900252676732,0
1720239874,127,50.69292630014122,127,51.90260977955389,127,50.57002635431842,0
1720240774,127,37.946158042252804,127,54.43746632973321,127,58.2752875964674,0
1720241674,127,48.40139271238394,127,43.00566855463769,127,52.295067702049174,0
1720242574,127,48.94913938810724,127,52.04742794807163,127,45.32863295296336,0
1720243474,127,53.05146533647706,127,49.89004038197982,127,54.05505225723981,0
1720244374,127,49.33648560400281,127,47.035007708243455,127,50.448383662372834,0
1720245274,127,42.603870948861385,127,46.821057995645596,127,49.044701707647675,0
1720246174,127,37.62490559535575,127,47.338980835832444,127,52.62072142070437,0
1720247074,127,46.50250903273446,127,54.2645687667561,127,47.54849612235651,0
1720247974,127,45.591180291029964,127,43.25890382986768,127,49.8411032641217,0
1720248874,127,56.49284811621862,127,48.267030924488616,127,47.095798628252425,0
1720249774,127,50.03792479747501,127,46.362081818084704,127,54.07098333839154,0
1720250674,127,52.260564481247435,127,51.39250329864913,127,59.13881075480362,0
1720251574,127,47.40473979214592,127,45.54266714264527,127,51.34488094831884,0
1720252474,127,45.16879753346509,127,46.7646052258596,127,51.45739877789183,0
1720253374,127,45.92235109349097,127,43.13045335551023,127,38.075948688781004,0
1720254274,127,44.395139271575296,127,45.908796180045954,127,49.40877631468402,0
1720255174,127,48.3009410450953,127,52.23349849033939,127,51.23230097364569,0
1720256074,127,55.29267444984419,127,48.869410795450975,127,43.317170195915615,0
1720256974,127,39.11005539960881,127,38.23069421150092,127,54.93301225232739,0
1720257874,127,54.263598021346674,127,44.735772397735026,127,45.937127281707475,0
1720258774,127,48.351728768994384,127,44.21759892482008,127,53.8679713627906,0
1720259674,127,54.721947394876466,127,44.33374899188056,127,51.59864049617677,0
1720260574,127,51.12055170760159,127,40.12767992901066,127,45.291090152030684,0
1720261474,127,48.759447631614,127,51.80563993840925,127,54.467480170605434,0
1720262374,127,44.215710237366636,127,47.127159123403864,127,50.35459291862889,0
1720263274,127,48.89963036029466,127,44.610835622991644,127,49.41926102488651,0
1720264174,127,49.83780083903265,127,47.50042509753149,127,41.313907730395755,0
1720265074,127,49.657723139773665,127,45.73572975612616,127,47.29496896745361,0
1720265974,127,55.75421456912433,127,49.13949586950759,127,50.67245766567292,0
1720266874,127,47.18113725312033,127,48.00226986568787,127,46.74929588272669,0
1720267774,127,54.73284228363937,127,59.69587873704104,127,47.15766358323649,0
1720268674,127,57.58684248020489,127,46.85866308978164,127,45.291178412176365,0
1720269574,127,50.07202070538784,127,50.44486594705682,127,48.83473405407602,0
1720270474,127,51.48722305395285,127,56.18045668444582,127,50.723815277583356,0
1720271374,127,46.35453096926002,127,46.21906345676514,127,55.93537724155416,0
1720272274,127,51.20731335087323,127,51.4919963085164,127,53.729253245935794,0
1720273174,127,60.928552429416825,127,54.19986805444519,127,53.77454098036685,0
1720274074,127,53.66341428578366,127,49.84062852910627,127,46.71165196509392,0
1720274974,127,50.09913491491068,127,46.7422008071012,127,47.597240153469066,0
1720275874,127,53.49573202610403,127,61.05048314078954,127,41.06781488888939,0
1720276774,127,46.68481915458585,127,44.11431097372698,127,46.73259477457914,0
1720277674,127,52.02735022376897,127,46.69946562756194,127,46.26794006587321,0
1720278574,127,51.37230505987688,127,58.07924624770307,127,41.469942003804036,0
1720279474,127,51.45977371354791,127,50.628451806781854,127,46.49090024981468,0
1720280374,127,51.002494781717935,127,51.504565344480106,127,54.46571447730533,0
1720281274,127,43.73576023757806,127,45.25909903736337,127,53.85900664596306,0
1720282174,127,45.592216742678495,127,44.90301431508501,127,50.46001380504999,0
1720283074,127,46.070895580544196,127,54.59061281348208,127,46.214631243636276,0
1720283974,127,49.72893271345322,127,55.4558890065813,127,44.164579842327726,0
1720284874,127,48.17191935363408,127,53.16122114221018,127,62.93339661811414,0
1720285774,127,45.487756626516685,127,49.496776433389634,127,50.21712506297196,0
1720286674,127,46.9867241531371,127,46.244382794287326,127,39.26706041850727,0
1720287574,127,43.4263339414669,127,44.77924832821203,127,58.422576271454005,0
1720288474,127,45.3293176647995,127,48.29444596183077,127,41.272106742343745,0
1720289374,127,47.13221648937068,127,48.228031492904364,127,54.229627182464505,0
1720290274,127,49.9251089993978,127,55.39152423012541,127,42.97762748127086,0
1720291174,127,47.00932526530561,127,53.822015278018476,127,48.71624393219522,0
1720292074,127,47.625354425375846,127,51.733722286919686,127,49.771035899200704,0
1720292974,127,51.58570128260826,127,48.379103912944856,127,35.97134590159767,0
1720293874,127,54.51200293989786,127,47.27711881480883,127,54.856469613763494,0
1720294774,127,52.27942303857507,127,49.2835456133208,127,50.68329714574275,0
1720295674,127,52.634291653353586,127,52.20478054896504,127,51.568008111181975,0
1720296574,127,51.537033557355294,127,47.175511825056105,127,45.88579590330771,0
1720297474,127,45.216600664952445,127,45.3757199454805,127,48.5331093857297,0
1720298374,127,55.70317744633026,127,54.581236270546924,127,49.65277857111617,0
1720299274,127,44.572634936668926,127,52.12223845001918,127,44.60195801433267,0
1720300174,127,44.48484328655298,127,57.07412689120459,127,47.72196502529836,0
1720301074,127,57.185538089982785,127,50.49504441481041,127,46.41578917272656,0
1720301974,127,42.74777625984472,127,48.83767323679241,127,53.780912692795425,0
1720302874,127,50.511365050377556,127,53.01055402626045,127,42.65737661818213,0
1720303774,127,41.548618457324835,127,45.23014398835793,127,39.552334252292795,0
1720304674,127,52.36312772630432,127,47.98505914889673,127,50.00392372416454,0
1720305574,127,49.31351419305731,127,49.607336235108924,127,46.08775136797924,0
1720306474,127,51.572348935932254,127,54.917205033649374,127,43.44444909534457,0
1720307374,127,50.89705133651533,127,47.27252873765621,127,43.86218368530694,0
1720308274,127,44.472228204288285,127,50.94710639161553,127,43.62706903747502,0
1720309174,127,51.850281733631526,127,49.5522124926459,127,50.693540898812124,0
1720310074,127,49.04971398476358,127,45.86099371194719,127,48.94891531633995,0
1720310974,127,44.14252524096064,127,59.10272424006583,127,50.67604727497519,0
1720311874,127,55.08567884586284,127,46.1179416665999,127,45.37232620965479,0
1720312774,127,51.83893762111901,127,49.331760167516194,127,55.45156728960218,0
1720313674,127,47.23891608312572,127,49.13617609908486,127,60.952672420701965,0
1720314574,127,50.33868077096976,127,50.29270167646198,127,47.21382333885556,0
1720315474,127,37.58246220392853,127,43.68404156172677,127,45.36638337785481,0
1720316374,127,48.1410934802093,127,48.536634284046514,127,50.233108477898185,0
1720317274,127,46.24226515681273,127,47.03622820825188,127,57.17022595491129,0
1720318174,127,51.720117900279234,127,47.62201849506549,127,51.514686168314576,0
1720319074,127,52.11409630023847,127,54.29559795631349,127,54.593668584375536,0
1720319974,127,45.151525680653165,127,45.54079703012953,127,46.27096386865149,0
1720320874,127,48.05462288355408,127,46.38103332937087,127,51.36461025164495,0
1720321774,127,52.76914728984317,127,55.97523758790866,127,49.32487102250567,0
1720322674,127,49.685677513952015,127,44.834560085175596,127,54.037644034584886,0
1720323574,127,52.00327244102614,127,42.18954985901986,127,48.738857413989386,0
1720324474,127,46.26082785886091,127,46.19959761241833,127,37.466744385991916,0
1720325374,127,51.23325719862429,127,53.48047385238484,127,54.021986534011,0
1720326274,127,46.38523942684362,127,59.25819614988354,127,47.434099228167995,0
1720327174,127,59.52207574242058,127,53.74244960291185,127,51.618222586682755,0
1720328074,127,48.55894231518485,127,53.8380623850146,127,48.0036042828958,0
1720328974,127,55.40386411719508,127,46.90290126358022,127,50.55345181018151,0
1720329874,127,57.08246030568925,127,47.992876403642455,127,45.51024039715306,0
1720330774,127,56.28098893147677,127,52.320487649915925,127,59.819929404832955,0
1720331674,127,40.67708292078758,127,52.201395056254235,127,51.22686221096862,0
1720332574,127,45.539502175199786,127,48.82860528407998,127,54.84738938886376,0
1720333474,127,42.228953131384685,127,52.40920103723597,127,55.51937347699847,0
1720334374,127,50.2286044427647,127,48.40224573738902,127,49.07123191084964,0
1720335274,127,47.20619211401271,127,51.3708421464274,127,57.63725613918446,0
1720336174,127,34.81251109297148,127,47.28849260894499,127,49.924827958747144,0
1720337074,127,46.61927726776285,127,44.74433404677927,127,47.606457366245536,0
1720337974,127,51.161488792004405,127,52.85057710271064,127,63.03875809857921,0
1720338874,127,57.91153423896713,127,47.665177258685745,127,54.8909603410909,0
1720339774,127,45.40016377293451,127,49.14824192164498,127,52.15052081168439,0
1720340674,127,53.577262439927026,127,52.29284287124556,127,45.75536504866307,0
1720341574,127,57.18607769955691,127,54.437401579621444,127,49.10274123280583,0
1720342474,127,49.92779689955266,127,56.32310528280106,127,35.42079042767185,0
1720343374,127,52.20172086805038,127,43.15582767544917,127,54.16684348240615,0
1720344274,127,52.62245158507818,127,51.49497081672395,127,54.652455463719456,0
1720345174,127,53.35481293186019,127,54.89741745487339,127,56.549048563397385,0
1720346074,127,44.201931565706595,127,45.591972749333344,127,47.171645493355584,0
1720346974,127,54.958827922838246,127,52.39215049853461,127,47.354536571482946,0
1720347874,127,44.377721798163755,127,51.7011996784914,127,45.819173002946386,0
1720348774,127,57.16085644420537,127,54.03436166701141,127,61.00662546075913,0
1720349674,127,49.030310714972664,127,47.81908115307422,127,51.763884804112315,0
1720350574,127,45.887555908719676,127,51.11297428310565,127,49.89633887989272,0
1720351474,127,50.72755686830709,127,43.91774351854549,127,50.46482923274642,0
1720352374,127,44.47890175302343,127,57.05748995613461,127,46.91315404855223,0
1720353274,127,59.68153901404348,127,56.28039706585764,127,36.10996672003861,0
1720354174,127,53.76664316701721,127,56.809940743694526,127,55.842153828852105,0
1720355074,127,45.80204808303088,127,59.53634876985831,127,52.03912762124241,0
1720355974,127,48.871725582691425,127,47.07801079740976,127,50.40294123915564,0
1720356874,127,58.18447420700013,127,56.70710594524938,127,46.97206216869036,0
1720357774,127,44.77285042758957,127,56.81058011589066,127,48.656587543762406,0
1720358674,127,49.63034851039834,127,52.67197118905816,127,43.46593375107252,0
1720359574,127,54.692282678779925,127,48.00280641380539,127,52.27149804599361,0
1720360474,127,53.66108064416447,127,53.65258440749328,127,47.19281597846838,0
1720361374,127,55.570318752086514,127,53.26337244576089,127,49.640450102490554,0
1720362274,127,54.54916522076564,127,58.82000354247155,127,52.11851200474703,0
1720363174,127,46.654354008564425,127,52.94514884143021,127,40.4199776848814,0
1720364074,127,44.98148853070536,127,54.98491927491712,127,54.144103087913635,0
1720364974,127,53.5686807897158,127,52.18838028947374,127,48.423785484511086,0
1720365874,127,49.3603126775568,127,51.52943009831794,127,62.43998543348772,0
1720366774,127,41.59961904480739,127,56.99939777822763,127,50.657842662108344,0
1720367674,127,42.49871536331694,127,48.97261120502555,127,47.17984829866169,0
1720368574,127,56.91229984654829,127,42.46667367999434,127,49.26671265960971,0
1720369474,127,50.45771012708937,127,42.11844670807292,127,51.90168013299243,0
1720370374,127,51.79821897214424,127,58.31094810076007,127,39.75422917134729,0
1720371274,127,52.88286160304512,127,50.527642927660125,127,46.900769667986886,0
1720372174,127,50.809085276795834,127,48.91502976070718,127,43.28639201038297,0
1720373074,127,60.08203100496655,127,49.4709914490624,127,50.78934489759856,0
1720373974,127,48.86491853905215,127,43.988187601019455,127,50.967801977024024,0
1720374874,127,43.85079739631533,127,54.01815962368511,127,52.17240064873736,0
1720375774,127,54.47586740878306,127,43.78836034281358,127,59.2451518952891,0
1720376674,127,41.203946414400434,127,49.738916277693086,127,47.99042380743491,0
1720377574,127,47.49669456276373,127,48.452611997313824,127,42.80708707700589,0
1720378474,127,44.80505828709504,127,50.8817909888397,127,39.555078685579076,0
1720379374,127,42.49511914850434,127,41.32643246217512,127,47.2504586535677,0
1720380274,127,47.9540913775999,127,47.457537011280095,127,41.370034037687674,0
1720381174,127,55.95216793533062,127,57.00441789504815,127,46.26456349861476,0
1720382074,127,43.25329529772043,127,53.622631216577666,127,42.661685720151304,0
1720382974,127,52.775016231493645,127,54.94629043010066,127,52.27716588877208,0
1720383874,127,45.31242933497686,127,51.11743144379322,127,57.441949827857094,0
1720384774,127,43.57105916595429,127,53.26644142209525,127,52.27539228341499,0
1720385674,127,47.977729955524715,127,55.729621033468575,127,44.63692720178131,0
1720386574,127,58.88139865357866,127,53.167886000123666,127,60.658586168606405,0
1720387474,127,50.16648756324727,127,52.589967158919976,127,49.50354274346077,0
1720388374,127,46.13107953835743,127,40.652357007233825,127,46.038194511868184,0
1720389274,127,50.88076395616343,127,46.48399113714592,127,52.70622910578855,0
1720390174,127,45.46097368620748,127,52.468803292585214,127,55.763605175445505,0
1720391074,127,55.9946142292853,127,41.54671725534929,127,46.85933589539114,0
1720391974,127,51.139110162616284,127,52.466756658262426,127,44.96755158993514,0
1720392874,127,49.99963237035922,127,45.53250750644417,127,50.9841968449413,0
1720393774,127,53.336784634756036,127,47.34214643925217,127,51.954621862648764,0
1720394674,127,38.92817383385177,127,54.51351170298263,127,57.47186386059929,0
1720395574,127,54.52440072185106,127,51.147203055379265,127,54.786955713951954,0
1720396474,127,43.88811520596477,127,50.63571435516798,127,47.92394693809451,0
1720397374,127,55.4526678503881,127,58.222729553855345,127,42.05519747633089,0
1720398274,127,50.715670138879204,127,56.62999778357204,127,56.26837305714869,0
1720399174,127,54.230027168922376,127,53.554171238023244,127,49.414233425577386,0
1720400074,127,46.002499479745865,127,53.57394123529651,127,55.49827905768287,0
1720400974,127,45.967416049453355,127,57.712923215011386,127,40.34691040172566,0
1720401874,127,47.44379541245075,127,58.912146158775,127,48.11442080993329,0
1720402774,127,47.03633089228158,127,55.2326170690023,127,54.758987784942235,0
1720403674,127,54.4170125946857,127,58.666288881286505,127,52.31943408018707,0
1720404574,127,43.65134758247186,127,49.20413053457509,127,41.00025594221085,0
1720405474,127,45.29237480191181,127,49.36540041626592,127,49.709543322667834,0
1720406374,127,43.517159922339744,127,60.61198538586434,127,50.22793580416073,0
1720407274,127,51.45393374265493,127,48.31548961891873,127,46.96078162239227,0
1720408174,127,42.297107929806025,127,49.24396768645635,127,46.74982884354549,0
1720409074,127,56.315605809099154,127,55.42412877616445,127,42.81083726032,0
1720409974,127,59.12634141741448,127,48.01423617920555,127,47.62197710138617,0
1720410874,127,45.589776399082886,127,49.94353676325696,127,56.274468995726146,0
1720411774,127,46.6381712169458,127,43.83353446205803,127,41.71902554512718,0
1720412674,127,47.68250860242782,127,46.70544153990221,127,45.95178712231867,0
1720413574,127,49.61274726714756,127,45.209042310968194,127,44.9923187115754,0
1720414474,127,51.71836808610825,127,46.03754237739466,127,52.13537149370036,0
1720415374,127,58.49865912847804,127,50.81450946662202,127,63.37819880600351,0
1720416274,127,43.12213545124977,127,55.49943353691813,127,59.26615222549431,0
1720417174,127,48.70541148720607,127,42.08012424181233,127,56.484240856013834,0
1720418074,127,50.72700568857396,127,55.13332102187409,127,45.19662938961136,0
1720418974,127,51.31578668209035,127,46.51432522268565,127,46.00528337626936,0
1720419874,127,53.16274660877974,127,52.64515366765471,127,45.54299591694457,0
1720420774,127,42.50849045319518,127,50.905349493620115,127,49.531802919386905,0
1720421674,127,53.79303143395676,127,43.642956639008254,127,49.31149856179789,0
1720422574,127,60.68425913003408,127,50.42866523531324,127,45.305016731966774,0
1720423474,127,56.76170908184625,127,59.86754299646044,127,59.12088100488118,0
1720424374,127,40.20627033311219,127,51.54143946969873,127,44.02796827201585,0
1720425274,127,47.75329899574518,127,56.10762711805464,127,50.86490065685437,0
1720426174,127,49.82508965612006,127,56.014775962008486,127,52.70226528489961,0
1720427074,127,49.96201048012877,127,44.61782118677175,127,46.15021436789323,0
1720427974,127,55.91700309958138,127,52.773782388553116,127,54.57824522781954,0
1720428874,127,45.07159769767434,127,48.607324454702294,127,47.40665190204766,0
1720429774,127,56.52847937753765,127,55.315689965342315,127,50.63747977024706,0
1720430674,127,48.799097221743445,127,50.73950869341869,127,49.708797612301204,0
1720431574,127,49.60494259636701,127,55.35940184026747,127,53.51591870254081,0
1720432474,127,40.432436006760305,127,51.90194788802799,127,52.94711246180785,0
1720433374,127,48.90351562705197,127,46.87228592444334,127,46.786514600045955,0
1720434274,127,45.301242465990036,127,52.920344873473915,127,56.642239462874244,0
1720435174,127,56.55866979304544,127,42.364159656870314,127,48.01997941340612,0
1720436074,127,53.147425279477524,127,62.41216321850078,127,45.38008160732916,0
1720436974,127,47.34239052334164,127,44.66776448571096,127,43.77600323459743,0
1720437874,127,52.95061356425609,127,51.03522807283873,127,54.71597431794276,0
1720438774,127,44.883437697588604,127,53.25072511708005,127,49.805018278951536,0
1720439674,127,49.31119844062511,127,49.16074256791236,127,43.562544765119036,0
1720440574,127,42.238759202129216,127,54.315376354217776,127,48.1907507383311,0
1720441474,127,48.620012572670674,127,45.75336135906291,127,58.790079954093784,0
1720442374,127,54.80028881406487,127,40.74524278269756,127,45.14730991628642,0
1720443274,127,58.09398051629013,127,60.63333251452551,127,50.408286439692915,0
1720444174,127,47.98678002687029,127,44.222993989393544,127,48.57642654106456,0
1720445074,127,51.33736917702982,127,45.95852874622878,127,45.932825708268005,0
1720445974,127,55.61076024391754,127,50.13546932473978,127,38.661188084460285,0
1720446874,127,45.40959726467248,127,51.18175180143024,127,51.43776021590456,0
1720447774,127,54.18187071655925,127,49.67817764984443,127,42.22028388783194,0
1720448674,127,58.21637089898889,127,52.97311268394626,127,52.10141543647455,0
1720449574,127,50.054984328257156,127,53.0924351435044,127,47.85849903413648,0
1720450474,127,48.480522661571904,127,51.06564575544095,127,50.23085764650677,0
1720451374,127,57.6667792042173,127,59.55148523356095,127,50.34622498549715,0
1720452274,127,55.196545441972766,127,50.59102019295654,127,46.18688733165761,0
1720453174,127,53.03041702437094,127,47.995511240785795,127,47.07274004458188,0
1720454074,127,42.44361844223252,127,54.884219166239774,127,56.27750327142939,0
1720454974,127,51.85616072095569,127,51.523919455269045,127,52.52062300829275,0
1720455874,127,50.676498019284196,127,53.26879389883561,127,49.49909343425078,0
1720456774,127,45.68354313674793,127,46.130647676884465,127,45.54835933763055,0
1720457674,127,50.151994883134805,127,42.101850286191684,127,40.59618337585219,0
1720458574,127,52.35796158623215,127,53.503820194713036,127,47.89958381511627,0
1720459474,127,46.889769610243434,127,49.731016295819614,127,53.40750633828387,0
1720460374,127,43.50167579684339,127,53.820953629269944,127,50.565457023768154,0
1720461274,127,51.73821046083175,127,54.47076204866373,127,50.37895006860092,0
1720462174,127,58.32818530521257,127,52.32568499694276,127,53.553786250358314,0
1720463074,127,39.32397758915424,127,54.635920493515684,127,56.997641544829015,0
1720463974,127,42.63312769722161,127,51.66686183866181,127,56.46013989451029,0
1720464874,127,49.53219146408544,127,42.612021177103145,127,38.90705187033054,0
1720465774,127,44.92211545435601,127,49.91484379789859,127,52.215182809393404,0
1720466674,127,49.66510743299778,127,60.47768275007673,127,43.55438209667775,0
1720467574,127,48.343333510875844,127,50.75404895989802,127,44.89266394246796,0
1720468474,127,53.025295238540735,127,48.386584455153645,127,46.80308471613001,0
1720469374,127,46.322586450287304,127,52.974331039133865,127,50.25740856278153,0
1720470274,127,48.25626338216661,127,51.49928064021735,127,38.04134376475759,0
1720471174,127,59.69490159931321,127,56.83135031557605,127,48.62121725574347,0
1720472074,127,48.111762654505476,127,50.14477802209338,127,52.1355650200384,0
1720472974,127,42.64843152857285,127,45.87902413646634,127,45.32962317677764,0
1720473874,127,49.51736938112643,127,48.43502631668081,127,39.4500220455663,0
1720474774,127,47.51920692826007,127,46.8835348911411,127,47.674823885848134,0
1720475674,127,54.85001824088838,127,49.12763576649146,127,57.59017546264,0
1720476574,127,53.17892640248215,127,48.52146222602024,127,46.33260664224873,0
1720477474,127,51.77312624265439,127,50.71919934613661,127,50.05744060468044,0
1720478374,127,61.569118065200406,127,53.08301870263544,127,52.547117974510265,0
1720479274,127,51.013376333996604,127,45.77952842935723,127,47.212008675263654,0
1720480174,127,51.93359004701766,127,54.618045301112474,127,51.203150263533054,0
1720481074,127,54.95607978539911,127,52.948052010550015,127,51.62352361907301,0
1720481974,127,49.684327081427014,127,45.76385439975898,127,52.35151843162746,0
1720482874,127,52.84751259421933,127,50.698533432615726,127,48.75637082995697,0
1720483774,127,55.62948340017474,127,44.98637031544034,127,44.830779256596585,0
1720484674,127,55.536108286111535,127,46.05368031574167,127,58.475823798873684,0
1720485574,127,50.719080715634966,127,50.3618924679786,127,57.311896339120906,0
1720486474,127,53.46886891632723,127,50.34775608588489,127,60.864448674091975,0
1720487374,127,48.01416952310655,127,55.40996800211422,127,51.52190152672804,0
1720488274,127,57.49335642353767,127,53.46750912164591,127,52.57218636409958,0
1720489174,127,46.455482496087924,127,60.1263890151387,127,60.1761853555278,0
1720490074,127,47.4297147835601,127,47.80711385070674,127,50.52606591396381,0
1720490974,127,53.53538239565309,127,55.64942130116141,127,54.76313989243365,0
1720491874,127,48.29831582180549,127,51.83979343130474,127,47.20464833826734,0
1720492774,127,52.75331000927684,127,43.72295857023871,127,54.60627989078981,0
1720493674,127,51.89467397239828,127,52.08109047064394,127,54.44207105756371,0
1720494574,127,54.4771718507449,127,56.882644422037636,127,50.83476827988635,0
1720495474,127,60.97398709499032,127,44.617014507385065,127,47.79244471441869,0
1720496374,127,45.971780657724764,127,47.302240397925644,127,57.19553160579943,0
1720497274,127,44.7247467590658,127,48.28308343537255,127,46.330409651555236,0
1720498174,127,47.30404043380115,127,48.539870542184566,127,62.47847533246681,0
1720499074,127,58.77081050331575,127,51.999557473814086,127,47.17130391114449,0
1720499974,127,42.743028922026916,127,50.33687727353291,127,56.6558486188842,0
1720500874,127,45.483744254664956,127,44.05003637810941,127,54.539044265541136,0
1720501774,127,47.10001254592602,127,44.81128557520106,127,46.815970736113556,0
1720502674,127,51.76447525717582,127,52.10966763845898,127,49.08666610157023,0
1720503574,127,47.02815818224225,127,61.258592555106176,127,53.5621880626148,0
1720504474,127,47.24756449394218,127,45.66491797049373,127,48.733706746077445,0
1720505374,127,45.19447214554139,127,52.55466881630472,127,45.10596366223693,0
1720506274,127,53.85522172457229,127,50.261104270173085,127,49.17878331096103,0
1720507174,127,48.80091547375449,127,55.35938910728505,127,48.61512587212679,0
1720508074,127,54.17078813010192,127,45.435794957290206,127,53.011459848875454,0
1720508974,127,44.06384877069165,127,52.94140365169173,127,46.08100830146045,0
1720509874,127,50.01488536958282,127,54.57468646812767,127,49.98824090968562,0
1720510774,127,48.288290844410305,127,48.828625035385826,127,48.70564394616609,0
1720511674,127,52.93062124614934,127,51.4507959637509,127,40.0402470584612,0
1720512574,127,47.46133962774945,127,44.721257857277664,127,43.048237841583514,0
1720513474,127,45.691429439604626,127,59.097494144127765,127,57.4549138947019,0
1720514374,127,55.78679601181203,127,32.09477065600235,127,45.278396533856665,0
1720515274,127,46.718277485245665,127,40.02092991064034,127,47.862479188019456,0
1720516174,127,40.01284642872571,127,55.25754364154893,127,57.01827825360718,0
1720517074,127,45.880293312336406,127,48.91004142072023,127,54.42160261379142,0
1720517974,127,52.18359004200409,127,45.42393975265427,127,52.546375201362224,0
1720518874,127,47.83707085295096,127,48.550509834285855,127,50.804458487376635,0
1720519774,127,50.21698400422441,127,53.612865277322975,127,38.14653880057796,0
1720520674,127,49.423714070073856,127,48.77829178587944,127,41.4679811897624,0
1720521574,127,38.7485239193017,127,54.81180870448579,127,45.39853558775233,0
1720522474,127,52.777139200574226,127,57.46834523255018,127,45.73080873345524,0
1720523374,127,52.059125960820246,127,52.09981118981773,127,55.417391567196354,0
1720524274,127,53.84648400263712,127,54.53072690740747,127,41.0276597305887,0
1720525174,127,41.532740852982414,127,55.4004627285933,127,64.57417533048266,0
1720526074,127,46.863437571073575,127,44.647531704061734,127,44.51792106812365,0
1720526974,127,56.34647023826844,127,49.664896684395075,127,52.3419327209045,0
1720527874,127,48.86088306391848,127,41.515156233326536,127,49.35268771713752,0
1720528774,127,56.955271055408126,127,45.583744251685644,127,47.314674943502446,0
1720529674,127,36.09021118400112,127,55.02609757969999,127,50.14580097455725,0
1720530574,127,50.53451786516577,127,50.77066886262881,127,52.15654510718067,0
1720531474,127,49.7339496612579,127,48.88909535419875,127,43.536353971008076,0
1720532374,127,60.23353016960346,127,53.3589236365862,127,42.6783213812206,0
1720533274,127,47.419084742210124,127,54.35305236978126,127,46.299823989673044,0
1720534174,127,58.760775430538914,127,53.69640909261184,127,55.537623145643956,0
1720535074,127,45.252006500956334,127,48.514248872452114,127,41.10245009530434,0
1720535974,127,48.167925900473385,127,51.88712667371722,127,48.18117642223804,0
1720536874,127,55.19114599582457,127,54.63513142479495,127,54.95496518403781,0
1720537774,127,52.30887130393115,127,41.07281981706405,127,55.536359779220135,0
1720538674,127,47.72343936080558,127,49.051764721096724,127,53.672858130369406,0
1720539574,127,49.207642021936344,127,50.62837173650769,127,47.801774425954015,0
1720540474,127,58.94964044348593,127,52.14548857882768,127,44.285059857376325,0
1720541374,127,50.67829840815067,127,51.35243888714873,127,35.48575394545071,0
1720542274,127,51.31792359382779,127,48.8485321276656,127,57.20586726489767,0
1720543174,127,53.94985460695985,127,53.54884065686013,127,49.16454554063889,0
1720544074,127,44.1831673176619,127,54.157202357584794,127,47.38841133548607,0
1720544974,127,46.98746667672099,127,44.78681592756608,127,44.51447774855965,0
1720545874,127,50.37557710017151,127,49.96952097593019,127,52.679015973047285,0
1720546774,127,48.25187110467615,127,50.97344349655973,127,44.69934593831929,0
1720547674,127,48.47221617239141,127,53.95789326139616,127,46.75138818815262,0
1720548574,127,50.780712681266024,127,50.340072085973894,127,50.94269300939945,0
1720549474,127,49.8294066249154,127,49.54303443964933,127,66.40660917696638,0
1720550374,127,53.73455177796869,127,46.145243993189105,127,46.673713876512316,0
1720551274,127,53.30832370112786,127,54.19946615930487,127,50.83865889417952,0
1720552174,127,51.13074114264259,127,52.82149004528595,127,45.25486068355763,0
1720553074,127,47.94004695320612,127,54.04454068355105,127,61.74464064039863,0
1720553974,127,50.02985962572161,127,50.63888222651857,127,52.415972648501985,0
1720554874,127,49.00696297962065,127,56.87944662237433,127,54.77995577924015,0
1720555774,127,48.361568474818625,127,40.3814730842846,127,49.86301998727146,0
1720556674,127,56.03349417062097,127,52.51927271398156,127,60.27380705127344,0
1720557574,127,44.993175186903564,127,43.79777125948148,127,41.91239670168277,0
1720558474,127,40.94654639962228,127,38.706301366593685,127,57.45551063464859,0
1720559374,127,52.5385339908463,127,50.78931279534238,127,48.56431611462296,0
1720560274,127,51.4910855090966,127,51.19357687098405,127,45.74665982763261,0
1720561174,127,53.56050397138156,127,51.31534052537539,127,47.86663307212594,0
1720562074,127,43.70045777179,127,50.550387595500176,127,46.01937081555519,0
1720562974,127,50.44229104327362,127,47.981638684317915,127,51.27727060997041,0
1720563874,127,46.17309131044221,127,56.370440919555456,127,45.491085501296254,0
1720564774,127,55.33021948035694,127,51.190763151409186,127,56.714189712037246,0
1720565674,127,45.33113918753397,127,52.90904727691,127,53.10196939749896,0
1720566574,127,52.638742905593446,127,43.32099201929937,127,44.91912236474081,0
1720567474,127,48.03997906095513,127,48.3911828723237,127,50.488578315797675,0
1720568374,127,46.45009566568545,127,39.085578855785705,127,48.753686904637256,0
1720569274,127,52.61602892091009,127,53.20204109553253,127,35.66377417613836,0
1720570174,127,50.049752851605106,127,50.3136041973046,127,52.70435656133961,0
1720571074,127,45.73327683401695,127,44.69154549162285,127,60.93294345699147,0
1720571974,127,53.94297332713005,127,58.49793043652775,127,54.493521686549855,0
1720572874,127,43.53139618250551,127,43.399048878831934,127,48.36542088205525,0
1720573774,127,47.076206398584276,127,55.85348595514748,127,48.4401144579236,0
1720574674,127,45.93303559373548,127,61.158907052494364,127,49.67165878773605,0
1720575574,127,43.60279583458257,127,53.56093637138275,127,53.41396467900747,0
1720576474,127,45.075244199378645,127,51.20484551909644,127,57.180816308888375,0
1720577374,127,54.39775300908177,127,49.4941101864714,127,48.24140063162555,0
1720578274,127,43.34436599381125,127,50.19938219971765,127,37.30106410389565,0
1720579174,127,52.62006175419889,127,44.34074251235333,127,50.86823504441291,0
1720580074,127,61.750016353011745,127,44.89464473791828,127,45.49307189899375,0
1720580974,127,56.421709839986804,127,50.97584671093825,127,51.4611205901815,0
1720581874,127,45.40458536616941,127,56.96033057663139,127,51.964873420855106,0
1720582774,127,48.86467140505798,127,49.88927897697917,127,52.53095632648155,0
1720583674,127,46.27881319710823,127,48.17148042084629,127,46.523667281764816,0
1720584574,127,53.31054477819052,127,49.41985877469637,127,55.21350931811895,0
1720585474,127,47.99018264504165,127,51.99724994017203,127,55.63975222915398,0
1720586374,127,50.6613778907425,127,50.4120511624429,127,50.73656209035339,0
1720587274,127,53.762742504293215,127,56.959731510628124,127,54.662922227915566,0
1720588174,127,48.917819954623745,127,39.656950568263014,127,48.037530269175235,0
1720589074,127,48.60964305146456,127,50.05079635166981,127,53.179175310633234,0
1720589974,127,42.843454427953155,127,44.04468760754593,127,38.74127056134595,0
1720590874,127,50.872627037485216,127,55.111492929612375,127,58.335296640972246,0
1720591774,127,52.62471747796266,127,49.09241869901621,127,59.10704505114755,0
1720592674,127,42.79670967475779,127,45.040403379100766,127,47.34461978528501,0
1720593574,127,51.45984202117761,127,41.84338240192387,127,51.75565816855689,0
1720594474,127,45.345052787640476,127,55.98743975756284,127,41.60251645839574,0
1720595374,127,45.94057579853421,127,45.79158295431691,127,62.31193660409995,0
1720596274,127,51.50482770055377,127,42.87131888750774,127,53.15649731097394,0
1720597174,127,61.29702478175187,127,53.3073364057473,127,54.87481355031666,0
1720598074,127,45.78030588914624,127,46.86807525043916,127,55.10747092488835,0
1720598974,127,59.217887233377134,127,46.08218651041576,127,47.05331538621122,0
1720599874,127,54.99838352856451,127,41.324258644776755,127,52.793341137600606,0
1720600774,127,45.20250547442208,127,55.50255952427244,127,51.346369682031536,0
1720601674,127,44.87143221614864,127,46.34690707558658,127,48.146071956217256,0
1720602574,127,55.00119518235325,127,58.90918525826084,127,51.25336358881179,0
1720603474,127,49.39586000561262,127,53.99537480785524,127,52.20330627592585,0
1720604374,127,36.08089095173799,127,51.64601032459454,127,44.1584006547921,0
1720605274,127,46.287534231987735,127,41.6408435078093,127,38.85381166656708,0
1720606174,127,42.052164876465355,127,39.118368632391665,127,53.23296302441504,0
1720607074,127,48.806279954458354,127,43.59274604889095,127,57.86215404847386,0
1720607974,127,49.56668221517261,127,51.77810713012538,127,42.22194254141567,0
1720608874,127,61.25806519882033,127,49.60590450219394,127,45.063216717774,0
1720609774,127,47.49470884444251,127,52.8088451485873,127,43.462636006752184,0
1720610674,127,46.51200928826684,127,48.80850929798294,127,45.58748986885428,0
1720611574,127,48.25000128565384,127,54.018766098458094,127,51.34904889239233,0
1720612474,127,57.329337987910726,127,54.070796217401345,127,53.027004843171,0
1720613374,127,53.719936758243534,127,45.00317576779117,127,51.699805190383145,0
1720614274,127,63.65865669153402,127,44.59458002201173,127,50.66194569857868,0
1720615174,127,51.6036721847309,127,46.74418534208759,127,51.72897078580622,0
1720616074,127,46.084344240687585,127,45.06014824219168,127,51.88845880934911,0
1720616974,127,54.386488735531685,127,41.059991895999765,127,51.48285123900477,0
1720617874,127,45.4827013578296,127,58.93246732761022,127,54.89143420697515,0
1720618774,127,48.52151749043867,127,53.23891177366844,127,50.25345188282981,0
1720619674,127,52.54020771959453,127,43.25327342568022,127,51.00908384087284,0
1720620574,127,42.7868661510384,127,44.09578958302618,127,55.191575075245275,0
1720621474,127,54.930277897291376,127,59.03809367239321,127,39.71237935021192,0
1720622374,127,46.83321382298714,127,48.979062130255166,127,45.475579818411404,0
1720623274,127,43.263086654948914,127,48.90438425408581,127,47.00542757195505,0
1720624174,127,45.40306424767966,127,53.91286938579455,127,46.68504656551335,0
1720625074,127,49.977735344177184,127,52.00864839764229,127,52.65110835244855,0
1720625974,127,46.84856626044741,127,50.95048345005508,127,50.58499170760736,0
1720626874,127,53.133631868185304,127,51.0434831407272,127,48.28295379118268,0
1720627774,127,49.590984140446864,127,51.435588114660014,127,59.254177487561904,0
1720628674,127,47.939130914964615,127,48.152431311637926,127,45.78876981072553,0
1720629574,127,55.18135312124221,127,42.15602371690419,127,56.59570564439635,0
1720630474,127,42.880964916115175,127,49.287366397872674,127,50.97522331516439,0
1720631374,127,49.74909326691779,127,45.014307868389324,127,52.833074322707205,0
1720632274,127,46.132961864781585,127,60.60673680724034,127,55.09639966718979,0
1720633174,127,48.7489281492186,127,37.349617289017544,127,49.07011129422158,0
1720634074,127,47.218795136368506,127,39.492687234290905,127,42.22748328019493,0
1720634974,127,40.09703113900177,127,48.19269663624091,127,55.43243785147911,0
1720635874,127,46.80891404081241,127,49.14341419865287,127,57.294118005486204,0
1720636774,127,49.015632476352614,127,51.728593318002694,127,43.732298343858616,0
1720637674,127,47.60096386224438,127,47.25042990682957,127,46.73903969594991,0
1720638574,127,50.37285956579491,127,43.00450930916636,127,57.90569235381732,0
1720639474,127,54.97194804279635,127,54.1124427369078,127,45.43460355889846,0
1720640374,127,53.32814259369041,127,52.20404359759475,127,44.56808265406431,0
1720641274,127,58.17702619659484,127,49.08497861972674,127,60.11458790811605,0
1720642174,127,54.56541262391271,127,46.14075710021001,127,52.8184130798598,0
1720643074,127,54.603718656611676,127,53.13613064776571,127,49.94315529666167,0
1720643974,127,50.66496458238948,127,46.449076405923414,127,53.84471903116337,0
1720644874,127,44.09945814313326,127,48.5821084547329,127,52.05667051955625,0
1720645774,127,52.66386281310312,127,46.392842986536685,127,42.28919260258114,0
1720646674,127,40.287522443299295,127,41.61028284549506,127,49.91362786947544,0
1720647574,127,47.39378672585238,127,61.53470056012445,127,52.049334380868046,0
1720648474,127,48.05766865816082,127,42.86482092755594,127,47.76297893977559,0
1720649374,127,50.31304541449813,127,46.545507686145655,127,58.13088679995542,0
1720650274,127,43.37602257950766,127,45.14760918994071,127,45.65917133935471,0
1720651174,127,40.4529950877115,127,53.65039492717238,127,50.385550170724436,0
1720652074,127,43.76942171015741,127,51.50766264978401,127,51.578108494525104,0
1720652974,127,49.91353427379026,127,47.53801104602434,127,54.38350892189304,0
1720653874,127,41.01224007391573,127,43.283701497191636,127,49.115902455722875,0
1720654774,127,51.005075470576145,127,49.945442820611525,127,51.037130761589154,0
